The Meson build system
Version: 1.3.2
Source dir: /build/pristine
Build dir: /build/pristine/build
Build type: native build
Project name: open5gs
Project version: 2.8.0
C compiler for the host machine: cc (gcc 13.3.0 "cc (Ubuntu 13.3.0-6ubuntu2~24.04.1) 13.3.0")
C linker for the host machine: cc ld.bfd 2.42
C++ compiler for the host machine: c++ (gcc 13.3.0 "c++ (Ubuntu 13.3.0-6ubuntu2~24.04.1) 13.3.0")
C++ linker for the host machine: c++ ld.bfd 2.42
Host machine cpu family: x86_64
Host machine cpu: x86_64
Program git found: YES (/usr/bin/git)
Program python3 found: YES (/opt/venv/bin/python3)
Program cppcheck found: NO
Program run-clang-tidy found: NO
Program clang-tidy found: NO
Compiler for C supports arguments -Wextra: YES 
Compiler for C supports arguments -Wlogical-op: YES 
Compiler for C supports arguments -Werror=pointer-arith: YES 
Compiler for C supports arguments -Werror=init-self: YES 
Compiler for C supports arguments -Wfloat-equal: YES 
Compiler for C supports arguments -Wsuggest-attribute=noreturn: YES 
Compiler for C supports arguments -Werror=missing-prototypes: YES 
Compiler for C supports arguments -Werror=missing-declarations: YES 
Compiler for C supports arguments -Werror=implicit-function-declaration: YES 
Compiler for C supports arguments -Werror=return-type: YES 
Compiler for C supports arguments -Werror=incompatible-pointer-types: YES 
Compiler for C supports arguments -Werror=format=2: YES 
Compiler for C supports arguments -Wstrict-prototypes: YES 
Compiler for C supports arguments -Wredundant-decls: YES 
Compiler for C supports arguments -Wimplicit-fallthrough=5: YES 
Compiler for C supports arguments -Wendif-labels: YES 
Compiler for C supports arguments -Wstrict-aliasing=3: YES 
Compiler for C supports arguments -Wwrite-strings: YES 
Compiler for C supports arguments -Werror=overflow: YES 
Compiler for C supports arguments -Werror=shift-count-overflow: YES 
Compiler for C supports arguments -Werror=shift-overflow=2: YES 
Compiler for C supports arguments -Wdate-time: YES 
Compiler for C supports arguments -Wnested-externs: YES 
Compiler for C supports arguments -Wunused: YES 
Compiler for C supports arguments -Wduplicated-branches: YES 
Compiler for C supports arguments -Wmisleading-indentation: YES 
Compiler for C supports arguments -Wno-sign-compare: YES 
Compiler for C supports arguments -Wno-unused-parameter: YES 
Compiler for C supports arguments -ffast-math: YES 
Compiler for C supports arguments -fdiagnostics-show-option: YES 
Compiler for C supports arguments -fstack-protector: YES 
Compiler for C supports arguments -fstack-protector-strong: YES 
Compiler for C supports arguments --param=ssp-buffer-size=4: YES 
meson.build:120: WARNING: Consider using the built-in warning_level option instead of using "-Wextra".
Configuring sample.yaml using configuration
Configuring attach.yaml using configuration
Configuring 310014.yaml using configuration
Configuring csfb.yaml using configuration
Configuring volte.yaml using configuration
Configuring vonr.yaml using configuration
Configuring slice.yaml using configuration
Configuring srsenb.yaml using configuration
Configuring non3gpp.yaml using configuration
Configuring transfer.yaml using configuration
Configuring transfer-error-case.yaml using configuration
Configuring mme.yaml using configuration
configs/open5gs/meson.build:49: DEPRECATION: Project uses feature that was always broken, and is now deprecated since '1.3.0': str.format: Value other than strings, integers, bools, options, dictionaries and lists thereof..
Configuring sgwc.yaml using configuration
Configuring sgwu.yaml using configuration
Configuring smf.yaml using configuration
Configuring amf.yaml using configuration
Configuring upf.yaml using configuration
Configuring hss.yaml using configuration
Configuring pcrf.yaml using configuration
Configuring nrf.yaml using configuration
Configuring scp.yaml using configuration
Configuring sepp1.yaml using configuration
Configuring sepp2.yaml using configuration
Configuring ausf.yaml using configuration
Configuring udm.yaml using configuration
Configuring udr.yaml using configuration
Configuring pcf.yaml using configuration
Configuring nssf.yaml using configuration
Configuring bsf.yaml using configuration
Configuring ca.crt using configuration
configs/open5gs/tls/meson.build:64: DEPRECATION: Project uses feature that was always broken, and is now deprecated since '1.3.0': str.format: Value other than strings, integers, bools, options, dictionaries and lists thereof..
Configuring amf.key using configuration
Configuring ausf.key using configuration
Configuring bsf.key using configuration
Configuring hss.key using configuration
Configuring mme.key using configuration
Configuring nrf.key using configuration
Configuring nssf.key using configuration
Configuring pcf.key using configuration
Configuring pcrf.key using configuration
Configuring scp.key using configuration
Configuring smf.key using configuration
Configuring udm.key using configuration
Configuring udr.key using configuration
Configuring amf.crt using configuration
Configuring ausf.crt using configuration
Configuring bsf.crt using configuration
Configuring hss.crt using configuration
Configuring mme.crt using configuration
Configuring nrf.crt using configuration
Configuring nssf.crt using configuration
Configuring pcf.crt using configuration
Configuring pcrf.crt using configuration
Configuring scp.crt using configuration
Configuring smf.crt using configuration
Configuring udm.crt using configuration
Configuring udr.crt using configuration
Configuring sepp1.key using configuration
Configuring sepp1.crt using configuration
Configuring sepp2.key using configuration
Configuring sepp2.crt using configuration
Configuring sepp3.key using configuration
Configuring sepp3.crt using configuration
Configuring curve25519-1.key using configuration
configs/open5gs/hnet/meson.build:37: DEPRECATION: Project uses feature that was always broken, and is now deprecated since '1.3.0': str.format: Value other than strings, integers, bools, options, dictionaries and lists thereof..
Configuring secp256r1-2.key using configuration
Configuring curve25519-3.key using configuration
Configuring secp256r1-4.key using configuration
Configuring curve25519-5.key using configuration
Configuring secp256r1-6.key using configuration
Configuring mme.conf using configuration
configs/freeDiameter/meson.build:35: DEPRECATION: Project uses feature that was always broken, and is now deprecated since '1.3.0': str.format: Value other than strings, integers, bools, options, dictionaries and lists thereof..
Configuring hss.conf using configuration
Configuring smf.conf using configuration
Configuring pcrf.conf using configuration
Configuring open5gs-mmed.service using configuration
Configuring open5gs-sgwcd.service using configuration
Configuring open5gs-smfd.service using configuration
Configuring open5gs-amfd.service using configuration
Configuring open5gs-sgwud.service using configuration
Configuring open5gs-upfd.service using configuration
Configuring open5gs-hssd.service using configuration
Configuring open5gs-pcrfd.service using configuration
Configuring open5gs-nrfd.service using configuration
Configuring open5gs-scpd.service using configuration
Configuring open5gs-seppd.service using configuration
Configuring open5gs-ausfd.service using configuration
Configuring open5gs-udmd.service using configuration
Configuring open5gs-pcfd.service using configuration
Configuring open5gs-nssfd.service using configuration
Configuring open5gs-bsfd.service using configuration
Configuring open5gs-udrd.service using configuration
Configuring 99-open5gs.netdev using configuration
Configuring 99-open5gs.network using configuration
Configuring open5gs using configuration
Configuring open5gs.conf using configuration
Configuring 5gc-sepp1-999-70.yaml using configuration
Configuring 5gc-sepp2-001-01.yaml using configuration
Configuring 5gc-sepp3-315-010.yaml using configuration
Configuring 5gc-no-scp-sepp1-999-70.yaml using configuration
Configuring 5gc-no-scp-sepp2-001-01.yaml using configuration
Configuring 5gc-no-scp-sepp3-315-010.yaml using configuration
Configuring 5gc-tls-sepp1-999-70.yaml using configuration
Cloning into 'prometheus-client-c'...
Switched to a new branch 'open5gs'
branch 'open5gs' set up to track 'origin/open5gs'.
Cloning into 'freeDiameter'...
Switched to a new branch 'r1.5.0'
branch 'r1.5.0' set up to track 'origin/r1.5.0'.
Configuring 5gc-tls-sepp2-001-01.yaml using configuration
Configuring 5gc-tls-sepp3-315-010.yaml using configuration
Configuring gnb-999-70-ue-999-70.yaml using configuration
Configuring gnb-999-70-ue-001-01.yaml using configuration
Configuring gnb-999-70-ue-315-010.yaml using configuration
Configuring gnb-001-01-ue-999-70.yaml using configuration
Configuring gnb-001-01-ue-001-01.yaml using configuration
Configuring gnb-001-01-ue-315-010.yaml using configuration
Configuring gnb-315-010-ue-999-70.yaml using configuration
Configuring gnb-315-010-ue-001-01.yaml using configuration
Configuring gnb-315-010-ue-315-010.yaml using configuration
Has header "arpa/inet.h" : YES 
Has header "ctype.h" : YES 
Has header "errno.h" : YES 
Has header "execinfo.h" : YES 
Has header "fcntl.h" : YES 
Has header "ifaddrs.h" : YES 
Has header "netdb.h" : YES 
Has header "pthread.h" : YES 
Has header "signal.h" : YES 
Has header "stdarg.h" : YES 
Has header "stddef.h" : YES 
Has header "stdio.h" : YES 
Has header "stdint.h" : YES 
Has header "stdbool.h" : YES 
Has header "stdlib.h" : YES 
Has header "string.h" : YES 
Has header "strings.h" : YES 
Has header "time.h" : YES 
Has header "sys/time.h" : YES 
Has header "unistd.h" : YES 
Has header "net/if.h" : YES 
Has header "netinet/in.h" : YES 
Has header "netinet/in_systm.h" : YES 
Has header "netinet/udp.h" : YES 
Has header "netinet/tcp.h" : YES 
Has header "sys/ioctl.h" : YES 
Has header "sys/param.h" : YES 
Has header "sys/random.h" : YES 
Has header "sys/socket.h" : YES 
Has header "sys/stat.h" : YES 
Has header "limits.h" : YES 
Has header "sys/syslimits.h" : NO 
Has header "sys/types.h" : YES 
Has header "sys/wait.h" : YES 
Has header "sys/uio.h" : YES 
Checking for function "arc4random" : YES 
Checking for function "arc4random_buf" : YES 
Checking for function "getrandom" : YES 
Checking for function "localtime_r" : YES 
Checking for function "getifaddrs" : YES 
Checking for function "getenv" : YES 
Checking for function "putenv" : YES 
Checking for function "setenv" : YES 
Checking for function "unsetenv" : YES 
Checking for function "strerror_r" : YES 
Checking for function "sigaction" : YES 
Checking for function "sigwait" : YES 
Checking for function "sigsuspend" : YES 
Checking for function "eventfd" : YES 
Checking for function "kqueue" : NO 
Checking for function "epoll_ctl" : YES 
Run-time dependency threads found: YES
Header "pthread.h" has symbol "pthread_barrier_wait" : YES 
Header "signal.h" has symbol "sys_siglist" : NO 
Checking if "strerror_r() returns char *" compiles: YES 
Library execinfo found: NO
Checking for function "backtrace" : YES 
Checking if "clock_gettime()" : links: YES 
Checking if "eventfd(2) system call" : links: YES 
Library socket found: NO
Checking if "socket()" : links: YES 
Configuring core-config-private.h using configuration
Configuring core-config.h using configuration
Found pkg-config: YES (/usr/bin/pkg-config) 1.8.1
Run-time dependency talloc found: YES 2.4.2
Run-time dependency libmongoc-1.0 found: YES 1.26.0
Has header "mongoc/mongoc.h" with dependency libmongoc-1.0: YES 
Compiler for C supports arguments -Wno-shift-negative-value: YES 
Compiler for C supports arguments -Wno-unused-but-set-variable: YES 
Compiler for C supports arguments -Wno-unknown-warning-option: NO 
Compiler for C supports arguments -Wno-missing-prototypes: YES 
Compiler for C supports arguments -Wno-missing-declarations: YES 
Compiler for C supports arguments -Wno-discarded-qualifiers: YES 
Compiler for C supports arguments -Wno-redundant-decls: YES 
Compiler for C supports arguments -Wno-shift-overflow: YES 
Compiler for C supports arguments -Wno-float-equal: YES 
Compiler for C supports arguments -Wno-implicit-fallthrough: YES 
Compiler for C supports arguments -Wno-incompatible-pointer-types-discards-qualifiers: NO 
Compiler for C supports arguments -Wno-format-nonliteral: YES 
Compiler for C supports arguments -Wno-cpp: YES 
Run-time dependency yaml-0.1 found: YES 0.2.5
Run-time dependency libmicrohttpd found: YES 1.0.0

Executing subproject prometheus-client-c method cmake 

prometheus-client-c| Found CMake: /usr/bin/cmake (3.28.3)

| Configuring the build directory with CMake version 3.28.3
| Running CMake with: -G Ninja -DCMAKE_INSTALL_PREFIX=/opt/model5g-baseline
| - build directory:          /build/pristine/build/subprojects/prometheus-client-c/__CMake_build
| - source directory:         /build/pristine/subprojects/prometheus-client-c
| - toolchain file:           /build/pristine/build/subprojects/prometheus-client-c/__CMake_build/CMakeMesonToolchainFile.cmake
| - preload file:             /usr/lib/python3/dist-packages/mesonbuild/cmake/data/preload.cmake
| - trace args:               --trace-expand --trace-format=json-v1 --no-warn-unused-cli --trace-redirect=cmake_trace.txt
| - disabled policy warnings: [CMP0025, CMP0047, CMP0056, CMP0060, CMP0065, CMP0066, CMP0067, CMP0082, CMP0089, CMP0102]

| Put cmake in trace mode, but with variables expanded.
| Put cmake in trace mode and sets the trace output format.
| Not searching for unused variables given on the command line.
| Put cmake in trace mode and redirect trace output to a file instead of stderr.
| Trace will be written to cmake_trace.txt
| -- The C compiler identification is GNU 13.3.0
| -- Detecting C compiler ABI info
| -- Detecting C compiler ABI info - done
| -- Check for working C compiler: /usr/bin/cc - skipped
| -- Detecting C compile features
| -- Detecting C compile features - done
| -- Performing Test CMAKE_HAVE_LIBC_PTHREAD
| -- Performing Test CMAKE_HAVE_LIBC_PTHREAD - Success
| -- Found Threads: TRUE
| -- Performing Test HAVE_C_ATOMICS_WITHOUT_LIB
| -- Performing Test HAVE_C_ATOMICS_WITHOUT_LIB - Success
| -- Performing Test HAVE_C_ATOMICS64_WITHOUT_LIB
| -- Performing Test HAVE_C_ATOMICS64_WITHOUT_LIB - Success
| -- Configuring done (0.3s)
| -- Generating done (0.0s)
| -- Build files have been written to: /build/pristine/build/subprojects/prometheus-client-c/__CMake_build

prometheus-client-c| CMake configuration: SUCCEEDED
prometheus-client-c| CMake project prometheus-client-c has 1 build targets.
prometheus-client-c| Generated Meson AST: /build/pristine/build/subprojects/prometheus-client-c/meson.build
prometheus-client-c| Project name: prometheus-client-c
prometheus-client-c| Project version: undefined
prometheus-client-c| C compiler for the host machine: cc (gcc 13.3.0 "cc (Ubuntu 13.3.0-6ubuntu2~24.04.1) 13.3.0")
prometheus-client-c| C linker for the host machine: cc ld.bfd 2.42
prometheus-client-c| Build targets in project: 8
prometheus-client-c| Subproject prometheus-client-c finished.

Has header "netinet/sctp.h" : YES 
Library sctp found: YES
Configuring sctp-config.h using configuration

Executing subproject freeDiameter 

freeDiameter| Project name: freediameter
freeDiameter| Project version: 1.5.0
freeDiameter| C compiler for the host machine: cc (gcc 13.3.0 "cc (Ubuntu 13.3.0-6ubuntu2~24.04.1) 13.3.0")
freeDiameter| C linker for the host machine: cc ld.bfd 2.42
freeDiameter| Program flex found: YES (/usr/bin/flex)
freeDiameter| Program bison found: YES (/usr/bin/bison)
freeDiameter| Compiler for C supports arguments -Werror: YES
freeDiameter| Compiler for C supports arguments -Wno-unused-variable: YES
freeDiameter| Compiler for C supports arguments -Wno-unused-but-set-variable: YES (cached)
freeDiameter| Compiler for C supports arguments -Wno-maybe-uninitialized: YES
freeDiameter| Compiler for C supports arguments -Wno-format-truncation: YES
freeDiameter| Compiler for C supports arguments -Wno-stringop-truncation: YES
freeDiameter| subprojects/freeDiameter/meson.build:58: WARNING: Consider using the built-in werror option instead of using "-Werror".
freeDiameter| Has header "malloc.h" : YES
freeDiameter| Has header "signalent.h" : NO
freeDiameter| Checking for function "strndup" : YES
freeDiameter| Checking for function "getopt_long" : YES
freeDiameter| Checking for function "getifaddrs" : YES (cached)
freeDiameter| Header "netinet/in.h" has symbol "ntohll" : NO
freeDiameter| Header "netdb.h" has symbol "AI_ADDRCONFIG" : YES
freeDiameter| Dependency threads found: YES unknown (cached)
freeDiameter| Header "pthread.h" has symbol "pthread_barrier_wait" : YES (cached)
freeDiameter| Checking if "clock_gettime()" : links: YES (cached)
freeDiameter| Checking if "dlopen() and dlsym() in system libraries" : links: YES
freeDiameter| Library gcrypt found: YES
freeDiameter| Library idn found: YES
freeDiameter| Library gnutls found: YES
freeDiameter| Checking for function "gnutls_hash" : YES
freeDiameter| Checking for function "gnutls_transport_set_vec_push_function" : YES
freeDiameter| Checking for function "gnutls_x509_trust_list_verify_crt" : YES
freeDiameter| Checking for function "gnutls_handshake_set_timeout" : YES
freeDiameter| Library sctp found: YES
freeDiameter| Checking if "sctp_connectx() accepts 4 arguments" compiles: YES
freeDiameter| Configuring freeDiameter-host.h using configuration
freeDiameter| Configuring version.h using configuration
freeDiameter| Header "regex.h" has symbol "REG_STARTEND" : YES
freeDiameter| Configuring rt_default-host.h using configuration
freeDiameter| Build targets in project: 22
freeDiameter| Subproject freeDiameter finished.

Compiler for C supports arguments -Wno-missing-prototypes: YES (cached)
Compiler for C supports arguments -Wno-missing-declarations: YES (cached)
Compiler for C supports arguments -Wno-discarded-qualifiers: YES (cached)
Compiler for C supports arguments -Wno-incompatible-pointer-types: YES 
Compiler for C supports arguments -Wno-strict-prototypes: YES 
Compiler for C supports arguments -w: YES 
Compiler for C supports arguments -std=gnu99: YES 
Has header "netinet/ip.h" : YES 
Has header "netinet/ip6.h" : YES 
Has header "netinet/udp.h" : YES (cached)
Has header "netinet/tcp.h" : YES (cached)
Configuring pfcp-config.h using configuration
Compiler for C supports arguments -Wno-strict-prototypes: YES (cached)
Compiler for C supports arguments -Wno-missing-prototypes: YES (cached)
Compiler for C supports arguments -Wno-missing-declarations: YES (cached)
Compiler for C supports arguments -Wno-unused-variable: YES (cached)
Compiler for C supports arguments -Wno-unused-label: YES 
Compiler for C supports arguments -Wno-float-equal: YES (cached)
Run-time dependency gnutls found: YES 3.8.3
Run-time dependency libssl found: YES 3.0.13
Run-time dependency libcrypto found: YES 3.0.13
Run-time dependency libnghttp2 found: YES 1.59.0
Dependency libmicrohttpd found: YES 1.0.0 (cached)
Run-time dependency libcurl found: YES 8.5.0
Configuring version.h using configuration
Has header "ifaddrs.h" : YES (cached)
Has header "net/ethernet.h" : YES 
Has header "net/if.h" : YES (cached)
Has header "net/if_dl.h" : NO 
Has header "netinet/in.h" : YES (cached)
Has header "netinet/ip.h" : YES (cached)
Has header "netinet/ip6.h" : YES (cached)
Has header "netinet/ip_icmp.h" : YES 
Has header "netinet/icmp6.h" : YES 
Has header "sys/ioctl.h" : YES (cached)
Has header "sys/socket.h" : YES (cached)
Configuring upf-config.h using configuration
Run-time dependency libtins found: YES 4.5
Has header "net/if.h" : YES (cached)
Has header "netinet/ip.h" : YES (cached)
Has header "netinet/ip6.h" : YES (cached)
Has header "netinet/ip_icmp.h" : YES (cached)
Has header "netinet/icmp6.h" : YES (cached)
Configuring smf-config.h using configuration
Configuring open5gs-dbctl using configuration
Compiler for C supports arguments -Wno-missing-prototypes: YES (cached)
Compiler for C supports arguments -Wno-missing-declarations: YES (cached)
Compiler for C supports arguments -Wno-discarded-qualifiers: YES (cached)
Compiler for C supports arguments -Wno-incompatible-pointer-types: YES (cached)
Compiler for C supports arguments -Wno-unused-variable: YES (cached)
Compiler for C supports arguments -Wno-deprecated-declarations: YES 
Configuring test-config-private.h using configuration
Message: 
        prefix:                       /opt/model5g-baseline
        libdir:                       /opt/model5g-baseline/lib/x86_64-linux-gnu
        bindir:                       /opt/model5g-baseline/bin
        sysconfdir:                   /opt/model5g-baseline/etc
        localstatedir:                /opt/model5g-baseline/var
        build location:               /build/pristine/build
        source location:              /build/pristine
        compiler:                     gcc
        debugging support:            debug

Build targets in project: 112
WARNING: Broken features used:
 * 1.3.0: {'str.format: Value other than strings, integers, bools, options, dictionaries and lists thereof.'}

open5gs 2.8.0

  Subprojects
    freeDiameter       : YES 1 warnings
    prometheus-client-c: YES

  User defined options
    prefix             : /opt/model5g-baseline

Found ninja-1.11.1 at /usr/bin/ninja
ninja: Entering directory `build'
[1/4661] Compiling C object lib/core/libogscore.so.2.8.0.p/ogs-errno.c.o
[2/4661] Compiling C object lib/core/libogscore.so.2.8.0.p/ogs-abort.c.o
[3/4661] Compiling C object lib/core/libogscore.so.2.8.0.p/ogs-time.c.o
[4/4661] Compiling C object lib/core/libogscore.so.2.8.0.p/ogs-conv.c.o
[5/4661] Compiling C object lib/core/libogscore.so.2.8.0.p/ogs-strings.c.o
[6/4661] Compiling C object lib/core/libogscore.so.2.8.0.p/ogs-pkbuf.c.o
[7/4661] Compiling C object lib/core/libogscore.so.2.8.0.p/ogs-memory.c.o
[8/4661] Compiling C object lib/core/libogscore.so.2.8.0.p/ogs-log.c.o
[9/4661] Compiling C object lib/core/libogscore.so.2.8.0.p/ogs-rand.c.o
[10/4661] Compiling C object lib/core/libogscore.so.2.8.0.p/ogs-rbtree.c.o
[11/4661] Compiling C object lib/core/libogscore.so.2.8.0.p/ogs-timer.c.o
[12/4661] Compiling C object lib/core/libogscore.so.2.8.0.p/ogs-thread.c.o
[13/4661] Compiling C object lib/core/libogscore.so.2.8.0.p/ogs-uuid.c.o
[14/4661] Compiling C object lib/core/libogscore.so.2.8.0.p/ogs-signal.c.o
[15/4661] Compiling C object lib/core/libogscore.so.2.8.0.p/ogs-process.c.o
[16/4661] Compiling C object lib/core/libogscore.so.2.8.0.p/ogs-sockpair.c.o
[17/4661] Compiling C object lib/core/libogscore.so.2.8.0.p/ogs-socket.c.o
[18/4661] Compiling C object lib/core/libogscore.so.2.8.0.p/ogs-sockopt.c.o
[19/4661] Compiling C object lib/core/libogscore.so.2.8.0.p/ogs-socknode.c.o
[20/4661] Compiling C object lib/core/libogscore.so.2.8.0.p/ogs-sockaddr.c.o
[21/4661] Compiling C object lib/core/libogscore.so.2.8.0.p/ogs-udp.c.o
[22/4661] Compiling C object lib/core/libogscore.so.2.8.0.p/ogs-tcp.c.o
[23/4661] Compiling C object lib/core/libogscore.so.2.8.0.p/ogs-queue.c.o
[24/4661] Compiling C object lib/core/libogscore.so.2.8.0.p/ogs-select.c.o
[25/4661] Compiling C object lib/core/libogscore.so.2.8.0.p/ogs-notify.c.o
[26/4661] Compiling C object lib/core/libogscore.so.2.8.0.p/ogs-poll.c.o
[27/4661] Compiling C object lib/core/libogscore.so.2.8.0.p/ogs-env.c.o
[28/4661] Compiling C object lib/core/libogscore.so.2.8.0.p/ogs-fsm.c.o
[29/4661] Compiling C object lib/core/libogscore.so.2.8.0.p/ogs-tlv.c.o
[30/4661] Compiling C object lib/core/libogscore.so.2.8.0.p/ogs-misc.c.o
[31/4661] Compiling C object lib/core/libogscore.so.2.8.0.p/ogs-getopt.c.o
[32/4661] Compiling C object lib/core/libogscore.so.2.8.0.p/ogs-hash.c.o
[33/4661] Compiling C object lib/core/libogscore.so.2.8.0.p/ogs-core.c.o
[34/4661] Compiling C object lib/core/libogscore.so.2.8.0.p/ogs-file.c.o
[35/4661] Compiling C object lib/core/libogscore.so.2.8.0.p/ogs-tlv-msg.c.o
[36/4661] Compiling C object lib/proto/libogsproto.so.2.8.0.p/event.c.o
[37/4661] Compiling C object lib/proto/libogsproto.so.2.8.0.p/timer.c.o
[38/4661] Compiling C object lib/core/libogscore.so.2.8.0.p/ogs-epoll.c.o
[39/4661] Compiling C object lib/proto/libogsproto.so.2.8.0.p/conv.c.o
[40/4661] Compiling C object lib/core/libogscore.so.2.8.0.p/abts.c.o
[41/4661] Linking target lib/core/libogscore.so.2.8.0
[42/4661] Compiling C object lib/proto/libogsproto.so.2.8.0.p/types.c.o
[43/4661] Generating symbol file lib/core/libogscore.so.2.8.0.p/libogscore.so.2.8.0.symbols
[44/4661] Compiling C object lib/dbi/libogsdbi.so.2.8.0.p/ogs-mongoc.c.o
[45/4661] Linking target lib/proto/libogsproto.so.2.8.0
[46/4661] Compiling C object lib/dbi/libogsdbi.so.2.8.0.p/ims.c.o
[47/4661] Compiling C object lib/dbi/libogsdbi.so.2.8.0.p/session.c.o
[48/4661] Compiling C object lib/dbi/libogsdbi.so.2.8.0.p/subscription.c.o
[49/4661] Compiling C object lib/crypt/libogscrypt.so.2.8.0.p/ogs-aes-cmac.c.o
[50/4661] Compiling C object lib/crypt/libogscrypt.so.2.8.0.p/ogs-sha1-hmac.c.o
[51/4661] Compiling C object lib/crypt/libogscrypt.so.2.8.0.p/ogs-sha1.c.o
[52/4661] Compiling C object lib/crypt/libogscrypt.so.2.8.0.p/ogs-aes.c.o
[53/4661] Generating symbol file lib/proto/libogsproto.so.2.8.0.p/libogsproto.so.2.8.0.symbols
[54/4661] Compiling C object lib/crypt/libogscrypt.so.2.8.0.p/ogs-sha2-hmac.c.o
[55/4661] Compiling C object lib/crypt/libogscrypt.so.2.8.0.p/ogs-sha2.c.o
[56/4661] Compiling C object lib/crypt/libogscrypt.so.2.8.0.p/snow-3g.c.o
[57/4661] Compiling C object lib/crypt/libogscrypt.so.2.8.0.p/milenage.c.o
[58/4661] Linking target lib/dbi/libogsdbi.so.2.8.0
[59/4661] Compiling C object lib/crypt/libogscrypt.so.2.8.0.p/zuc.c.o
[60/4661] Compiling C object lib/crypt/libogscrypt.so.2.8.0.p/kasumi.c.o
[61/4661] Compiling C object lib/crypt/libogscrypt.so.2.8.0.p/ogs-kdf.c.o
[62/4661] Compiling C object lib/crypt/libogscrypt.so.2.8.0.p/ogs-base64.c.o
[63/4661] Generating symbol file lib/dbi/libogsdbi.so.2.8.0.p/libogsdbi.so.2.8.0.symbols
[64/4661] Compiling C object lib/crypt/libogscrypt.so.2.8.0.p/curve25519-donna.c.o
[65/4661] Compiling C object lib/crypt/libogscrypt.so.2.8.0.p/openssl_snow_core.c.o
[66/4661] Compiling C object lib/crypt/libogscrypt.so.2.8.0.p/ecc.c.o
[67/4661] Compiling C object lib/ipfw/libogsipfw.so.2.8.0.p/expand_number.c.o
[68/4661] Linking target lib/crypt/libogscrypt.so.2.8.0
[69/4661] Compiling C object lib/ipfw/libogsipfw.so.2.8.0.p/ipv6.c.o
[70/4661] Compiling C object lib/ipfw/libogsipfw.so.2.8.0.p/humanize_number.c.o
[71/4661] Compiling C object lib/ipfw/libogsipfw.so.2.8.0.p/dummynet.c.o
[72/4661] Compiling C object lib/ipfw/libogsipfw.so.2.8.0.p/glue.c.o
[73/4661] Generating symbol file lib/crypt/libogscrypt.so.2.8.0.p/libogscrypt.so.2.8.0.symbols
[74/4661] Compiling C object lib/tun/libogstun.so.2.8.0.p/tunio.c.o
[75/4661] Compiling C object lib/ipfw/libogsipfw.so.2.8.0.p/tables.c.o
[76/4661] Compiling C object lib/ipfw/libogsipfw.so.2.8.0.p/ogs-ipfw.c.o
[77/4661] Compiling C object lib/tun/libogstun.so.2.8.0.p/linux-setup.c.o
[78/4661] Compiling C object lib/app/libogsapp.so.2.8.0.p/ogs-context.c.o
[79/4661] Compiling C object lib/app/libogsapp.so.2.8.0.p/ogs-yaml.c.o
[80/4661] Compiling C object subprojects/prometheus-client-c/libprom.so.p/prom_src_prom_collector.c.o
[81/4661] Compiling C object subprojects/prometheus-client-c/libprom.so.p/prom_src_prom_collector_registry.c.o
[82/4661] Compiling C object subprojects/prometheus-client-c/libprom.so.p/prom_src_prom_counter.c.o
[83/4661] Compiling C object lib/app/libogsapp.so.2.8.0.p/ogs-init.c.o
[84/4661] Compiling C object subprojects/prometheus-client-c/libprom.so.p/prom_src_prom_histogram.c.o
[85/4661] Compiling C object subprojects/prometheus-client-c/libprom.so.p/prom_src_prom_gauge.c.o
[86/4661] Compiling C object subprojects/prometheus-client-c/libprom.so.p/prom_src_prom_histogram_buckets.c.o
[87/4661] Compiling C object subprojects/prometheus-client-c/libprom.so.p/prom_src_prom_linked_list.c.o
[88/4661] Compiling C object subprojects/prometheus-client-c/libprom.so.p/prom_src_prom_metric.c.o
[89/4661] Compiling C object subprojects/prometheus-client-c/libprom.so.p/prom_src_prom_map.c.o
[90/4661] Compiling C object subprojects/prometheus-client-c/libprom.so.p/prom_src_prom_metric_formatter.c.o
[91/4661] Compiling C object subprojects/prometheus-client-c/libprom.so.p/prom_src_prom_metric_sample.c.o
[92/4661] Compiling C object lib/app/libogsapp.so.2.8.0.p/ogs-config.c.o
[93/4661] Compiling C object subprojects/prometheus-client-c/libprom.so.p/prom_src_prom_process_fds.c.o
[94/4661] Compiling C object lib/ipfw/libogsipfw.so.2.8.0.p/ipfw2.c.o
[95/4661] Compiling C object subprojects/prometheus-client-c/libprom.so.p/prom_src_prom_process_stat.c.o
[96/4661] Compiling C object subprojects/prometheus-client-c/libprom.so.p/prom_src_prom_metric_sample_histogram.c.o
[97/4661] Linking target lib/app/libogsapp.so.2.8.0
[98/4661] Compiling C object subprojects/prometheus-client-c/libprom.so.p/prom_src_prom_process_limits.c.o
[99/4661] Compiling C object subprojects/prometheus-client-c/libprom.so.p/prom_src_prom_procfs.c.o
[100/4661] Linking target lib/ipfw/libogsipfw.so.2.8.0
[101/4661] Compiling C object subprojects/prometheus-client-c/libprom.so.p/prom_src_prom_string_builder.c.o
[102/4661] Linking target subprojects/prometheus-client-c/libprom.so
[103/4661] Compiling C object lib/metrics/libogsmetrics.so.2.8.0.p/context.c.o
[104/4661] Compiling C object lib/sctp/libogssctp.so.2.8.0.p/ogs-sctp.c.o
[105/4661] Generating symbol file lib/app/libogsapp.so.2.8.0.p/libogsapp.so.2.8.0.symbols
[106/4661] Generating symbol file lib/ipfw/libogsipfw.so.2.8.0.p/libogsipfw.so.2.8.0.symbols
[107/4661] Linking target lib/tun/libogstun.so.2.8.0
[108/4661] Compiling C object lib/metrics/libogsmetrics.so.2.8.0.p/prometheus_context.c.o
[109/4661] Generating symbol file subprojects/prometheus-client-c/libprom.so.p/libprom.so.symbols
[110/4661] Linking target lib/metrics/libogsmetrics.so.2.8.0
[111/4661] Compiling C object lib/sctp/libogssctp.so.2.8.0.p/ogs-lksctp.c.o
[112/4661] Compiling C object subprojects/freeDiameter/libfdproto/libfdproto.so.1.5.0.p/dictionary_functions.c.o
[113/4661] Linking target lib/sctp/libogssctp.so.2.8.0
[114/4661] Compiling C object subprojects/freeDiameter/libfdproto/libfdproto.so.1.5.0.p/dispatch.c.o
[115/4661] Generating symbol file lib/tun/libogstun.so.2.8.0.p/libogstun.so.2.8.0.symbols
[116/4661] Compiling C object subprojects/freeDiameter/libfdproto/libfdproto.so.1.5.0.p/init.c.o
[117/4661] Compiling C object subprojects/freeDiameter/libfdproto/libfdproto.so.1.5.0.p/lists.c.o
[118/4661] Generating symbol file lib/metrics/libogsmetrics.so.2.8.0.p/libogsmetrics.so.2.8.0.symbols
[119/4661] Generating symbol file lib/sctp/libogssctp.so.2.8.0.p/libogssctp.so.2.8.0.symbols
[120/4661] Compiling C object subprojects/freeDiameter/libfdproto/libfdproto.so.1.5.0.p/fifo.c.o
[121/4661] Compiling C object subprojects/freeDiameter/libfdproto/libfdproto.so.1.5.0.p/log.c.o
[122/4661] Compiling C object subprojects/freeDiameter/libfdproto/libfdproto.so.1.5.0.p/portability.c.o
[123/4661] Compiling C object subprojects/freeDiameter/libfdproto/libfdproto.so.1.5.0.p/ostr.c.o
[124/4661] Compiling C object subprojects/freeDiameter/libfdproto/libfdproto.so.1.5.0.p/rt_data.c.o
[125/4661] Compiling C object subprojects/freeDiameter/libfdproto/libfdproto.so.1.5.0.p/utils.c.o
[126/4661] Compiling C object subprojects/freeDiameter/libfdproto/libfdproto.so.1.5.0.p/dictionary.c.o
[127/4661] Generating 'subprojects/freeDiameter/libfdcore/libfdcore.so.1.5.0.p/fdd.l.yy.c'
[128/4661] Generating 'subprojects/freeDiameter/extensions/acl_wl/acl_wl.fdx.p/lex.aw_conf.c'
[129/4661] Compiling C object subprojects/freeDiameter/libfdproto/libfdproto.so.1.5.0.p/version.c.o
[130/4661] Generating 'subprojects/freeDiameter/extensions/rt_default/rt_default.fdx.p/lex.rtd_conf.c'
[131/4661] Generating from 'aw_conf.y'
[132/4661] Generating from 'rtd_conf.y'
[133/4661] Compiling C object lib/asn1c/common/libogsasn1c-common.so.2.8.0.p/ANY.c.o
[134/4661] Generating from 'fdd.y'
[135/4661] Compiling C object lib/asn1c/common/libogsasn1c-common.so.2.8.0.p/OPEN_TYPE.c.o
[136/4661] Compiling C object lib/asn1c/common/libogsasn1c-common.so.2.8.0.p/ENUMERATED.c.o
[137/4661] Compiling C object lib/asn1c/common/libogsasn1c-common.so.2.8.0.p/GraphicString.c.o
[138/4661] Compiling C object subprojects/freeDiameter/libfdproto/libfdproto.so.1.5.0.p/sessions.c.o
[139/4661] Compiling C object subprojects/freeDiameter/libfdcore/libfdcore.so.1.5.0.p/apps.c.o
[140/4661] Compiling C object subprojects/freeDiameter/libfdcore/libfdcore.so.1.5.0.p/meson-generated_fdd.l.yy.c.o
[141/4661] Compiling C object subprojects/freeDiameter/libfdcore/libfdcore.so.1.5.0.p/core.c.o
[142/4661] Compiling C object subprojects/freeDiameter/libfdcore/libfdcore.so.1.5.0.p/meson-generated_fdd.tab.c.o
[143/4661] Compiling C object subprojects/freeDiameter/libfdcore/libfdcore.so.1.5.0.p/config.c.o
[144/4661] Compiling C object subprojects/freeDiameter/libfdproto/libfdproto.so.1.5.0.p/messages.c.o
[145/4661] Compiling C object subprojects/freeDiameter/libfdcore/libfdcore.so.1.5.0.p/endpoints.c.o
[146/4661] Linking target subprojects/freeDiameter/libfdproto/libfdproto.so.1.5.0
[147/4661] Compiling C object subprojects/freeDiameter/libfdcore/libfdcore.so.1.5.0.p/extensions.c.o
[148/4661] Compiling C object subprojects/freeDiameter/libfdcore/libfdcore.so.1.5.0.p/events.c.o
[149/4661] Compiling C object subprojects/freeDiameter/libfdcore/libfdcore.so.1.5.0.p/fifo_stats.c.o
[150/4661] Compiling C object subprojects/freeDiameter/libfdcore/libfdcore.so.1.5.0.p/queues.c.o
[151/4661] Compiling C object subprojects/freeDiameter/libfdcore/libfdcore.so.1.5.0.p/hooks.c.o
[152/4661] Generating symbol file subprojects/freeDiameter/libfdproto/libfdproto.so.1.5.0.p/libfdproto.so.1.5.0.symbols
[153/4661] Compiling C object subprojects/freeDiameter/libfdcore/libfdcore.so.1.5.0.p/cnxctx.c.o
[154/4661] Compiling C object subprojects/freeDiameter/libfdcore/libfdcore.so.1.5.0.p/messages.c.o
[155/4661] Compiling C object subprojects/freeDiameter/libfdcore/libfdcore.so.1.5.0.p/p_cnx.c.o
[156/4661] Compiling C object subprojects/freeDiameter/libfdcore/libfdcore.so.1.5.0.p/p_dw.c.o
[157/4661] Compiling C object subprojects/freeDiameter/libfdcore/libfdcore.so.1.5.0.p/p_dp.c.o
[158/4661] Compiling C object subprojects/freeDiameter/libfdcore/libfdcore.so.1.5.0.p/peers.c.o
[159/4661] Compiling C object subprojects/freeDiameter/libfdcore/libfdcore.so.1.5.0.p/p_expiry.c.o
[160/4661] Compiling C object subprojects/freeDiameter/libfdcore/libfdcore.so.1.5.0.p/p_out.c.o
[161/4661] Compiling C object subprojects/freeDiameter/libfdcore/libfdcore.so.1.5.0.p/p_ce.c.o
[162/4661] Compiling C object subprojects/freeDiameter/libfdcore/libfdcore.so.1.5.0.p/dict_base_proto.c.o
[163/4661] Compiling C object subprojects/freeDiameter/libfdcore/libfdcore.so.1.5.0.p/p_sr.c.o
[164/4661] Compiling C object subprojects/freeDiameter/libfdcore/libfdcore.so.1.5.0.p/version.c.o
[165/4661] Compiling C object subprojects/freeDiameter/libfdcore/libfdcore.so.1.5.0.p/tcp.c.o
[166/4661] Compiling C object subprojects/freeDiameter/libfdcore/libfdcore.so.1.5.0.p/p_psm.c.o
[167/4661] Compiling C object subprojects/freeDiameter/libfdcore/libfdcore.so.1.5.0.p/server.c.o
[168/4661] Compiling C object subprojects/freeDiameter/libfdcore/libfdcore.so.1.5.0.p/sctp_compat.c.o
[169/4661] Compiling C object subprojects/freeDiameter/libfdcore/libfdcore.so.1.5.0.p/routing_dispatch.c.o
[170/4661] Compiling C object subprojects/freeDiameter/libfdcore/libfdcore.so.1.5.0.p/sctp3436.c.o
[171/4661] Compiling C object subprojects/freeDiameter/extensions/dbg_msg_dumps.fdx.p/dbg_msg_dumps_dbg_msg_dumps.c.o
[172/4661] Compiling C object subprojects/freeDiameter/libfdcore/libfdcore.so.1.5.0.p/sctp.c.o
[173/4661] Compiling C object subprojects/freeDiameter/extensions/dict_mip6i.fdx.p/dict_mip6i_dict_mip6i.c.o
[174/4661] Linking target subprojects/freeDiameter/libfdcore/libfdcore.so.1.5.0
[175/4661] Compiling C object subprojects/freeDiameter/extensions/dict_nas_mipv6.fdx.p/dict_nas_mipv6_dict_nas_mipv6.c.o
[176/4661] Generating symbol file subprojects/freeDiameter/libfdcore/libfdcore.so.1.5.0.p/libfdcore.so.1.5.0.symbols
[177/4661] Linking target subprojects/freeDiameter/extensions/dbg_msg_dumps.fdx
[178/4661] Linking target subprojects/freeDiameter/extensions/dict_mip6i.fdx
[179/4661] Compiling C object subprojects/freeDiameter/extensions/dict_nasreq.fdx.p/dict_nasreq_dict_nasreq.c.o
[180/4661] Linking target subprojects/freeDiameter/extensions/dict_nas_mipv6.fdx
[181/4661] Compiling C object subprojects/freeDiameter/extensions/dict_dcca.fdx.p/dict_dcca_dict_dcca.c.o
[182/4661] Compiling C object subprojects/freeDiameter/extensions/dict_dcca_3gpp/dict_dcca_3gpp.fdx.p/dict_dcca_3gpp.c.o
[183/4661] Compiling C object subprojects/freeDiameter/extensions/dict_rfc5777.fdx.p/dict_rfc5777_dict_rfc5777.c.o
[184/4661] Linking target subprojects/freeDiameter/extensions/dict_nasreq.fdx
[185/4661] Linking target subprojects/freeDiameter/extensions/dict_dcca.fdx
[186/4661] Linking target subprojects/freeDiameter/extensions/dict_rfc5777.fdx
[187/4661] Compiling C object subprojects/freeDiameter/extensions/acl_wl/acl_wl.fdx.p/meson-generated_lex.aw_conf.c.o
[188/4661] Compiling C object subprojects/freeDiameter/extensions/acl_wl/acl_wl.fdx.p/acl_wl.c.o
[189/4661] Compiling C object subprojects/freeDiameter/extensions/acl_wl/acl_wl.fdx.p/meson-generated_aw_conf.tab.c.o
[190/4661] Compiling C object subprojects/freeDiameter/extensions/acl_wl/acl_wl.fdx.p/aw_tree.c.o
[191/4661] Compiling C object subprojects/freeDiameter/extensions/rt_redirect/rt_redirect.fdx.p/rt_redir.c.o
[192/4661] Linking target subprojects/freeDiameter/extensions/acl_wl/acl_wl.fdx
[193/4661] Compiling C object subprojects/freeDiameter/extensions/rt_redirect/rt_redirect.fdx.p/redir_expiry.c.o
[194/4661] Compiling C object subprojects/freeDiameter/extensions/rt_redirect/rt_redirect.fdx.p/redir_fwd.c.o
[195/4661] Compiling C object subprojects/freeDiameter/extensions/rt_redirect/rt_redirect.fdx.p/redir_out.c.o
[196/4661] Compiling C object subprojects/freeDiameter/extensions/rt_default/rt_default.fdx.p/meson-generated_lex.rtd_conf.c.o
[197/4661] Compiling C object subprojects/freeDiameter/extensions/rt_redirect/rt_redirect.fdx.p/redir_entries.c.o
[198/4661] Compiling C object subprojects/freeDiameter/extensions/rt_default/rt_default.fdx.p/meson-generated_rtd_conf.tab.c.o
[199/4661] Compiling C object subprojects/freeDiameter/extensions/rt_default/rt_default.fdx.p/rt_default.c.o
[200/4661] Linking target subprojects/freeDiameter/extensions/rt_redirect/rt_redirect.fdx
[201/4661] Compiling C object lib/diameter/common/libogsdiameter-common.so.2.8.0.p/libapp_sip.c.o
[202/4661] Compiling C object lib/diameter/common/libogsdiameter-common.so.2.8.0.p/dict.c.o
[203/4661] Compiling C object subprojects/freeDiameter/extensions/rt_default/rt_default.fdx.p/rtd_rules.c.o
[204/4661] Compiling C object lib/diameter/common/libogsdiameter-common.so.2.8.0.p/logger.c.o
[205/4661] Linking target subprojects/freeDiameter/extensions/rt_default/rt_default.fdx
[206/4661] Compiling C object lib/diameter/common/libogsdiameter-common.so.2.8.0.p/message.c.o
[207/4661] Compiling C object lib/diameter/common/libogsdiameter-common.so.2.8.0.p/stats.c.o
[208/4661] Compiling C object lib/diameter/common/libogsdiameter-common.so.2.8.0.p/config.c.o
[209/4661] Compiling C object lib/diameter/common/libogsdiameter-common.so.2.8.0.p/util.c.o
[210/4661] Compiling C object lib/diameter/common/libogsdiameter-common.so.2.8.0.p/init.c.o
[211/4661] Compiling C object lib/diameter/gx/libogsdiameter-gx.so.2.8.0.p/dict.c.o
[212/4661] Linking target lib/diameter/common/libogsdiameter-common.so.2.8.0
[213/4661] Compiling C object lib/diameter/gy/libogsdiameter-gy.so.2.8.0.p/dict.c.o
[214/4661] Compiling C object lib/diameter/gx/libogsdiameter-gx.so.2.8.0.p/message.c.o
[215/4661] Compiling C object lib/diameter/gy/libogsdiameter-gy.so.2.8.0.p/message.c.o
[216/4661] Compiling C object lib/diameter/rx/libogsdiameter-rx.so.2.8.0.p/dict.c.o
[217/4661] Generating symbol file lib/diameter/common/libogsdiameter-common.so.2.8.0.p/libogsdiameter-common.so.2.8.0.symbols
[218/4661] Compiling C object lib/diameter/rx/libogsdiameter-rx.so.2.8.0.p/message.c.o
[219/4661] Linking target lib/diameter/gx/libogsdiameter-gx.so.2.8.0
[220/4661] Linking target lib/diameter/gy/libogsdiameter-gy.so.2.8.0
[221/4661] Compiling C object lib/diameter/s6a/libogsdiameter-s6a.so.2.8.0.p/message.c.o
[222/4661] Linking target lib/diameter/rx/libogsdiameter-rx.so.2.8.0
[223/4661] Generating symbol file lib/diameter/gx/libogsdiameter-gx.so.2.8.0.p/libogsdiameter-gx.so.2.8.0.symbols
[224/4661] Compiling C object lib/diameter/cx/libogsdiameter-cx.so.2.8.0.p/dict.c.o
[225/4661] Compiling C object lib/diameter/s6a/libogsdiameter-s6a.so.2.8.0.p/dict.c.o
[226/4661] Generating symbol file lib/diameter/gy/libogsdiameter-gy.so.2.8.0.p/libogsdiameter-gy.so.2.8.0.symbols
[227/4661] Linking target lib/diameter/s6a/libogsdiameter-s6a.so.2.8.0
[228/4661] Generating symbol file lib/diameter/rx/libogsdiameter-rx.so.2.8.0.p/libogsdiameter-rx.so.2.8.0.symbols
[229/4661] Compiling C object lib/diameter/s6b/libogsdiameter-s6b.so.2.8.0.p/message.c.o
[230/4661] Compiling C object lib/diameter/swx/libogsdiameter-swx.so.2.8.0.p/message.c.o
[231/4661] Compiling C object lib/diameter/cx/libogsdiameter-cx.so.2.8.0.p/message.c.o
[232/4661] Linking target lib/diameter/s6b/libogsdiameter-s6b.so.2.8.0
[233/4661] Linking target lib/diameter/cx/libogsdiameter-cx.so.2.8.0
[234/4661] Generating symbol file lib/diameter/s6a/libogsdiameter-s6a.so.2.8.0.p/libogsdiameter-s6a.so.2.8.0.symbols
[235/4661] Compiling C object lib/asn1c/common/libogsasn1c-common.so.2.8.0.p/NULL.c.o
[236/4661] Compiling C object lib/asn1c/common/libogsasn1c-common.so.2.8.0.p/INTEGER.c.o
[237/4661] Compiling C object lib/asn1c/common/libogsasn1c-common.so.2.8.0.p/NativeEnumerated.c.o
[238/4661] Compiling C object lib/asn1c/common/libogsasn1c-common.so.2.8.0.p/NativeInteger.c.o
[239/4661] Generating symbol file lib/diameter/s6b/libogsdiameter-s6b.so.2.8.0.p/libogsdiameter-s6b.so.2.8.0.symbols
[240/4661] Generating symbol file lib/diameter/cx/libogsdiameter-cx.so.2.8.0.p/libogsdiameter-cx.so.2.8.0.symbols
[241/4661] Compiling C object lib/asn1c/common/libogsasn1c-common.so.2.8.0.p/ObjectDescriptor.c.o
[242/4661] Compiling C object lib/asn1c/common/libogsasn1c-common.so.2.8.0.p/OBJECT_IDENTIFIER.c.o
[243/4661] Compiling C object lib/asn1c/common/libogsasn1c-common.so.2.8.0.p/PrintableString.c.o
[244/4661] Linking target lib/diameter/swx/libogsdiameter-swx.so.2.8.0
[245/4661] Compiling C object lib/asn1c/common/libogsasn1c-common.so.2.8.0.p/UTF8String.c.o
[246/4661] Compiling C object lib/asn1c/common/libogsasn1c-common.so.2.8.0.p/VisibleString.c.o
[247/4661] Compiling C object lib/asn1c/common/libogsasn1c-common.so.2.8.0.p/asn_SEQUENCE_OF.c.o
[248/4661] Compiling C object lib/asn1c/common/libogsasn1c-common.so.2.8.0.p/asn_SET_OF.c.o
[249/4661] Compiling C object lib/asn1c/common/libogsasn1c-common.so.2.8.0.p/constr_CHOICE.c.o
[250/4661] Compiling C object lib/asn1c/common/libogsasn1c-common.so.2.8.0.p/constr_SEQUENCE_OF.c.o
[251/4661] Generating symbol file lib/diameter/swx/libogsdiameter-swx.so.2.8.0.p/libogsdiameter-swx.so.2.8.0.symbols
[252/4661] Compiling C object lib/asn1c/common/libogsasn1c-common.so.2.8.0.p/constr_SEQUENCE.c.o
[253/4661] Compiling C object lib/asn1c/common/libogsasn1c-common.so.2.8.0.p/constr_SET_OF.c.o
[254/4661] Compiling C object lib/asn1c/common/libogsasn1c-common.so.2.8.0.p/asn_internal.c.o
[255/4661] Compiling C object lib/asn1c/common/libogsasn1c-common.so.2.8.0.p/asn_application.c.o
[256/4661] Compiling C object lib/asn1c/common/libogsasn1c-common.so.2.8.0.p/asn_bit_data.c.o
[257/4661] Compiling C object lib/asn1c/common/libogsasn1c-common.so.2.8.0.p/OCTET_STRING.c.o
[258/4661] Compiling C object lib/asn1c/common/libogsasn1c-common.so.2.8.0.p/BIT_STRING.c.o
[259/4661] Compiling C object lib/asn1c/common/libogsasn1c-common.so.2.8.0.p/asn_codecs_prim.c.o
[260/4661] Compiling C object lib/asn1c/common/libogsasn1c-common.so.2.8.0.p/ber_tlv_length.c.o
[261/4661] Compiling C object lib/asn1c/common/libogsasn1c-common.so.2.8.0.p/constr_TYPE.c.o
[262/4661] Compiling C object lib/asn1c/common/libogsasn1c-common.so.2.8.0.p/ber_tlv_tag.c.o
[263/4661] Compiling C object lib/asn1c/common/libogsasn1c-common.so.2.8.0.p/per_decoder.c.o
[264/4661] Compiling C object lib/asn1c/common/libogsasn1c-common.so.2.8.0.p/constraints.c.o
[265/4661] Compiling C object lib/asn1c/common/libogsasn1c-common.so.2.8.0.p/per_encoder.c.o
[266/4661] Compiling C object lib/asn1c/common/libogsasn1c-common.so.2.8.0.p/per_support.c.o
[267/4661] Compiling C object lib/asn1c/common/libogsasn1c-common.so.2.8.0.p/per_opentype.c.o
[268/4661] Compiling C object lib/asn1c/common/libogsasn1c-common.so.2.8.0.p/aper_decoder.c.o
[269/4661] Compiling C object lib/asn1c/common/libogsasn1c-common.so.2.8.0.p/aper_encoder.c.o
[270/4661] Compiling C object lib/asn1c/common/libogsasn1c-common.so.2.8.0.p/aper_opentype.c.o
[271/4661] Compiling C object lib/asn1c/common/libogsasn1c-common.so.2.8.0.p/aper_support.c.o
[272/4661] Compiling C object lib/asn1c/common/libogsasn1c-common.so.2.8.0.p/ANY_aper.c.o
[273/4661] Compiling C object lib/asn1c/common/libogsasn1c-common.so.2.8.0.p/ENUMERATED_aper.c.o
[274/4661] Compiling C object lib/asn1c/common/libogsasn1c-common.so.2.8.0.p/NULL_aper.c.o
[275/4661] Compiling C object lib/asn1c/common/libogsasn1c-common.so.2.8.0.p/INTEGER_aper.c.o
[276/4661] Compiling C object lib/asn1c/common/libogsasn1c-common.so.2.8.0.p/NativeEnumerated_aper.c.o
[277/4661] Compiling C object lib/asn1c/common/libogsasn1c-common.so.2.8.0.p/NativeInteger_aper.c.o
[278/4661] Compiling C object lib/asn1c/common/libogsasn1c-common.so.2.8.0.p/OCTET_STRING_aper.c.o
[279/4661] Compiling C object lib/asn1c/common/libogsasn1c-common.so.2.8.0.p/OPEN_TYPE_aper.c.o
[280/4661] Compiling C object lib/asn1c/common/libogsasn1c-common.so.2.8.0.p/constr_SEQUENCE_OF_aper.c.o
[281/4661] Compiling C object lib/asn1c/common/libogsasn1c-common.so.2.8.0.p/constr_CHOICE_aper.c.o
[282/4661] Compiling C object lib/asn1c/common/libogsasn1c-common.so.2.8.0.p/constr_SEQUENCE_aper.c.o
[283/4661] Compiling C object lib/asn1c/common/libogsasn1c-common.so.2.8.0.p/constr_SET_OF_aper.c.o
[284/4661] Compiling C object lib/asn1c/common/libogsasn1c-common.so.2.8.0.p/BIT_STRING_print.c.o
[285/4661] Compiling C object lib/asn1c/common/libogsasn1c-common.so.2.8.0.p/NULL_print.c.o
[286/4661] Compiling C object lib/asn1c/common/libogsasn1c-common.so.2.8.0.p/INTEGER_print.c.o
[287/4661] Compiling C object lib/asn1c/common/libogsasn1c-common.so.2.8.0.p/NativeInteger_print.c.o
[288/4661] Compiling C object lib/asn1c/common/libogsasn1c-common.so.2.8.0.p/OBJECT_IDENTIFIER_print.c.o
[289/4661] Compiling C object lib/asn1c/common/libogsasn1c-common.so.2.8.0.p/OCTET_STRING_print.c.o
[290/4661] Compiling C object lib/asn1c/common/libogsasn1c-common.so.2.8.0.p/OPEN_TYPE_print.c.o
[291/4661] Compiling C object lib/asn1c/common/libogsasn1c-common.so.2.8.0.p/UTF8String_print.c.o
[292/4661] Compiling C object lib/asn1c/common/libogsasn1c-common.so.2.8.0.p/constr_CHOICE_print.c.o
[293/4661] Compiling C object lib/asn1c/common/libogsasn1c-common.so.2.8.0.p/constr_SEQUENCE_print.c.o
[294/4661] Compiling C object lib/asn1c/common/libogsasn1c-common.so.2.8.0.p/constr_SET_OF_print.c.o
[295/4661] Compiling C object lib/asn1c/common/libogsasn1c-common.so.2.8.0.p/asn_random_fill.c.o
[296/4661] Compiling C object lib/asn1c/common/libogsasn1c-common.so.2.8.0.p/BIT_STRING_rfill.c.o
[297/4661] Compiling C object lib/asn1c/common/libogsasn1c-common.so.2.8.0.p/INTEGER_rfill.c.o
[298/4661] Compiling C object lib/asn1c/common/libogsasn1c-common.so.2.8.0.p/NULL_rfill.c.o
[299/4661] Compiling C object lib/asn1c/common/libogsasn1c-common.so.2.8.0.p/NativeInteger_rfill.c.o
[300/4661] Compiling C object lib/asn1c/common/libogsasn1c-common.so.2.8.0.p/OBJECT_IDENTIFIER_rfill.c.o
[301/4661] Compiling C object lib/asn1c/common/libogsasn1c-common.so.2.8.0.p/OCTET_STRING_rfill.c.o
[302/4661] Compiling C object lib/asn1c/common/libogsasn1c-common.so.2.8.0.p/UTF8String_rfill.c.o
[303/4661] Compiling C object lib/asn1c/common/libogsasn1c-common.so.2.8.0.p/constr_CHOICE_rfill.c.o
[304/4661] Compiling C object lib/asn1c/common/libogsasn1c-common.so.2.8.0.p/constr_SEQUENCE_rfill.c.o
[305/4661] Compiling C object lib/asn1c/common/libogsasn1c-common.so.2.8.0.p/constr_SET_OF_rfill.c.o
[306/4661] Linking target lib/asn1c/common/libogsasn1c-common.so.2.8.0
[307/4661] Compiling C object lib/asn1c/util/libogsasn1c-util.so.2.8.0.p/conv.c.o
[308/4661] Compiling C object lib/asn1c/util/libogsasn1c-util.so.2.8.0.p/message.c.o
[309/4661] Compiling C object lib/asn1c/ngap/libogsasn1c-ngap-0.a.p/NGAP_NGAP-PDU.c.o
[310/4661] Compiling C object lib/asn1c/ngap/libogsasn1c-ngap-0.a.p/NGAP_InitiatingMessage.c.o
[311/4661] Compiling C object lib/asn1c/ngap/libogsasn1c-ngap-0.a.p/NGAP_PDUSessionResourceSetupRequest.c.o
[312/4661] Compiling C object lib/asn1c/ngap/libogsasn1c-ngap-0.a.p/NGAP_SuccessfulOutcome.c.o
[313/4661] Compiling C object lib/asn1c/ngap/libogsasn1c-ngap-0.a.p/NGAP_UnsuccessfulOutcome.c.o
[314/4661] Generating symbol file lib/asn1c/common/libogsasn1c-common.so.2.8.0.p/libogsasn1c-common.so.2.8.0.symbols
[315/4661] Compiling C object lib/asn1c/ngap/libogsasn1c-ngap-0.a.p/NGAP_PDUSessionResourceSetupResponse.c.o
[316/4661] Linking target lib/asn1c/util/libogsasn1c-util.so.2.8.0
[317/4661] Compiling C object lib/asn1c/ngap/libogsasn1c-ngap-0.a.p/NGAP_PDUSessionResourceReleaseCommand.c.o
[318/4661] Compiling C object lib/asn1c/ngap/libogsasn1c-ngap-0.a.p/NGAP_PDUSessionResourceReleaseResponse.c.o
[319/4661] Compiling C object lib/asn1c/ngap/libogsasn1c-ngap-0.a.p/NGAP_PDUSessionResourceModifyRequest.c.o
[320/4661] Compiling C object lib/asn1c/ngap/libogsasn1c-ngap-0.a.p/NGAP_PDUSessionResourceModifyResponse.c.o
[321/4661] Compiling C object lib/asn1c/ngap/libogsasn1c-ngap-0.a.p/NGAP_PDUSessionResourceModifyIndication.c.o
[322/4661] Compiling C object lib/asn1c/ngap/libogsasn1c-ngap-0.a.p/NGAP_PDUSessionResourceNotify.c.o
[323/4661] Compiling C object lib/asn1c/ngap/libogsasn1c-ngap-0.a.p/NGAP_PDUSessionResourceModifyConfirm.c.o
[324/4661] Compiling C object lib/asn1c/ngap/libogsasn1c-ngap-0.a.p/NGAP_InitialContextSetupRequest.c.o
[325/4661] Generating symbol file lib/asn1c/util/libogsasn1c-util.so.2.8.0.p/libogsasn1c-util.so.2.8.0.symbols
[326/4661] Compiling C object lib/asn1c/ngap/libogsasn1c-ngap-0.a.p/NGAP_InitialContextSetupFailure.c.o
[327/4661] Compiling C object lib/asn1c/ngap/libogsasn1c-ngap-0.a.p/NGAP_InitialContextSetupResponse.c.o
[328/4661] Compiling C object lib/asn1c/ngap/libogsasn1c-ngap-0.a.p/NGAP_UEContextReleaseRequest.c.o
[329/4661] Compiling C object lib/asn1c/ngap/libogsasn1c-ngap-0.a.p/NGAP_UEContextReleaseCommand.c.o
[330/4661] Compiling C object lib/asn1c/ngap/libogsasn1c-ngap-0.a.p/NGAP_UEContextReleaseComplete.c.o
[331/4661] Compiling C object lib/asn1c/ngap/libogsasn1c-ngap-0.a.p/NGAP_UEContextResumeFailure.c.o
[332/4661] Compiling C object lib/asn1c/ngap/libogsasn1c-ngap-0.a.p/NGAP_UEContextResumeRequest.c.o
[333/4661] Compiling C object lib/asn1c/ngap/libogsasn1c-ngap-0.a.p/NGAP_UEContextResumeResponse.c.o
[334/4661] Compiling C object subprojects/freeDiameter/extensions/dict_dcca_3gpp/dict_dcca_3gpp.fdx.p/add_avps.c.o
[335/4661] Compiling C object lib/asn1c/ngap/libogsasn1c-ngap-0.a.p/NGAP_UEContextSuspendRequest.c.o
[336/4661] Compiling C object lib/asn1c/ngap/libogsasn1c-ngap-0.a.p/NGAP_UEContextSuspendResponse.c.o
[337/4661] Linking target subprojects/freeDiameter/extensions/dict_dcca_3gpp/dict_dcca_3gpp.fdx
[338/4661] Compiling C object lib/asn1c/ngap/libogsasn1c-ngap-0.a.p/NGAP_UEContextModificationRequest.c.o
[339/4661] Compiling C object lib/asn1c/ngap/libogsasn1c-ngap-0.a.p/NGAP_UEContextModificationResponse.c.o
[340/4661] Compiling C object lib/asn1c/ngap/libogsasn1c-ngap-0.a.p/NGAP_UEContextSuspendFailure.c.o
[341/4661] Compiling C object lib/asn1c/ngap/libogsasn1c-ngap-0.a.p/NGAP_UEContextModificationFailure.c.o
[342/4661] Compiling C object lib/asn1c/ngap/libogsasn1c-ngap-0.a.p/NGAP_RRCInactiveTransitionReport.c.o
[343/4661] Compiling C object lib/asn1c/ngap/libogsasn1c-ngap-0.a.p/NGAP_RetrieveUEInformation.c.o
[344/4661] Compiling C object lib/asn1c/ngap/libogsasn1c-ngap-0.a.p/NGAP_RANCPRelocationIndication.c.o
[345/4661] Compiling C object lib/asn1c/ngap/libogsasn1c-ngap-0.a.p/NGAP_UEInformationTransfer.c.o
[346/4661] Compiling C object lib/asn1c/ngap/libogsasn1c-ngap-0.a.p/NGAP_HandoverRequired.c.o
[347/4661] Compiling C object lib/asn1c/ngap/libogsasn1c-ngap-0.a.p/NGAP_HandoverCommand.c.o
[348/4661] Compiling C object lib/asn1c/ngap/libogsasn1c-ngap-0.a.p/NGAP_HandoverPreparationFailure.c.o
[349/4661] Compiling C object lib/asn1c/ngap/libogsasn1c-ngap-0.a.p/NGAP_HandoverRequest.c.o
[350/4661] Compiling C object lib/asn1c/ngap/libogsasn1c-ngap-0.a.p/NGAP_HandoverRequestAcknowledge.c.o
[351/4661] Compiling C object lib/asn1c/ngap/libogsasn1c-ngap-0.a.p/NGAP_HandoverFailure.c.o
[352/4661] Compiling C object lib/asn1c/ngap/libogsasn1c-ngap-0.a.p/NGAP_HandoverNotify.c.o
[353/4661] Compiling C object lib/asn1c/ngap/libogsasn1c-ngap-0.a.p/NGAP_PathSwitchRequest.c.o
[354/4661] Compiling C object lib/asn1c/ngap/libogsasn1c-ngap-0.a.p/NGAP_PathSwitchRequestAcknowledge.c.o
[355/4661] Compiling C object lib/asn1c/ngap/libogsasn1c-ngap-0.a.p/NGAP_HandoverCancelAcknowledge.c.o
[356/4661] Compiling C object lib/asn1c/ngap/libogsasn1c-ngap-0.a.p/NGAP_PathSwitchRequestFailure.c.o
[357/4661] Compiling C object lib/asn1c/ngap/libogsasn1c-ngap-0.a.p/NGAP_HandoverCancel.c.o
[358/4661] Compiling C object lib/asn1c/ngap/libogsasn1c-ngap-0.a.p/NGAP_HandoverSuccess.c.o
[359/4661] Compiling C object lib/asn1c/ngap/libogsasn1c-ngap-0.a.p/NGAP_UplinkRANEarlyStatusTransfer.c.o
[360/4661] Compiling C object lib/asn1c/ngap/libogsasn1c-ngap-0.a.p/NGAP_DownlinkRANEarlyStatusTransfer.c.o
[361/4661] Compiling C object lib/asn1c/ngap/libogsasn1c-ngap-0.a.p/NGAP_UplinkRANStatusTransfer.c.o
[362/4661] Compiling C object lib/asn1c/ngap/libogsasn1c-ngap-0.a.p/NGAP_Paging.c.o
[363/4661] Compiling C object lib/asn1c/ngap/libogsasn1c-ngap-0.a.p/NGAP_DownlinkNASTransport.c.o
[364/4661] Compiling C object lib/asn1c/ngap/libogsasn1c-ngap-0.a.p/NGAP_DownlinkRANStatusTransfer.c.o
[365/4661] Compiling C object lib/asn1c/ngap/libogsasn1c-ngap-0.a.p/NGAP_InitialUEMessage.c.o
[366/4661] Compiling C object lib/asn1c/ngap/libogsasn1c-ngap-0.a.p/NGAP_UplinkNASTransport.c.o
[367/4661] Compiling C object lib/asn1c/ngap/libogsasn1c-ngap-0.a.p/NGAP_NGRemovalRequest.c.o
[368/4661] Compiling C object lib/asn1c/ngap/libogsasn1c-ngap-0.a.p/NGAP_RerouteNASRequest.c.o
[369/4661] Compiling C object lib/asn1c/ngap/libogsasn1c-ngap-0.a.p/NGAP_NGRemovalFailure.c.o
[370/4661] Compiling C object lib/asn1c/ngap/libogsasn1c-ngap-0.a.p/NGAP_NGRemovalResponse.c.o
[371/4661] Compiling C object lib/asn1c/ngap/libogsasn1c-ngap-0.a.p/NGAP_NASNonDeliveryIndication.c.o
[372/4661] Compiling C object lib/asn1c/ngap/libogsasn1c-ngap-0.a.p/NGAP_NGSetupRequest.c.o
[373/4661] Compiling C object lib/asn1c/ngap/libogsasn1c-ngap-0.a.p/NGAP_NGSetupResponse.c.o
[374/4661] Compiling C object lib/asn1c/ngap/libogsasn1c-ngap-0.a.p/NGAP_NGSetupFailure.c.o
[375/4661] Compiling C object lib/asn1c/ngap/libogsasn1c-ngap-0.a.p/NGAP_RANConfigurationUpdate.c.o
[376/4661] Compiling C object lib/asn1c/ngap/libogsasn1c-ngap-0.a.p/NGAP_RANConfigurationUpdateFailure.c.o
[377/4661] Compiling C object lib/asn1c/ngap/libogsasn1c-ngap-0.a.p/NGAP_RANConfigurationUpdateAcknowledge.c.o
[378/4661] Compiling C object lib/asn1c/ngap/libogsasn1c-ngap-0.a.p/NGAP_AMFConfigurationUpdate.c.o
[379/4661] Compiling C object lib/asn1c/ngap/libogsasn1c-ngap-0.a.p/NGAP_AMFConfigurationUpdateAcknowledge.c.o
[380/4661] Compiling C object lib/asn1c/ngap/libogsasn1c-ngap-0.a.p/NGAP_AMFConfigurationUpdateFailure.c.o
[381/4661] Compiling C object lib/asn1c/ngap/libogsasn1c-ngap-0.a.p/NGAP_AMFStatusIndication.c.o
[382/4661] Compiling C object lib/asn1c/ngap/libogsasn1c-ngap-0.a.p/NGAP_NGReset.c.o
[383/4661] Compiling C object lib/asn1c/ngap/libogsasn1c-ngap-0.a.p/NGAP_NGResetAcknowledge.c.o
[384/4661] Compiling C object lib/asn1c/ngap/libogsasn1c-ngap-0.a.p/NGAP_ErrorIndication.c.o
[385/4661] Compiling C object lib/asn1c/ngap/libogsasn1c-ngap-0.a.p/NGAP_OverloadStart.c.o
[386/4661] Compiling C object lib/asn1c/ngap/libogsasn1c-ngap-0.a.p/NGAP_OverloadStop.c.o
[387/4661] Compiling C object lib/asn1c/ngap/libogsasn1c-ngap-0.a.p/NGAP_UplinkRANConfigurationTransfer.c.o
[388/4661] Compiling C object lib/asn1c/ngap/libogsasn1c-ngap-0.a.p/NGAP_DownlinkRANConfigurationTransfer.c.o
[389/4661] Compiling C object lib/asn1c/ngap/libogsasn1c-ngap-0.a.p/NGAP_WriteReplaceWarningRequest.c.o
[390/4661] Compiling C object lib/asn1c/ngap/libogsasn1c-ngap-0.a.p/NGAP_WriteReplaceWarningResponse.c.o
[391/4661] Compiling C object lib/asn1c/ngap/libogsasn1c-ngap-0.a.p/NGAP_PWSRestartIndication.c.o
[392/4661] Compiling C object lib/asn1c/ngap/libogsasn1c-ngap-0.a.p/NGAP_PWSCancelRequest.c.o
[393/4661] Compiling C object lib/asn1c/ngap/libogsasn1c-ngap-0.a.p/NGAP_PWSCancelResponse.c.o
[394/4661] Compiling C object lib/asn1c/ngap/libogsasn1c-ngap-0.a.p/NGAP_PWSFailureIndication.c.o
[395/4661] Compiling C object lib/asn1c/ngap/libogsasn1c-ngap-0.a.p/NGAP_DownlinkUEAssociatedNRPPaTransport.c.o
[396/4661] Compiling C object lib/asn1c/ngap/libogsasn1c-ngap-0.a.p/NGAP_UplinkUEAssociatedNRPPaTransport.c.o
[397/4661] Compiling C object lib/asn1c/ngap/libogsasn1c-ngap-0.a.p/NGAP_UplinkNonUEAssociatedNRPPaTransport.c.o
[398/4661] Compiling C object lib/asn1c/ngap/libogsasn1c-ngap-0.a.p/NGAP_DownlinkNonUEAssociatedNRPPaTransport.c.o
[399/4661] Compiling C object lib/asn1c/ngap/libogsasn1c-ngap-0.a.p/NGAP_DeactivateTrace.c.o
[400/4661] Compiling C object lib/asn1c/ngap/libogsasn1c-ngap-0.a.p/NGAP_TraceStart.c.o
[401/4661] Compiling C object lib/asn1c/ngap/libogsasn1c-ngap-0.a.p/NGAP_TraceFailureIndication.c.o
[402/4661] Compiling C object lib/asn1c/ngap/libogsasn1c-ngap-0.a.p/NGAP_Aerial-UE-FlightInformationOngoingReporting-failed.c.o
[403/4661] Compiling C object lib/asn1c/ngap/libogsasn1c-ngap-0.a.p/NGAP_LocationReportingFailureIndication.c.o
[404/4661] Compiling C object lib/asn1c/ngap/libogsasn1c-ngap-0.a.p/NGAP_CellTrafficTrace.c.o
[405/4661] Compiling C object lib/asn1c/ngap/libogsasn1c-ngap-0.a.p/NGAP_LocationReportingControl.c.o
[406/4661] Compiling C object lib/asn1c/ngap/libogsasn1c-ngap-0.a.p/NGAP_LocationReport.c.o
[407/4661] Compiling C object lib/asn1c/ngap/libogsasn1c-ngap-0.a.p/NGAP_UETNLABindingReleaseRequest.c.o
[408/4661] Compiling C object lib/asn1c/ngap/libogsasn1c-ngap-0.a.p/NGAP_UERadioCapabilityInfoIndication.c.o
[409/4661] Compiling C object lib/asn1c/ngap/libogsasn1c-ngap-0.a.p/NGAP_UERadioCapabilityCheckRequest.c.o
[410/4661] Compiling C object lib/asn1c/ngap/libogsasn1c-ngap-0.a.p/NGAP_PrivateMessage.c.o
[411/4661] Compiling C object lib/asn1c/ngap/libogsasn1c-ngap-0.a.p/NGAP_UERadioCapabilityCheckResponse.c.o
[412/4661] Compiling C object lib/asn1c/ngap/libogsasn1c-ngap-0.a.p/NGAP_SecondaryRATDataUsageReport.c.o
[413/4661] Compiling C object lib/asn1c/ngap/libogsasn1c-ngap-0.a.p/NGAP_UplinkRIMInformationTransfer.c.o
[414/4661] Compiling C object lib/asn1c/ngap/libogsasn1c-ngap-0.a.p/NGAP_DownlinkRIMInformationTransfer.c.o
[415/4661] Compiling C object lib/asn1c/ngap/libogsasn1c-ngap-0.a.p/NGAP_ConnectionEstablishmentIndication.c.o
[416/4661] Compiling C object lib/asn1c/ngap/libogsasn1c-ngap-0.a.p/NGAP_BroadcastSessionSetupRequest.c.o
[417/4661] Compiling C object lib/asn1c/ngap/libogsasn1c-ngap-0.a.p/NGAP_UERadioCapabilityIDMappingRequest.c.o
[418/4661] Compiling C object lib/asn1c/ngap/libogsasn1c-ngap-0.a.p/NGAP_AMFCPRelocationIndication.c.o
[419/4661] Compiling C object lib/asn1c/ngap/libogsasn1c-ngap-0.a.p/NGAP_UERadioCapabilityIDMappingResponse.c.o
[420/4661] Compiling C object lib/asn1c/ngap/libogsasn1c-ngap-0.a.p/NGAP_BroadcastSessionSetupResponse.c.o
[421/4661] Compiling C object lib/asn1c/ngap/libogsasn1c-ngap-0.a.p/NGAP_BroadcastSessionSetupFailure.c.o
[422/4661] Compiling C object lib/asn1c/ngap/libogsasn1c-ngap-0.a.p/NGAP_BroadcastSessionModificationFailure.c.o
[423/4661] Compiling C object lib/asn1c/ngap/libogsasn1c-ngap-0.a.p/NGAP_BroadcastSessionModificationRequest.c.o
[424/4661] Compiling C object lib/asn1c/ngap/libogsasn1c-ngap-0.a.p/NGAP_BroadcastSessionModificationResponse.c.o
[425/4661] Compiling C object lib/asn1c/ngap/libogsasn1c-ngap-0.a.p/NGAP_BroadcastSessionReleaseRequest.c.o
[426/4661] Compiling C object lib/asn1c/ngap/libogsasn1c-ngap-0.a.p/NGAP_BroadcastSessionReleaseResponse.c.o
[427/4661] Compiling C object lib/asn1c/ngap/libogsasn1c-ngap-0.a.p/NGAP_BroadcastSessionReleaseRequired.c.o
[428/4661] Compiling C object lib/asn1c/ngap/libogsasn1c-ngap-0.a.p/NGAP_BroadcastSessionTransportFailure.c.o
[429/4661] Compiling C object lib/asn1c/ngap/libogsasn1c-ngap-0.a.p/NGAP_BroadcastSessionTransportRequest.c.o
[430/4661] Compiling C object lib/asn1c/ngap/libogsasn1c-ngap-0.a.p/NGAP_BroadcastSessionTransportResponse.c.o
[431/4661] Compiling C object lib/asn1c/ngap/libogsasn1c-ngap-0.a.p/NGAP_DistributionSetupRequest.c.o
[432/4661] Compiling C object lib/asn1c/ngap/libogsasn1c-ngap-0.a.p/NGAP_DistributionSetupFailure.c.o
[433/4661] Compiling C object lib/asn1c/ngap/libogsasn1c-ngap-0.a.p/NGAP_DistributionSetupResponse.c.o
[434/4661] Compiling C object lib/asn1c/ngap/libogsasn1c-ngap-0.a.p/NGAP_DistributionReleaseResponse.c.o
[435/4661] Compiling C object lib/asn1c/ngap/libogsasn1c-ngap-0.a.p/NGAP_MulticastSessionActivationRequest.c.o
[436/4661] Compiling C object lib/asn1c/ngap/libogsasn1c-ngap-0.a.p/NGAP_DistributionReleaseRequest.c.o
[437/4661] Compiling C object lib/asn1c/ngap/libogsasn1c-ngap-0.a.p/NGAP_MulticastSessionActivationResponse.c.o
[438/4661] Compiling C object lib/asn1c/ngap/libogsasn1c-ngap-0.a.p/NGAP_MulticastSessionActivationFailure.c.o
[439/4661] Compiling C object lib/asn1c/ngap/libogsasn1c-ngap-0.a.p/NGAP_MulticastSessionDeactivationRequest.c.o
[440/4661] Compiling C object lib/asn1c/ngap/libogsasn1c-ngap-0.a.p/NGAP_MulticastSessionDeactivationResponse.c.o
[441/4661] Compiling C object lib/asn1c/ngap/libogsasn1c-ngap-0.a.p/NGAP_MulticastSessionUpdateRequest.c.o
[442/4661] Compiling C object lib/asn1c/ngap/libogsasn1c-ngap-0.a.p/NGAP_MulticastSessionUpdateResponse.c.o
[443/4661] Compiling C object lib/asn1c/ngap/libogsasn1c-ngap-0.a.p/NGAP_MulticastSessionUpdateFailure.c.o
[444/4661] Compiling C object lib/asn1c/ngap/libogsasn1c-ngap-0.a.p/NGAP_MulticastGroupPaging.c.o
[445/4661] Compiling C object lib/asn1c/ngap/libogsasn1c-ngap-0.a.p/NGAP_TimingSynchronisationStatusRequest.c.o
[446/4661] Compiling C object lib/asn1c/ngap/libogsasn1c-ngap-0.a.p/NGAP_TimingSynchronisationStatusResponse.c.o
[447/4661] Compiling C object lib/asn1c/ngap/libogsasn1c-ngap-0.a.p/NGAP_TimingSynchronisationStatusFailure.c.o
[448/4661] Compiling C object lib/asn1c/ngap/libogsasn1c-ngap-0.a.p/NGAP_MTCommunicationHandlingRequest.c.o
[449/4661] Compiling C object lib/asn1c/ngap/libogsasn1c-ngap-0.a.p/NGAP_TimingSynchronisationStatusReport.c.o
[450/4661] Compiling C object lib/asn1c/ngap/libogsasn1c-ngap-0.a.p/NGAP_MTCommunicationHandlingFailure.c.o
[451/4661] Compiling C object lib/asn1c/ngap/libogsasn1c-ngap-0.a.p/NGAP_MTCommunicationHandlingResponse.c.o
[452/4661] Compiling C object lib/asn1c/ngap/libogsasn1c-ngap-0.a.p/NGAP_InventoryRequest.c.o
[453/4661] Compiling C object lib/asn1c/ngap/libogsasn1c-ngap-0.a.p/NGAP_RANPagingRequest.c.o
[454/4661] Compiling C object lib/asn1c/ngap/libogsasn1c-ngap-0.a.p/NGAP_InventoryResponse.c.o
[455/4661] Compiling C object lib/asn1c/ngap/libogsasn1c-ngap-0.a.p/NGAP_InventoryFailure.c.o
[456/4661] Compiling C object lib/asn1c/ngap/libogsasn1c-ngap-0.a.p/NGAP_CommandResponse.c.o
[457/4661] Compiling C object lib/asn1c/ngap/libogsasn1c-ngap-0.a.p/NGAP_InventoryReport.c.o
[458/4661] Compiling C object lib/asn1c/ngap/libogsasn1c-ngap-0.a.p/NGAP_CommandFailure.c.o
[459/4661] Compiling C object lib/asn1c/ngap/libogsasn1c-ngap-0.a.p/NGAP_CommandRequest.c.o
[460/4661] Compiling C object lib/asn1c/ngap/libogsasn1c-ngap-0.a.p/NGAP_AIOTSessionReleaseCommand.c.o
[461/4661] Compiling C object lib/asn1c/ngap/libogsasn1c-ngap-0.a.p/NGAP_AIOTSessionReleaseComplete.c.o
[462/4661] Compiling C object lib/asn1c/ngap/libogsasn1c-ngap-0.a.p/NGAP_AdditionalDLUPTNLInformationForHOList.c.o
[463/4661] Compiling C object lib/asn1c/ngap/libogsasn1c-ngap-0.a.p/NGAP_AIOTSessionReleaseRequest.c.o
[464/4661] Compiling C object lib/asn1c/ngap/libogsasn1c-ngap-0.a.p/NGAP_AdditionalQosFlowInformation.c.o
[465/4661] Compiling C object lib/asn1c/ngap/libogsasn1c-ngap-0.a.p/NGAP_AdditionalDLUPTNLInformationForHOItem.c.o
[466/4661] Compiling C object lib/asn1c/ngap/libogsasn1c-ngap-0.a.p/NGAP_AerialUEsubscriptionInformation.c.o
[467/4661] Compiling C object lib/asn1c/ngap/libogsasn1c-ngap-0.a.p/NGAP_A2X-PC5-QoS-Flow-List.c.o
[468/4661] Compiling C object lib/asn1c/ngap/libogsasn1c-ngap-0.a.p/NGAP_AdditionalULI.c.o
[469/4661] Compiling C object lib/asn1c/ngap/libogsasn1c-ngap-0.a.p/NGAP_A2X-PC5-FlowBitRates.c.o
[470/4661] Compiling C object lib/asn1c/ngap/libogsasn1c-ngap-0.a.p/NGAP_AdditionalCancelledlocationReportingReferenceIDList.c.o
[471/4661] Compiling C object lib/asn1c/ngap/libogsasn1c-ngap-0.a.p/NGAP_A2X-PC5-QoS-Flow-Item.c.o
[472/4661] Compiling C object lib/asn1c/ngap/libogsasn1c-ngap-0.a.p/NGAP_A2X-PC5-QoS-Parameters.c.o
[473/4661] Compiling C object lib/asn1c/ngap/libogsasn1c-ngap-0.a.p/NGAP_AIoT-CorrelationIdentifier.c.o
[474/4661] Compiling C object lib/asn1c/ngap/libogsasn1c-ngap-0.a.p/NGAP_AIoT-FollowonCommandIndication.c.o
[475/4661] Compiling C object lib/asn1c/ngap/libogsasn1c-ngap-0.a.p/NGAP_AdditionalCancelledlocationReportingReferenceIDItem.c.o
[476/4661] Compiling C object lib/asn1c/ngap/libogsasn1c-ngap-0.a.p/NGAP_AIoTAreaID.c.o
[477/4661] Compiling C object lib/asn1c/ngap/libogsasn1c-ngap-0.a.p/NGAP_RAN-AIOT-Device-NGAP-ID.c.o
[478/4661] Compiling C object lib/asn1c/ngap/libogsasn1c-ngap-0.a.p/NGAP_AIoT-CommandAssistanceInformation.c.o
[479/4661] Compiling C object lib/asn1c/ngap/libogsasn1c-ngap-0.a.p/NGAP_AIOTFIdentifier.c.o
[480/4661] Compiling C object lib/asn1c/ngap/libogsasn1c-ngap-0.a.p/NGAP_AIoT-DeviceReportList.c.o
[481/4661] Compiling C object lib/asn1c/ngap/libogsasn1c-ngap-0.a.p/NGAP_AIOTFName.c.o
[482/4661] Compiling C object lib/asn1c/ngap/libogsasn1c-ngap-0.a.p/NGAP_AIoT-DeviceReportItem.c.o
[483/4661] Compiling C object lib/asn1c/ngap/libogsasn1c-ngap-0.a.p/NGAP_AIOTFNameUTF8String.c.o
[484/4661] Compiling C object lib/asn1c/ngap/libogsasn1c-ngap-0.a.p/NGAP_AIOTFNameVisibleString.c.o
[485/4661] Compiling C object lib/asn1c/ngap/libogsasn1c-ngap-0.a.p/NGAP_AIoT-DeviceIdentificationRequested.c.o
[486/4661] Compiling C object lib/asn1c/ngap/libogsasn1c-ngap-0.a.p/NGAP_AIoT-NASPDU.c.o
[487/4661] Compiling C object lib/asn1c/ngap/libogsasn1c-ngap-0.a.p/NGAP_AIoT-InventoryAssistanceInformation.c.o
[488/4661] Compiling C object lib/asn1c/ngap/libogsasn1c-ngap-0.a.p/NGAP_AIoT-ReaderReportList.c.o
[489/4661] Compiling C object lib/asn1c/ngap/libogsasn1c-ngap-0.a.p/NGAP_AIoT-ReaderIndex.c.o
[490/4661] Compiling C object lib/asn1c/ngap/libogsasn1c-ngap-0.a.p/NGAP_AIoT-SecurityInfo.c.o
[491/4661] Compiling C object lib/asn1c/ngap/libogsasn1c-ngap-0.a.p/NGAP_AIoT-RequestedReaderList.c.o
[492/4661] Compiling C object lib/asn1c/ngap/libogsasn1c-ngap-0.a.p/NGAP_AIoT-ReaderReportItem.c.o
[493/4661] Compiling C object lib/asn1c/ngap/libogsasn1c-ngap-0.a.p/NGAP_AIoT-RequestedReaderItem.c.o
[494/4661] Compiling C object lib/asn1c/ngap/libogsasn1c-ngap-0.a.p/NGAP_AIoT-RequestedAIoTAreaList.c.o
[495/4661] Compiling C object lib/asn1c/ngap/libogsasn1c-ngap-0.a.p/NGAP_AIOTSessionReleaseCommandTransfer.c.o
[496/4661] Compiling C object lib/asn1c/ngap/libogsasn1c-ngap-0.a.p/NGAP_AIoT-RequestedServiceAreaInformation.c.o
[497/4661] Compiling C object lib/asn1c/ngap/libogsasn1c-ngap-0.a.p/NGAP_AIOTSessionReleaseCompleteTransfer.c.o
[498/4661] Compiling C object lib/asn1c/ngap/libogsasn1c-ngap-0.a.p/NGAP_AIOTSessionReleaseRequestTransfer.c.o
[499/4661] Compiling C object lib/asn1c/ngap/libogsasn1c-ngap-0.a.p/NGAP_AIoT-Support.c.o
[500/4661] Compiling C object lib/asn1c/ngap/libogsasn1c-ngap-0.a.p/NGAP_Allowed-CAG-List-per-PLMN.c.o
[501/4661] Compiling C object lib/asn1c/ngap/libogsasn1c-ngap-0.a.p/NGAP_AllocationAndRetentionPriority.c.o
[502/4661] Compiling C object lib/asn1c/ngap/libogsasn1c-ngap-0.a.p/NGAP_AllowedNSSAI.c.o
[503/4661] Compiling C object lib/asn1c/ngap/libogsasn1c-ngap-0.a.p/NGAP_Allowed-PNI-NPN-List.c.o
[504/4661] Compiling C object lib/asn1c/ngap/libogsasn1c-ngap-0.a.p/NGAP_AllowedNSSAI-Item.c.o
[505/4661] Compiling C object lib/asn1c/ngap/libogsasn1c-ngap-0.a.p/NGAP_Allowed-PNI-NPN-Item.c.o
[506/4661] Compiling C object lib/asn1c/ngap/libogsasn1c-ngap-0.a.p/NGAP_AllowedTACs.c.o
[507/4661] Compiling C object lib/asn1c/ngap/libogsasn1c-ngap-0.a.p/NGAP_AlternativeQoSParaSetIndex.c.o
[508/4661] Compiling C object lib/asn1c/ngap/libogsasn1c-ngap-0.a.p/NGAP_AlternativeQoSParaSetNotifyIndex.c.o
[509/4661] Compiling C object lib/asn1c/ngap/libogsasn1c-ngap-0.a.p/NGAP_AlternativeQoSParaSetList.c.o
[510/4661] Compiling C object lib/asn1c/ngap/libogsasn1c-ngap-0.a.p/NGAP_AssistanceInformationQoE-Meas.c.o
[511/4661] Compiling C object lib/asn1c/ngap/libogsasn1c-ngap-0.a.p/NGAP_AlternativeQoSParaSetItem.c.o
[512/4661] Compiling C object lib/asn1c/ngap/libogsasn1c-ngap-0.a.p/NGAP_AMFName.c.o
[513/4661] Compiling C object lib/asn1c/ngap/libogsasn1c-ngap-0.a.p/NGAP_AMFNameVisibleString.c.o
[514/4661] Compiling C object lib/asn1c/ngap/libogsasn1c-ngap-0.a.p/NGAP_AMFNameUTF8String.c.o
[515/4661] Compiling C object lib/asn1c/ngap/libogsasn1c-ngap-0.a.p/NGAP_AMFPointer.c.o
[516/4661] Compiling C object lib/asn1c/ngap/libogsasn1c-ngap-0.a.p/NGAP_AMFRegionID.c.o
[517/4661] Compiling C object lib/asn1c/ngap/libogsasn1c-ngap-0.a.p/NGAP_AMFPagingTarget.c.o
[518/4661] Compiling C object lib/asn1c/ngap/libogsasn1c-ngap-0.a.p/NGAP_AMF-TNLAssociationSetupList.c.o
[519/4661] Compiling C object lib/asn1c/ngap/libogsasn1c-ngap-0.a.p/NGAP_AMFSetID.c.o
[520/4661] Compiling C object lib/asn1c/ngap/libogsasn1c-ngap-0.a.p/NGAP_AMF-TNLAssociationSetupItem.c.o
[521/4661] Compiling C object lib/asn1c/ngap/libogsasn1c-ngap-0.a.p/NGAP_AMF-TNLAssociationToRemoveList.c.o
[522/4661] Compiling C object lib/asn1c/ngap/libogsasn1c-ngap-0.a.p/NGAP_AMF-TNLAssociationToAddList.c.o
[523/4661] Compiling C object lib/asn1c/ngap/libogsasn1c-ngap-0.a.p/NGAP_AMF-TNLAssociationToUpdateList.c.o
[524/4661] Compiling C object lib/asn1c/ngap/libogsasn1c-ngap-0.a.p/NGAP_AMF-TNLAssociationToRemoveItem.c.o
[525/4661] Compiling C object lib/asn1c/ngap/libogsasn1c-ngap-0.a.p/NGAP_AMF-TNLAssociationToAddItem.c.o
[526/4661] Compiling C object lib/asn1c/ngap/libogsasn1c-ngap-0.a.p/NGAP_AMF-UE-NGAP-ID.c.o
[527/4661] Compiling C object lib/asn1c/ngap/libogsasn1c-ngap-0.a.p/NGAP_AreaOfInterestCellList.c.o
[528/4661] Compiling C object lib/asn1c/ngap/libogsasn1c-ngap-0.a.p/NGAP_AMF-TNLAssociationToUpdateItem.c.o
[529/4661] Compiling C object lib/asn1c/ngap/libogsasn1c-ngap-0.a.p/NGAP_AreaOfInterestList.c.o
[530/4661] Compiling C object lib/asn1c/ngap/libogsasn1c-ngap-0.a.p/NGAP_AreaOfInterest.c.o
[531/4661] Compiling C object lib/asn1c/ngap/libogsasn1c-ngap-0.a.p/NGAP_AreaOfInterestCellItem.c.o
[532/4661] Compiling C object lib/asn1c/ngap/libogsasn1c-ngap-0.a.p/NGAP_AreaOfInterestRANNodeList.c.o
[533/4661] Compiling C object lib/asn1c/ngap/libogsasn1c-ngap-0.a.p/NGAP_AreaOfInterestItem.c.o
[534/4661] Compiling C object lib/asn1c/ngap/libogsasn1c-ngap-0.a.p/NGAP_AreaOfInterestTAIList.c.o
[535/4661] Compiling C object lib/asn1c/ngap/libogsasn1c-ngap-0.a.p/NGAP_AreaOfInterestRANNodeItem.c.o
[536/4661] Compiling C object lib/asn1c/ngap/libogsasn1c-ngap-0.a.p/NGAP_AreaOfInterestTAIItem.c.o
[537/4661] Compiling C object lib/asn1c/ngap/libogsasn1c-ngap-0.a.p/NGAP_AssistanceDataForPaging.c.o
[538/4661] Compiling C object lib/asn1c/ngap/libogsasn1c-ngap-0.a.p/NGAP_AssociatedMBSQosFlowSetupRequestList.c.o
[539/4661] Compiling C object lib/asn1c/ngap/libogsasn1c-ngap-0.a.p/NGAP_AssociatedMBSQosFlowSetuporModifyRequestList.c.o
[540/4661] Compiling C object lib/asn1c/ngap/libogsasn1c-ngap-0.a.p/NGAP_AssistanceDataForRecommendedCells.c.o
[541/4661] Compiling C object lib/asn1c/ngap/libogsasn1c-ngap-0.a.p/NGAP_AssociatedMBSQosFlowSetupRequestItem.c.o
[542/4661] Compiling C object lib/asn1c/ngap/libogsasn1c-ngap-0.a.p/NGAP_AssociatedMBSQosFlowSetuporModifyRequestItem.c.o
[543/4661] Compiling C object lib/asn1c/ngap/libogsasn1c-ngap-0.a.p/NGAP_AssociatedQosFlowList.c.o
[544/4661] Compiling C object lib/asn1c/ngap/libogsasn1c-ngap-0.a.p/NGAP_AssociatedSessionID.c.o
[545/4661] Compiling C object lib/asn1c/ngap/libogsasn1c-ngap-0.a.p/NGAP_AuthenticatedIndication.c.o
[546/4661] Compiling C object lib/asn1c/ngap/libogsasn1c-ngap-0.a.p/NGAP_AssociatedQosFlowItem.c.o
[547/4661] Compiling C object lib/asn1c/ngap/libogsasn1c-ngap-0.a.p/NGAP_AUN3DeviceAccessInfo.c.o
[548/4661] Compiling C object lib/asn1c/ngap/libogsasn1c-ngap-0.a.p/NGAP_AveragingWindow.c.o
[549/4661] Compiling C object lib/asn1c/ngap/libogsasn1c-ngap-0.a.p/NGAP_AreaScopeOfNeighCellsList.c.o
[550/4661] Compiling C object lib/asn1c/ngap/libogsasn1c-ngap-0.a.p/NGAP_AreaScopeOfMDT-NR.c.o
[551/4661] Compiling C object lib/asn1c/ngap/libogsasn1c-ngap-0.a.p/NGAP_AreaScopeOfMDT-EUTRA.c.o
[552/4661] Compiling C object lib/asn1c/ngap/libogsasn1c-ngap-0.a.p/NGAP_AreaScopeOfNeighCellsItem.c.o
[553/4661] Compiling C object lib/asn1c/ngap/libogsasn1c-ngap-0.a.p/NGAP_AvailableBitrateReportThresholdList.c.o
[554/4661] Compiling C object lib/asn1c/ngap/libogsasn1c-ngap-0.a.p/NGAP_AreaScopeOfQMC.c.o
[555/4661] Compiling C object lib/asn1c/ngap/libogsasn1c-ngap-0.a.p/NGAP_AvailableBitrateReportThresholdItem.c.o
[556/4661] Compiling C object lib/asn1c/ngap/libogsasn1c-ngap-0.a.p/NGAP_AvailableRANVisibleQoEMetrics.c.o
[557/4661] Compiling C object lib/asn1c/ngap/libogsasn1c-ngap-0.a.p/NGAP_BitRate.c.o
[558/4661] Compiling C object lib/asn1c/ngap/libogsasn1c-ngap-0.a.p/NGAP_BeamMeasurementsReportConfiguration.c.o
[559/4661] Compiling C object lib/asn1c/ngap/libogsasn1c-ngap-0.a.p/NGAP_BeamMeasurementsReportQuantity.c.o
[560/4661] Compiling C object lib/asn1c/ngap/libogsasn1c-ngap-0.a.p/NGAP_BroadcastPLMNList.c.o
[561/4661] Compiling C object lib/asn1c/ngap/libogsasn1c-ngap-0.a.p/NGAP_BroadcastCancelledAreaList.c.o
[562/4661] Compiling C object lib/asn1c/ngap/libogsasn1c-ngap-0.a.p/NGAP_BroadcastPLMNItem.c.o
[563/4661] Compiling C object lib/asn1c/ngap/libogsasn1c-ngap-0.a.p/NGAP_BroadcastTransportFailureTransfer.c.o
[564/4661] Compiling C object lib/asn1c/ngap/libogsasn1c-ngap-0.a.p/NGAP_BroadcastTransportRequestTransfer.c.o
[565/4661] Compiling C object lib/asn1c/ngap/libogsasn1c-ngap-0.a.p/NGAP_BroadcastCompletedAreaList.c.o
[566/4661] Compiling C object lib/asn1c/ngap/libogsasn1c-ngap-0.a.p/NGAP_BroadcastTransportResponseTransfer.c.o
[567/4661] Compiling C object lib/asn1c/ngap/libogsasn1c-ngap-0.a.p/NGAP_BluetoothMeasConfigNameList.c.o
[568/4661] Compiling C object lib/asn1c/ngap/libogsasn1c-ngap-0.a.p/NGAP_BluetoothMeasConfig.c.o
[569/4661] Compiling C object lib/asn1c/ngap/libogsasn1c-ngap-0.a.p/NGAP_BluetoothMeasurementConfiguration.c.o
[570/4661] Compiling C object lib/asn1c/ngap/libogsasn1c-ngap-0.a.p/NGAP_BluetoothName.c.o
[571/4661] Compiling C object lib/asn1c/ngap/libogsasn1c-ngap-0.a.p/NGAP_BluetoothMeasConfigNameItem.c.o
[572/4661] Compiling C object lib/asn1c/ngap/libogsasn1c-ngap-0.a.p/NGAP_BurstArrivalTime.c.o
[573/4661] Compiling C object lib/asn1c/ngap/libogsasn1c-ngap-0.a.p/NGAP_CAG-ID.c.o
[574/4661] Compiling C object lib/asn1c/ngap/libogsasn1c-ngap-0.a.p/NGAP_CandidateRelayUEInformationList.c.o
[575/4661] Compiling C object lib/asn1c/ngap/libogsasn1c-ngap-0.a.p/NGAP_CandidateRelayUE-ID.c.o
[576/4661] Compiling C object lib/asn1c/ngap/libogsasn1c-ngap-0.a.p/NGAP_BurstArrivalTimeWindow.c.o
[577/4661] Compiling C object lib/asn1c/ngap/libogsasn1c-ngap-0.a.p/NGAP_CandidateRelayUEInformationItem.c.o
[578/4661] Compiling C object lib/asn1c/ngap/libogsasn1c-ngap-0.a.p/NGAP_CancelledCellsInEAI-EUTRA.c.o
[579/4661] Compiling C object lib/asn1c/ngap/libogsasn1c-ngap-0.a.p/NGAP_CancelAllWarningMessages.c.o
[580/4661] Compiling C object lib/asn1c/ngap/libogsasn1c-ngap-0.a.p/NGAP_CancelledCellsInEAI-EUTRA-Item.c.o
[581/4661] Compiling C object lib/asn1c/ngap/libogsasn1c-ngap-0.a.p/NGAP_CancelledCellsInEAI-NR.c.o
[582/4661] Compiling C object lib/asn1c/ngap/libogsasn1c-ngap-0.a.p/NGAP_CancelledCellsInTAI-EUTRA.c.o
[583/4661] Compiling C object lib/asn1c/ngap/libogsasn1c-ngap-0.a.p/NGAP_CancelledCellsInTAI-NR.c.o
[584/4661] Compiling C object lib/asn1c/ngap/libogsasn1c-ngap-0.a.p/NGAP_CancelledCellsInEAI-NR-Item.c.o
[585/4661] Compiling C object lib/asn1c/ngap/libogsasn1c-ngap-0.a.p/NGAP_CancelledCellsInTAI-EUTRA-Item.c.o
[586/4661] Compiling C object lib/asn1c/ngap/libogsasn1c-ngap-0.a.p/NGAP_CandidateCellList.c.o
[587/4661] Compiling C object lib/asn1c/ngap/libogsasn1c-ngap-0.a.p/NGAP_CancelledCellsInTAI-NR-Item.c.o
[588/4661] Compiling C object lib/asn1c/ngap/libogsasn1c-ngap-0.a.p/NGAP_CandidateCellItem.c.o
[589/4661] Compiling C object lib/asn1c/ngap/libogsasn1c-ngap-0.a.p/NGAP_CandidateCellID.c.o
[590/4661] Compiling C object lib/asn1c/ngap/libogsasn1c-ngap-0.a.p/NGAP_CandidateCell.c.o
[591/4661] Compiling C object lib/asn1c/ngap/libogsasn1c-ngap-0.a.p/NGAP_CauseMisc.c.o
[592/4661] Compiling C object lib/asn1c/ngap/libogsasn1c-ngap-0.a.p/NGAP_CandidatePCI.c.o
[593/4661] Compiling C object lib/asn1c/ngap/libogsasn1c-ngap-0.a.p/NGAP_CauseNas.c.o
[594/4661] Compiling C object lib/asn1c/ngap/libogsasn1c-ngap-0.a.p/NGAP_Cause.c.o
[595/4661] Compiling C object lib/asn1c/ngap/libogsasn1c-ngap-0.a.p/NGAP_CauseProtocol.c.o
[596/4661] Compiling C object lib/asn1c/ngap/libogsasn1c-ngap-0.a.p/NGAP_CauseRadioNetwork.c.o
[597/4661] Compiling C object lib/asn1c/ngap/libogsasn1c-ngap-0.a.p/NGAP_CauseTransport.c.o
[598/4661] Compiling C object lib/asn1c/ngap/libogsasn1c-ngap-0.a.p/NGAP_CellCAGList.c.o
[599/4661] Compiling C object lib/asn1c/ngap/libogsasn1c-ngap-0.a.p/NGAP_Cell-CAGInformation.c.o
[600/4661] Compiling C object lib/asn1c/ngap/libogsasn1c-ngap-0.a.p/NGAP_CellIDBroadcastEUTRA.c.o
[601/4661] Compiling C object lib/asn1c/ngap/libogsasn1c-ngap-0.a.p/NGAP_CellIDBroadcastEUTRA-Item.c.o
[602/4661] Compiling C object lib/asn1c/ngap/libogsasn1c-ngap-0.a.p/NGAP_CellIDBroadcastNR.c.o
[603/4661] Compiling C object lib/asn1c/ngap/libogsasn1c-ngap-0.a.p/NGAP_CellIDCancelledEUTRA.c.o
[604/4661] Compiling C object lib/asn1c/ngap/libogsasn1c-ngap-0.a.p/NGAP_CellIDBroadcastNR-Item.c.o
[605/4661] Compiling C object lib/asn1c/ngap/libogsasn1c-ngap-0.a.p/NGAP_CellIDCancelledNR.c.o
[606/4661] Compiling C object lib/asn1c/ngap/libogsasn1c-ngap-0.a.p/NGAP_CellIDCancelledEUTRA-Item.c.o
[607/4661] Compiling C object lib/asn1c/ngap/libogsasn1c-ngap-0.a.p/NGAP_CellIDCancelledNR-Item.c.o
[608/4661] Compiling C object lib/asn1c/ngap/libogsasn1c-ngap-0.a.p/NGAP_CellSize.c.o
[609/4661] Compiling C object lib/asn1c/ngap/libogsasn1c-ngap-0.a.p/NGAP_CEmodeBSupport-Indicator.c.o
[610/4661] Compiling C object lib/asn1c/ngap/libogsasn1c-ngap-0.a.p/NGAP_CellIDListForRestart.c.o
[611/4661] Compiling C object lib/asn1c/ngap/libogsasn1c-ngap-0.a.p/NGAP_CellType.c.o
[612/4661] Compiling C object lib/asn1c/ngap/libogsasn1c-ngap-0.a.p/NGAP_CEmodeBrestricted.c.o
[613/4661] Compiling C object lib/asn1c/ngap/libogsasn1c-ngap-0.a.p/NGAP_ClockQualityAcceptanceIndication.c.o
[614/4661] Compiling C object lib/asn1c/ngap/libogsasn1c-ngap-0.a.p/NGAP_ClockAccuracy.c.o
[615/4661] Compiling C object lib/asn1c/ngap/libogsasn1c-ngap-0.a.p/NGAP_ClockQualityAcceptanceCriteria.c.o
[616/4661] Compiling C object lib/asn1c/ngap/libogsasn1c-ngap-0.a.p/NGAP_ClockQualityReportingControlInfo.c.o
[617/4661] Compiling C object lib/asn1c/ngap/libogsasn1c-ngap-0.a.p/NGAP_CNAssistedRANTuning.c.o
[618/4661] Compiling C object lib/asn1c/ngap/libogsasn1c-ngap-0.a.p/NGAP_ClockQualityDetailLevel.c.o
[619/4661] Compiling C object lib/asn1c/ngap/libogsasn1c-ngap-0.a.p/NGAP_CNsubgroupID.c.o
[620/4661] Compiling C object lib/asn1c/ngap/libogsasn1c-ngap-0.a.p/NGAP_CNTypeRestrictionsForEquivalent.c.o
[621/4661] Compiling C object lib/asn1c/ngap/libogsasn1c-ngap-0.a.p/NGAP_CNTypeRestrictionsForServing.c.o
[622/4661] Compiling C object lib/asn1c/ngap/libogsasn1c-ngap-0.a.p/NGAP_CommandRequestTransfer.c.o
[623/4661] Compiling C object lib/asn1c/ngap/libogsasn1c-ngap-0.a.p/NGAP_CNTypeRestrictionsForEquivalentItem.c.o
[624/4661] Compiling C object lib/asn1c/ngap/libogsasn1c-ngap-0.a.p/NGAP_CommandResponseTransfer.c.o
[625/4661] Compiling C object lib/asn1c/ngap/libogsasn1c-ngap-0.a.p/NGAP_CommonNetworkInstance.c.o
[626/4661] Compiling C object lib/asn1c/ngap/libogsasn1c-ngap-0.a.p/NGAP_CompletedCellsInEAI-EUTRA.c.o
[627/4661] Compiling C object lib/asn1c/ngap/libogsasn1c-ngap-0.a.p/NGAP_CommandFailureTransfer.c.o
[628/4661] Compiling C object lib/asn1c/ngap/libogsasn1c-ngap-0.a.p/NGAP_CompletedCellsInEAI-NR.c.o
[629/4661] Compiling C object lib/asn1c/ngap/libogsasn1c-ngap-0.a.p/NGAP_CompletedCellsInEAI-EUTRA-Item.c.o
[630/4661] Compiling C object lib/asn1c/ngap/libogsasn1c-ngap-0.a.p/NGAP_CompletedCellsInTAI-EUTRA.c.o
[631/4661] Compiling C object lib/asn1c/ngap/libogsasn1c-ngap-0.a.p/NGAP_CompletedCellsInTAI-NR.c.o
[632/4661] Compiling C object lib/asn1c/ngap/libogsasn1c-ngap-0.a.p/NGAP_CompletedCellsInEAI-NR-Item.c.o
[633/4661] Compiling C object lib/asn1c/ngap/libogsasn1c-ngap-0.a.p/NGAP_CompletedCellsInTAI-EUTRA-Item.c.o
[634/4661] Compiling C object lib/asn1c/ngap/libogsasn1c-ngap-0.a.p/NGAP_CompletedCellsInTAI-NR-Item.c.o
[635/4661] Compiling C object lib/asn1c/ngap/libogsasn1c-ngap-0.a.p/NGAP_ConcurrentWarningMessageInd.c.o
[636/4661] Compiling C object lib/asn1c/ngap/libogsasn1c-ngap-0.a.p/NGAP_ConfidentialityProtectionIndication.c.o
[637/4661] Compiling C object lib/asn1c/ngap/libogsasn1c-ngap-0.a.p/NGAP_ConfidentialityProtectionResult.c.o
[638/4661] Compiling C object lib/asn1c/ngap/libogsasn1c-ngap-0.a.p/NGAP_ConfiguredTACIndication.c.o
[639/4661] Compiling C object lib/asn1c/ngap/libogsasn1c-ngap-0.a.p/NGAP_CoreNetworkAssistanceInformationForInactive.c.o
[640/4661] Compiling C object lib/asn1c/ngap/libogsasn1c-ngap-0.a.p/NGAP_CN-MT-CommunicationHandling.c.o
[641/4661] Compiling C object lib/asn1c/ngap/libogsasn1c-ngap-0.a.p/NGAP_CoverageEnhancementLevel.c.o
[642/4661] Compiling C object lib/asn1c/ngap/libogsasn1c-ngap-0.a.p/NGAP_COUNTValueForPDCP-SN12.c.o
[643/4661] Compiling C object lib/asn1c/ngap/libogsasn1c-ngap-0.a.p/NGAP_COUNTValueForPDCP-SN18.c.o
[644/4661] Compiling C object lib/asn1c/ngap/libogsasn1c-ngap-0.a.p/NGAP_CriticalityDiagnostics-IE-List.c.o
[645/4661] Compiling C object lib/asn1c/ngap/libogsasn1c-ngap-0.a.p/NGAP_CPTransportLayerInformation.c.o
[646/4661] Compiling C object lib/asn1c/ngap/libogsasn1c-ngap-0.a.p/NGAP_CriticalityDiagnostics.c.o
[647/4661] Compiling C object lib/asn1c/ngap/libogsasn1c-ngap-0.a.p/NGAP_C-RNTI.c.o
[648/4661] Compiling C object lib/asn1c/ngap/libogsasn1c-ngap-0.a.p/NGAP_CriticalityDiagnostics-IE-Item.c.o
[649/4661] Compiling C object lib/asn1c/ngap/libogsasn1c-ngap-0.a.p/NGAP_CellBasedMDT-NR.c.o
[650/4661] Compiling C object lib/asn1c/ngap/libogsasn1c-ngap-0.a.p/NGAP_CellIdListforMDT-NR.c.o
[651/4661] Compiling C object lib/asn1c/ngap/libogsasn1c-ngap-0.a.p/NGAP_CellIdListforQMC.c.o
[652/4661] Compiling C object lib/asn1c/ngap/libogsasn1c-ngap-0.a.p/NGAP_CellIdListforMDT-EUTRA.c.o
[653/4661] Compiling C object lib/asn1c/ngap/libogsasn1c-ngap-0.a.p/NGAP_CellBasedMDT-EUTRA.c.o
[654/4661] Compiling C object lib/asn1c/ngap/libogsasn1c-ngap-0.a.p/NGAP_CellBasedQMC.c.o
[655/4661] Compiling C object lib/asn1c/ngap/libogsasn1c-ngap-0.a.p/NGAP_CAGListforMDT.c.o
[656/4661] Compiling C object lib/asn1c/ngap/libogsasn1c-ngap-0.a.p/NGAP_DataCodingScheme.c.o
[657/4661] Compiling C object lib/asn1c/ngap/libogsasn1c-ngap-0.a.p/NGAP_CAGListforMDTItem.c.o
[658/4661] Compiling C object lib/asn1c/ngap/libogsasn1c-ngap-0.a.p/NGAP_DataForwardingAccepted.c.o
[659/4661] Compiling C object lib/asn1c/ngap/libogsasn1c-ngap-0.a.p/NGAP_DataForwardingNotPossible.c.o
[660/4661] Compiling C object lib/asn1c/ngap/libogsasn1c-ngap-0.a.p/NGAP_DataForwardingResponseDRBList.c.o
[661/4661] Compiling C object lib/asn1c/ngap/libogsasn1c-ngap-0.a.p/NGAP_DataForwardingResponseDRBItem.c.o
[662/4661] Compiling C object lib/asn1c/ngap/libogsasn1c-ngap-0.a.p/NGAP_DAPSResponseInfoList.c.o
[663/4661] Compiling C object lib/asn1c/ngap/libogsasn1c-ngap-0.a.p/NGAP_DataForwardingResponseERABList.c.o
[664/4661] Compiling C object lib/asn1c/ngap/libogsasn1c-ngap-0.a.p/NGAP_DAPSRequestInfo.c.o
[665/4661] Compiling C object lib/asn1c/ngap/libogsasn1c-ngap-0.a.p/NGAP_DAPSResponseInfoItem.c.o
[666/4661] Compiling C object lib/asn1c/ngap/libogsasn1c-ngap-0.a.p/NGAP_DAPSResponseInfo.c.o
[667/4661] Compiling C object lib/asn1c/ngap/libogsasn1c-ngap-0.a.p/NGAP_DelayCritical.c.o
[668/4661] Compiling C object lib/asn1c/ngap/libogsasn1c-ngap-0.a.p/NGAP_DataForwardingResponseERABListItem.c.o
[669/4661] Compiling C object lib/asn1c/ngap/libogsasn1c-ngap-0.a.p/NGAP_DL-CP-SecurityInformation.c.o
[670/4661] Compiling C object lib/asn1c/ngap/libogsasn1c-ngap-0.a.p/NGAP_DL-Signalling.c.o
[671/4661] Compiling C object lib/asn1c/ngap/libogsasn1c-ngap-0.a.p/NGAP_DL-NAS-MAC.c.o
[672/4661] Compiling C object lib/asn1c/ngap/libogsasn1c-ngap-0.a.p/NGAP_DLForwarding.c.o
[673/4661] Compiling C object lib/asn1c/ngap/libogsasn1c-ngap-0.a.p/NGAP_DL-NGU-TNLInformationReused.c.o
[674/4661] Compiling C object lib/asn1c/ngap/libogsasn1c-ngap-0.a.p/NGAP_DLPDUSetInformationMarkingSupportIndication.c.o
[675/4661] Compiling C object lib/asn1c/ngap/libogsasn1c-ngap-0.a.p/NGAP_DirectForwardingPathAvailability.c.o
[676/4661] Compiling C object lib/asn1c/ngap/libogsasn1c-ngap-0.a.p/NGAP_DRB-ID.c.o
[677/4661] Compiling C object lib/asn1c/ngap/libogsasn1c-ngap-0.a.p/NGAP_DRBsSubjectToStatusTransferList.c.o
[678/4661] Compiling C object lib/asn1c/ngap/libogsasn1c-ngap-0.a.p/NGAP_DRBsSubjectToStatusTransferItem.c.o
[679/4661] Compiling C object lib/asn1c/ngap/libogsasn1c-ngap-0.a.p/NGAP_DRBStatusUL12.c.o
[680/4661] Compiling C object lib/asn1c/ngap/libogsasn1c-ngap-0.a.p/NGAP_DRBStatusDL12.c.o
[681/4661] Compiling C object lib/asn1c/ngap/libogsasn1c-ngap-0.a.p/NGAP_DRBStatusDL18.c.o
[682/4661] Compiling C object lib/asn1c/ngap/libogsasn1c-ngap-0.a.p/NGAP_DRBStatusDL.c.o
[683/4661] Compiling C object lib/asn1c/ngap/libogsasn1c-ngap-0.a.p/NGAP_DRBStatusUL.c.o
[684/4661] Compiling C object lib/asn1c/ngap/libogsasn1c-ngap-0.a.p/NGAP_DRBStatusUL18.c.o
[685/4661] Compiling C object lib/asn1c/ngap/libogsasn1c-ngap-0.a.p/NGAP_DRBsToQosFlowsMappingList.c.o
[686/4661] Compiling C object lib/asn1c/ngap/libogsasn1c-ngap-0.a.p/NGAP_EarlyMeasurement.c.o
[687/4661] Compiling C object lib/asn1c/ngap/libogsasn1c-ngap-0.a.p/NGAP_Dynamic5QIDescriptor.c.o
[688/4661] Compiling C object lib/asn1c/ngap/libogsasn1c-ngap-0.a.p/NGAP_DRBsToQosFlowsMappingItem.c.o
[689/4661] Compiling C object lib/asn1c/ngap/libogsasn1c-ngap-0.a.p/NGAP_EarlyStatusTransfer-TransparentContainer.c.o
[690/4661] Compiling C object lib/asn1c/ngap/libogsasn1c-ngap-0.a.p/NGAP_DLDiscarding.c.o
[691/4661] Compiling C object lib/asn1c/ngap/libogsasn1c-ngap-0.a.p/NGAP_DRBsSubjectToDLDiscarding-List.c.o
[692/4661] Compiling C object lib/asn1c/ngap/libogsasn1c-ngap-0.a.p/NGAP_ProcedureStageChoice.c.o
[693/4661] Compiling C object lib/asn1c/ngap/libogsasn1c-ngap-0.a.p/NGAP_DRBsSubjectToDLDiscarding-Item.c.o
[694/4661] Compiling C object lib/asn1c/ngap/libogsasn1c-ngap-0.a.p/NGAP_DLCountChoice.c.o
[695/4661] Compiling C object lib/asn1c/ngap/libogsasn1c-ngap-0.a.p/NGAP_FirstDLCount.c.o
[696/4661] Compiling C object lib/asn1c/ngap/libogsasn1c-ngap-0.a.p/NGAP_DRBsSubjectToEarlyStatusTransfer-List.c.o
[697/4661] Compiling C object lib/asn1c/ngap/libogsasn1c-ngap-0.a.p/NGAP_DRBsSubjectToEarlyStatusTransfer-Item.c.o
[698/4661] Compiling C object lib/asn1c/ngap/libogsasn1c-ngap-0.a.p/NGAP_ECNMarkingAtRANRequest.c.o
[699/4661] Compiling C object lib/asn1c/ngap/libogsasn1c-ngap-0.a.p/NGAP_ECNMarkingAtUPFRequest.c.o
[700/4661] Compiling C object lib/asn1c/ngap/libogsasn1c-ngap-0.a.p/NGAP_CongestionInformationRequest.c.o
[701/4661] Compiling C object lib/asn1c/ngap/libogsasn1c-ngap-0.a.p/NGAP_ECNMarkingorCongestionInformationReportingRequest.c.o
[702/4661] Compiling C object lib/asn1c/ngap/libogsasn1c-ngap-0.a.p/NGAP_ECNMarkingorCongestionInformationReportingStatus.c.o
[703/4661] Compiling C object lib/asn1c/ngap/libogsasn1c-ngap-0.a.p/NGAP_ActivationStatus.c.o
[704/4661] Compiling C object lib/asn1c/ngap/libogsasn1c-ngap-0.a.p/NGAP_EmergencyAreaID.c.o
[705/4661] Compiling C object lib/asn1c/ngap/libogsasn1c-ngap-0.a.p/NGAP_ECNMarkingorCongestionInformationReportingStatus-Item.c.o
[706/4661] Compiling C object lib/asn1c/ngap/libogsasn1c-ngap-0.a.p/NGAP_EDT-Session.c.o
[707/4661] Compiling C object lib/asn1c/ngap/libogsasn1c-ngap-0.a.p/NGAP_EmergencyAreaIDBroadcastEUTRA.c.o
[708/4661] Compiling C object lib/asn1c/ngap/libogsasn1c-ngap-0.a.p/NGAP_EmergencyAreaIDBroadcastEUTRA-Item.c.o
[709/4661] Compiling C object lib/asn1c/ngap/libogsasn1c-ngap-0.a.p/NGAP_EmergencyAreaIDBroadcastNR.c.o
[710/4661] Compiling C object lib/asn1c/ngap/libogsasn1c-ngap-0.a.p/NGAP_EmergencyAreaIDCancelledEUTRA.c.o
[711/4661] Compiling C object lib/asn1c/ngap/libogsasn1c-ngap-0.a.p/NGAP_EmergencyAreaIDCancelledNR.c.o
[712/4661] Compiling C object lib/asn1c/ngap/libogsasn1c-ngap-0.a.p/NGAP_EmergencyAreaIDBroadcastNR-Item.c.o
[713/4661] Compiling C object lib/asn1c/ngap/libogsasn1c-ngap-0.a.p/NGAP_EmergencyAreaIDCancelledEUTRA-Item.c.o
[714/4661] Compiling C object lib/asn1c/ngap/libogsasn1c-ngap-1.a.p/NGAP_EmergencyAreaIDList.c.o
[715/4661] Compiling C object lib/asn1c/ngap/libogsasn1c-ngap-1.a.p/NGAP_EmergencyAreaIDListForRestart.c.o
[716/4661] Compiling C object lib/asn1c/ngap/libogsasn1c-ngap-1.a.p/NGAP_EmergencyAreaIDCancelledNR-Item.c.o
[717/4661] Compiling C object lib/asn1c/ngap/libogsasn1c-ngap-1.a.p/NGAP_EmergencyFallbackIndicator.c.o
[718/4661] Compiling C object lib/asn1c/ngap/libogsasn1c-ngap-1.a.p/NGAP_EmergencyFallbackRequestIndicator.c.o
[719/4661] Compiling C object lib/asn1c/ngap/libogsasn1c-ngap-1.a.p/NGAP_EmergencyServiceTargetCN.c.o
[720/4661] Compiling C object lib/asn1c/ngap/libogsasn1c-ngap-1.a.p/NGAP_Enhanced-CoverageRestriction.c.o
[721/4661] Compiling C object lib/asn1c/ngap/libogsasn1c-ngap-1.a.p/NGAP_Extended-ConnectedTime.c.o
[722/4661] Linking static target lib/asn1c/ngap/libogsasn1c-ngap-0.a
[723/4661] Compiling C object lib/asn1c/ngap/libogsasn1c-ngap-1.a.p/NGAP_EN-DCSONConfigurationTransfer.c.o
[724/4661] Compiling C object lib/asn1c/ngap/libogsasn1c-ngap-1.a.p/NGAP_ENB-ID.c.o
[725/4661] Compiling C object lib/asn1c/ngap/libogsasn1c-ngap-1.a.p/NGAP_EndIndication.c.o
[726/4661] Compiling C object lib/asn1c/ngap/libogsasn1c-ngap-1.a.p/NGAP_EquivalentPLMNs.c.o
[727/4661] Compiling C object lib/asn1c/ngap/libogsasn1c-ngap-1.a.p/NGAP_EndpointIPAddressAndPort.c.o
[728/4661] Compiling C object lib/asn1c/ngap/libogsasn1c-ngap-1.a.p/NGAP_EPS-TAC.c.o
[729/4661] Compiling C object lib/asn1c/ngap/libogsasn1c-ngap-1.a.p/NGAP_EPS-TAI.c.o
[730/4661] Compiling C object lib/asn1c/ngap/libogsasn1c-ngap-1.a.p/NGAP_E-RABInformationList.c.o
[731/4661] Compiling C object lib/asn1c/ngap/libogsasn1c-ngap-1.a.p/NGAP_E-RAB-ID.c.o
[732/4661] Compiling C object lib/asn1c/ngap/libogsasn1c-ngap-1.a.p/NGAP_ERedCapIndication.c.o
[733/4661] Compiling C object lib/asn1c/ngap/libogsasn1c-ngap-1.a.p/NGAP_EUTRACellIdentity.c.o
[734/4661] Compiling C object lib/asn1c/ngap/libogsasn1c-ngap-1.a.p/NGAP_E-RABInformationItem.c.o
[735/4661] Compiling C object lib/asn1c/ngap/libogsasn1c-ngap-1.a.p/NGAP_EUTRA-CGIList.c.o
[736/4661] Compiling C object lib/asn1c/ngap/libogsasn1c-ngap-1.a.p/NGAP_EUTRA-CGIListForWarning.c.o
[737/4661] Compiling C object lib/asn1c/ngap/libogsasn1c-ngap-1.a.p/NGAP_EUTRA-Paging-eDRX-Cycle.c.o
[738/4661] Compiling C object lib/asn1c/ngap/libogsasn1c-ngap-1.a.p/NGAP_EUTRA-CGI.c.o
[739/4661] Compiling C object lib/asn1c/ngap/libogsasn1c-ngap-1.a.p/NGAP_EUTRA-PagingeDRXInformation.c.o
[740/4661] Compiling C object lib/asn1c/ngap/libogsasn1c-ngap-1.a.p/NGAP_EUTRA-Paging-Time-Window.c.o
[741/4661] Compiling C object lib/asn1c/ngap/libogsasn1c-ngap-1.a.p/NGAP_EUTRAintegrityProtectionAlgorithms.c.o
[742/4661] Compiling C object lib/asn1c/ngap/libogsasn1c-ngap-1.a.p/NGAP_EUTRAencryptionAlgorithms.c.o
[743/4661] Compiling C object lib/asn1c/ngap/libogsasn1c-ngap-1.a.p/NGAP_EventType.c.o
[744/4661] Compiling C object lib/asn1c/ngap/libogsasn1c-ngap-1.a.p/NGAP_ExcessPacketDelayThresholdConfiguration.c.o
[745/4661] Compiling C object lib/asn1c/ngap/libogsasn1c-ngap-1.a.p/NGAP_ExcessPacketDelayThresholdValue.c.o
[746/4661] Compiling C object lib/asn1c/ngap/libogsasn1c-ngap-1.a.p/NGAP_ExcessPacketDelayThresholdItem.c.o
[747/4661] Compiling C object lib/asn1c/ngap/libogsasn1c-ngap-1.a.p/NGAP_ExpectedActivityPeriod.c.o
[748/4661] Compiling C object lib/asn1c/ngap/libogsasn1c-ngap-1.a.p/NGAP_ExpectedHOInterval.c.o
[749/4661] Compiling C object lib/asn1c/ngap/libogsasn1c-ngap-1.a.p/NGAP_ExpectedIdlePeriod.c.o
[750/4661] Compiling C object lib/asn1c/ngap/libogsasn1c-ngap-1.a.p/NGAP_ExpectedUEActivityBehaviour.c.o
[751/4661] Compiling C object lib/asn1c/ngap/libogsasn1c-ngap-1.a.p/NGAP_ExpectedUEMobility.c.o
[752/4661] Compiling C object lib/asn1c/ngap/libogsasn1c-ngap-1.a.p/NGAP_ExpectedUEMovingTrajectory.c.o
[753/4661] Compiling C object lib/asn1c/ngap/libogsasn1c-ngap-1.a.p/NGAP_ExpectedUEBehaviour.c.o
[754/4661] Compiling C object lib/asn1c/ngap/libogsasn1c-ngap-1.a.p/NGAP_ExpectedUEMovingTrajectoryItem.c.o
[755/4661] Compiling C object lib/asn1c/ngap/libogsasn1c-ngap-1.a.p/NGAP_Extended-AMFName.c.o
[756/4661] Compiling C object lib/asn1c/ngap/libogsasn1c-ngap-1.a.p/NGAP_ExtendedPacketDelayBudget.c.o
[757/4661] Compiling C object lib/asn1c/ngap/libogsasn1c-ngap-1.a.p/NGAP_ExtendedRNC-ID.c.o
[758/4661] Compiling C object lib/asn1c/ngap/libogsasn1c-ngap-1.a.p/NGAP_Extended-RANNodeName.c.o
[759/4661] Compiling C object lib/asn1c/ngap/libogsasn1c-ngap-1.a.p/NGAP_ExtendedSliceSupportList.c.o
[760/4661] Compiling C object lib/asn1c/ngap/libogsasn1c-ngap-1.a.p/NGAP_ExtendedUEIdentityIndexValue.c.o
[761/4661] Compiling C object lib/asn1c/ngap/libogsasn1c-ngap-1.a.p/NGAP_ExtendedRATRestrictionInformation.c.o
[762/4661] Compiling C object lib/asn1c/ngap/libogsasn1c-ngap-1.a.p/NGAP_EquivalentSNPNsList.c.o
[763/4661] Compiling C object lib/asn1c/ngap/libogsasn1c-ngap-1.a.p/NGAP_EventL1LoggedMDTConfig.c.o
[764/4661] Compiling C object lib/asn1c/ngap/libogsasn1c-ngap-1.a.p/NGAP_EventTrigger.c.o
[765/4661] Compiling C object lib/asn1c/ngap/libogsasn1c-ngap-1.a.p/NGAP_EquivalentSNPNsItem.c.o
[766/4661] Compiling C object lib/asn1c/ngap/libogsasn1c-ngap-1.a.p/NGAP_FailureIndication.c.o
[767/4661] Compiling C object lib/asn1c/ngap/libogsasn1c-ngap-1.a.p/NGAP_MeasurementThresholdL1LoggedMDT.c.o
[768/4661] Compiling C object lib/asn1c/ngap/libogsasn1c-ngap-1.a.p/NGAP_FiveGProSeDirectDiscovery.c.o
[769/4661] Compiling C object lib/asn1c/ngap/libogsasn1c-ngap-1.a.p/NGAP_FiveGProSeDirectCommunication.c.o
[770/4661] Compiling C object lib/asn1c/ngap/libogsasn1c-ngap-1.a.p/NGAP_FiveG-ProSeAuthorized.c.o
[771/4661] Compiling C object lib/asn1c/ngap/libogsasn1c-ngap-1.a.p/NGAP_FiveGProSeLayer2UEtoNetworkRelay.c.o
[772/4661] Compiling C object lib/asn1c/ngap/libogsasn1c-ngap-1.a.p/NGAP_FiveGProSeLayer3UEtoNetworkRelay.c.o
[773/4661] Compiling C object lib/asn1c/ngap/libogsasn1c-ngap-1.a.p/NGAP_FiveGCAction.c.o
[774/4661] Compiling C object lib/asn1c/ngap/libogsasn1c-ngap-1.a.p/NGAP_FiveGProSeLayer2RemoteUE.c.o
[775/4661] Compiling C object lib/asn1c/ngap/libogsasn1c-ngap-1.a.p/NGAP_FiveGProSeLayer2Multipath.c.o
[776/4661] Compiling C object lib/asn1c/ngap/libogsasn1c-ngap-1.a.p/NGAP_FiveGProSeLayer2UEtoUERelay.c.o
[777/4661] Compiling C object lib/asn1c/ngap/libogsasn1c-ngap-1.a.p/NGAP_FiveGProSeLayer2UEtoUERemote.c.o
[778/4661] Compiling C object lib/asn1c/ngap/libogsasn1c-ngap-1.a.p/NGAP_FiveGProSeLayer2MHUEtoNetworkRelay.c.o
[779/4661] Compiling C object lib/asn1c/ngap/libogsasn1c-ngap-1.a.p/NGAP_FiveGProSeLayer2MHIntermediateUEtoNetworkRelay.c.o
[780/4661] Compiling C object lib/asn1c/ngap/libogsasn1c-ngap-1.a.p/NGAP_FiveGProSeLayer2MHRemote.c.o
[781/4661] Compiling C object lib/asn1c/ngap/libogsasn1c-ngap-1.a.p/NGAP_FiveGProSeLayer3MHUEtoNetworkRelay.c.o
[782/4661] Compiling C object lib/asn1c/ngap/libogsasn1c-ngap-1.a.p/NGAP_FiveGProSePC5QoSFlowList.c.o
[783/4661] Compiling C object lib/asn1c/ngap/libogsasn1c-ngap-1.a.p/NGAP_FiveG-ProSePC5QoSParameters.c.o
[784/4661] Compiling C object lib/asn1c/ngap/libogsasn1c-ngap-1.a.p/NGAP_FiveGProSePC5QoSFlowItem.c.o
[785/4661] Compiling C object lib/asn1c/ngap/libogsasn1c-ngap-1.a.p/NGAP_FiveGProSePC5FlowBitRates.c.o
[786/4661] Compiling C object lib/asn1c/ngap/libogsasn1c-ngap-1.a.p/NGAP_FiveG-TMSI.c.o
[787/4661] Compiling C object lib/asn1c/ngap/libogsasn1c-ngap-1.a.p/NGAP_FiveQI.c.o
[788/4661] Compiling C object lib/asn1c/ngap/libogsasn1c-ngap-1.a.p/NGAP_FiveG-S-TMSI.c.o
[789/4661] Compiling C object lib/asn1c/ngap/libogsasn1c-ngap-1.a.p/NGAP_ForbiddenAreaInformation.c.o
[790/4661] Compiling C object lib/asn1c/ngap/libogsasn1c-ngap-1.a.p/NGAP_ForbiddenTACs.c.o
[791/4661] Compiling C object lib/asn1c/ngap/libogsasn1c-ngap-1.a.p/NGAP_ForbiddenAreaInformation-Item.c.o
[792/4661] Compiling C object lib/asn1c/ngap/libogsasn1c-ngap-1.a.p/NGAP_FurtherExtendedUEIdentityIndexValue.c.o
[793/4661] Compiling C object lib/asn1c/ngap/libogsasn1c-ngap-1.a.p/NGAP_FromEUTRANtoNGRAN.c.o
[794/4661] Compiling C object lib/asn1c/ngap/libogsasn1c-ngap-1.a.p/NGAP_FromNGRANtoEUTRAN.c.o
[795/4661] Compiling C object lib/asn1c/ngap/libogsasn1c-ngap-1.a.p/NGAP_GBR-QosInformation.c.o
[796/4661] Compiling C object lib/asn1c/ngap/libogsasn1c-ngap-1.a.p/NGAP_GlobalCable-ID.c.o
[797/4661] Compiling C object lib/asn1c/ngap/libogsasn1c-ngap-1.a.p/NGAP_GeographyBasedMDT.c.o
[798/4661] Compiling C object lib/asn1c/ngap/libogsasn1c-ngap-1.a.p/NGAP_GlobalCable-ID-new.c.o
[799/4661] Compiling C object lib/asn1c/ngap/libogsasn1c-ngap-1.a.p/NGAP_GlobalENB-ID.c.o
[800/4661] Compiling C object lib/asn1c/ngap/libogsasn1c-ngap-1.a.p/NGAP_GlobalGNB-ID.c.o
[801/4661] Compiling C object lib/asn1c/ngap/libogsasn1c-ngap-1.a.p/NGAP_GlobalN3IWF-ID.c.o
[802/4661] Compiling C object lib/asn1c/ngap/libogsasn1c-ngap-1.a.p/NGAP_GlobalLineIdentity.c.o
[803/4661] Compiling C object lib/asn1c/ngap/libogsasn1c-ngap-1.a.p/NGAP_GlobalLine-ID.c.o
[804/4661] Compiling C object lib/asn1c/ngap/libogsasn1c-ngap-1.a.p/NGAP_GlobalTNGF-ID.c.o
[805/4661] Compiling C object lib/asn1c/ngap/libogsasn1c-ngap-1.a.p/NGAP_GlobalNgENB-ID.c.o
[806/4661] Compiling C object lib/asn1c/ngap/libogsasn1c-ngap-1.a.p/NGAP_GlobalTWIF-ID.c.o
[807/4661] Compiling C object lib/asn1c/ngap/libogsasn1c-ngap-1.a.p/NGAP_GlobalW-AGF-ID.c.o
[808/4661] Compiling C object lib/asn1c/ngap/libogsasn1c-ngap-1.a.p/NGAP_GlobalRANNodeID.c.o
[809/4661] Compiling C object lib/asn1c/ngap/libogsasn1c-ngap-1.a.p/NGAP_GTP-TEID.c.o
[810/4661] Compiling C object lib/asn1c/ngap/libogsasn1c-ngap-1.a.p/NGAP_GNB-ID.c.o
[811/4661] Compiling C object lib/asn1c/ngap/libogsasn1c-ngap-1.a.p/NGAP_GTPTunnel.c.o
[812/4661] Compiling C object lib/asn1c/ngap/libogsasn1c-ngap-1.a.p/NGAP_GUAMIType.c.o
[813/4661] Compiling C object lib/asn1c/ngap/libogsasn1c-ngap-1.a.p/NGAP_GUAMIList.c.o
[814/4661] Compiling C object lib/asn1c/ngap/libogsasn1c-ngap-1.a.p/NGAP_GUAMI.c.o
[815/4661] Compiling C object lib/asn1c/ngap/libogsasn1c-ngap-1.a.p/NGAP_GW-Context-Release-Indication.c.o
[816/4661] Compiling C object lib/asn1c/ngap/libogsasn1c-ngap-1.a.p/NGAP_HandoverFlag.c.o
[817/4661] Compiling C object lib/asn1c/ngap/libogsasn1c-ngap-1.a.p/NGAP_GUAMIList-Item.c.o
[818/4661] Compiling C object lib/asn1c/ngap/libogsasn1c-ngap-1.a.p/NGAP_HandoverCommandTransfer.c.o
[819/4661] Compiling C object lib/asn1c/ngap/libogsasn1c-ngap-1.a.p/NGAP_HandoverPreparationUnsuccessfulTransfer.c.o
[820/4661] Compiling C object lib/asn1c/ngap/libogsasn1c-ngap-1.a.p/NGAP_HandoverRequestAcknowledgeTransfer.c.o
[821/4661] Compiling C object lib/asn1c/ngap/libogsasn1c-ngap-1.a.p/NGAP_HandoverType.c.o
[822/4661] Compiling C object lib/asn1c/ngap/libogsasn1c-ngap-1.a.p/NGAP_HandoverRequiredTransfer.c.o
[823/4661] Compiling C object lib/asn1c/ngap/libogsasn1c-ngap-1.a.p/NGAP_HashedUEIdentityIndexValue.c.o
[824/4661] Compiling C object lib/asn1c/ngap/libogsasn1c-ngap-1.a.p/NGAP_HandoverResourceAllocationUnsuccessfulTransfer.c.o
[825/4661] Compiling C object lib/asn1c/ngap/libogsasn1c-ngap-1.a.p/NGAP_HFCNode-ID.c.o
[826/4661] Compiling C object lib/asn1c/ngap/libogsasn1c-ngap-1.a.p/NGAP_HFCNode-ID-new.c.o
[827/4661] Compiling C object lib/asn1c/ngap/libogsasn1c-ngap-1.a.p/NGAP_Hysteresis.c.o
[828/4661] Compiling C object lib/asn1c/ngap/libogsasn1c-ngap-1.a.p/NGAP_IAB-Authorized.c.o
[829/4661] Compiling C object lib/asn1c/ngap/libogsasn1c-ngap-1.a.p/NGAP_HLComActivate.c.o
[830/4661] Compiling C object lib/asn1c/ngap/libogsasn1c-ngap-1.a.p/NGAP_HLComDeactivate.c.o
[831/4661] Compiling C object lib/asn1c/ngap/libogsasn1c-ngap-1.a.p/NGAP_HOReport.c.o
[832/4661] Compiling C object lib/asn1c/ngap/libogsasn1c-ngap-1.a.p/NGAP_IAB-Supported.c.o
[833/4661] Compiling C object lib/asn1c/ngap/libogsasn1c-ngap-1.a.p/NGAP_IABNodeIndication.c.o
[834/4661] Compiling C object lib/asn1c/ngap/libogsasn1c-ngap-1.a.p/NGAP_IndexToRFSP.c.o
[835/4661] Compiling C object lib/asn1c/ngap/libogsasn1c-ngap-1.a.p/NGAP_IMSVoiceSupportIndicator.c.o
[836/4661] Compiling C object lib/asn1c/ngap/libogsasn1c-ngap-1.a.p/NGAP_MobileIAB-MTUserLocationInformation.c.o
[837/4661] Compiling C object lib/asn1c/ngap/libogsasn1c-ngap-1.a.p/NGAP_Indication-of-Bitrate-Adaptation.c.o
[838/4661] Compiling C object lib/asn1c/ngap/libogsasn1c-ngap-1.a.p/NGAP_IntegrityProtectionIndication.c.o
[839/4661] Compiling C object lib/asn1c/ngap/libogsasn1c-ngap-1.a.p/NGAP_IntegrityProtectionResult.c.o
[840/4661] Compiling C object lib/asn1c/ngap/libogsasn1c-ngap-1.a.p/NGAP_IntendedNumberOfPagingAttempts.c.o
[841/4661] Compiling C object lib/asn1c/ngap/libogsasn1c-ngap-1.a.p/NGAP_InterfacesToTrace.c.o
[842/4661] Compiling C object lib/asn1c/ngap/libogsasn1c-ngap-1.a.p/NGAP_InfoOnRecommendedCellsAndRANNodesForPaging.c.o
[843/4661] Compiling C object lib/asn1c/ngap/libogsasn1c-ngap-1.a.p/NGAP_ImmediateMDTNr.c.o
[844/4661] Compiling C object lib/asn1c/ngap/libogsasn1c-ngap-1.a.p/NGAP_IntersystemSONConfigurationTransfer.c.o
[845/4661] Compiling C object lib/asn1c/ngap/libogsasn1c-ngap-1.a.p/NGAP_InterSystemFailureIndication.c.o
[846/4661] Compiling C object lib/asn1c/ngap/libogsasn1c-ngap-1.a.p/NGAP_IntersystemSONeNBID.c.o
[847/4661] Compiling C object lib/asn1c/ngap/libogsasn1c-ngap-1.a.p/NGAP_IntersystemSONNGRANnodeID.c.o
[848/4661] Compiling C object lib/asn1c/ngap/libogsasn1c-ngap-1.a.p/NGAP_IntersystemSONTransferType.c.o
[849/4661] Compiling C object lib/asn1c/ngap/libogsasn1c-ngap-1.a.p/NGAP_CellsToActivateList.c.o
[850/4661] Compiling C object lib/asn1c/ngap/libogsasn1c-ngap-1.a.p/NGAP_IntersystemCellActivationRequest.c.o
[851/4661] Compiling C object lib/asn1c/ngap/libogsasn1c-ngap-1.a.p/NGAP_IntersystemSONInformation.c.o
[852/4661] Compiling C object lib/asn1c/ngap/libogsasn1c-ngap-1.a.p/NGAP_IntersystemResourceStatusRequest.c.o
[853/4661] Compiling C object lib/asn1c/ngap/libogsasn1c-ngap-1.a.p/NGAP_IntersystemSONInformationRequest.c.o
[854/4661] Compiling C object lib/asn1c/ngap/libogsasn1c-ngap-1.a.p/NGAP_ReportingSystem.c.o
[855/4661] Compiling C object lib/asn1c/ngap/libogsasn1c-ngap-1.a.p/NGAP_EUTRAN-CellToReportList.c.o
[856/4661] Compiling C object lib/asn1c/ngap/libogsasn1c-ngap-1.a.p/NGAP_EUTRAN-ReportingSystemIEs.c.o
[857/4661] Compiling C object lib/asn1c/ngap/libogsasn1c-ngap-1.a.p/NGAP_NGRAN-ReportingSystemIEs.c.o
[858/4661] Compiling C object lib/asn1c/ngap/libogsasn1c-ngap-1.a.p/NGAP_NGRAN-CellToReportList.c.o
[859/4661] Compiling C object lib/asn1c/ngap/libogsasn1c-ngap-1.a.p/NGAP_EUTRAN-CellToReportItem.c.o
[860/4661] Compiling C object lib/asn1c/ngap/libogsasn1c-ngap-1.a.p/NGAP_ReportCharacteristics.c.o
[861/4661] Compiling C object lib/asn1c/ngap/libogsasn1c-ngap-1.a.p/NGAP_NGRAN-CellToReportItem.c.o
[862/4661] Compiling C object lib/asn1c/ngap/libogsasn1c-ngap-1.a.p/NGAP_NumberOfMeasurementReportingLevels.c.o
[863/4661] Compiling C object lib/asn1c/ngap/libogsasn1c-ngap-1.a.p/NGAP_IntersystemResourceThreshold.c.o
[864/4661] Compiling C object lib/asn1c/ngap/libogsasn1c-ngap-1.a.p/NGAP_EventBasedReportingIEs.c.o
[865/4661] Compiling C object lib/asn1c/ngap/libogsasn1c-ngap-1.a.p/NGAP_ReportType.c.o
[866/4661] Compiling C object lib/asn1c/ngap/libogsasn1c-ngap-1.a.p/NGAP_ReportingPeriodicity.c.o
[867/4661] Compiling C object lib/asn1c/ngap/libogsasn1c-ngap-1.a.p/NGAP_PeriodicReportingIEs.c.o
[868/4661] Compiling C object lib/asn1c/ngap/libogsasn1c-ngap-1.a.p/NGAP_ActivatedCellList.c.o
[869/4661] Compiling C object lib/asn1c/ngap/libogsasn1c-ngap-1.a.p/NGAP_IntersystemCellActivationReply.c.o
[870/4661] Compiling C object lib/asn1c/ngap/libogsasn1c-ngap-1.a.p/NGAP_IntersystemSONInformationReply.c.o
[871/4661] Compiling C object lib/asn1c/ngap/libogsasn1c-ngap-1.a.p/NGAP_NotificationCellList.c.o
[872/4661] Compiling C object lib/asn1c/ngap/libogsasn1c-ngap-1.a.p/NGAP_IntersystemResourceStatusReply.c.o
[873/4661] Compiling C object lib/asn1c/ngap/libogsasn1c-ngap-1.a.p/NGAP_IntersystemCellStateIndication.c.o
[874/4661] Compiling C object lib/asn1c/ngap/libogsasn1c-ngap-1.a.p/NGAP_IntersystemSONInformationReport.c.o
[875/4661] Compiling C object lib/asn1c/ngap/libogsasn1c-ngap-1.a.p/NGAP_NotificationCell-Item.c.o
[876/4661] Compiling C object lib/asn1c/ngap/libogsasn1c-ngap-1.a.p/NGAP_IntersystemResourceStatusReport.c.o
[877/4661] Compiling C object lib/asn1c/ngap/libogsasn1c-ngap-1.a.p/NGAP_EUTRAN-CellReportList.c.o
[878/4661] Compiling C object lib/asn1c/ngap/libogsasn1c-ngap-1.a.p/NGAP_EUTRAN-ReportingStatusIEs.c.o
[879/4661] Compiling C object lib/asn1c/ngap/libogsasn1c-ngap-1.a.p/NGAP_ResourceStatusReportingSystem.c.o
[880/4661] Compiling C object lib/asn1c/ngap/libogsasn1c-ngap-1.a.p/NGAP_EUTRAN-CellReportItem.c.o
[881/4661] Compiling C object lib/asn1c/ngap/libogsasn1c-ngap-1.a.p/NGAP_EUTRAN-CompositeAvailableCapacityGroup.c.o
[882/4661] Compiling C object lib/asn1c/ngap/libogsasn1c-ngap-1.a.p/NGAP_EUTRAN-NumberOfActiveUEs.c.o
[883/4661] Compiling C object lib/asn1c/ngap/libogsasn1c-ngap-1.a.p/NGAP_CompositeAvailableCapacity.c.o
[884/4661] Compiling C object lib/asn1c/ngap/libogsasn1c-ngap-1.a.p/NGAP_EUTRAN-RadioResourceStatus.c.o
[885/4661] Compiling C object lib/asn1c/ngap/libogsasn1c-ngap-1.a.p/NGAP_NGRAN-ReportingStatusIEs.c.o
[886/4661] Compiling C object lib/asn1c/ngap/libogsasn1c-ngap-1.a.p/NGAP_NGRAN-CellReportList.c.o
[887/4661] Compiling C object lib/asn1c/ngap/libogsasn1c-ngap-1.a.p/NGAP_NGRAN-NumberOfActiveUEs.c.o
[888/4661] Compiling C object lib/asn1c/ngap/libogsasn1c-ngap-1.a.p/NGAP_NGRAN-CellReportItem.c.o
[889/4661] Compiling C object lib/asn1c/ngap/libogsasn1c-ngap-1.a.p/NGAP_NGRAN-NoofRRCConnections.c.o
[890/4661] Compiling C object lib/asn1c/ngap/libogsasn1c-ngap-1.a.p/NGAP_InterSystemHOReport.c.o
[891/4661] Compiling C object lib/asn1c/ngap/libogsasn1c-ngap-1.a.p/NGAP_NGRAN-RadioResourceStatus.c.o
[892/4661] Compiling C object lib/asn1c/ngap/libogsasn1c-ngap-1.a.p/NGAP_IntersystemMobilityFailureforVoiceFallback.c.o
[893/4661] Compiling C object lib/asn1c/ngap/libogsasn1c-ngap-1.a.p/NGAP_InventoryRequestTransfer.c.o
[894/4661] Compiling C object lib/asn1c/ngap/libogsasn1c-ngap-1.a.p/NGAP_InterSystemHandoverReportType.c.o
[895/4661] Compiling C object lib/asn1c/ngap/libogsasn1c-ngap-1.a.p/NGAP_IntersystemUnnecessaryHO.c.o
[896/4661] Compiling C object lib/asn1c/ngap/libogsasn1c-ngap-1.a.p/NGAP_LAC.c.o
[897/4661] Compiling C object lib/asn1c/ngap/libogsasn1c-ngap-1.a.p/NGAP_InventoryResponseTransfer.c.o
[898/4661] Compiling C object lib/asn1c/ngap/libogsasn1c-ngap-1.a.p/NGAP_InventoryReportTransfer.c.o
[899/4661] Compiling C object lib/asn1c/ngap/libogsasn1c-ngap-1.a.p/NGAP_InventoryFailureTransfer.c.o
[900/4661] Compiling C object lib/asn1c/ngap/libogsasn1c-ngap-1.a.p/NGAP_LAI.c.o
[901/4661] Compiling C object lib/asn1c/ngap/libogsasn1c-ngap-1.a.p/NGAP_LastVisitedCellInformation.c.o
[902/4661] Compiling C object lib/asn1c/ngap/libogsasn1c-ngap-1.a.p/NGAP_LastVisitedEUTRANCellInformation.c.o
[903/4661] Compiling C object lib/asn1c/ngap/libogsasn1c-ngap-1.a.p/NGAP_LastVisitedGERANCellInformation.c.o
[904/4661] Compiling C object lib/asn1c/ngap/libogsasn1c-ngap-1.a.p/NGAP_LastVisitedCellItem.c.o
[905/4661] Compiling C object lib/asn1c/ngap/libogsasn1c-ngap-1.a.p/NGAP_LastVisitedPSCellList.c.o
[906/4661] Compiling C object lib/asn1c/ngap/libogsasn1c-ngap-1.a.p/NGAP_LastVisitedNGRANCellInformation.c.o
[907/4661] Compiling C object lib/asn1c/ngap/libogsasn1c-ngap-1.a.p/NGAP_LastVisitedUTRANCellInformation.c.o
[908/4661] Compiling C object lib/asn1c/ngap/libogsasn1c-ngap-1.a.p/NGAP_LineType.c.o
[909/4661] Compiling C object lib/asn1c/ngap/libogsasn1c-ngap-1.a.p/NGAP_LocationReportingAdditionalInfo.c.o
[910/4661] Compiling C object lib/asn1c/ngap/libogsasn1c-ngap-1.a.p/NGAP_LastVisitedPSCellInformation.c.o
[911/4661] Compiling C object lib/asn1c/ngap/libogsasn1c-ngap-1.a.p/NGAP_LocationReportingReferenceID.c.o
[912/4661] Compiling C object lib/asn1c/ngap/libogsasn1c-ngap-1.a.p/NGAP_LocationReportingRequestType.c.o
[913/4661] Compiling C object lib/asn1c/ngap/libogsasn1c-ngap-1.a.p/NGAP_Aerial-UE-FlightInformationReportingControlList.c.o
[914/4661] Compiling C object lib/asn1c/ngap/libogsasn1c-ngap-1.a.p/NGAP_Aerial-UE-FlightInformationReportingControl.c.o
[915/4661] Compiling C object lib/asn1c/ngap/libogsasn1c-ngap-1.a.p/NGAP_Aerial-UE-FlightInformationReportingControlItem.c.o
[916/4661] Compiling C object lib/asn1c/ngap/libogsasn1c-ngap-1.a.p/NGAP_LoggingInterval.c.o
[917/4661] Compiling C object lib/asn1c/ngap/libogsasn1c-ngap-1.a.p/NGAP_LoggedMDTNr.c.o
[918/4661] Compiling C object lib/asn1c/ngap/libogsasn1c-ngap-1.a.p/NGAP_LoggingDuration.c.o
[919/4661] Compiling C object lib/asn1c/ngap/libogsasn1c-ngap-1.a.p/NGAP_Area-ID.c.o
[920/4661] Compiling C object lib/asn1c/ngap/libogsasn1c-ngap-1.a.p/NGAP_Links-to-log.c.o
[921/4661] Compiling C object lib/asn1c/ngap/libogsasn1c-ngap-1.a.p/NGAP_LPWUSCNsubgroupID.c.o
[922/4661] Compiling C object lib/asn1c/ngap/libogsasn1c-ngap-1.a.p/NGAP_LPWUSDisableIndication.c.o
[923/4661] Compiling C object lib/asn1c/ngap/libogsasn1c-ngap-1.a.p/NGAP_LTEM-Indication.c.o
[924/4661] Compiling C object lib/asn1c/ngap/libogsasn1c-ngap-1.a.p/NGAP_LTEUERLFReportContainer.c.o
[925/4661] Compiling C object lib/asn1c/ngap/libogsasn1c-ngap-1.a.p/NGAP_LPWUSPSAssistanceInformation.c.o
[926/4661] Compiling C object lib/asn1c/ngap/libogsasn1c-ngap-1.a.p/NGAP_LoggedMDTTrigger.c.o
[927/4661] Compiling C object lib/asn1c/ngap/libogsasn1c-ngap-1.a.p/NGAP_MaskedIMEISV.c.o
[928/4661] Compiling C object lib/asn1c/ngap/libogsasn1c-ngap-1.a.p/NGAP_LTEUESidelinkAggregateMaximumBitrate.c.o
[929/4661] Compiling C object lib/asn1c/ngap/libogsasn1c-ngap-1.a.p/NGAP_LTEV2XServicesAuthorized.c.o
[930/4661] Compiling C object lib/asn1c/ngap/libogsasn1c-ngap-1.a.p/NGAP_MaximumDataBurstVolume.c.o
[931/4661] Compiling C object lib/asn1c/ngap/libogsasn1c-ngap-1.a.p/NGAP_MessageIdentifier.c.o
[932/4661] Compiling C object lib/asn1c/ngap/libogsasn1c-ngap-1.a.p/NGAP_LTE-A2X-ServicesAuthorized.c.o
[933/4661] Compiling C object lib/asn1c/ngap/libogsasn1c-ngap-1.a.p/NGAP_MBSCommServiceType.c.o
[934/4661] Compiling C object lib/asn1c/ngap/libogsasn1c-ngap-1.a.p/NGAP_MaximumIntegrityProtectedDataRate.c.o
[935/4661] Compiling C object lib/asn1c/ngap/libogsasn1c-ngap-1.a.p/NGAP_MBS-AreaSessionID.c.o
[936/4661] Compiling C object lib/asn1c/ngap/libogsasn1c-ngap-1.a.p/NGAP_MBS-DataForwardingResponseMRBList.c.o
[937/4661] Compiling C object lib/asn1c/ngap/libogsasn1c-ngap-1.a.p/NGAP_MBS-MappingandDataForwardingRequestList.c.o
[938/4661] Compiling C object lib/asn1c/ngap/libogsasn1c-ngap-1.a.p/NGAP_MBS-DataForwardingResponseMRBItem.c.o
[939/4661] Compiling C object lib/asn1c/ngap/libogsasn1c-ngap-1.a.p/NGAP_MBS-QoSFlowList.c.o
[940/4661] Compiling C object lib/asn1c/ngap/libogsasn1c-ngap-1.a.p/NGAP_MBS-QoSFlowsToBeSetupList.c.o
[941/4661] Compiling C object lib/asn1c/ngap/libogsasn1c-ngap-1.a.p/NGAP_MBS-MappingandDataForwardingRequestItem.c.o
[942/4661] Compiling C object lib/asn1c/ngap/libogsasn1c-ngap-1.a.p/NGAP_MRB-ProgressInformation.c.o
[943/4661] Compiling C object lib/asn1c/ngap/libogsasn1c-ngap-1.a.p/NGAP_MBS-QoSFlowsToBeSetupItem.c.o
[944/4661] Compiling C object lib/asn1c/ngap/libogsasn1c-ngap-1.a.p/NGAP_MBS-ServiceAreaInformationList.c.o
[945/4661] Compiling C object lib/asn1c/ngap/libogsasn1c-ngap-1.a.p/NGAP_MBS-ServiceAreaInformationItem.c.o
[946/4661] Compiling C object lib/asn1c/ngap/libogsasn1c-ngap-1.a.p/NGAP_MBS-ServiceArea.c.o
[947/4661] Compiling C object lib/asn1c/ngap/libogsasn1c-ngap-1.a.p/NGAP_MBS-ServiceAreaInformation.c.o
[948/4661] Compiling C object lib/asn1c/ngap/libogsasn1c-ngap-1.a.p/NGAP_MBS-ServiceAreaCellList.c.o
[949/4661] Compiling C object lib/asn1c/ngap/libogsasn1c-ngap-1.a.p/NGAP_MBS-ServiceAreaTAIList.c.o
[950/4661] Compiling C object lib/asn1c/ngap/libogsasn1c-ngap-1.a.p/NGAP_MBS-IntendedServiceAreaList.c.o
[951/4661] Compiling C object lib/asn1c/ngap/libogsasn1c-ngap-1.a.p/NGAP_IntendedServiceAreaCoordinates.c.o
[952/4661] Compiling C object lib/asn1c/ngap/libogsasn1c-ngap-1.a.p/NGAP_MBS-SessionID.c.o
[953/4661] Compiling C object lib/asn1c/ngap/libogsasn1c-ngap-1.a.p/NGAP_MBSSessionFailedtoSetupList.c.o
[954/4661] Compiling C object lib/asn1c/ngap/libogsasn1c-ngap-1.a.p/NGAP_MBS-ActiveSessionInformation-SourcetoTargetList.c.o
[955/4661] Compiling C object lib/asn1c/ngap/libogsasn1c-ngap-1.a.p/NGAP_MBSSessionFailedtoSetupItem.c.o
[956/4661] Compiling C object lib/asn1c/ngap/libogsasn1c-ngap-1.a.p/NGAP_MBS-ActiveSessionInformation-TargettoSourceList.c.o
[957/4661] Compiling C object lib/asn1c/ngap/libogsasn1c-ngap-1.a.p/NGAP_MBS-ActiveSessionInformation-SourcetoTargetItem.c.o
[958/4661] Compiling C object lib/asn1c/ngap/libogsasn1c-ngap-1.a.p/NGAP_MBS-AssistanceInformation.c.o
[959/4661] Compiling C object lib/asn1c/ngap/libogsasn1c-ngap-1.a.p/NGAP_MBS-ActiveSessionInformation-TargettoSourceItem.c.o
[960/4661] Compiling C object lib/asn1c/ngap/libogsasn1c-ngap-1.a.p/NGAP_MBSSessionSetupResponseList.c.o
[961/4661] Compiling C object lib/asn1c/ngap/libogsasn1c-ngap-1.a.p/NGAP_MBSSessionSetupOrModFailureTransfer.c.o
[962/4661] Compiling C object lib/asn1c/ngap/libogsasn1c-ngap-1.a.p/NGAP_MBSSessionSetupResponseItem.c.o
[963/4661] Compiling C object lib/asn1c/ngap/libogsasn1c-ngap-1.a.p/NGAP_MBSSessionSetupOrModRequestTransfer.c.o
[964/4661] Compiling C object lib/asn1c/ngap/libogsasn1c-ngap-1.a.p/NGAP_SupportedUETypeList.c.o
[965/4661] Compiling C object lib/asn1c/ngap/libogsasn1c-ngap-1.a.p/NGAP_SupportedUEType.c.o
[966/4661] Compiling C object lib/asn1c/ngap/libogsasn1c-ngap-1.a.p/NGAP_MBS-SessionFSAIDList.c.o
[967/4661] Compiling C object lib/asn1c/ngap/libogsasn1c-ngap-1.a.p/NGAP_MBS-SessionFSAID.c.o
[968/4661] Compiling C object lib/asn1c/ngap/libogsasn1c-ngap-1.a.p/NGAP_MBS-SupportIndicator.c.o
[969/4661] Compiling C object lib/asn1c/ngap/libogsasn1c-ngap-1.a.p/NGAP_MBSSessionSetupOrModResponseTransfer.c.o
[970/4661] Compiling C object lib/asn1c/ngap/libogsasn1c-ngap-1.a.p/NGAP_MBSSessionReleaseResponseTransfer.c.o
[971/4661] Compiling C object lib/asn1c/ngap/libogsasn1c-ngap-1.a.p/NGAP_MBS-SessionTNLInfo5GCList.c.o
[972/4661] Compiling C object lib/asn1c/ngap/libogsasn1c-ngap-1.a.p/NGAP_MBS-SessionTNLInfo5GC.c.o
[973/4661] Compiling C object lib/asn1c/ngap/libogsasn1c-ngap-1.a.p/NGAP_MBS-SessionTNLInfo5GCItem.c.o
[974/4661] Compiling C object lib/asn1c/ngap/libogsasn1c-ngap-1.a.p/NGAP_MBS-SessionTNLInfoNGRANList.c.o
[975/4661] Compiling C object lib/asn1c/ngap/libogsasn1c-ngap-1.a.p/NGAP_MBS-SessionTNLInfoNGRANItem.c.o
[976/4661] Compiling C object lib/asn1c/ngap/libogsasn1c-ngap-1.a.p/NGAP_MBS-SessionTNLInfoNGRAN.c.o
[977/4661] Compiling C object lib/asn1c/ngap/libogsasn1c-ngap-1.a.p/NGAP_MBS-DistributionReleaseRequestTransfer.c.o
[978/4661] Compiling C object lib/asn1c/ngap/libogsasn1c-ngap-1.a.p/NGAP_MBS-DistributionSetupRequestTransfer.c.o
[979/4661] Compiling C object lib/asn1c/ngap/libogsasn1c-ngap-1.a.p/NGAP_MBS-DistributionSetupResponseTransfer.c.o
[980/4661] Compiling C object lib/asn1c/ngap/libogsasn1c-ngap-1.a.p/NGAP_MBS-DistributionSetupUnsuccessfulTransfer.c.o
[981/4661] Compiling C object lib/asn1c/ngap/libogsasn1c-ngap-1.a.p/NGAP_MBS-UP-FailureIndicationList.c.o
[982/4661] Compiling C object lib/asn1c/ngap/libogsasn1c-ngap-1.a.p/NGAP_MBS-UP-FailureIndication.c.o
[983/4661] Compiling C object lib/asn1c/ngap/libogsasn1c-ngap-1.a.p/NGAP_MBSSessionSetupRequestList.c.o
[984/4661] Compiling C object lib/asn1c/ngap/libogsasn1c-ngap-1.a.p/NGAP_MBS-NGUFailureIndication.c.o
[985/4661] Compiling C object lib/asn1c/ngap/libogsasn1c-ngap-1.a.p/NGAP_MBS-UP-FailureIndicationItem.c.o
[986/4661] Compiling C object lib/asn1c/ngap/libogsasn1c-ngap-1.a.p/NGAP_MBSSessionSetuporModifyRequestList.c.o
[987/4661] Compiling C object lib/asn1c/ngap/libogsasn1c-ngap-1.a.p/NGAP_MBSSessionSetupRequestItem.c.o
[988/4661] Compiling C object lib/asn1c/ngap/libogsasn1c-ngap-1.a.p/NGAP_MBSSessionToReleaseList.c.o
[989/4661] Compiling C object lib/asn1c/ngap/libogsasn1c-ngap-1.a.p/NGAP_MBSSessionStatus.c.o
[990/4661] Compiling C object lib/asn1c/ngap/libogsasn1c-ngap-1.a.p/NGAP_MBSSessionSetuporModifyRequestItem.c.o
[991/4661] Compiling C object lib/asn1c/ngap/libogsasn1c-ngap-1.a.p/NGAP_MBSSessionToReleaseItem.c.o
[992/4661] Compiling C object lib/asn1c/ngap/libogsasn1c-ngap-1.a.p/NGAP_MICOModeIndication.c.o
[993/4661] Compiling C object lib/asn1c/ngap/libogsasn1c-ngap-1.a.p/NGAP_MicoAllPLMN.c.o
[994/4661] Compiling C object lib/asn1c/ngap/libogsasn1c-ngap-1.a.p/NGAP_MobilityInformation.c.o
[995/4661] Compiling C object lib/asn1c/ngap/libogsasn1c-ngap-1.a.p/NGAP_ExtendedMobilityInformation.c.o
[996/4661] Compiling C object lib/asn1c/ngap/libogsasn1c-ngap-1.a.p/NGAP_MDTPLMNModificationList.c.o
[997/4661] Compiling C object lib/asn1c/ngap/libogsasn1c-ngap-1.a.p/NGAP_MDTPLMNList.c.o
[998/4661] Compiling C object lib/asn1c/ngap/libogsasn1c-ngap-1.a.p/NGAP_MobilityRestrictionList.c.o
[999/4661] Compiling C object lib/asn1c/ngap/libogsasn1c-ngap-1.a.p/NGAP_MN-only-MDT-collection.c.o
[1000/4661] Compiling C object lib/asn1c/ngap/libogsasn1c-ngap-1.a.p/NGAP_MDT-AlignmentInfo.c.o
[1001/4661] Compiling C object lib/asn1c/ngap/libogsasn1c-ngap-1.a.p/NGAP_MDT-Configuration.c.o
[1002/4661] Compiling C object lib/asn1c/ngap/libogsasn1c-ngap-1.a.p/NGAP_MDT-Activation.c.o
[1003/4661] Compiling C object lib/asn1c/ngap/libogsasn1c-ngap-1.a.p/NGAP_MDT-Configuration-NR.c.o
[1004/4661] Compiling C object lib/asn1c/ngap/libogsasn1c-ngap-1.a.p/NGAP_MDT-Configuration-EUTRA.c.o
[1005/4661] Compiling C object lib/asn1c/ngap/libogsasn1c-ngap-1.a.p/NGAP_MDTModeEutra.c.o
[1006/4661] Compiling C object lib/asn1c/ngap/libogsasn1c-ngap-1.a.p/NGAP_MeasurementsToActivate.c.o
[1007/4661] Compiling C object lib/asn1c/ngap/libogsasn1c-ngap-1.a.p/NGAP_MobileIAB-Authorized.c.o
[1008/4661] Compiling C object lib/asn1c/ngap/libogsasn1c-ngap-1.a.p/NGAP_MobileIABNodeIndication.c.o
[1009/4661] Compiling C object lib/asn1c/ngap/libogsasn1c-ngap-1.a.p/NGAP_MDTModeNr.c.o
[1010/4661] Compiling C object lib/asn1c/ngap/libogsasn1c-ngap-1.a.p/NGAP_MobileIAB-Supported.c.o
[1011/4661] Compiling C object lib/asn1c/ngap/libogsasn1c-ngap-1.a.p/NGAP_MonitoringRequest.c.o
[1012/4661] Compiling C object lib/asn1c/ngap/libogsasn1c-ngap-1.a.p/NGAP_MonitoringRequestonAvailableBitrate.c.o
[1013/4661] Compiling C object lib/asn1c/ngap/libogsasn1c-ngap-1.a.p/NGAP_MRB-ID.c.o
[1014/4661] Compiling C object lib/asn1c/ngap/libogsasn1c-ngap-1.a.p/NGAP_MulticastSessionUpdateRequestTransfer.c.o
[1015/4661] Compiling C object lib/asn1c/ngap/libogsasn1c-ngap-1.a.p/NGAP_MulticastSessionActivationRequestTransfer.c.o
[1016/4661] Compiling C object lib/asn1c/ngap/libogsasn1c-ngap-1.a.p/NGAP_MulticastGroupPagingAreaList.c.o
[1017/4661] Compiling C object lib/asn1c/ngap/libogsasn1c-ngap-1.a.p/NGAP_MulticastSessionDeactivationRequestTransfer.c.o
[1018/4661] Compiling C object lib/asn1c/ngap/libogsasn1c-ngap-1.a.p/NGAP_MBS-AreaTAIList.c.o
[1019/4661] Compiling C object lib/asn1c/ngap/libogsasn1c-ngap-1.a.p/NGAP_MulticastGroupPagingAreaItem.c.o
[1020/4661] Compiling C object lib/asn1c/ngap/libogsasn1c-ngap-1.a.p/NGAP_UE-PagingList.c.o
[1021/4661] Compiling C object lib/asn1c/ngap/libogsasn1c-ngap-1.a.p/NGAP_MulticastGroupPagingArea.c.o
[1022/4661] Compiling C object lib/asn1c/ngap/libogsasn1c-ngap-1.a.p/NGAP_UE-PagingItem.c.o
[1023/4661] Compiling C object lib/asn1c/ngap/libogsasn1c-ngap-1.a.p/NGAP_M1Configuration.c.o
[1024/4661] Compiling C object lib/asn1c/ngap/libogsasn1c-ngap-1.a.p/NGAP_IncludeBeamMeasurementsIndication.c.o
[1025/4661] Compiling C object lib/asn1c/ngap/libogsasn1c-ngap-1.a.p/NGAP_MaxNrofRS-IndexesToReport.c.o
[1026/4661] Compiling C object lib/asn1c/ngap/libogsasn1c-ngap-1.a.p/NGAP_M1ReportingTrigger.c.o
[1027/4661] Compiling C object lib/asn1c/ngap/libogsasn1c-ngap-1.a.p/NGAP_M1ThresholdEventA2.c.o
[1028/4661] Compiling C object lib/asn1c/ngap/libogsasn1c-ngap-1.a.p/NGAP_M1PeriodicReporting.c.o
[1029/4661] Compiling C object lib/asn1c/ngap/libogsasn1c-ngap-1.a.p/NGAP_M4ReportAmountMDT.c.o
[1030/4661] Compiling C object lib/asn1c/ngap/libogsasn1c-ngap-1.a.p/NGAP_M4period.c.o
[1031/4661] Compiling C object lib/asn1c/ngap/libogsasn1c-ngap-1.a.p/NGAP_M4Configuration.c.o
[1032/4661] Compiling C object lib/asn1c/ngap/libogsasn1c-ngap-1.a.p/NGAP_M1ThresholdType.c.o
[1033/4661] Compiling C object lib/asn1c/ngap/libogsasn1c-ngap-1.a.p/NGAP_M5ReportAmountMDT.c.o
[1034/4661] Compiling C object lib/asn1c/ngap/libogsasn1c-ngap-1.a.p/NGAP_M5period.c.o
[1035/4661] Compiling C object lib/asn1c/ngap/libogsasn1c-ngap-1.a.p/NGAP_M5Configuration.c.o
[1036/4661] Compiling C object lib/asn1c/ngap/libogsasn1c-ngap-1.a.p/NGAP_M6ReportAmountMDT.c.o
[1037/4661] Compiling C object lib/asn1c/ngap/libogsasn1c-ngap-1.a.p/NGAP_M6report-Interval.c.o
[1038/4661] Compiling C object lib/asn1c/ngap/libogsasn1c-ngap-1.a.p/NGAP_M6Configuration.c.o
[1039/4661] Compiling C object lib/asn1c/ngap/libogsasn1c-ngap-1.a.p/NGAP_M7ReportAmountMDT.c.o
[1040/4661] Compiling C object lib/asn1c/ngap/libogsasn1c-ngap-1.a.p/NGAP_M7period.c.o
[1041/4661] Compiling C object lib/asn1c/ngap/libogsasn1c-ngap-1.a.p/NGAP_M7Configuration.c.o
[1042/4661] Compiling C object lib/asn1c/ngap/libogsasn1c-ngap-1.a.p/NGAP_MDT-Location-Information.c.o
[1043/4661] Compiling C object lib/asn1c/ngap/libogsasn1c-ngap-1.a.p/NGAP_MDT-circle.c.o
[1044/4661] Compiling C object lib/asn1c/ngap/libogsasn1c-ngap-1.a.p/NGAP_MDT-Location-Info.c.o
[1045/4661] Compiling C object lib/asn1c/ngap/libogsasn1c-ngap-1.a.p/NGAP_MDT-polygon.c.o
[1046/4661] Compiling C object lib/asn1c/ngap/libogsasn1c-ngap-1.a.p/NGAP_MMSID.c.o
[1047/4661] Compiling C object lib/asn1c/ngap/libogsasn1c-ngap-1.a.p/NGAP_NAS-PDU.c.o
[1048/4661] Compiling C object lib/asn1c/ngap/libogsasn1c-ngap-1.a.p/NGAP_NASSecurityParametersFromNGRAN.c.o
[1049/4661] Compiling C object lib/asn1c/ngap/libogsasn1c-ngap-1.a.p/NGAP_NB-IoT-DefaultPagingDRX.c.o
[1050/4661] Compiling C object lib/asn1c/ngap/libogsasn1c-ngap-1.a.p/NGAP_N6JitterInformation.c.o
[1051/4661] Compiling C object lib/asn1c/ngap/libogsasn1c-ngap-1.a.p/NGAP_N3IWF-ID.c.o
[1052/4661] Compiling C object lib/asn1c/ngap/libogsasn1c-ngap-1.a.p/NGAP_NB-IoT-PagingDRX.c.o
[1053/4661] Compiling C object lib/asn1c/ngap/libogsasn1c-ngap-1.a.p/NGAP_NB-IoT-Paging-eDRXCycle.c.o
[1054/4661] Compiling C object lib/asn1c/ngap/libogsasn1c-ngap-1.a.p/NGAP_NB-IoT-Paging-TimeWindow.c.o
[1055/4661] Compiling C object lib/asn1c/ngap/libogsasn1c-ngap-1.a.p/NGAP_NB-IoT-UEPriority.c.o
[1056/4661] Compiling C object lib/asn1c/ngap/libogsasn1c-ngap-1.a.p/NGAP_NetworkControlledRepeaterAuthorized.c.o
[1057/4661] Compiling C object lib/asn1c/ngap/libogsasn1c-ngap-1.a.p/NGAP_NetworkInstance.c.o
[1058/4661] Compiling C object lib/asn1c/ngap/libogsasn1c-ngap-1.a.p/NGAP_NB-IoT-Paging-eDRXInfo.c.o
[1059/4661] Compiling C object lib/asn1c/ngap/libogsasn1c-ngap-1.a.p/NGAP_NetworkSliceListforMDT.c.o
[1060/4661] Compiling C object lib/asn1c/ngap/libogsasn1c-ngap-1.a.p/NGAP_SliceMDTList.c.o
[1061/4661] Compiling C object lib/asn1c/ngap/libogsasn1c-ngap-1.a.p/NGAP_NetworkSliceItemforMDT.c.o
[1062/4661] Compiling C object lib/asn1c/ngap/libogsasn1c-ngap-1.a.p/NGAP_NewSecurityContextInd.c.o
[1063/4661] Compiling C object lib/asn1c/ngap/libogsasn1c-ngap-1.a.p/NGAP_NetworkSliceAreaScopeofMDT.c.o
[1064/4661] Compiling C object lib/asn1c/ngap/libogsasn1c-ngap-1.a.p/NGAP_SliceMDTItem.c.o
[1065/4661] Compiling C object lib/asn1c/ngap/libogsasn1c-ngap-1.a.p/NGAP_NextHopChainingCount.c.o
[1066/4661] Compiling C object lib/asn1c/ngap/libogsasn1c-ngap-1.a.p/NGAP_NextPagingAreaScope.c.o
[1067/4661] Compiling C object lib/asn1c/ngap/libogsasn1c-ngap-1.a.p/NGAP_NGAPIESupportInformationRequestList.c.o
[1068/4661] Compiling C object lib/asn1c/ngap/libogsasn1c-ngap-1.a.p/NGAP_NGAPIESupportInformationResponseList.c.o
[1069/4661] Compiling C object lib/asn1c/ngap/libogsasn1c-ngap-1.a.p/NGAP_NGAPIESupportInformationRequestItem.c.o
[1070/4661] Compiling C object lib/asn1c/ngap/libogsasn1c-ngap-1.a.p/NGAP_NotifySourceNGRANNode.c.o
[1071/4661] Compiling C object lib/asn1c/ngap/libogsasn1c-ngap-1.a.p/NGAP_NGAPIESupportInformationResponseItem.c.o
[1072/4661] Compiling C object lib/asn1c/ngap/libogsasn1c-ngap-1.a.p/NGAP_NGRAN-TNLAssociationToRemoveList.c.o
[1073/4661] Compiling C object lib/asn1c/ngap/libogsasn1c-ngap-1.a.p/NGAP_NgENB-ID.c.o
[1074/4661] Compiling C object lib/asn1c/ngap/libogsasn1c-ngap-1.a.p/NGAP_NGRAN-CGI.c.o
[1075/4661] Compiling C object lib/asn1c/ngap/libogsasn1c-ngap-1.a.p/NGAP_NGRANTraceID.c.o
[1076/4661] Compiling C object lib/asn1c/ngap/libogsasn1c-ngap-1.a.p/NGAP_NID.c.o
[1077/4661] Compiling C object lib/asn1c/ngap/libogsasn1c-ngap-1.a.p/NGAP_NGRAN-TNLAssociationToRemoveItem.c.o
[1078/4661] Compiling C object lib/asn1c/ngap/libogsasn1c-ngap-1.a.p/NGAP_NoPDUSessionIndication.c.o
[1079/4661] Compiling C object lib/asn1c/ngap/libogsasn1c-ngap-1.a.p/NGAP_NotAllowedTACs.c.o
[1080/4661] Compiling C object lib/asn1c/ngap/libogsasn1c-ngap-1.a.p/NGAP_NonDynamic5QIDescriptor.c.o
[1081/4661] Compiling C object lib/asn1c/ngap/libogsasn1c-ngap-1.a.p/NGAP_NotificationCause.c.o
[1082/4661] Compiling C object lib/asn1c/ngap/libogsasn1c-ngap-1.a.p/NGAP_NotificationControl.c.o
[1083/4661] Compiling C object lib/asn1c/ngap/libogsasn1c-ngap-1.a.p/NGAP_NPN-AccessInformation.c.o
[1084/4661] Compiling C object lib/asn1c/ngap/libogsasn1c-ngap-1.a.p/NGAP_NRCellIdentity.c.o
[1085/4661] Compiling C object lib/asn1c/ngap/libogsasn1c-ngap-1.a.p/NGAP_NPN-MobilityInformation.c.o
[1086/4661] Compiling C object lib/asn1c/ngap/libogsasn1c-ngap-1.a.p/NGAP_NR-CGI.c.o
[1087/4661] Compiling C object lib/asn1c/ngap/libogsasn1c-ngap-1.a.p/NGAP_NPN-PagingAssistanceInformation.c.o
[1088/4661] Compiling C object lib/asn1c/ngap/libogsasn1c-ngap-1.a.p/NGAP_NPN-Support.c.o
[1089/4661] Compiling C object lib/asn1c/ngap/libogsasn1c-ngap-1.a.p/NGAP_NR-CGIListForWarning.c.o
[1090/4661] Compiling C object lib/asn1c/ngap/libogsasn1c-ngap-1.a.p/NGAP_NR-CGIList.c.o
[1091/4661] Compiling C object lib/asn1c/ngap/libogsasn1c-ngap-1.a.p/NGAP_NR-Paging-eDRX-Cycle.c.o
[1092/4661] Compiling C object lib/asn1c/ngap/libogsasn1c-ngap-1.a.p/NGAP_NR-Paging-Long-eDRX-Cycle-for-RRC-INACTIVE.c.o
[1093/4661] Compiling C object lib/asn1c/ngap/libogsasn1c-ngap-1.a.p/NGAP_NR-PagingeDRXInformation.c.o
[1094/4661] Compiling C object lib/asn1c/ngap/libogsasn1c-ngap-1.a.p/NGAP_NR-Paging-Time-Window.c.o
[1095/4661] Compiling C object lib/asn1c/ngap/libogsasn1c-ngap-1.a.p/NGAP_NR-Paging-Time-Window-for-RRC-INACTIVE.c.o
[1096/4661] Compiling C object lib/asn1c/ngap/libogsasn1c-ngap-1.a.p/NGAP_NR-Paging-Long-eDRX-Information-for-RRC-INACTIVE.c.o
[1097/4661] Compiling C object lib/asn1c/ngap/libogsasn1c-ngap-1.a.p/NGAP_NRencryptionAlgorithms.c.o
[1098/4661] Compiling C object lib/asn1c/ngap/libogsasn1c-ngap-1.a.p/NGAP_NRintegrityProtectionAlgorithms.c.o
[1099/4661] Compiling C object lib/asn1c/ngap/libogsasn1c-ngap-1.a.p/NGAP_NRMobilityHistoryReport.c.o
[1100/4661] Compiling C object lib/asn1c/ngap/libogsasn1c-ngap-1.a.p/NGAP_NRPPa-PDU.c.o
[1101/4661] Compiling C object lib/asn1c/ngap/libogsasn1c-ngap-1.a.p/NGAP_NRUERLFReportContainer.c.o
[1102/4661] Compiling C object lib/asn1c/ngap/libogsasn1c-ngap-1.a.p/NGAP_NRNTNTAIInformation.c.o
[1103/4661] Compiling C object lib/asn1c/ngap/libogsasn1c-ngap-1.a.p/NGAP_NumberOfBroadcasts.c.o
[1104/4661] Compiling C object lib/asn1c/ngap/libogsasn1c-ngap-1.a.p/NGAP_NumberOfBroadcastsRequested.c.o
[1105/4661] Compiling C object lib/asn1c/ngap/libogsasn1c-ngap-1.a.p/NGAP_NRARFCN.c.o
[1106/4661] Compiling C object lib/asn1c/ngap/libogsasn1c-ngap-1.a.p/NGAP_NRFrequencyBand.c.o
[1107/4661] Compiling C object lib/asn1c/ngap/libogsasn1c-ngap-1.a.p/NGAP_NRFrequencyBand-List.c.o
[1108/4661] Compiling C object lib/asn1c/ngap/libogsasn1c-ngap-1.a.p/NGAP_NR-PCI.c.o
[1109/4661] Compiling C object lib/asn1c/ngap/libogsasn1c-ngap-1.a.p/NGAP_NRFrequencyBandItem.c.o
[1110/4661] Compiling C object lib/asn1c/ngap/libogsasn1c-ngap-1.a.p/NGAP_VehicleUE.c.o
[1111/4661] Compiling C object lib/asn1c/ngap/libogsasn1c-ngap-1.a.p/NGAP_NRFrequencyInfo.c.o
[1112/4661] Compiling C object lib/asn1c/ngap/libogsasn1c-ngap-1.a.p/NGAP_PedestrianUE.c.o
[1113/4661] Compiling C object lib/asn1c/ngap/libogsasn1c-ngap-1.a.p/NGAP_NRV2XServicesAuthorized.c.o
[1114/4661] Compiling C object lib/asn1c/ngap/libogsasn1c-ngap-2.a.p/NGAP_NSAG-ID.c.o
[1115/4661] Compiling C object lib/asn1c/ngap/libogsasn1c-ngap-2.a.p/NGAP_NTN-Geographical-Area-List.c.o
[1116/4661] Compiling C object lib/asn1c/ngap/libogsasn1c-ngap-2.a.p/NGAP_OnboardingSupport.c.o
[1117/4661] Compiling C object lib/asn1c/ngap/libogsasn1c-ngap-1.a.p/NGAP_NRUESidelinkAggregateMaximumBitrate.c.o
[1118/4661] Compiling C object lib/asn1c/ngap/libogsasn1c-ngap-2.a.p/NGAP_NR-A2X-ServicesAuthorized.c.o
[1119/4661] Compiling C object lib/asn1c/ngap/libogsasn1c-ngap-2.a.p/NGAP_NTN-Geographical-Area-Item.c.o
[1120/4661] Compiling C object lib/asn1c/ngap/libogsasn1c-ngap-2.a.p/NGAP_OverloadAction.c.o
[1121/4661] Compiling C object lib/asn1c/ngap/libogsasn1c-ngap-2.a.p/NGAP_OverloadStartNSSAIList.c.o
[1122/4661] Compiling C object lib/asn1c/ngap/libogsasn1c-ngap-2.a.p/NGAP_PacketDelayBudget.c.o
[1123/4661] Linking static target lib/asn1c/ngap/libogsasn1c-ngap-1.a
[1124/4661] Compiling C object lib/asn1c/ngap/libogsasn1c-ngap-2.a.p/NGAP_OverloadStartNSSAIItem.c.o
[1125/4661] Compiling C object lib/asn1c/ngap/libogsasn1c-ngap-2.a.p/NGAP_OverloadResponse.c.o
[1126/4661] Compiling C object lib/asn1c/ngap/libogsasn1c-ngap-2.a.p/NGAP_PacketLossRate.c.o
[1127/4661] Compiling C object lib/asn1c/ngap/libogsasn1c-ngap-2.a.p/NGAP_PacketErrorRate.c.o
[1128/4661] Compiling C object lib/asn1c/ngap/libogsasn1c-ngap-2.a.p/NGAP_PagingAttemptCount.c.o
[1129/4661] Compiling C object lib/asn1c/ngap/libogsasn1c-ngap-2.a.p/NGAP_PagingCause.c.o
[1130/4661] Compiling C object lib/asn1c/ngap/libogsasn1c-ngap-2.a.p/NGAP_PagingAttemptInformation.c.o
[1131/4661] Compiling C object lib/asn1c/ngap/libogsasn1c-ngap-2.a.p/NGAP_PagingAssisDataforCEcapabUE.c.o
[1132/4661] Compiling C object lib/asn1c/ngap/libogsasn1c-ngap-2.a.p/NGAP_PagingCauseIndicationForVoiceService.c.o
[1133/4661] Compiling C object lib/asn1c/ngap/libogsasn1c-ngap-2.a.p/NGAP_PagingDRX.c.o
[1134/4661] Compiling C object lib/asn1c/ngap/libogsasn1c-ngap-2.a.p/NGAP_PagingOrigin.c.o
[1135/4661] Compiling C object lib/asn1c/ngap/libogsasn1c-ngap-2.a.p/NGAP_PDUSessionForPagingList.c.o
[1136/4661] Compiling C object lib/asn1c/ngap/libogsasn1c-ngap-2.a.p/NGAP_PagingPolicyDifferentiation.c.o
[1137/4661] Compiling C object lib/asn1c/ngap/libogsasn1c-ngap-2.a.p/NGAP_PagingPolicyDifferentiationList.c.o
[1138/4661] Compiling C object lib/asn1c/ngap/libogsasn1c-ngap-2.a.p/NGAP_PDUSessionForPagingItem.c.o
[1139/4661] Compiling C object lib/asn1c/ngap/libogsasn1c-ngap-2.a.p/NGAP_PagingPolicyDifferentiationItem.c.o
[1140/4661] Compiling C object lib/asn1c/ngap/libogsasn1c-ngap-2.a.p/NGAP_PagingPolicyIndicator.c.o
[1141/4661] Compiling C object lib/asn1c/ngap/libogsasn1c-ngap-2.a.p/NGAP_PagingPriority.c.o
[1142/4661] Compiling C object lib/asn1c/ngap/libogsasn1c-ngap-2.a.p/NGAP_PagingProbabilityInformation.c.o
[1143/4661] Compiling C object lib/asn1c/ngap/libogsasn1c-ngap-2.a.p/NGAP_ParentTImeSource.c.o
[1144/4661] Compiling C object lib/asn1c/ngap/libogsasn1c-ngap-2.a.p/NGAP_Partially-Allowed-NSSAI.c.o
[1145/4661] Compiling C object lib/asn1c/ngap/libogsasn1c-ngap-2.a.p/NGAP_PartiallyAllowedNSSAI-Item.c.o
[1146/4661] Compiling C object lib/asn1c/ngap/libogsasn1c-ngap-2.a.p/NGAP_PathSwitchRequestAcknowledgeTransfer.c.o
[1147/4661] Compiling C object lib/asn1c/ngap/libogsasn1c-ngap-2.a.p/NGAP_PathSwitchRequestTransfer.c.o
[1148/4661] Compiling C object lib/asn1c/ngap/libogsasn1c-ngap-2.a.p/NGAP_PathSwitchRequestSetupFailedTransfer.c.o
[1149/4661] Compiling C object lib/asn1c/ngap/libogsasn1c-ngap-2.a.p/NGAP_PathSwitchRequestUnsuccessfulTransfer.c.o
[1150/4661] Compiling C object lib/asn1c/ngap/libogsasn1c-ngap-2.a.p/NGAP_PC5QoSParameters.c.o
[1151/4661] Compiling C object lib/asn1c/ngap/libogsasn1c-ngap-2.a.p/NGAP_PC5QoSFlowList.c.o
[1152/4661] Compiling C object lib/asn1c/ngap/libogsasn1c-ngap-2.a.p/NGAP_PCIListForMDT.c.o
[1153/4661] Compiling C object lib/asn1c/ngap/libogsasn1c-ngap-2.a.p/NGAP_PC5QoSFlowItem.c.o
[1154/4661] Compiling C object lib/asn1c/ngap/libogsasn1c-ngap-2.a.p/NGAP_PrivacyIndicator.c.o
[1155/4661] Compiling C object lib/asn1c/ngap/libogsasn1c-ngap-2.a.p/NGAP_PC5FlowBitRates.c.o
[1156/4661] Compiling C object lib/asn1c/ngap/libogsasn1c-ngap-2.a.p/NGAP_PDUSessionAggregateMaximumBitRate.c.o
[1157/4661] Compiling C object lib/asn1c/ngap/libogsasn1c-ngap-2.a.p/NGAP_PDUSessionID.c.o
[1158/4661] Compiling C object lib/asn1c/ngap/libogsasn1c-ngap-2.a.p/NGAP_PDUSessionPairID.c.o
[1159/4661] Compiling C object lib/asn1c/ngap/libogsasn1c-ngap-2.a.p/NGAP_PDUSessionResourceAdmittedList.c.o
[1160/4661] Compiling C object lib/asn1c/ngap/libogsasn1c-ngap-2.a.p/NGAP_PDUSessionResourceFailedToModifyListModCfm.c.o
[1161/4661] Compiling C object lib/asn1c/ngap/libogsasn1c-ngap-2.a.p/NGAP_PDUSessionResourceAdmittedItem.c.o
[1162/4661] Compiling C object lib/asn1c/ngap/libogsasn1c-ngap-2.a.p/NGAP_PDUSessionResourceFailedToModifyListModRes.c.o
[1163/4661] Compiling C object lib/asn1c/ngap/libogsasn1c-ngap-2.a.p/NGAP_PDUSessionResourceFailedToModifyItemModCfm.c.o
[1164/4661] Compiling C object lib/asn1c/ngap/libogsasn1c-ngap-2.a.p/NGAP_PDUSessionResourceFailedToResumeListRESReq.c.o
[1165/4661] Compiling C object lib/asn1c/ngap/libogsasn1c-ngap-2.a.p/NGAP_PDUSessionResourceFailedToModifyItemModRes.c.o
[1166/4661] Compiling C object lib/asn1c/ngap/libogsasn1c-ngap-2.a.p/NGAP_PDUSessionResourceFailedToResumeListRESRes.c.o
[1167/4661] Compiling C object lib/asn1c/ngap/libogsasn1c-ngap-2.a.p/NGAP_PDUSessionResourceFailedToResumeItemRESReq.c.o
[1168/4661] Compiling C object lib/asn1c/ngap/libogsasn1c-ngap-2.a.p/NGAP_PDUSessionResourceFailedToSetupListCxtFail.c.o
[1169/4661] Compiling C object lib/asn1c/ngap/libogsasn1c-ngap-2.a.p/NGAP_PDUSessionResourceFailedToResumeItemRESRes.c.o
[1170/4661] Compiling C object lib/asn1c/ngap/libogsasn1c-ngap-2.a.p/NGAP_PDUSessionResourceFailedToSetupListCxtRes.c.o
[1171/4661] Compiling C object lib/asn1c/ngap/libogsasn1c-ngap-2.a.p/NGAP_PDUSessionResourceFailedToSetupItemCxtFail.c.o
[1172/4661] Compiling C object lib/asn1c/ngap/libogsasn1c-ngap-2.a.p/NGAP_PDUSessionResourceFailedToSetupListHOAck.c.o
[1173/4661] Compiling C object lib/asn1c/ngap/libogsasn1c-ngap-2.a.p/NGAP_PDUSessionResourceFailedToSetupItemCxtRes.c.o
[1174/4661] Compiling C object lib/asn1c/ngap/libogsasn1c-ngap-2.a.p/NGAP_PDUSessionResourceFailedToSetupItemHOAck.c.o
[1175/4661] Compiling C object lib/asn1c/ngap/libogsasn1c-ngap-2.a.p/NGAP_PDUSessionResourceFailedToSetupListPSReq.c.o
[1176/4661] Compiling C object lib/asn1c/ngap/libogsasn1c-ngap-2.a.p/NGAP_PDUSessionResourceFailedToSetupListSURes.c.o
[1177/4661] Compiling C object lib/asn1c/ngap/libogsasn1c-ngap-2.a.p/NGAP_PDUSessionResourceFailedToSetupItemPSReq.c.o
[1178/4661] Compiling C object lib/asn1c/ngap/libogsasn1c-ngap-2.a.p/NGAP_PDUSessionResourceHandoverList.c.o
[1179/4661] Compiling C object lib/asn1c/ngap/libogsasn1c-ngap-2.a.p/NGAP_PDUSessionResourceFailedToSetupItemSURes.c.o
[1180/4661] Compiling C object lib/asn1c/ngap/libogsasn1c-ngap-2.a.p/NGAP_PDUSessionResourceInformationList.c.o
[1181/4661] Compiling C object lib/asn1c/ngap/libogsasn1c-ngap-2.a.p/NGAP_PDUSessionResourceHandoverItem.c.o
[1182/4661] Compiling C object lib/asn1c/ngap/libogsasn1c-ngap-2.a.p/NGAP_PDUSessionResourceListCxtRelCpl.c.o
[1183/4661] Compiling C object lib/asn1c/ngap/libogsasn1c-ngap-2.a.p/NGAP_PDUSessionResourceInformationItem.c.o
[1184/4661] Compiling C object lib/asn1c/ngap/libogsasn1c-ngap-2.a.p/NGAP_PDUSessionResourceListCxtRelReq.c.o
[1185/4661] Compiling C object lib/asn1c/ngap/libogsasn1c-ngap-2.a.p/NGAP_PDUSessionResourceItemCxtRelCpl.c.o
[1186/4661] Compiling C object lib/asn1c/ngap/libogsasn1c-ngap-2.a.p/NGAP_PDUSessionResourceItemCxtRelReq.c.o
[1187/4661] Compiling C object lib/asn1c/ngap/libogsasn1c-ngap-2.a.p/NGAP_PDUSessionResourceListHORqd.c.o
[1188/4661] Compiling C object lib/asn1c/ngap/libogsasn1c-ngap-2.a.p/NGAP_PDUSessionListMTCommHReq.c.o
[1189/4661] Compiling C object lib/asn1c/ngap/libogsasn1c-ngap-2.a.p/NGAP_PDUSessionResourceItemHORqd.c.o
[1190/4661] Compiling C object lib/asn1c/ngap/libogsasn1c-ngap-2.a.p/NGAP_PDUSessionListMTCommHReq-Item.c.o
[1191/4661] Compiling C object lib/asn1c/ngap/libogsasn1c-ngap-2.a.p/NGAP_PDUSessionResourceModifyRequestTransfer.c.o
[1192/4661] Compiling C object lib/asn1c/ngap/libogsasn1c-ngap-2.a.p/NGAP_PDUSessionResourceModifyConfirmTransfer.c.o
[1193/4661] Compiling C object lib/asn1c/ngap/libogsasn1c-ngap-2.a.p/NGAP_PDUSessionResourceModifyIndicationUnsuccessfulTransfer.c.o
[1194/4661] Compiling C object lib/asn1c/ngap/libogsasn1c-ngap-2.a.p/NGAP_PDUSessionResourceModifyIndicationTransfer.c.o
[1195/4661] Compiling C object lib/asn1c/ngap/libogsasn1c-ngap-2.a.p/NGAP_PDUSessionResourceModifyResponseTransfer.c.o
[1196/4661] Compiling C object lib/asn1c/ngap/libogsasn1c-ngap-2.a.p/NGAP_PDUSessionResourceModifyListModCfm.c.o
[1197/4661] Compiling C object lib/asn1c/ngap/libogsasn1c-ngap-2.a.p/NGAP_PDUSessionResourceModifyListModInd.c.o
[1198/4661] Compiling C object lib/asn1c/ngap/libogsasn1c-ngap-2.a.p/NGAP_PDUSessionResourceModifyItemModCfm.c.o
[1199/4661] Compiling C object lib/asn1c/ngap/libogsasn1c-ngap-2.a.p/NGAP_PDUSessionResourceModifyItemModInd.c.o
[1200/4661] Compiling C object lib/asn1c/ngap/libogsasn1c-ngap-2.a.p/NGAP_PDUSessionResourceModifyListModReq.c.o
[1201/4661] Compiling C object lib/asn1c/ngap/libogsasn1c-ngap-2.a.p/NGAP_PDUSessionResourceModifyListModRes.c.o
[1202/4661] Compiling C object lib/asn1c/ngap/libogsasn1c-ngap-2.a.p/NGAP_PDUSessionResourceModifyItemModReq.c.o
[1203/4661] Compiling C object lib/asn1c/ngap/libogsasn1c-ngap-2.a.p/NGAP_PDUSessionResourceModifyItemModRes.c.o
[1204/4661] Compiling C object lib/asn1c/ngap/libogsasn1c-ngap-2.a.p/NGAP_PDUSessionResourceNotifyList.c.o
[1205/4661] Compiling C object lib/asn1c/ngap/libogsasn1c-ngap-2.a.p/NGAP_PDUSessionResourceModifyUnsuccessfulTransfer.c.o
[1206/4661] Compiling C object lib/asn1c/ngap/libogsasn1c-ngap-2.a.p/NGAP_PDUSessionResourceNotifyItem.c.o
[1207/4661] Compiling C object lib/asn1c/ngap/libogsasn1c-ngap-2.a.p/NGAP_UserPlaneErrorIndicator.c.o
[1208/4661] Compiling C object lib/asn1c/ngap/libogsasn1c-ngap-2.a.p/NGAP_PDUSessionResourceNotifyReleasedTransfer.c.o
[1209/4661] Compiling C object lib/asn1c/ngap/libogsasn1c-ngap-2.a.p/NGAP_PDUSessionResourceNotifyTransfer.c.o
[1210/4661] Compiling C object lib/asn1c/ngap/libogsasn1c-ngap-2.a.p/NGAP_PDUSessionResourceReleasedListNot.c.o
[1211/4661] Compiling C object lib/asn1c/ngap/libogsasn1c-ngap-2.a.p/NGAP_PDUSessionResourceReleaseCommandTransfer.c.o
[1212/4661] Compiling C object lib/asn1c/ngap/libogsasn1c-ngap-2.a.p/NGAP_PDUSessionResourceReleasedListPSAck.c.o
[1213/4661] Compiling C object lib/asn1c/ngap/libogsasn1c-ngap-2.a.p/NGAP_PDUSessionResourceReleasedItemNot.c.o
[1214/4661] Compiling C object lib/asn1c/ngap/libogsasn1c-ngap-2.a.p/NGAP_PDUSessionResourceReleasedItemPSAck.c.o
[1215/4661] Compiling C object lib/asn1c/ngap/libogsasn1c-ngap-2.a.p/NGAP_PDUSessionResourceReleasedListPSFail.c.o
[1216/4661] Compiling C object lib/asn1c/ngap/libogsasn1c-ngap-2.a.p/NGAP_PDUSessionResourceReleasedListRelRes.c.o
[1217/4661] Compiling C object lib/asn1c/ngap/libogsasn1c-ngap-2.a.p/NGAP_PDUSessionResourceReleasedItemPSFail.c.o
[1218/4661] Compiling C object lib/asn1c/ngap/libogsasn1c-ngap-2.a.p/NGAP_PDUSessionResourceReleasedItemRelRes.c.o
[1219/4661] Compiling C object lib/asn1c/ngap/libogsasn1c-ngap-2.a.p/NGAP_PDUSessionResourceResumeListRESReq.c.o
[1220/4661] Compiling C object lib/asn1c/ngap/libogsasn1c-ngap-2.a.p/NGAP_PDUSessionResourceResumeListRESRes.c.o
[1221/4661] Compiling C object lib/asn1c/ngap/libogsasn1c-ngap-2.a.p/NGAP_PDUSessionResourceReleaseResponseTransfer.c.o
[1222/4661] Compiling C object lib/asn1c/ngap/libogsasn1c-ngap-2.a.p/NGAP_PDUSessionResourceResumeItemRESReq.c.o
[1223/4661] Compiling C object lib/asn1c/ngap/libogsasn1c-ngap-2.a.p/NGAP_PDUSessionResourceSecondaryRATUsageList.c.o
[1224/4661] Compiling C object lib/asn1c/ngap/libogsasn1c-ngap-2.a.p/NGAP_PDUSessionResourceResumeItemRESRes.c.o
[1225/4661] Compiling C object lib/asn1c/ngap/libogsasn1c-ngap-2.a.p/NGAP_PDUSessionResourceSetupListCxtReq.c.o
[1226/4661] Compiling C object lib/asn1c/ngap/libogsasn1c-ngap-2.a.p/NGAP_PDUSessionResourceSecondaryRATUsageItem.c.o
[1227/4661] Compiling C object lib/asn1c/ngap/libogsasn1c-ngap-2.a.p/NGAP_PDUSessionResourceSetupItemCxtReq.c.o
[1228/4661] Compiling C object lib/asn1c/ngap/libogsasn1c-ngap-2.a.p/NGAP_PDUSessionResourceSetupListCxtRes.c.o
[1229/4661] Compiling C object lib/asn1c/ngap/libogsasn1c-ngap-2.a.p/NGAP_PDUSessionResourceSetupListHOReq.c.o
[1230/4661] Compiling C object lib/asn1c/ngap/libogsasn1c-ngap-2.a.p/NGAP_PDUSessionResourceSetupItemCxtRes.c.o
[1231/4661] Compiling C object lib/asn1c/ngap/libogsasn1c-ngap-2.a.p/NGAP_PDUSessionResourceSetupListSUReq.c.o
[1232/4661] Compiling C object lib/asn1c/ngap/libogsasn1c-ngap-2.a.p/NGAP_PDUSessionResourceSetupItemHOReq.c.o
[1233/4661] Compiling C object lib/asn1c/ngap/libogsasn1c-ngap-2.a.p/NGAP_PDUSessionResourceSetupListSURes.c.o
[1234/4661] Compiling C object lib/asn1c/ngap/libogsasn1c-ngap-2.a.p/NGAP_PDUSessionResourceSetupItemSUReq.c.o
[1235/4661] Compiling C object lib/asn1c/ngap/libogsasn1c-ngap-2.a.p/NGAP_PDUSessionResourceSetupRequestTransfer.c.o
[1236/4661] Compiling C object lib/asn1c/ngap/libogsasn1c-ngap-2.a.p/NGAP_PDUSessionResourceSetupItemSURes.c.o
[1237/4661] Compiling C object lib/asn1c/ngap/libogsasn1c-ngap-2.a.p/NGAP_PDUSessionResourceSuspendListSUSReq.c.o
[1238/4661] Compiling C object lib/asn1c/ngap/libogsasn1c-ngap-2.a.p/NGAP_PDUSessionResourceSetupUnsuccessfulTransfer.c.o
[1239/4661] Compiling C object lib/asn1c/ngap/libogsasn1c-ngap-2.a.p/NGAP_PDUSessionResourceSetupResponseTransfer.c.o
[1240/4661] Compiling C object lib/asn1c/ngap/libogsasn1c-ngap-2.a.p/NGAP_PDUSessionResourceSwitchedList.c.o
[1241/4661] Compiling C object lib/asn1c/ngap/libogsasn1c-ngap-2.a.p/NGAP_PDUSessionResourceToBeSwitchedDLList.c.o
[1242/4661] Compiling C object lib/asn1c/ngap/libogsasn1c-ngap-2.a.p/NGAP_PDUSessionResourceSuspendItemSUSReq.c.o
[1243/4661] Compiling C object lib/asn1c/ngap/libogsasn1c-ngap-2.a.p/NGAP_PDUSessionResourceSwitchedItem.c.o
[1244/4661] Compiling C object lib/asn1c/ngap/libogsasn1c-ngap-2.a.p/NGAP_PDUSessionResourceToReleaseListHOCmd.c.o
[1245/4661] Compiling C object lib/asn1c/ngap/libogsasn1c-ngap-2.a.p/NGAP_PDUSessionResourceToBeSwitchedDLItem.c.o
[1246/4661] Compiling C object lib/asn1c/ngap/libogsasn1c-ngap-2.a.p/NGAP_PDUSessionResourceToReleaseListRelCmd.c.o
[1247/4661] Compiling C object lib/asn1c/ngap/libogsasn1c-ngap-2.a.p/NGAP_PDUSessionResourceToReleaseItemRelCmd.c.o
[1248/4661] Compiling C object lib/asn1c/ngap/libogsasn1c-ngap-2.a.p/NGAP_PDUSessionResourceToReleaseItemHOCmd.c.o
[1249/4661] Compiling C object lib/asn1c/ngap/libogsasn1c-ngap-2.a.p/NGAP_PDUSessionType.c.o
[1250/4661] Compiling C object lib/asn1c/ngap/libogsasn1c-ngap-2.a.p/NGAP_PDUSessionUsageReport.c.o
[1251/4661] Compiling C object lib/asn1c/ngap/libogsasn1c-ngap-2.a.p/NGAP_PDUsetQoSParameters.c.o
[1252/4661] Compiling C object lib/asn1c/ngap/libogsasn1c-ngap-2.a.p/NGAP_PDUSetbasedHandlingIndicator.c.o
[1253/4661] Compiling C object lib/asn1c/ngap/libogsasn1c-ngap-2.a.p/NGAP_Periodicity.c.o
[1254/4661] Compiling C object lib/asn1c/ngap/libogsasn1c-ngap-2.a.p/NGAP_PDUsetQoSInformation.c.o
[1255/4661] Compiling C object lib/asn1c/ngap/libogsasn1c-ngap-2.a.p/NGAP_PEIPSassistanceInformation.c.o
[1256/4661] Compiling C object lib/asn1c/ngap/libogsasn1c-ngap-2.a.p/NGAP_PeriodicityBound.c.o
[1257/4661] Compiling C object lib/asn1c/ngap/libogsasn1c-ngap-2.a.p/NGAP_AllowedPeriodicityList.c.o
[1258/4661] Compiling C object lib/asn1c/ngap/libogsasn1c-ngap-2.a.p/NGAP_PeriodicRegistrationUpdateTimer.c.o
[1259/4661] Compiling C object lib/asn1c/ngap/libogsasn1c-ngap-2.a.p/NGAP_PeriodicityList.c.o
[1260/4661] Compiling C object lib/asn1c/ngap/libogsasn1c-ngap-2.a.p/NGAP_PLMNIdentity.c.o
[1261/4661] Compiling C object lib/asn1c/ngap/libogsasn1c-ngap-2.a.p/NGAP_PeriodicityRange.c.o
[1262/4661] Compiling C object lib/asn1c/ngap/libogsasn1c-ngap-2.a.p/NGAP_PLMNSupportList.c.o
[1263/4661] Compiling C object lib/asn1c/ngap/libogsasn1c-ngap-2.a.p/NGAP_PLMNListforQMC.c.o
[1264/4661] Compiling C object lib/asn1c/ngap/libogsasn1c-ngap-2.a.p/NGAP_PLMNAreaBasedQMC.c.o
[1265/4661] Compiling C object lib/asn1c/ngap/libogsasn1c-ngap-2.a.p/NGAP_PLMNSupportItem.c.o
[1266/4661] Compiling C object lib/asn1c/ngap/libogsasn1c-ngap-2.a.p/NGAP_PortNumber.c.o
[1267/4661] Compiling C object lib/asn1c/ngap/libogsasn1c-ngap-2.a.p/NGAP_PNI-NPN-MobilityInformation.c.o
[1268/4661] Compiling C object lib/asn1c/ngap/libogsasn1c-ngap-2.a.p/NGAP_Pre-emptionVulnerability.c.o
[1269/4661] Compiling C object lib/asn1c/ngap/libogsasn1c-ngap-2.a.p/NGAP_Pre-emptionCapability.c.o
[1270/4661] Compiling C object lib/asn1c/ngap/libogsasn1c-ngap-2.a.p/NGAP_PriorityLevelARP.c.o
[1271/4661] Compiling C object lib/asn1c/ngap/libogsasn1c-ngap-2.a.p/NGAP_PriorityLevelQos.c.o
[1272/4661] Compiling C object lib/asn1c/ngap/libogsasn1c-ngap-2.a.p/NGAP_PNI-NPN-AreaScopeofMDT.c.o
[1273/4661] Compiling C object lib/asn1c/ngap/libogsasn1c-ngap-2.a.p/NGAP_PNI-NPNBasedMDT.c.o
[1274/4661] Compiling C object lib/asn1c/ngap/libogsasn1c-ngap-2.a.p/NGAP_QMCConfigInfo.c.o
[1275/4661] Compiling C object lib/asn1c/ngap/libogsasn1c-ngap-2.a.p/NGAP_PWSFailedCellIDList.c.o
[1276/4661] Compiling C object lib/asn1c/ngap/libogsasn1c-ngap-2.a.p/NGAP_QoEReferenceList.c.o
[1277/4661] Compiling C object lib/asn1c/ngap/libogsasn1c-ngap-2.a.p/NGAP_QMCDeactivation.c.o
[1278/4661] Compiling C object lib/asn1c/ngap/libogsasn1c-ngap-2.a.p/NGAP_QoEReference.c.o
[1279/4661] Compiling C object lib/asn1c/ngap/libogsasn1c-ngap-2.a.p/NGAP_QosFlowAcceptedList.c.o
[1280/4661] Compiling C object lib/asn1c/ngap/libogsasn1c-ngap-2.a.p/NGAP_QoERVQoEReportingPaths.c.o
[1281/4661] Compiling C object lib/asn1c/ngap/libogsasn1c-ngap-2.a.p/NGAP_QosFlowAdditionalInfoListRelCom.c.o
[1282/4661] Compiling C object lib/asn1c/ngap/libogsasn1c-ngap-2.a.p/NGAP_QosFlowAcceptedItem.c.o
[1283/4661] Compiling C object lib/asn1c/ngap/libogsasn1c-ngap-2.a.p/NGAP_QosCharacteristics.c.o
[1284/4661] Compiling C object lib/asn1c/ngap/libogsasn1c-ngap-2.a.p/NGAP_QosFlowAdditionalInfoListRelRes.c.o
[1285/4661] Compiling C object lib/asn1c/ngap/libogsasn1c-ngap-2.a.p/NGAP_QosFlowAdditionalInfoItemRelCom.c.o
[1286/4661] Compiling C object lib/asn1c/ngap/libogsasn1c-ngap-2.a.p/NGAP_QosFlowAddOrModifyRequestList.c.o
[1287/4661] Compiling C object lib/asn1c/ngap/libogsasn1c-ngap-2.a.p/NGAP_QosFlowAdditionalInfoItemRelRes.c.o
[1288/4661] Compiling C object lib/asn1c/ngap/libogsasn1c-ngap-2.a.p/NGAP_QosFlowAddOrModifyResponseList.c.o
[1289/4661] Compiling C object lib/asn1c/ngap/libogsasn1c-ngap-2.a.p/NGAP_QosFlowAddOrModifyRequestItem.c.o
[1290/4661] Compiling C object lib/asn1c/ngap/libogsasn1c-ngap-2.a.p/NGAP_QosFlowFeedbackList.c.o
[1291/4661] Compiling C object lib/asn1c/ngap/libogsasn1c-ngap-2.a.p/NGAP_QosFlowAddOrModifyResponseItem.c.o
[1292/4661] Compiling C object lib/asn1c/ngap/libogsasn1c-ngap-2.a.p/NGAP_QosFlowInformationList.c.o
[1293/4661] Compiling C object lib/asn1c/ngap/libogsasn1c-ngap-2.a.p/NGAP_QosFlowIdentifier.c.o
[1294/4661] Compiling C object lib/asn1c/ngap/libogsasn1c-ngap-2.a.p/NGAP_QosFlowFeedbackItem.c.o
[1295/4661] Compiling C object lib/asn1c/ngap/libogsasn1c-ngap-2.a.p/NGAP_QosFlowInformationItem.c.o
[1296/4661] Compiling C object lib/asn1c/ngap/libogsasn1c-ngap-2.a.p/NGAP_QosMonitoringRequest.c.o
[1297/4661] Compiling C object lib/asn1c/ngap/libogsasn1c-ngap-2.a.p/NGAP_QosFlowLevelQosParameters.c.o
[1298/4661] Compiling C object lib/asn1c/ngap/libogsasn1c-ngap-2.a.p/NGAP_QoSFlowList.c.o
[1299/4661] Compiling C object lib/asn1c/ngap/libogsasn1c-ngap-2.a.p/NGAP_QosMonitoringReportingFrequency.c.o
[1300/4661] Compiling C object lib/asn1c/ngap/libogsasn1c-ngap-2.a.p/NGAP_QosFlowListWithCause.c.o
[1301/4661] Compiling C object lib/asn1c/ngap/libogsasn1c-ngap-2.a.p/NGAP_QosFlowModifyConfirmList.c.o
[1302/4661] Compiling C object lib/asn1c/ngap/libogsasn1c-ngap-2.a.p/NGAP_QosFlowNotifyList.c.o
[1303/4661] Compiling C object lib/asn1c/ngap/libogsasn1c-ngap-2.a.p/NGAP_QosFlowWithCauseItem.c.o
[1304/4661] Compiling C object lib/asn1c/ngap/libogsasn1c-ngap-2.a.p/NGAP_QosFlowNotifyItem.c.o
[1305/4661] Compiling C object lib/asn1c/ngap/libogsasn1c-ngap-2.a.p/NGAP_QosFlowParametersList.c.o
[1306/4661] Compiling C object lib/asn1c/ngap/libogsasn1c-ngap-2.a.p/NGAP_QosFlowModifyConfirmItem.c.o
[1307/4661] Compiling C object lib/asn1c/ngap/libogsasn1c-ngap-2.a.p/NGAP_QosFlowPerTNLInformationList.c.o
[1308/4661] Compiling C object lib/asn1c/ngap/libogsasn1c-ngap-2.a.p/NGAP_QosFlowSetupRequestList.c.o
[1309/4661] Compiling C object lib/asn1c/ngap/libogsasn1c-ngap-2.a.p/NGAP_QosFlowParametersItem.c.o
[1310/4661] Compiling C object lib/asn1c/ngap/libogsasn1c-ngap-2.a.p/NGAP_QosFlowPerTNLInformation.c.o
[1311/4661] Compiling C object lib/asn1c/ngap/libogsasn1c-ngap-2.a.p/NGAP_QosFlowPerTNLInformationItem.c.o
[1312/4661] Compiling C object lib/asn1c/ngap/libogsasn1c-ngap-2.a.p/NGAP_QosFlowSetupRequestItem.c.o
[1313/4661] Compiling C object lib/asn1c/ngap/libogsasn1c-ngap-2.a.p/NGAP_QosFlowListWithDataForwarding.c.o
[1314/4661] Compiling C object lib/asn1c/ngap/libogsasn1c-ngap-2.a.p/NGAP_QosFlowToBeForwardedList.c.o
[1315/4661] Compiling C object lib/asn1c/ngap/libogsasn1c-ngap-2.a.p/NGAP_QoSFlowTSCList.c.o
[1316/4661] Compiling C object lib/asn1c/ngap/libogsasn1c-ngap-2.a.p/NGAP_QosFlowItemWithDataForwarding.c.o
[1317/4661] Compiling C object lib/asn1c/ngap/libogsasn1c-ngap-2.a.p/NGAP_QosFlowToBeForwardedItem.c.o
[1318/4661] Compiling C object lib/asn1c/ngap/libogsasn1c-ngap-2.a.p/NGAP_QoSFlowTSCItem.c.o
[1319/4661] Compiling C object lib/asn1c/ngap/libogsasn1c-ngap-2.a.p/NGAP_QoSFlowsUsageReportList.c.o
[1320/4661] Compiling C object lib/asn1c/ngap/libogsasn1c-ngap-2.a.p/NGAP_QoSFlowsUsageReport-Item.c.o
[1321/4661] Compiling C object lib/asn1c/ngap/libogsasn1c-ngap-2.a.p/NGAP_RANfeedbacktype-proactive.c.o
[1322/4661] Compiling C object lib/asn1c/ngap/libogsasn1c-ngap-2.a.p/NGAP_Range.c.o
[1323/4661] Compiling C object lib/asn1c/ngap/libogsasn1c-ngap-2.a.p/NGAP_RANNodeName.c.o
[1324/4661] Compiling C object lib/asn1c/ngap/libogsasn1c-ngap-2.a.p/NGAP_RANfeedbacktype-reactive.c.o
[1325/4661] Compiling C object lib/asn1c/ngap/libogsasn1c-ngap-2.a.p/NGAP_RANfeedbacktype.c.o
[1326/4661] Compiling C object lib/asn1c/ngap/libogsasn1c-ngap-2.a.p/NGAP_RANNodeNameVisibleString.c.o
[1327/4661] Compiling C object lib/asn1c/ngap/libogsasn1c-ngap-2.a.p/NGAP_RANNodeNameUTF8String.c.o
[1328/4661] Compiling C object lib/asn1c/ngap/libogsasn1c-ngap-2.a.p/NGAP_RANPagingPriority.c.o
[1329/4661] Compiling C object lib/asn1c/ngap/libogsasn1c-ngap-2.a.p/NGAP_RAN-TSSRequestType.c.o
[1330/4661] Compiling C object lib/asn1c/ngap/libogsasn1c-ngap-2.a.p/NGAP_RANStatusTransfer-TransparentContainer.c.o
[1331/4661] Compiling C object lib/asn1c/ngap/libogsasn1c-ngap-2.a.p/NGAP_RANTimingSynchronisationStatusInfo.c.o
[1332/4661] Compiling C object lib/asn1c/ngap/libogsasn1c-ngap-2.a.p/NGAP_RANTSSCellList.c.o
[1333/4661] Compiling C object lib/asn1c/ngap/libogsasn1c-ngap-2.a.p/NGAP_RANTSSCellItem.c.o
[1334/4661] Compiling C object lib/asn1c/ngap/libogsasn1c-ngap-2.a.p/NGAP_RAN-UE-NGAP-ID.c.o
[1335/4661] Compiling C object lib/asn1c/ngap/libogsasn1c-ngap-2.a.p/NGAP_RAN-TSSScope.c.o
[1336/4661] Compiling C object lib/asn1c/ngap/libogsasn1c-ngap-2.a.p/NGAP_RAT-Information.c.o
[1337/4661] Compiling C object lib/asn1c/ngap/libogsasn1c-ngap-2.a.p/NGAP_RATRestrictions.c.o
[1338/4661] Compiling C object lib/asn1c/ngap/libogsasn1c-ngap-2.a.p/NGAP_RATRestrictions-Item.c.o
[1339/4661] Compiling C object lib/asn1c/ngap/libogsasn1c-ngap-2.a.p/NGAP_RATRestrictionInformation.c.o
[1340/4661] Compiling C object lib/asn1c/ngap/libogsasn1c-ngap-2.a.p/NGAP_RecommendedCellList.c.o
[1341/4661] Compiling C object lib/asn1c/ngap/libogsasn1c-ngap-2.a.p/NGAP_RecommendedCellsForPaging.c.o
[1342/4661] Compiling C object lib/asn1c/ngap/libogsasn1c-ngap-2.a.p/NGAP_RecommendedCellItem.c.o
[1343/4661] Compiling C object lib/asn1c/ngap/libogsasn1c-ngap-2.a.p/NGAP_RecommendedRANNodesForPaging.c.o
[1344/4661] Compiling C object lib/asn1c/ngap/libogsasn1c-ngap-2.a.p/NGAP_RecommendedRANNodeList.c.o
[1345/4661] Compiling C object lib/asn1c/ngap/libogsasn1c-ngap-2.a.p/NGAP_RedCapIndication.c.o
[1346/4661] Compiling C object lib/asn1c/ngap/libogsasn1c-ngap-2.a.p/NGAP_RecommendedRANNodeItem.c.o
[1347/4661] Compiling C object lib/asn1c/ngap/libogsasn1c-ngap-2.a.p/NGAP_RedirectionVoiceFallback.c.o
[1348/4661] Compiling C object lib/asn1c/ngap/libogsasn1c-ngap-2.a.p/NGAP_RedundantQosFlowIndicator.c.o
[1349/4661] Compiling C object lib/asn1c/ngap/libogsasn1c-ngap-2.a.p/NGAP_RedundantPDUSessionInformation.c.o
[1350/4661] Compiling C object lib/asn1c/ngap/libogsasn1c-ngap-2.a.p/NGAP_ReflectiveQosAttribute.c.o
[1351/4661] Compiling C object lib/asn1c/ngap/libogsasn1c-ngap-2.a.p/NGAP_RelativeAMFCapacity.c.o
[1352/4661] Compiling C object lib/asn1c/ngap/libogsasn1c-ngap-2.a.p/NGAP_ReportArea.c.o
[1353/4661] Compiling C object lib/asn1c/ngap/libogsasn1c-ngap-2.a.p/NGAP_ReportingThreshold.c.o
[1354/4661] Compiling C object lib/asn1c/ngap/libogsasn1c-ngap-2.a.p/NGAP_RepetitionPeriod.c.o
[1355/4661] Compiling C object lib/asn1c/ngap/libogsasn1c-ngap-2.a.p/NGAP_ResetAll.c.o
[1356/4661] Compiling C object lib/asn1c/ngap/libogsasn1c-ngap-2.a.p/NGAP_ReportAmountMDT.c.o
[1357/4661] Compiling C object lib/asn1c/ngap/libogsasn1c-ngap-2.a.p/NGAP_ReportIntervalMDT.c.o
[1358/4661] Compiling C object lib/asn1c/ngap/libogsasn1c-ngap-2.a.p/NGAP_ExtendedReportIntervalMDT.c.o
[1359/4661] Compiling C object lib/asn1c/ngap/libogsasn1c-ngap-2.a.p/NGAP_RequestedNSSAI.c.o
[1360/4661] Compiling C object lib/asn1c/ngap/libogsasn1c-ngap-2.a.p/NGAP_RGLevelWirelineAccessCharacteristics.c.o
[1361/4661] Compiling C object lib/asn1c/ngap/libogsasn1c-ngap-2.a.p/NGAP_RNC-ID.c.o
[1362/4661] Compiling C object lib/asn1c/ngap/libogsasn1c-ngap-2.a.p/NGAP_RequestedNSSAIItem.c.o
[1363/4661] Compiling C object lib/asn1c/ngap/libogsasn1c-ngap-2.a.p/NGAP_RoutingID.c.o
[1364/4661] Compiling C object lib/asn1c/ngap/libogsasn1c-ngap-2.a.p/NGAP_ResetType.c.o
[1365/4661] Compiling C object lib/asn1c/ngap/libogsasn1c-ngap-2.a.p/NGAP_RRCContainer.c.o
[1366/4661] Compiling C object lib/asn1c/ngap/libogsasn1c-ngap-2.a.p/NGAP_RRCEstablishmentCause.c.o
[1367/4661] Compiling C object lib/asn1c/ngap/libogsasn1c-ngap-2.a.p/NGAP_RRCInactiveTransitionReportRequest.c.o
[1368/4661] Compiling C object lib/asn1c/ngap/libogsasn1c-ngap-2.a.p/NGAP_RSN.c.o
[1369/4661] Compiling C object lib/asn1c/ngap/libogsasn1c-ngap-2.a.p/NGAP_RRCState.c.o
[1370/4661] Compiling C object lib/asn1c/ngap/libogsasn1c-ngap-2.a.p/NGAP_GNBSetID.c.o
[1371/4661] Compiling C object lib/asn1c/ngap/libogsasn1c-ngap-2.a.p/NGAP_RIMInformationTransfer.c.o
[1372/4661] Compiling C object lib/asn1c/ngap/libogsasn1c-ngap-2.a.p/NGAP_RIMInformation.c.o
[1373/4661] Compiling C object lib/asn1c/ngap/libogsasn1c-ngap-2.a.p/NGAP_RSPPQoSFlowList.c.o
[1374/4661] Compiling C object lib/asn1c/ngap/libogsasn1c-ngap-2.a.p/NGAP_RSPPQoSFlowItem.c.o
[1375/4661] Compiling C object lib/asn1c/ngap/libogsasn1c-ngap-2.a.p/NGAP_RSPPFlowBitRates.c.o
[1376/4661] Compiling C object lib/asn1c/ngap/libogsasn1c-ngap-2.a.p/NGAP_SCTP-TLAs.c.o
[1377/4661] Compiling C object lib/asn1c/ngap/libogsasn1c-ngap-2.a.p/NGAP_SD.c.o
[1378/4661] Compiling C object lib/asn1c/ngap/libogsasn1c-ngap-2.a.p/NGAP_RequestedTNLInfo.c.o
[1379/4661] Compiling C object lib/asn1c/ngap/libogsasn1c-ngap-2.a.p/NGAP_ScheduledCommunicationTime.c.o
[1380/4661] Compiling C object lib/asn1c/ngap/libogsasn1c-ngap-2.a.p/NGAP_SecondaryRATUsageInformation.c.o
[1381/4661] Compiling C object lib/asn1c/ngap/libogsasn1c-ngap-2.a.p/NGAP_SecondaryRATDataUsageReportTransfer.c.o
[1382/4661] Compiling C object lib/asn1c/ngap/libogsasn1c-ngap-2.a.p/NGAP_SecurityKey.c.o
[1383/4661] Compiling C object lib/asn1c/ngap/libogsasn1c-ngap-2.a.p/NGAP_SecurityContext.c.o
[1384/4661] Compiling C object lib/asn1c/ngap/libogsasn1c-ngap-2.a.p/NGAP_SecurityIndication.c.o
[1385/4661] Compiling C object lib/asn1c/ngap/libogsasn1c-ngap-2.a.p/NGAP_SecurityResult.c.o
[1386/4661] Compiling C object lib/asn1c/ngap/libogsasn1c-ngap-2.a.p/NGAP_SensorMeasConfigNameList.c.o
[1387/4661] Compiling C object lib/asn1c/ngap/libogsasn1c-ngap-2.a.p/NGAP_SensorMeasurementConfiguration.c.o
[1388/4661] Compiling C object lib/asn1c/ngap/libogsasn1c-ngap-2.a.p/NGAP_SensorMeasConfig.c.o
[1389/4661] Compiling C object lib/asn1c/ngap/libogsasn1c-ngap-2.a.p/NGAP_SerialNumber.c.o
[1390/4661] Compiling C object lib/asn1c/ngap/libogsasn1c-ngap-2.a.p/NGAP_SensorMeasConfigNameItem.c.o
[1391/4661] Compiling C object lib/asn1c/ngap/libogsasn1c-ngap-2.a.p/NGAP_ServedGUAMIList.c.o
[1392/4661] Compiling C object lib/asn1c/ngap/libogsasn1c-ngap-2.a.p/NGAP_SensorNameConfig.c.o
[1393/4661] Compiling C object lib/asn1c/ngap/libogsasn1c-ngap-2.a.p/NGAP_ServiceAreaInformation.c.o
[1394/4661] Compiling C object lib/asn1c/ngap/libogsasn1c-ngap-2.a.p/NGAP_ServedGUAMIItem.c.o
[1395/4661] Compiling C object lib/asn1c/ngap/libogsasn1c-ngap-2.a.p/NGAP_ServiceType.c.o
[1396/4661] Compiling C object lib/asn1c/ngap/libogsasn1c-ngap-2.a.p/NGAP_ServiceAreaInformation-Item.c.o
[1397/4661] Compiling C object lib/asn1c/ngap/libogsasn1c-ngap-2.a.p/NGAP_SgNB-UE-X2AP-ID.c.o
[1398/4661] Compiling C object lib/asn1c/ngap/libogsasn1c-ngap-2.a.p/NGAP_SliceOverloadList.c.o
[1399/4661] Compiling C object lib/asn1c/ngap/libogsasn1c-ngap-2.a.p/NGAP_SliceSupportList.c.o
[1400/4661] Compiling C object lib/asn1c/ngap/libogsasn1c-ngap-2.a.p/NGAP_SharedNGU-MulticastTNLInformation.c.o
[1401/4661] Compiling C object lib/asn1c/ngap/libogsasn1c-ngap-2.a.p/NGAP_SliceSupportListQMC.c.o
[1402/4661] Compiling C object lib/asn1c/ngap/libogsasn1c-ngap-2.a.p/NGAP_SliceOverloadItem.c.o
[1403/4661] Compiling C object lib/asn1c/ngap/libogsasn1c-ngap-2.a.p/NGAP_SliceSupportItem.c.o
[1404/4661] Compiling C object lib/asn1c/ngap/libogsasn1c-ngap-2.a.p/NGAP_SliceSupportQMC-Item.c.o
[1405/4661] Compiling C object lib/asn1c/ngap/libogsasn1c-ngap-2.a.p/NGAP_SNPN-MobilityInformation.c.o
[1406/4661] Compiling C object lib/asn1c/ngap/libogsasn1c-ngap-2.a.p/NGAP_SONConfigurationTransfer.c.o
[1407/4661] Compiling C object lib/asn1c/ngap/libogsasn1c-ngap-2.a.p/NGAP_S-NSSAI.c.o
[1408/4661] Compiling C object lib/asn1c/ngap/libogsasn1c-ngap-2.a.p/NGAP_SONInformationReply.c.o
[1409/4661] Compiling C object lib/asn1c/ngap/libogsasn1c-ngap-2.a.p/NGAP_SONInformation.c.o
[1410/4661] Compiling C object lib/asn1c/ngap/libogsasn1c-ngap-2.a.p/NGAP_SNPNCellIdListforMDT.c.o
[1411/4661] Compiling C object lib/asn1c/ngap/libogsasn1c-ngap-2.a.p/NGAP_SNPN-CellBasedMDT.c.o
[1412/4661] Compiling C object lib/asn1c/ngap/libogsasn1c-ngap-2.a.p/NGAP_SONInformationReport.c.o
[1413/4661] Compiling C object lib/asn1c/ngap/libogsasn1c-ngap-2.a.p/NGAP_SNPNCellIdListforMDTItem.c.o
[1414/4661] Compiling C object lib/asn1c/ngap/libogsasn1c-ngap-2.a.p/NGAP_SNPNTAIListforMDT.c.o
[1415/4661] Compiling C object lib/asn1c/ngap/libogsasn1c-ngap-2.a.p/NGAP_SNPN-TAIBasedMDT.c.o
[1416/4661] Compiling C object lib/asn1c/ngap/libogsasn1c-ngap-2.a.p/NGAP_SNPNListforMDT.c.o
[1417/4661] Compiling C object lib/asn1c/ngap/libogsasn1c-ngap-2.a.p/NGAP_SNPNTAIListforMDTItem.c.o
[1418/4661] Compiling C object lib/asn1c/ngap/libogsasn1c-ngap-2.a.p/NGAP_SuccessfulHandoverReportList.c.o
[1419/4661] Compiling C object lib/asn1c/ngap/libogsasn1c-ngap-2.a.p/NGAP_SNPN-BasedMDT.c.o
[1420/4661] Compiling C object lib/asn1c/ngap/libogsasn1c-ngap-2.a.p/NGAP_SNPNListforMDTItem.c.o
[1421/4661] Compiling C object lib/asn1c/ngap/libogsasn1c-ngap-2.a.p/NGAP_SuccessfulPSCellChangeReportList.c.o
[1422/4661] Compiling C object lib/asn1c/ngap/libogsasn1c-ngap-2.a.p/NGAP_SuccessfulHandoverReport-Item.c.o
[1423/4661] Compiling C object lib/asn1c/ngap/libogsasn1c-ngap-2.a.p/NGAP_SONInformationRequest.c.o
[1424/4661] Compiling C object lib/asn1c/ngap/libogsasn1c-ngap-2.a.p/NGAP_SuccessfulPSCellChangeReport-Item.c.o
[1425/4661] Compiling C object lib/asn1c/ngap/libogsasn1c-ngap-2.a.p/NGAP_SourceNGRANNode-ToTargetNGRANNode-TransparentContainer.c.o
[1426/4661] Compiling C object lib/asn1c/ngap/libogsasn1c-ngap-2.a.p/NGAP_SourceOfUEActivityBehaviourInformation.c.o
[1427/4661] Compiling C object lib/asn1c/ngap/libogsasn1c-ngap-2.a.p/NGAP_SourceToTarget-TransparentContainer.c.o
[1428/4661] Compiling C object lib/asn1c/ngap/libogsasn1c-ngap-2.a.p/NGAP_SourceNodeID.c.o
[1429/4661] Compiling C object lib/asn1c/ngap/libogsasn1c-ngap-2.a.p/NGAP_SourceRANNodeID.c.o
[1430/4661] Compiling C object lib/asn1c/ngap/libogsasn1c-ngap-2.a.p/NGAP_SRVCCOperationPossible.c.o
[1431/4661] Compiling C object lib/asn1c/ngap/libogsasn1c-ngap-2.a.p/NGAP_SourceToTarget-AMFInformationReroute.c.o
[1432/4661] Compiling C object lib/asn1c/ngap/libogsasn1c-ngap-2.a.p/NGAP_ConfiguredNSSAI.c.o
[1433/4661] Compiling C object lib/asn1c/ngap/libogsasn1c-ngap-2.a.p/NGAP_RejectedNSSAIinPLMN.c.o
[1434/4661] Compiling C object lib/asn1c/ngap/libogsasn1c-ngap-2.a.p/NGAP_RejectedNSSAIinTA.c.o
[1435/4661] Compiling C object lib/asn1c/ngap/libogsasn1c-ngap-2.a.p/NGAP_SST.c.o
[1436/4661] Compiling C object lib/asn1c/ngap/libogsasn1c-ngap-2.a.p/NGAP_SupportedTAList.c.o
[1437/4661] Compiling C object lib/asn1c/ngap/libogsasn1c-ngap-2.a.p/NGAP_SuspendIndicator.c.o
[1438/4661] Compiling C object lib/asn1c/ngap/libogsasn1c-ngap-2.a.p/NGAP_SupportedTAItem.c.o
[1439/4661] Compiling C object lib/asn1c/ngap/libogsasn1c-ngap-2.a.p/NGAP_Suspend-Request-Indication.c.o
[1440/4661] Compiling C object lib/asn1c/ngap/libogsasn1c-ngap-2.a.p/NGAP_Suspend-Response-Indication.c.o
[1441/4661] Compiling C object lib/asn1c/ngap/libogsasn1c-ngap-2.a.p/NGAP_SurvivalTime.c.o
[1442/4661] Compiling C object lib/asn1c/ngap/libogsasn1c-ngap-2.a.p/NGAP_SLPositioningRangingAuthorized.c.o
[1443/4661] Compiling C object lib/asn1c/ngap/libogsasn1c-ngap-2.a.p/NGAP_SLPositioningRangingServiceInfo.c.o
[1444/4661] Compiling C object lib/asn1c/ngap/libogsasn1c-ngap-2.a.p/NGAP_TAC.c.o
[1445/4661] Compiling C object lib/asn1c/ngap/libogsasn1c-ngap-2.a.p/NGAP_SCGActivationTime.c.o
[1446/4661] Compiling C object lib/asn1c/ngap/libogsasn1c-ngap-2.a.p/NGAP_TACListInNRNTN.c.o
[1447/4661] Compiling C object lib/asn1c/ngap/libogsasn1c-ngap-2.a.p/NGAP_SLPositioningRangingQoSParameters.c.o
[1448/4661] Compiling C object lib/asn1c/ngap/libogsasn1c-ngap-2.a.p/NGAP_TAI.c.o
[1449/4661] Compiling C object lib/asn1c/ngap/libogsasn1c-ngap-2.a.p/NGAP_TAIBroadcastEUTRA.c.o
[1450/4661] Compiling C object lib/asn1c/ngap/libogsasn1c-ngap-2.a.p/NGAP_TAIBroadcastNR.c.o
[1451/4661] Compiling C object lib/asn1c/ngap/libogsasn1c-ngap-2.a.p/NGAP_TAICancelledEUTRA.c.o
[1452/4661] Compiling C object lib/asn1c/ngap/libogsasn1c-ngap-2.a.p/NGAP_TAIBroadcastEUTRA-Item.c.o
[1453/4661] Compiling C object lib/asn1c/ngap/libogsasn1c-ngap-2.a.p/NGAP_TAIBroadcastNR-Item.c.o
[1454/4661] Compiling C object lib/asn1c/ngap/libogsasn1c-ngap-2.a.p/NGAP_TAICancelledNR.c.o
[1455/4661] Compiling C object lib/asn1c/ngap/libogsasn1c-ngap-2.a.p/NGAP_TAIListForInactive.c.o
[1456/4661] Compiling C object lib/asn1c/ngap/libogsasn1c-ngap-2.a.p/NGAP_TAICancelledEUTRA-Item.c.o
[1457/4661] Compiling C object lib/asn1c/ngap/libogsasn1c-ngap-2.a.p/NGAP_TAIListForPaging.c.o
[1458/4661] Compiling C object lib/asn1c/ngap/libogsasn1c-ngap-2.a.p/NGAP_TAICancelledNR-Item.c.o
[1459/4661] Compiling C object lib/asn1c/ngap/libogsasn1c-ngap-2.a.p/NGAP_TAIListForInactiveItem.c.o
[1460/4661] Compiling C object lib/asn1c/ngap/libogsasn1c-ngap-2.a.p/NGAP_TAIListForWarning.c.o
[1461/4661] Compiling C object lib/asn1c/ngap/libogsasn1c-ngap-2.a.p/NGAP_TAIListForRestart.c.o
[1462/4661] Compiling C object lib/asn1c/ngap/libogsasn1c-ngap-2.a.p/NGAP_TAINSAGSupportList.c.o
[1463/4661] Compiling C object lib/asn1c/ngap/libogsasn1c-ngap-2.a.p/NGAP_TAIListForPagingItem.c.o
[1464/4661] Compiling C object lib/asn1c/ngap/libogsasn1c-ngap-2.a.p/NGAP_TAINSAGSupportItem.c.o
[1465/4661] Compiling C object lib/asn1c/ngap/libogsasn1c-ngap-2.a.p/NGAP_TAIMBSSupportItem.c.o
[1466/4661] Compiling C object lib/asn1c/ngap/libogsasn1c-ngap-2.a.p/NGAP_TAIMBSSupportList.c.o
[1467/4661] Compiling C object lib/asn1c/ngap/libogsasn1c-ngap-2.a.p/NGAP_TargeteNB-ID.c.o
[1468/4661] Compiling C object lib/asn1c/ngap/libogsasn1c-ngap-2.a.p/NGAP_TargetHomeENB-ID.c.o
[1469/4661] Compiling C object lib/asn1c/ngap/libogsasn1c-ngap-2.a.p/NGAP_TargetNGRANNode-ToSourceNGRANNode-TransparentContainer.c.o
[1470/4661] Compiling C object lib/asn1c/ngap/libogsasn1c-ngap-2.a.p/NGAP_TargetNSSAI.c.o
[1471/4661] Compiling C object lib/asn1c/ngap/libogsasn1c-ngap-2.a.p/NGAP_TargetID.c.o
[1472/4661] Compiling C object lib/asn1c/ngap/libogsasn1c-ngap-2.a.p/NGAP_TargetNGRANNode-ToSourceNGRANNode-FailureTransparentContainer.c.o
[1473/4661] Compiling C object lib/asn1c/ngap/libogsasn1c-ngap-2.a.p/NGAP_TargetNSSAI-Item.c.o
[1474/4661] Compiling C object lib/asn1c/ngap/libogsasn1c-ngap-2.a.p/NGAP_TargetNSSAIInformation.c.o
[1475/4661] Compiling C object lib/asn1c/ngap/libogsasn1c-ngap-2.a.p/NGAP_TargetRANNodeID-RIM.c.o
[1476/4661] Compiling C object lib/asn1c/ngap/libogsasn1c-ngap-2.a.p/NGAP_TargetRANNodeID.c.o
[1477/4661] Compiling C object lib/asn1c/ngap/libogsasn1c-ngap-2.a.p/NGAP_TargetRANNodeID-SON.c.o
[1478/4661] Compiling C object lib/asn1c/ngap/libogsasn1c-ngap-2.a.p/NGAP_TargetRNC-ID.c.o
[1479/4661] Compiling C object lib/asn1c/ngap/libogsasn1c-ngap-2.a.p/NGAP_TargetToSource-TransparentContainer.c.o
[1480/4661] Compiling C object lib/asn1c/ngap/libogsasn1c-ngap-2.a.p/NGAP_TargettoSource-Failure-TransparentContainer.c.o
[1481/4661] Compiling C object lib/asn1c/ngap/libogsasn1c-ngap-2.a.p/NGAP_HandoverWindowStart.c.o
[1482/4661] Compiling C object lib/asn1c/ngap/libogsasn1c-ngap-2.a.p/NGAP_HandoverWindowDuration.c.o
[1483/4661] Compiling C object lib/asn1c/ngap/libogsasn1c-ngap-2.a.p/NGAP_TimerApproachForGUAMIRemoval.c.o
[1484/4661] Compiling C object lib/asn1c/ngap/libogsasn1c-ngap-2.a.p/NGAP_TimeBasedHandoverInformation.c.o
[1485/4661] Compiling C object lib/asn1c/ngap/libogsasn1c-ngap-2.a.p/NGAP_TimeSinceFailure.c.o
[1486/4661] Compiling C object lib/asn1c/ngap/libogsasn1c-ngap-2.a.p/NGAP_TimeStamp.c.o
[1487/4661] Compiling C object lib/asn1c/ngap/libogsasn1c-ngap-2.a.p/NGAP_TimeToWait.c.o
[1488/4661] Compiling C object lib/asn1c/ngap/libogsasn1c-ngap-2.a.p/NGAP_TimeUEStayedInCell.c.o
[1489/4661] Compiling C object lib/asn1c/ngap/libogsasn1c-ngap-2.a.p/NGAP_TimeUEStayedInCellEnhancedGranularity.c.o
[1490/4661] Compiling C object lib/asn1c/ngap/libogsasn1c-ngap-2.a.p/NGAP_TNAP-ID.c.o
[1491/4661] Compiling C object lib/asn1c/ngap/libogsasn1c-ngap-2.a.p/NGAP_TimeSyncAssistanceInfo.c.o
[1492/4661] Compiling C object lib/asn1c/ngap/libogsasn1c-ngap-2.a.p/NGAP_TMGI.c.o
[1493/4661] Compiling C object lib/asn1c/ngap/libogsasn1c-ngap-2.a.p/NGAP_TNLAddressWeightFactor.c.o
[1494/4661] Compiling C object lib/asn1c/ngap/libogsasn1c-ngap-2.a.p/NGAP_TNLAssociationList.c.o
[1495/4661] Compiling C object lib/asn1c/ngap/libogsasn1c-ngap-2.a.p/NGAP_TNLAssociationUsage.c.o
[1496/4661] Compiling C object lib/asn1c/ngap/libogsasn1c-ngap-2.a.p/NGAP_TooearlyIntersystemHO.c.o
[1497/4661] Compiling C object lib/asn1c/ngap/libogsasn1c-ngap-2.a.p/NGAP_TNLAssociationItem.c.o
[1498/4661] Compiling C object lib/asn1c/ngap/libogsasn1c-ngap-2.a.p/NGAP_TNGF-ID.c.o
[1499/4661] Compiling C object lib/asn1c/ngap/libogsasn1c-ngap-2.a.p/NGAP_TraceDepth.c.o
[1500/4661] Compiling C object lib/asn1c/ngap/libogsasn1c-ngap-2.a.p/NGAP_TrafficLoadReductionIndication.c.o
[1501/4661] Compiling C object lib/asn1c/ngap/libogsasn1c-ngap-2.a.p/NGAP_TraceActivation.c.o
[1502/4661] Compiling C object lib/asn1c/ngap/libogsasn1c-ngap-2.a.p/NGAP_TransportLayerAddress.c.o
[1503/4661] Compiling C object lib/asn1c/ngap/libogsasn1c-ngap-2.a.p/NGAP_TypeOfError.c.o
[1504/4661] Compiling C object lib/asn1c/ngap/libogsasn1c-ngap-2.a.p/NGAP_TAIListforMDT.c.o
[1505/4661] Compiling C object lib/asn1c/ngap/libogsasn1c-ngap-2.a.p/NGAP_TAIBasedMDT.c.o
[1506/4661] Compiling C object lib/asn1c/ngap/libogsasn1c-ngap-2.a.p/NGAP_TAIListforQMC.c.o
[1507/4661] Compiling C object lib/asn1c/ngap/libogsasn1c-ngap-2.a.p/NGAP_TAListforQMC.c.o
[1508/4661] Compiling C object lib/asn1c/ngap/libogsasn1c-ngap-2.a.p/NGAP_TAIBasedQMC.c.o
[1509/4661] Compiling C object lib/asn1c/ngap/libogsasn1c-ngap-2.a.p/NGAP_TABasedQMC.c.o
[1510/4661] Compiling C object lib/asn1c/ngap/libogsasn1c-ngap-2.a.p/NGAP_TAListforMDT.c.o
[1511/4661] Compiling C object lib/asn1c/ngap/libogsasn1c-ngap-2.a.p/NGAP_TABasedMDT.c.o
[1512/4661] Compiling C object lib/asn1c/ngap/libogsasn1c-ngap-2.a.p/NGAP_Threshold-RSRP.c.o
[1513/4661] Compiling C object lib/asn1c/ngap/libogsasn1c-ngap-2.a.p/NGAP_Threshold-SINR.c.o
[1514/4661] Compiling C object lib/asn1c/ngap/libogsasn1c-ngap-2.a.p/NGAP_Threshold-RSRQ.c.o
[1515/4661] Compiling C object lib/asn1c/ngap/libogsasn1c-ngap-2.a.p/NGAP_TimeToTrigger.c.o
[1516/4661] Compiling C object lib/asn1c/ngap/libogsasn1c-ngap-3.a.p/NGAP_TLContainer.c.o
[1517/4661] Compiling C object lib/asn1c/ngap/libogsasn1c-ngap-3.a.p/NGAP_TWAP-ID.c.o
[1518/4661] Compiling C object lib/asn1c/ngap/libogsasn1c-ngap-3.a.p/NGAP_TSCTrafficCharacteristics.c.o
[1519/4661] Compiling C object lib/asn1c/ngap/libogsasn1c-ngap-3.a.p/NGAP_TSCAssistanceInformation.c.o
[1520/4661] Compiling C object lib/asn1c/ngap/libogsasn1c-ngap-3.a.p/NGAP_TWIF-ID.c.o
[1521/4661] Linking static target lib/asn1c/ngap/libogsasn1c-ngap-2.a
[1522/4661] Compiling C object lib/asn1c/ngap/libogsasn1c-ngap-3.a.p/NGAP_TSCTrafficCharacteristicsFeedback.c.o
[1523/4661] Compiling C object lib/asn1c/ngap/libogsasn1c-ngap-3.a.p/NGAP_TSCFeedbackInformation.c.o
[1524/4661] Compiling C object lib/asn1c/ngap/libogsasn1c-ngap-3.a.p/NGAP_UEAppLayerMeasInfoList.c.o
[1525/4661] Compiling C object lib/asn1c/ngap/libogsasn1c-ngap-3.a.p/NGAP_UEAggregateMaximumBitRate.c.o
[1526/4661] Compiling C object lib/asn1c/ngap/libogsasn1c-ngap-3.a.p/NGAP_UE-associatedLogicalNG-connectionList.c.o
[1527/4661] Compiling C object lib/asn1c/ngap/libogsasn1c-ngap-3.a.p/NGAP_UEAppLayerMeasInfoItem.c.o
[1528/4661] Compiling C object lib/asn1c/ngap/libogsasn1c-ngap-3.a.p/NGAP_UECapabilityInfoRequest.c.o
[1529/4661] Compiling C object lib/asn1c/ngap/libogsasn1c-ngap-3.a.p/NGAP_UE-associatedLogicalNG-connectionItem.c.o
[1530/4661] Compiling C object lib/asn1c/ngap/libogsasn1c-ngap-3.a.p/NGAP_UEAppLayerMeasConfigInfo.c.o
[1531/4661] Compiling C object lib/asn1c/ngap/libogsasn1c-ngap-3.a.p/NGAP_UEContextRequest.c.o
[1532/4661] Compiling C object lib/asn1c/ngap/libogsasn1c-ngap-3.a.p/NGAP_UEContextResumeRequestTransfer.c.o
[1533/4661] Compiling C object lib/asn1c/ngap/libogsasn1c-ngap-3.a.p/NGAP_UEContextResumeResponseTransfer.c.o
[1534/4661] Compiling C object lib/asn1c/ngap/libogsasn1c-ngap-3.a.p/NGAP_UEContextSuspendRequestTransfer.c.o
[1535/4661] Compiling C object lib/asn1c/ngap/libogsasn1c-ngap-3.a.p/NGAP_UEHistoryInformation.c.o
[1536/4661] Compiling C object lib/asn1c/ngap/libogsasn1c-ngap-3.a.p/NGAP_UE-DifferentiationInfo.c.o
[1537/4661] Compiling C object lib/asn1c/ngap/libogsasn1c-ngap-3.a.p/NGAP_UEHistoryInformationFromTheUE.c.o
[1538/4661] Compiling C object lib/asn1c/ngap/libogsasn1c-ngap-3.a.p/NGAP_UEPresence.c.o
[1539/4661] Compiling C object lib/asn1c/ngap/libogsasn1c-ngap-3.a.p/NGAP_UE-NGAP-ID-pair.c.o
[1540/4661] Compiling C object lib/asn1c/ngap/libogsasn1c-ngap-3.a.p/NGAP_UEIdentityIndexValue.c.o
[1541/4661] Compiling C object lib/asn1c/ngap/libogsasn1c-ngap-3.a.p/NGAP_UE-NGAP-IDs.c.o
[1542/4661] Compiling C object lib/asn1c/ngap/libogsasn1c-ngap-3.a.p/NGAP_UEPagingIdentity.c.o
[1543/4661] Compiling C object lib/asn1c/ngap/libogsasn1c-ngap-3.a.p/NGAP_UEPresenceInAreaOfInterestList.c.o
[1544/4661] Compiling C object lib/asn1c/ngap/libogsasn1c-ngap-3.a.p/NGAP_UERadioCapability.c.o
[1545/4661] Compiling C object lib/asn1c/ngap/libogsasn1c-ngap-3.a.p/NGAP_UERadioCapabilityForPagingOfNB-IoT.c.o
[1546/4661] Compiling C object lib/asn1c/ngap/libogsasn1c-ngap-3.a.p/NGAP_UEPresenceInAreaOfInterestItem.c.o
[1547/4661] Compiling C object lib/asn1c/ngap/libogsasn1c-ngap-3.a.p/NGAP_UERadioCapabilityForPagingOfNR.c.o
[1548/4661] Compiling C object lib/asn1c/ngap/libogsasn1c-ngap-3.a.p/NGAP_UERadioCapabilityForPagingOfEUTRA.c.o
[1549/4661] Compiling C object lib/asn1c/ngap/libogsasn1c-ngap-3.a.p/NGAP_UERadioCapabilityForPaging.c.o
[1550/4661] Compiling C object lib/asn1c/ngap/libogsasn1c-ngap-3.a.p/NGAP_UERadioCapabilityID.c.o
[1551/4661] Compiling C object lib/asn1c/ngap/libogsasn1c-ngap-3.a.p/NGAP_UERetentionInformation.c.o
[1552/4661] Compiling C object lib/asn1c/ngap/libogsasn1c-ngap-3.a.p/NGAP_UESliceMaximumBitRateList.c.o
[1553/4661] Compiling C object lib/asn1c/ngap/libogsasn1c-ngap-3.a.p/NGAP_UESecurityCapabilities.c.o
[1554/4661] Compiling C object lib/asn1c/ngap/libogsasn1c-ngap-3.a.p/NGAP_UESliceMaximumBitRateItem.c.o
[1555/4661] Compiling C object lib/asn1c/ngap/libogsasn1c-ngap-3.a.p/NGAP_UE-UP-CIoT-Support.c.o
[1556/4661] Compiling C object lib/asn1c/ngap/libogsasn1c-ngap-3.a.p/NGAP_UERLFReportContainer.c.o
[1557/4661] Compiling C object lib/asn1c/ngap/libogsasn1c-ngap-3.a.p/NGAP_UL-NAS-MAC.c.o
[1558/4661] Compiling C object lib/asn1c/ngap/libogsasn1c-ngap-3.a.p/NGAP_UL-CP-SecurityInformation.c.o
[1559/4661] Compiling C object lib/asn1c/ngap/libogsasn1c-ngap-3.a.p/NGAP_UL-NAS-Count.c.o
[1560/4661] Compiling C object lib/asn1c/ngap/libogsasn1c-ngap-3.a.p/NGAP_UL-NGU-UP-TNLModifyList.c.o
[1561/4661] Compiling C object lib/asn1c/ngap/libogsasn1c-ngap-3.a.p/NGAP_UnavailableGUAMIList.c.o
[1562/4661] Compiling C object lib/asn1c/ngap/libogsasn1c-ngap-3.a.p/NGAP_UL-NGU-UP-TNLModifyItem.c.o
[1563/4661] Compiling C object lib/asn1c/ngap/libogsasn1c-ngap-3.a.p/NGAP_ULForwarding.c.o
[1564/4661] Compiling C object lib/asn1c/ngap/libogsasn1c-ngap-3.a.p/NGAP_UpdateFeedback.c.o
[1565/4661] Compiling C object lib/asn1c/ngap/libogsasn1c-ngap-3.a.p/NGAP_UnavailableGUAMIItem.c.o
[1566/4661] Compiling C object lib/asn1c/ngap/libogsasn1c-ngap-3.a.p/NGAP_UPTransportLayerInformationList.c.o
[1567/4661] Compiling C object lib/asn1c/ngap/libogsasn1c-ngap-3.a.p/NGAP_UPTransportLayerInformation.c.o
[1568/4661] Compiling C object lib/asn1c/ngap/libogsasn1c-ngap-3.a.p/NGAP_UPTransportLayerInformationPairList.c.o
[1569/4661] Compiling C object lib/asn1c/ngap/libogsasn1c-ngap-3.a.p/NGAP_UPTransportLayerInformationItem.c.o
[1570/4661] Compiling C object lib/asn1c/ngap/libogsasn1c-ngap-3.a.p/NGAP_UPTransportLayerInformationPairItem.c.o
[1571/4661] Compiling C object lib/asn1c/ngap/libogsasn1c-ngap-3.a.p/NGAP_URI-address.c.o
[1572/4661] Compiling C object lib/asn1c/ngap/libogsasn1c-ngap-3.a.p/NGAP_UserLocationInformationEUTRA.c.o
[1573/4661] Compiling C object lib/asn1c/ngap/libogsasn1c-ngap-3.a.p/NGAP_UserLocationInformationN3IWF-with-PortNumber.c.o
[1574/4661] Compiling C object lib/asn1c/ngap/libogsasn1c-ngap-3.a.p/NGAP_UserLocationInformation.c.o
[1575/4661] Compiling C object lib/asn1c/ngap/libogsasn1c-ngap-3.a.p/NGAP_UserLocationInformationN3IWF-without-PortNumber.c.o
[1576/4661] Compiling C object lib/asn1c/ngap/libogsasn1c-ngap-3.a.p/NGAP_UserLocationInformationTNGF.c.o
[1577/4661] Compiling C object lib/asn1c/ngap/libogsasn1c-ngap-3.a.p/NGAP_UserLocationInformationTWIF.c.o
[1578/4661] Compiling C object lib/asn1c/ngap/libogsasn1c-ngap-3.a.p/NGAP_Altitude.c.o
[1579/4661] Compiling C object lib/asn1c/ngap/libogsasn1c-ngap-3.a.p/NGAP_UserLocationInformationNR.c.o
[1580/4661] Compiling C object lib/asn1c/ngap/libogsasn1c-ngap-3.a.p/NGAP_AerialUEReportingPeriodicity.c.o
[1581/4661] Compiling C object lib/asn1c/ngap/libogsasn1c-ngap-3.a.p/NGAP_Aerial-UE-FlightInformationReporting.c.o
[1582/4661] Compiling C object lib/asn1c/ngap/libogsasn1c-ngap-3.a.p/NGAP_UserLocationInformationW-AGF.c.o
[1583/4661] Compiling C object lib/asn1c/ngap/libogsasn1c-ngap-3.a.p/NGAP_UserPlaneFailureIndication.c.o
[1584/4661] Compiling C object lib/asn1c/ngap/libogsasn1c-ngap-3.a.p/NGAP_UserPlaneFailureType.c.o
[1585/4661] Compiling C object lib/asn1c/ngap/libogsasn1c-ngap-3.a.p/NGAP_UserPlaneFailureIndicationReport.c.o
[1586/4661] Compiling C object lib/asn1c/ngap/libogsasn1c-ngap-3.a.p/NGAP_VolumeTimedReportList.c.o
[1587/4661] Compiling C object lib/asn1c/ngap/libogsasn1c-ngap-3.a.p/NGAP_UserPlaneSecurityInformation.c.o
[1588/4661] Compiling C object lib/asn1c/ngap/libogsasn1c-ngap-3.a.p/NGAP_WarningAreaCoordinates.c.o
[1589/4661] Compiling C object lib/asn1c/ngap/libogsasn1c-ngap-3.a.p/NGAP_VolumeTimedReport-Item.c.o
[1590/4661] Compiling C object lib/asn1c/ngap/libogsasn1c-ngap-3.a.p/NGAP_WarningMessageContents.c.o
[1591/4661] Compiling C object lib/asn1c/ngap/libogsasn1c-ngap-3.a.p/NGAP_W-AGF-ID.c.o
[1592/4661] Compiling C object lib/asn1c/ngap/libogsasn1c-ngap-3.a.p/NGAP_WarningSecurityInfo.c.o
[1593/4661] Compiling C object lib/asn1c/ngap/libogsasn1c-ngap-3.a.p/NGAP_WarningAreaList.c.o
[1594/4661] Compiling C object lib/asn1c/ngap/libogsasn1c-ngap-3.a.p/NGAP_WarningType.c.o
[1595/4661] Compiling C object lib/asn1c/ngap/libogsasn1c-ngap-3.a.p/NGAP_WLANMeasConfigNameList.c.o
[1596/4661] Compiling C object lib/asn1c/ngap/libogsasn1c-ngap-3.a.p/NGAP_WLANMeasurementConfiguration.c.o
[1597/4661] Compiling C object lib/asn1c/ngap/libogsasn1c-ngap-3.a.p/NGAP_WLANMeasConfig.c.o
[1598/4661] Compiling C object lib/asn1c/ngap/libogsasn1c-ngap-3.a.p/NGAP_WLANName.c.o
[1599/4661] Compiling C object lib/asn1c/ngap/libogsasn1c-ngap-3.a.p/NGAP_WLANMeasConfigNameItem.c.o
[1600/4661] Compiling C object lib/asn1c/ngap/libogsasn1c-ngap-3.a.p/NGAP_XnExtTLAs.c.o
[1601/4661] Compiling C object lib/asn1c/ngap/libogsasn1c-ngap-3.a.p/NGAP_WUS-Assistance-Information.c.o
[1602/4661] Compiling C object lib/asn1c/ngap/libogsasn1c-ngap-3.a.p/NGAP_XnGTP-TLAs.c.o
[1603/4661] Compiling C object lib/asn1c/ngap/libogsasn1c-ngap-3.a.p/NGAP_XnTLAs.c.o
[1604/4661] Compiling C object lib/asn1c/ngap/libogsasn1c-ngap-3.a.p/NGAP_XnExtTLA-Item.c.o
[1605/4661] Compiling C object lib/asn1c/ngap/libogsasn1c-ngap-3.a.p/NGAP_XrDeviceWith2Rx.c.o
[1606/4661] Compiling C object lib/asn1c/ngap/libogsasn1c-ngap-3.a.p/NGAP_XnTNLConfigurationInfo.c.o
[1607/4661] Compiling C object lib/asn1c/ngap/libogsasn1c-ngap-3.a.p/NGAP_Presence.c.o
[1608/4661] Compiling C object lib/asn1c/ngap/libogsasn1c-ngap-3.a.p/NGAP_Criticality.c.o
[1609/4661] Compiling C object lib/asn1c/ngap/libogsasn1c-ngap-3.a.p/NGAP_PrivateIE-ID.c.o
[1610/4661] Compiling C object lib/asn1c/ngap/libogsasn1c-ngap-3.a.p/NGAP_ProcedureCode.c.o
[1611/4661] Compiling C object lib/asn1c/ngap/libogsasn1c-ngap-3.a.p/NGAP_ProtocolExtensionID.c.o
[1612/4661] Compiling C object lib/asn1c/ngap/libogsasn1c-ngap-3.a.p/NGAP_ProtocolIE-ID.c.o
[1613/4661] Compiling C object lib/asn1c/ngap/libogsasn1c-ngap-3.a.p/NGAP_TriggeringMessage.c.o
[1614/4661] Compiling C object lib/asn1c/ngap/libogsasn1c-ngap-3.a.p/NGAP_ProtocolIE-ContainerList.c.o
[1615/4661] Compiling C object lib/asn1c/ngap/libogsasn1c-ngap-3.a.p/NGAP_ProtocolIE-SingleContainer.c.o
[1616/4661] Compiling C object lib/asn1c/ngap/libogsasn1c-ngap-3.a.p/NGAP_ProtocolIE-Container.c.o
[1617/4661] Compiling C object lib/asn1c/ngap/libogsasn1c-ngap-3.a.p/NGAP_PrivateIE-Container.c.o
[1618/4661] Compiling C object lib/asn1c/ngap/libogsasn1c-ngap-3.a.p/NGAP_PrivateIE-Field.c.o
[1619/4661] Compiling C object lib/asn1c/ngap/libogsasn1c-ngap-3.a.p/NGAP_EXTERNAL.c.o
[1620/4661] Compiling C object lib/asn1c/s1ap/libogsasn1c-s1ap-0.a.p/S1AP_S1AP-PDU.c.o
[1621/4661] Compiling C object lib/asn1c/s1ap/libogsasn1c-s1ap-0.a.p/S1AP_InitiatingMessage.c.o
[1622/4661] Compiling C object lib/asn1c/ngap/libogsasn1c-ngap-3.a.p/NGAP_ProtocolExtensionContainer.c.o
[1623/4661] Compiling C object lib/asn1c/s1ap/libogsasn1c-s1ap-0.a.p/S1AP_SuccessfulOutcome.c.o
[1624/4661] Compiling C object lib/asn1c/s1ap/libogsasn1c-s1ap-0.a.p/S1AP_UnsuccessfulOutcome.c.o
[1625/4661] Compiling C object lib/asn1c/s1ap/libogsasn1c-s1ap-0.a.p/S1AP_E-RAB-IE-ContainerList.c.o
[1626/4661] Compiling C object lib/asn1c/s1ap/libogsasn1c-s1ap-0.a.p/S1AP_HandoverRequired.c.o
[1627/4661] Compiling C object lib/asn1c/s1ap/libogsasn1c-s1ap-0.a.p/S1AP_HandoverCommand.c.o
[1628/4661] Compiling C object lib/asn1c/s1ap/libogsasn1c-s1ap-0.a.p/S1AP_E-RABSubjecttoDataForwardingList.c.o
[1629/4661] Compiling C object lib/asn1c/s1ap/libogsasn1c-s1ap-0.a.p/S1AP_HandoverPreparationFailure.c.o
[1630/4661] Compiling C object lib/asn1c/s1ap/libogsasn1c-s1ap-0.a.p/S1AP_E-RABDataForwardingItem.c.o
[1631/4661] Compiling C object lib/asn1c/s1ap/libogsasn1c-s1ap-0.a.p/S1AP_HandoverRequest.c.o
[1632/4661] Compiling C object lib/asn1c/s1ap/libogsasn1c-s1ap-0.a.p/S1AP_E-RABToBeSetupListHOReq.c.o
[1633/4661] Compiling C object lib/asn1c/s1ap/libogsasn1c-s1ap-0.a.p/S1AP_E-RABAdmittedList.c.o
[1634/4661] Compiling C object lib/asn1c/s1ap/libogsasn1c-s1ap-0.a.p/S1AP_HandoverRequestAcknowledge.c.o
[1635/4661] Compiling C object lib/asn1c/s1ap/libogsasn1c-s1ap-0.a.p/S1AP_E-RABToBeSetupItemHOReq.c.o
[1636/4661] Compiling C object lib/asn1c/s1ap/libogsasn1c-s1ap-0.a.p/S1AP_E-RABAdmittedItem.c.o
[1637/4661] Compiling C object lib/asn1c/s1ap/libogsasn1c-s1ap-0.a.p/S1AP_E-RABFailedtoSetupListHOReqAck.c.o
[1638/4661] Compiling C object lib/asn1c/s1ap/libogsasn1c-s1ap-0.a.p/S1AP_HandoverFailure.c.o
[1639/4661] Compiling C object lib/asn1c/s1ap/libogsasn1c-s1ap-0.a.p/S1AP_E-RABFailedToSetupItemHOReqAck.c.o
[1640/4661] Compiling C object lib/asn1c/s1ap/libogsasn1c-s1ap-0.a.p/S1AP_HandoverNotify.c.o
[1641/4661] Compiling C object lib/asn1c/s1ap/libogsasn1c-s1ap-0.a.p/S1AP_PathSwitchRequest.c.o
[1642/4661] Compiling C object lib/asn1c/s1ap/libogsasn1c-s1ap-0.a.p/S1AP_E-RABToBeSwitchedDLList.c.o
[1643/4661] Compiling C object lib/asn1c/s1ap/libogsasn1c-s1ap-0.a.p/S1AP_E-RABToBeSwitchedDLItem.c.o
[1644/4661] Compiling C object lib/asn1c/s1ap/libogsasn1c-s1ap-0.a.p/S1AP_PathSwitchRequestAcknowledge.c.o
[1645/4661] Compiling C object lib/asn1c/s1ap/libogsasn1c-s1ap-0.a.p/S1AP_E-RABToBeSwitchedULList.c.o
[1646/4661] Compiling C object lib/asn1c/s1ap/libogsasn1c-s1ap-0.a.p/S1AP_E-RABToBeSwitchedULItem.c.o
[1647/4661] Compiling C object lib/asn1c/s1ap/libogsasn1c-s1ap-0.a.p/S1AP_E-RABToBeUpdatedList.c.o
[1648/4661] Compiling C object lib/asn1c/s1ap/libogsasn1c-s1ap-0.a.p/S1AP_PathSwitchRequestFailure.c.o
[1649/4661] Compiling C object lib/asn1c/s1ap/libogsasn1c-s1ap-0.a.p/S1AP_E-RABToBeUpdatedItem.c.o
[1650/4661] Compiling C object lib/asn1c/s1ap/libogsasn1c-s1ap-0.a.p/S1AP_HandoverCancel.c.o
[1651/4661] Compiling C object lib/asn1c/s1ap/libogsasn1c-s1ap-0.a.p/S1AP_HandoverCancelAcknowledge.c.o
[1652/4661] Compiling C object lib/asn1c/s1ap/libogsasn1c-s1ap-0.a.p/S1AP_HandoverSuccess.c.o
[1653/4661] Compiling C object lib/asn1c/s1ap/libogsasn1c-s1ap-0.a.p/S1AP_ENBEarlyStatusTransfer.c.o
[1654/4661] Compiling C object lib/asn1c/s1ap/libogsasn1c-s1ap-0.a.p/S1AP_MMEEarlyStatusTransfer.c.o
[1655/4661] Compiling C object lib/asn1c/s1ap/libogsasn1c-s1ap-0.a.p/S1AP_E-RABSetupRequest.c.o
[1656/4661] Compiling C object lib/asn1c/s1ap/libogsasn1c-s1ap-0.a.p/S1AP_E-RABToBeSetupItemBearerSUReq.c.o
[1657/4661] Compiling C object lib/asn1c/s1ap/libogsasn1c-s1ap-0.a.p/S1AP_E-RABSetupResponse.c.o
[1658/4661] Compiling C object lib/asn1c/s1ap/libogsasn1c-s1ap-0.a.p/S1AP_E-RABToBeSetupListBearerSUReq.c.o
[1659/4661] Compiling C object lib/asn1c/s1ap/libogsasn1c-s1ap-0.a.p/S1AP_E-RABSetupListBearerSURes.c.o
[1660/4661] Compiling C object lib/asn1c/s1ap/libogsasn1c-s1ap-0.a.p/S1AP_E-RABSetupItemBearerSURes.c.o
[1661/4661] Compiling C object lib/asn1c/s1ap/libogsasn1c-s1ap-0.a.p/S1AP_E-RABModifyRequest.c.o
[1662/4661] Compiling C object lib/asn1c/s1ap/libogsasn1c-s1ap-0.a.p/S1AP_E-RABModifyResponse.c.o
[1663/4661] Compiling C object lib/asn1c/s1ap/libogsasn1c-s1ap-0.a.p/S1AP_E-RABToBeModifiedListBearerModReq.c.o
[1664/4661] Compiling C object lib/asn1c/s1ap/libogsasn1c-s1ap-0.a.p/S1AP_E-RABToBeModifiedItemBearerModReq.c.o
[1665/4661] Compiling C object lib/asn1c/s1ap/libogsasn1c-s1ap-0.a.p/S1AP_E-RABModifyListBearerModRes.c.o
[1666/4661] Compiling C object lib/asn1c/s1ap/libogsasn1c-s1ap-0.a.p/S1AP_E-RABReleaseCommand.c.o
[1667/4661] Compiling C object lib/asn1c/s1ap/libogsasn1c-s1ap-0.a.p/S1AP_E-RABReleaseResponse.c.o
[1668/4661] Compiling C object lib/asn1c/s1ap/libogsasn1c-s1ap-0.a.p/S1AP_E-RABModifyItemBearerModRes.c.o
[1669/4661] Compiling C object lib/asn1c/s1ap/libogsasn1c-s1ap-0.a.p/S1AP_E-RABReleaseIndication.c.o
[1670/4661] Compiling C object lib/asn1c/s1ap/libogsasn1c-s1ap-0.a.p/S1AP_InitialContextSetupRequest.c.o
[1671/4661] Compiling C object lib/asn1c/s1ap/libogsasn1c-s1ap-0.a.p/S1AP_E-RABReleaseItemBearerRelComp.c.o
[1672/4661] Compiling C object lib/asn1c/s1ap/libogsasn1c-s1ap-0.a.p/S1AP_E-RABReleaseListBearerRelComp.c.o
[1673/4661] Compiling C object lib/asn1c/s1ap/libogsasn1c-s1ap-0.a.p/S1AP_InitialContextSetupResponse.c.o
[1674/4661] Compiling C object lib/asn1c/s1ap/libogsasn1c-s1ap-0.a.p/S1AP_E-RABToBeSetupItemCtxtSUReq.c.o
[1675/4661] Compiling C object lib/asn1c/s1ap/libogsasn1c-s1ap-0.a.p/S1AP_E-RABToBeSetupListCtxtSUReq.c.o
[1676/4661] Compiling C object lib/asn1c/s1ap/libogsasn1c-s1ap-0.a.p/S1AP_E-RABSetupListCtxtSURes.c.o
[1677/4661] Compiling C object lib/asn1c/s1ap/libogsasn1c-s1ap-0.a.p/S1AP_InitialContextSetupFailure.c.o
[1678/4661] Compiling C object lib/asn1c/s1ap/libogsasn1c-s1ap-0.a.p/S1AP_E-RABSetupItemCtxtSURes.c.o
[1679/4661] Compiling C object lib/asn1c/s1ap/libogsasn1c-s1ap-0.a.p/S1AP_Paging.c.o
[1680/4661] Compiling C object lib/asn1c/s1ap/libogsasn1c-s1ap-0.a.p/S1AP_TAIItem.c.o
[1681/4661] Compiling C object lib/asn1c/s1ap/libogsasn1c-s1ap-0.a.p/S1AP_UEContextReleaseRequest.c.o
[1682/4661] Compiling C object lib/asn1c/s1ap/libogsasn1c-s1ap-0.a.p/S1AP_TAIList.c.o
[1683/4661] Compiling C object lib/asn1c/s1ap/libogsasn1c-s1ap-0.a.p/S1AP_UEContextReleaseCommand.c.o
[1684/4661] Compiling C object lib/asn1c/s1ap/libogsasn1c-s1ap-0.a.p/S1AP_UEContextReleaseComplete.c.o
[1685/4661] Compiling C object lib/asn1c/s1ap/libogsasn1c-s1ap-0.a.p/S1AP_UEContextModificationRequest.c.o
[1686/4661] Compiling C object lib/asn1c/s1ap/libogsasn1c-s1ap-0.a.p/S1AP_UEContextModificationFailure.c.o
[1687/4661] Compiling C object lib/asn1c/s1ap/libogsasn1c-s1ap-0.a.p/S1AP_UEContextModificationResponse.c.o
[1688/4661] Compiling C object lib/asn1c/s1ap/libogsasn1c-s1ap-0.a.p/S1AP_UERadioCapabilityMatchRequest.c.o
[1689/4661] Compiling C object lib/asn1c/s1ap/libogsasn1c-s1ap-0.a.p/S1AP_UERadioCapabilityMatchResponse.c.o
[1690/4661] Compiling C object lib/asn1c/s1ap/libogsasn1c-s1ap-0.a.p/S1AP_DownlinkNASTransport.c.o
[1691/4661] Compiling C object lib/asn1c/s1ap/libogsasn1c-s1ap-0.a.p/S1AP_InitialUEMessage.c.o
[1692/4661] Compiling C object lib/asn1c/s1ap/libogsasn1c-s1ap-0.a.p/S1AP_UplinkNASTransport.c.o
[1693/4661] Compiling C object lib/asn1c/s1ap/libogsasn1c-s1ap-0.a.p/S1AP_NASNonDeliveryIndication.c.o
[1694/4661] Compiling C object lib/asn1c/s1ap/libogsasn1c-s1ap-0.a.p/S1AP_RerouteNASRequest.c.o
[1695/4661] Compiling C object lib/asn1c/s1ap/libogsasn1c-s1ap-0.a.p/S1AP_NASDeliveryIndication.c.o
[1696/4661] Compiling C object lib/asn1c/s1ap/libogsasn1c-s1ap-0.a.p/S1AP_Reset.c.o
[1697/4661] Compiling C object lib/asn1c/s1ap/libogsasn1c-s1ap-0.a.p/S1AP_ResetType.c.o
[1698/4661] Compiling C object lib/asn1c/s1ap/libogsasn1c-s1ap-0.a.p/S1AP_ResetAll.c.o
[1699/4661] Compiling C object lib/asn1c/s1ap/libogsasn1c-s1ap-0.a.p/S1AP_UE-associatedLogicalS1-ConnectionListRes.c.o
[1700/4661] Compiling C object lib/asn1c/s1ap/libogsasn1c-s1ap-0.a.p/S1AP_ResetAcknowledge.c.o
[1701/4661] Compiling C object lib/asn1c/s1ap/libogsasn1c-s1ap-0.a.p/S1AP_ErrorIndication.c.o
[1702/4661] Compiling C object lib/asn1c/s1ap/libogsasn1c-s1ap-0.a.p/S1AP_UE-associatedLogicalS1-ConnectionListResAck.c.o
[1703/4661] Compiling C object lib/asn1c/s1ap/libogsasn1c-s1ap-0.a.p/S1AP_S1SetupRequest.c.o
[1704/4661] Compiling C object lib/asn1c/s1ap/libogsasn1c-s1ap-0.a.p/S1AP_S1SetupResponse.c.o
[1705/4661] Compiling C object lib/asn1c/s1ap/libogsasn1c-s1ap-0.a.p/S1AP_S1SetupFailure.c.o
[1706/4661] Compiling C object lib/asn1c/s1ap/libogsasn1c-s1ap-0.a.p/S1AP_ENBConfigurationUpdate.c.o
[1707/4661] Compiling C object lib/asn1c/s1ap/libogsasn1c-s1ap-0.a.p/S1AP_ENBConfigurationUpdateAcknowledge.c.o
[1708/4661] Compiling C object lib/asn1c/s1ap/libogsasn1c-s1ap-0.a.p/S1AP_ENBConfigurationUpdateFailure.c.o
[1709/4661] Compiling C object lib/asn1c/s1ap/libogsasn1c-s1ap-0.a.p/S1AP_MMEConfigurationUpdate.c.o
[1710/4661] Compiling C object lib/asn1c/s1ap/libogsasn1c-s1ap-0.a.p/S1AP_MMEConfigurationUpdateFailure.c.o
[1711/4661] Compiling C object lib/asn1c/s1ap/libogsasn1c-s1ap-0.a.p/S1AP_MMEConfigurationUpdateAcknowledge.c.o
[1712/4661] Compiling C object lib/asn1c/s1ap/libogsasn1c-s1ap-0.a.p/S1AP_UplinkS1cdma2000tunnelling.c.o
[1713/4661] Compiling C object lib/asn1c/s1ap/libogsasn1c-s1ap-0.a.p/S1AP_DownlinkS1cdma2000tunnelling.c.o
[1714/4661] Compiling C object lib/asn1c/s1ap/libogsasn1c-s1ap-0.a.p/S1AP_ENBStatusTransfer.c.o
[1715/4661] Compiling C object lib/asn1c/s1ap/libogsasn1c-s1ap-0.a.p/S1AP_UECapabilityInfoIndication.c.o
[1716/4661] Compiling C object lib/asn1c/s1ap/libogsasn1c-s1ap-0.a.p/S1AP_MMEStatusTransfer.c.o
[1717/4661] Compiling C object lib/asn1c/s1ap/libogsasn1c-s1ap-0.a.p/S1AP_TraceStart.c.o
[1718/4661] Compiling C object lib/asn1c/s1ap/libogsasn1c-s1ap-0.a.p/S1AP_TraceFailureIndication.c.o
[1719/4661] Compiling C object lib/asn1c/s1ap/libogsasn1c-s1ap-0.a.p/S1AP_DeactivateTrace.c.o
[1720/4661] Compiling C object lib/asn1c/s1ap/libogsasn1c-s1ap-0.a.p/S1AP_CellTrafficTrace.c.o
[1721/4661] Compiling C object lib/asn1c/s1ap/libogsasn1c-s1ap-0.a.p/S1AP_LocationReportingControl.c.o
[1722/4661] Compiling C object lib/asn1c/s1ap/libogsasn1c-s1ap-0.a.p/S1AP_LocationReportingFailureIndication.c.o
[1723/4661] Compiling C object lib/asn1c/s1ap/libogsasn1c-s1ap-0.a.p/S1AP_LocationReport.c.o
[1724/4661] Compiling C object lib/asn1c/s1ap/libogsasn1c-s1ap-0.a.p/S1AP_OverloadStart.c.o
[1725/4661] Compiling C object lib/asn1c/s1ap/libogsasn1c-s1ap-0.a.p/S1AP_OverloadStop.c.o
[1726/4661] Compiling C object lib/asn1c/s1ap/libogsasn1c-s1ap-0.a.p/S1AP_WriteReplaceWarningResponse.c.o
[1727/4661] Compiling C object lib/asn1c/s1ap/libogsasn1c-s1ap-0.a.p/S1AP_WriteReplaceWarningRequest.c.o
[1728/4661] Compiling C object lib/asn1c/s1ap/libogsasn1c-s1ap-0.a.p/S1AP_Inter-SystemInformationTransferType.c.o
[1729/4661] Compiling C object lib/asn1c/s1ap/libogsasn1c-s1ap-0.a.p/S1AP_ENBDirectInformationTransfer.c.o
[1730/4661] Compiling C object lib/asn1c/s1ap/libogsasn1c-s1ap-0.a.p/S1AP_ENBConfigurationTransfer.c.o
[1731/4661] Compiling C object lib/asn1c/s1ap/libogsasn1c-s1ap-0.a.p/S1AP_MMEDirectInformationTransfer.c.o
[1732/4661] Compiling C object lib/asn1c/s1ap/libogsasn1c-s1ap-0.a.p/S1AP_MMEConfigurationTransfer.c.o
[1733/4661] Compiling C object lib/asn1c/s1ap/libogsasn1c-s1ap-0.a.p/S1AP_PrivateMessage.c.o
[1734/4661] Compiling C object lib/asn1c/s1ap/libogsasn1c-s1ap-0.a.p/S1AP_KillRequest.c.o
[1735/4661] Compiling C object lib/asn1c/s1ap/libogsasn1c-s1ap-0.a.p/S1AP_KillResponse.c.o
[1736/4661] Compiling C object lib/asn1c/s1ap/libogsasn1c-s1ap-0.a.p/S1AP_PWSFailureIndication.c.o
[1737/4661] Compiling C object lib/asn1c/s1ap/libogsasn1c-s1ap-0.a.p/S1AP_PWSRestartIndication.c.o
[1738/4661] Compiling C object lib/asn1c/s1ap/libogsasn1c-s1ap-0.a.p/S1AP_DownlinkUEAssociatedLPPaTransport.c.o
[1739/4661] Compiling C object lib/asn1c/s1ap/libogsasn1c-s1ap-0.a.p/S1AP_UplinkUEAssociatedLPPaTransport.c.o
[1740/4661] Compiling C object lib/asn1c/s1ap/libogsasn1c-s1ap-0.a.p/S1AP_DownlinkNonUEAssociatedLPPaTransport.c.o
[1741/4661] Compiling C object lib/asn1c/s1ap/libogsasn1c-s1ap-0.a.p/S1AP_UplinkNonUEAssociatedLPPaTransport.c.o
[1742/4661] Compiling C object lib/asn1c/s1ap/libogsasn1c-s1ap-0.a.p/S1AP_E-RABModificationIndication.c.o
[1743/4661] Compiling C object lib/asn1c/s1ap/libogsasn1c-s1ap-0.a.p/S1AP_E-RABToBeModifiedListBearerModInd.c.o
[1744/4661] Compiling C object lib/asn1c/s1ap/libogsasn1c-s1ap-0.a.p/S1AP_E-RABNotToBeModifiedListBearerModInd.c.o
[1745/4661] Compiling C object lib/asn1c/s1ap/libogsasn1c-s1ap-0.a.p/S1AP_E-RABToBeModifiedItemBearerModInd.c.o
[1746/4661] Compiling C object lib/asn1c/s1ap/libogsasn1c-s1ap-0.a.p/S1AP_E-RABModificationConfirm.c.o
[1747/4661] Compiling C object lib/asn1c/s1ap/libogsasn1c-s1ap-0.a.p/S1AP_CSGMembershipInfo.c.o
[1748/4661] Compiling C object lib/asn1c/s1ap/libogsasn1c-s1ap-0.a.p/S1AP_E-RABNotToBeModifiedItemBearerModInd.c.o
[1749/4661] Compiling C object lib/asn1c/s1ap/libogsasn1c-s1ap-0.a.p/S1AP_E-RABModifyListBearerModConf.c.o
[1750/4661] Compiling C object lib/asn1c/s1ap/libogsasn1c-s1ap-0.a.p/S1AP_UEContextModificationIndication.c.o
[1751/4661] Compiling C object lib/asn1c/s1ap/libogsasn1c-s1ap-0.a.p/S1AP_UEContextModificationConfirm.c.o
[1752/4661] Compiling C object lib/asn1c/s1ap/libogsasn1c-s1ap-0.a.p/S1AP_E-RABModifyItemBearerModConf.c.o
[1753/4661] Compiling C object lib/asn1c/ngap/libogsasn1c-ngap-3.a.p/NGAP_ProtocolIE-Field.c.o
[1754/4661] Compiling C object lib/asn1c/s1ap/libogsasn1c-s1ap-0.a.p/S1AP_UEContextSuspendRequest.c.o
[1755/4661] Compiling C object lib/asn1c/s1ap/libogsasn1c-s1ap-0.a.p/S1AP_UEContextResumeRequest.c.o
[1756/4661] Compiling C object lib/asn1c/s1ap/libogsasn1c-s1ap-0.a.p/S1AP_UEContextSuspendResponse.c.o
[1757/4661] Compiling C object lib/asn1c/s1ap/libogsasn1c-s1ap-0.a.p/S1AP_E-RABFailedToResumeListResumeReq.c.o
[1758/4661] Compiling C object lib/asn1c/s1ap/libogsasn1c-s1ap-0.a.p/S1AP_UEContextResumeResponse.c.o
[1759/4661] Compiling C object lib/asn1c/s1ap/libogsasn1c-s1ap-0.a.p/S1AP_E-RABFailedToResumeItemResumeReq.c.o
[1760/4661] Compiling C object lib/asn1c/s1ap/libogsasn1c-s1ap-0.a.p/S1AP_E-RABFailedToResumeListResumeRes.c.o
[1761/4661] Compiling C object lib/asn1c/s1ap/libogsasn1c-s1ap-0.a.p/S1AP_E-RABFailedToResumeItemResumeRes.c.o
[1762/4661] Compiling C object lib/asn1c/s1ap/libogsasn1c-s1ap-0.a.p/S1AP_UEContextResumeFailure.c.o
[1763/4661] Compiling C object lib/asn1c/s1ap/libogsasn1c-s1ap-0.a.p/S1AP_ConnectionEstablishmentIndication.c.o
[1764/4661] Compiling C object lib/asn1c/s1ap/libogsasn1c-s1ap-0.a.p/S1AP_RetrieveUEInformation.c.o
[1765/4661] Compiling C object lib/asn1c/s1ap/libogsasn1c-s1ap-0.a.p/S1AP_UEInformationTransfer.c.o
[1766/4661] Compiling C object lib/asn1c/s1ap/libogsasn1c-s1ap-0.a.p/S1AP_ENBCPRelocationIndication.c.o
[1767/4661] Compiling C object lib/asn1c/s1ap/libogsasn1c-s1ap-0.a.p/S1AP_MMECPRelocationIndication.c.o
[1768/4661] Compiling C object lib/asn1c/s1ap/libogsasn1c-s1ap-0.a.p/S1AP_SecondaryRATDataUsageReport.c.o
[1769/4661] Compiling C object lib/asn1c/s1ap/libogsasn1c-s1ap-0.a.p/S1AP_UERadioCapabilityIDMappingRequest.c.o
[1770/4661] Compiling C object lib/asn1c/s1ap/libogsasn1c-s1ap-0.a.p/S1AP_UERadioCapabilityIDMappingResponse.c.o
[1771/4661] Compiling C object lib/asn1c/s1ap/libogsasn1c-s1ap-0.a.p/S1AP_S1RemovalRequest.c.o
[1772/4661] Compiling C object lib/asn1c/s1ap/libogsasn1c-s1ap-0.a.p/S1AP_S1RemovalResponse.c.o
[1773/4661] Compiling C object lib/asn1c/s1ap/libogsasn1c-s1ap-0.a.p/S1AP_S1RemovalFailure.c.o
[1774/4661] Compiling C object lib/asn1c/s1ap/libogsasn1c-s1ap-0.a.p/S1AP_Additional-GUTI.c.o
[1775/4661] Compiling C object lib/asn1c/s1ap/libogsasn1c-s1ap-0.a.p/S1AP_AdditionalRRMPriorityIndex.c.o
[1776/4661] Compiling C object lib/asn1c/s1ap/libogsasn1c-s1ap-0.a.p/S1AP_AerialUEsubscriptionInformation.c.o
[1777/4661] Compiling C object lib/asn1c/s1ap/libogsasn1c-s1ap-0.a.p/S1AP_AreaScopeOfMDT.c.o
[1778/4661] Compiling C object lib/asn1c/s1ap/libogsasn1c-s1ap-0.a.p/S1AP_AreaScopeOfQMC.c.o
[1779/4661] Compiling C object lib/asn1c/s1ap/libogsasn1c-s1ap-0.a.p/S1AP_AllocationAndRetentionPriority.c.o
[1780/4661] Compiling C object lib/asn1c/s1ap/libogsasn1c-s1ap-0.a.p/S1AP_AssistanceDataForCECapableUEs.c.o
[1781/4661] Compiling C object lib/asn1c/s1ap/libogsasn1c-s1ap-0.a.p/S1AP_AssistanceDataForPaging.c.o
[1782/4661] Compiling C object lib/asn1c/s1ap/libogsasn1c-s1ap-0.a.p/S1AP_AssistanceDataForRecommendedCells.c.o
[1783/4661] Compiling C object lib/asn1c/s1ap/libogsasn1c-s1ap-0.a.p/S1AP_Bearers-SubjectToStatusTransferList.c.o
[1784/4661] Compiling C object lib/asn1c/s1ap/libogsasn1c-s1ap-0.a.p/S1AP_Bearers-SubjectToStatusTransfer-Item.c.o
[1785/4661] Compiling C object lib/asn1c/s1ap/libogsasn1c-s1ap-0.a.p/S1AP_Bearers-SubjectToEarlyStatusTransfer-Item.c.o
[1786/4661] Compiling C object lib/asn1c/s1ap/libogsasn1c-s1ap-0.a.p/S1AP_Bearers-SubjectToEarlyStatusTransferList.c.o
[1787/4661] Compiling C object lib/asn1c/s1ap/libogsasn1c-s1ap-0.a.p/S1AP_Bearers-SubjectToDLDiscardingList.c.o
[1788/4661] Compiling C object lib/asn1c/s1ap/libogsasn1c-s1ap-0.a.p/S1AP_Bearers-SubjectToDLDiscarding-Item.c.o
[1789/4661] Compiling C object lib/asn1c/s1ap/libogsasn1c-s1ap-0.a.p/S1AP_BearerType.c.o
[1790/4661] Compiling C object lib/asn1c/s1ap/libogsasn1c-s1ap-0.a.p/S1AP_BitRate.c.o
[1791/4661] Compiling C object lib/asn1c/s1ap/libogsasn1c-s1ap-0.a.p/S1AP_BluetoothMeasurementConfiguration.c.o
[1792/4661] Compiling C object lib/asn1c/s1ap/libogsasn1c-s1ap-0.a.p/S1AP_BluetoothMeasConfigNameList.c.o
[1793/4661] Compiling C object lib/asn1c/s1ap/libogsasn1c-s1ap-0.a.p/S1AP_BluetoothMeasConfig.c.o
[1794/4661] Compiling C object lib/asn1c/ngap/libogsasn1c-ngap-3.a.p/NGAP_ProtocolExtensionField.c.o
[1795/4661] Compiling C object lib/asn1c/s1ap/libogsasn1c-s1ap-0.a.p/S1AP_BluetoothName.c.o
[1796/4661] Compiling C object lib/asn1c/s1ap/libogsasn1c-s1ap-0.a.p/S1AP_BPLMNs.c.o
[1797/4661] Linking static target lib/asn1c/ngap/libogsasn1c-ngap-3.a
[1798/4661] Compiling C object lib/asn1c/s1ap/libogsasn1c-s1ap-0.a.p/S1AP_BroadcastCancelledAreaList.c.o
[1799/4661] Compiling C object lib/asn1c/s1ap/libogsasn1c-s1ap-0.a.p/S1AP_BroadcastCompletedAreaList.c.o
[1800/4661] Compiling C object lib/asn1c/s1ap/libogsasn1c-s1ap-0.a.p/S1AP_CancelledCellinEAI.c.o
[1801/4661] Compiling C object lib/asn1c/s1ap/libogsasn1c-s1ap-0.a.p/S1AP_CancelledCellinTAI.c.o
[1802/4661] Compiling C object lib/asn1c/s1ap/libogsasn1c-s1ap-0.a.p/S1AP_CancelledCellinEAI-Item.c.o
[1803/4661] Compiling C object lib/asn1c/s1ap/libogsasn1c-s1ap-0.a.p/S1AP_CancelledCellinTAI-Item.c.o
[1804/4661] Compiling C object lib/asn1c/s1ap/libogsasn1c-s1ap-0.a.p/S1AP_Cause.c.o
[1805/4661] Compiling C object lib/asn1c/s1ap/libogsasn1c-s1ap-0.a.p/S1AP_CauseMisc.c.o
[1806/4661] Compiling C object lib/asn1c/s1ap/libogsasn1c-s1ap-0.a.p/S1AP_CauseProtocol.c.o
[1807/4661] Compiling C object lib/asn1c/s1ap/libogsasn1c-s1ap-0.a.p/S1AP_CauseRadioNetwork.c.o
[1808/4661] Compiling C object lib/asn1c/s1ap/libogsasn1c-s1ap-0.a.p/S1AP_CauseTransport.c.o
[1809/4661] Compiling C object lib/asn1c/s1ap/libogsasn1c-s1ap-0.a.p/S1AP_CauseNas.c.o
[1810/4661] Compiling C object lib/asn1c/s1ap/libogsasn1c-s1ap-0.a.p/S1AP_CellAccessMode.c.o
[1811/4661] Compiling C object lib/asn1c/s1ap/libogsasn1c-s1ap-0.a.p/S1AP_CellIdentifierAndCELevelForCECapableUEs.c.o
[1812/4661] Compiling C object lib/asn1c/s1ap/libogsasn1c-s1ap-0.a.p/S1AP_CELevel.c.o
[1813/4661] Compiling C object lib/asn1c/s1ap/libogsasn1c-s1ap-0.a.p/S1AP_CE-mode-B-SupportIndicator.c.o
[1814/4661] Compiling C object lib/asn1c/s1ap/libogsasn1c-s1ap-0.a.p/S1AP_CellID-Broadcast.c.o
[1815/4661] Compiling C object lib/asn1c/s1ap/libogsasn1c-s1ap-0.a.p/S1AP_CellIdentity.c.o
[1816/4661] Compiling C object lib/asn1c/s1ap/libogsasn1c-s1ap-0.a.p/S1AP_CellID-Cancelled.c.o
[1817/4661] Compiling C object lib/asn1c/s1ap/libogsasn1c-s1ap-0.a.p/S1AP_CellID-Broadcast-Item.c.o
[1818/4661] Compiling C object lib/asn1c/s1ap/libogsasn1c-s1ap-0.a.p/S1AP_CellIdListforMDT.c.o
[1819/4661] Compiling C object lib/asn1c/s1ap/libogsasn1c-s1ap-0.a.p/S1AP_CellID-Cancelled-Item.c.o
[1820/4661] Compiling C object lib/asn1c/s1ap/libogsasn1c-s1ap-0.a.p/S1AP_CellBasedMDT.c.o
[1821/4661] Compiling C object lib/asn1c/s1ap/libogsasn1c-s1ap-0.a.p/S1AP_CellIdListforQMC.c.o
[1822/4661] Compiling C object lib/asn1c/s1ap/libogsasn1c-s1ap-0.a.p/S1AP_CellBasedQMC.c.o
[1823/4661] Compiling C object lib/asn1c/s1ap/libogsasn1c-s1ap-0.a.p/S1AP_Cdma2000PDU.c.o
[1824/4661] Compiling C object lib/asn1c/s1ap/libogsasn1c-s1ap-0.a.p/S1AP_Cdma2000RATType.c.o
[1825/4661] Compiling C object lib/asn1c/s1ap/libogsasn1c-s1ap-0.a.p/S1AP_Cdma2000SectorID.c.o
[1826/4661] Compiling C object lib/asn1c/s1ap/libogsasn1c-s1ap-0.a.p/S1AP_Cdma2000HOStatus.c.o
[1827/4661] Compiling C object lib/asn1c/s1ap/libogsasn1c-s1ap-0.a.p/S1AP_Cdma2000HORequiredIndication.c.o
[1828/4661] Compiling C object lib/asn1c/s1ap/libogsasn1c-s1ap-0.a.p/S1AP_Cdma2000OneXMSI.c.o
[1829/4661] Compiling C object lib/asn1c/s1ap/libogsasn1c-s1ap-0.a.p/S1AP_Cdma2000OneXMEID.c.o
[1830/4661] Compiling C object lib/asn1c/s1ap/libogsasn1c-s1ap-0.a.p/S1AP_Cdma2000OneXSRVCCInfo.c.o
[1831/4661] Compiling C object lib/asn1c/s1ap/libogsasn1c-s1ap-0.a.p/S1AP_Cdma2000OneXRAND.c.o
[1832/4661] Compiling C object lib/asn1c/s1ap/libogsasn1c-s1ap-0.a.p/S1AP_Cdma2000OneXPilot.c.o
[1833/4661] Compiling C object lib/asn1c/s1ap/libogsasn1c-s1ap-0.a.p/S1AP_Cell-Size.c.o
[1834/4661] Compiling C object lib/asn1c/s1ap/libogsasn1c-s1ap-0.a.p/S1AP_CellType.c.o
[1835/4661] Compiling C object lib/asn1c/s1ap/libogsasn1c-s1ap-0.a.p/S1AP_CGI.c.o
[1836/4661] Compiling C object lib/asn1c/s1ap/libogsasn1c-s1ap-0.a.p/S1AP_CI.c.o
[1837/4661] Compiling C object lib/asn1c/s1ap/libogsasn1c-s1ap-0.a.p/S1AP_CNDomain.c.o
[1838/4661] Compiling C object lib/asn1c/s1ap/libogsasn1c-s1ap-0.a.p/S1AP_CNTypeRestrictions.c.o
[1839/4661] Compiling C object lib/asn1c/s1ap/libogsasn1c-s1ap-0.a.p/S1AP_CNTypeRestrictions-Item.c.o
[1840/4661] Compiling C object lib/asn1c/s1ap/libogsasn1c-s1ap-0.a.p/S1AP_CNType.c.o
[1841/4661] Compiling C object lib/asn1c/s1ap/libogsasn1c-s1ap-0.a.p/S1AP_CoarseUELocation.c.o
[1842/4661] Compiling C object lib/asn1c/s1ap/libogsasn1c-s1ap-0.a.p/S1AP_CoarseUELocationRequested.c.o
[1843/4661] Compiling C object lib/asn1c/s1ap/libogsasn1c-s1ap-0.a.p/S1AP_ConcurrentWarningMessageIndicator.c.o
[1844/4661] Compiling C object lib/asn1c/s1ap/libogsasn1c-s1ap-0.a.p/S1AP_ConnectedengNBList.c.o
[1845/4661] Compiling C object lib/asn1c/s1ap/libogsasn1c-s1ap-0.a.p/S1AP_ConnectedengNBItem.c.o
[1846/4661] Linking target lib/asn1c/ngap/libogsasn1c-ngap.so.2.8.0
[1847/4661] Compiling C object lib/asn1c/s1ap/libogsasn1c-s1ap-0.a.p/S1AP_Correlation-ID.c.o
[1848/4661] Compiling C object lib/asn1c/s1ap/libogsasn1c-s1ap-0.a.p/S1AP_ContextatSource.c.o
[1849/4661] Compiling C object lib/asn1c/s1ap/libogsasn1c-s1ap-0.a.p/S1AP_CSFallbackIndicator.c.o
[1850/4661] Compiling C object lib/asn1c/s1ap/libogsasn1c-s1ap-0.a.p/S1AP_CSG-Id.c.o
[1851/4661] Compiling C object lib/asn1c/s1ap/libogsasn1c-s1ap-0.a.p/S1AP_AdditionalCSFallbackIndicator.c.o
[1852/4661] Compiling C object lib/asn1c/s1ap/libogsasn1c-s1ap-0.a.p/S1AP_CSG-IdList.c.o
[1853/4661] Compiling C object lib/asn1c/s1ap/libogsasn1c-s1ap-0.a.p/S1AP_CSG-IdList-Item.c.o
[1854/4661] Compiling C object lib/asn1c/s1ap/libogsasn1c-s1ap-0.a.p/S1AP_CSGMembershipStatus.c.o
[1855/4661] Compiling C object lib/asn1c/s1ap/libogsasn1c-s1ap-0.a.p/S1AP_COUNTvalue.c.o
[1856/4661] Compiling C object lib/asn1c/s1ap/libogsasn1c-s1ap-0.a.p/S1AP_COUNTValueExtended.c.o
[1857/4661] Compiling C object lib/asn1c/s1ap/libogsasn1c-s1ap-0.a.p/S1AP_COUNTvaluePDCP-SNlength18.c.o
[1858/4661] Compiling C object lib/asn1c/s1ap/libogsasn1c-s1ap-0.a.p/S1AP_Coverage-Level.c.o
[1859/4661] Generating symbol file lib/asn1c/ngap/libogsasn1c-ngap.so.2.8.0.p/libogsasn1c-ngap.so.2.8.0.symbols
[1860/4661] Compiling C object lib/asn1c/s1ap/libogsasn1c-s1ap-0.a.p/S1AP_CriticalityDiagnostics.c.o
[1861/4661] Compiling C object lib/asn1c/s1ap/libogsasn1c-s1ap-0.a.p/S1AP_CriticalityDiagnostics-IE-List.c.o
[1862/4661] Compiling C object lib/asn1c/s1ap/libogsasn1c-s1ap-0.a.p/S1AP_CriticalityDiagnostics-IE-Item.c.o
[1863/4661] Compiling C object lib/asn1c/s1ap/libogsasn1c-s1ap-0.a.p/S1AP_DAPSRequestInfo.c.o
[1864/4661] Compiling C object lib/asn1c/s1ap/libogsasn1c-s1ap-0.a.p/S1AP_DAPSResponseInfoItem.c.o
[1865/4661] Compiling C object lib/asn1c/s1ap/libogsasn1c-s1ap-0.a.p/S1AP_DataCodingScheme.c.o
[1866/4661] Compiling C object lib/asn1c/s1ap/libogsasn1c-s1ap-0.a.p/S1AP_DAPSResponseInfo.c.o
[1867/4661] Compiling C object lib/asn1c/s1ap/libogsasn1c-s1ap-0.a.p/S1AP_DAPSResponseInfoList.c.o
[1868/4661] Compiling C object lib/asn1c/s1ap/libogsasn1c-s1ap-0.a.p/S1AP_DataSize.c.o
[1869/4661] Compiling C object lib/asn1c/s1ap/libogsasn1c-s1ap-0.a.p/S1AP_DCN-ID.c.o
[1870/4661] Compiling C object lib/asn1c/s1ap/libogsasn1c-s1ap-0.a.p/S1AP_ServedDCNs.c.o
[1871/4661] Compiling C object lib/asn1c/s1ap/libogsasn1c-s1ap-0.a.p/S1AP_ServedDCNsItem.c.o
[1872/4661] Compiling C object lib/asn1c/s1ap/libogsasn1c-s1ap-0.a.p/S1AP_DL-CP-SecurityInformation.c.o
[1873/4661] Compiling C object lib/asn1c/s1ap/libogsasn1c-s1ap-0.a.p/S1AP_DL-Forwarding.c.o
[1874/4661] Compiling C object lib/asn1c/s1ap/libogsasn1c-s1ap-0.a.p/S1AP_DL-NAS-MAC.c.o
[1875/4661] Compiling C object lib/asn1c/s1ap/libogsasn1c-s1ap-0.a.p/S1AP_DLCOUNT-PDCP-SNlength.c.o
[1876/4661] Compiling C object lib/asn1c/s1ap/libogsasn1c-s1ap-0.a.p/S1AP_DLDiscarding.c.o
[1877/4661] Compiling C object lib/asn1c/s1ap/libogsasn1c-s1ap-0.a.p/S1AP_Direct-Forwarding-Path-Availability.c.o
[1878/4661] Compiling C object lib/asn1c/s1ap/libogsasn1c-s1ap-0.a.p/S1AP_Data-Forwarding-Not-Possible.c.o
[1879/4661] Compiling C object lib/asn1c/s1ap/libogsasn1c-s1ap-0.a.p/S1AP_DLNASPDUDeliveryAckRequest.c.o
[1880/4661] Compiling C object lib/asn1c/s1ap/libogsasn1c-s1ap-0.a.p/S1AP_EARFCN.c.o
[1881/4661] Compiling C object lib/asn1c/s1ap/libogsasn1c-s1ap-0.a.p/S1AP_ECGIList.c.o
[1882/4661] Compiling C object lib/asn1c/s1ap/libogsasn1c-s1ap-0.a.p/S1AP_PWSfailedECGIList.c.o
[1883/4661] Compiling C object lib/asn1c/s1ap/libogsasn1c-s1ap-0.a.p/S1AP_EDT-Session.c.o
[1884/4661] Compiling C object lib/asn1c/s1ap/libogsasn1c-s1ap-0.a.p/S1AP_EmergencyAreaIDList.c.o
[1885/4661] Compiling C object lib/asn1c/s1ap/libogsasn1c-s1ap-0.a.p/S1AP_EmergencyAreaID.c.o
[1886/4661] Compiling C object lib/asn1c/s1ap/libogsasn1c-s1ap-0.a.p/S1AP_EmergencyAreaID-Broadcast.c.o
[1887/4661] Compiling C object lib/asn1c/s1ap/libogsasn1c-s1ap-0.a.p/S1AP_EmergencyAreaID-Broadcast-Item.c.o
[1888/4661] Compiling C object lib/asn1c/s1ap/libogsasn1c-s1ap-0.a.p/S1AP_EmergencyAreaID-Cancelled.c.o
[1889/4661] Compiling C object lib/asn1c/s1ap/libogsasn1c-s1ap-0.a.p/S1AP_CompletedCellinEAI.c.o
[1890/4661] Compiling C object lib/asn1c/s1ap/libogsasn1c-s1ap-0.a.p/S1AP_EmergencyAreaID-Cancelled-Item.c.o
[1891/4661] Compiling C object lib/asn1c/s1ap/libogsasn1c-s1ap-0.a.p/S1AP_ECGI-List.c.o
[1892/4661] Compiling C object lib/asn1c/s1ap/libogsasn1c-s1ap-0.a.p/S1AP_CompletedCellinEAI-Item.c.o
[1893/4661] Compiling C object lib/asn1c/s1ap/libogsasn1c-s1ap-0.a.p/S1AP_EmergencyAreaIDListForRestart.c.o
[1894/4661] Compiling C object lib/asn1c/s1ap/libogsasn1c-s1ap-0.a.p/S1AP_EmergencyIndicator.c.o
[1895/4661] Compiling C object lib/asn1c/s1ap/libogsasn1c-s1ap-0.a.p/S1AP_En-gNB-ID.c.o
[1896/4661] Compiling C object lib/asn1c/s1ap/libogsasn1c-s1ap-0.a.p/S1AP_ENB-EarlyStatusTransfer-TransparentContainer.c.o
[1897/4661] Compiling C object lib/asn1c/s1ap/libogsasn1c-s1ap-0.a.p/S1AP_GERAN-Cell-ID.c.o
[1898/4661] Compiling C object lib/asn1c/s1ap/libogsasn1c-s1ap-0.a.p/S1AP_ENB-ID.c.o
[1899/4661] Compiling C object lib/asn1c/s1ap/libogsasn1c-s1ap-0.a.p/S1AP_Global-ENB-ID.c.o
[1900/4661] Compiling C object lib/asn1c/s1ap/libogsasn1c-s1ap-0.a.p/S1AP_Global-en-gNB-ID.c.o
[1901/4661] Compiling C object lib/asn1c/s1ap/libogsasn1c-s1ap-0.a.p/S1AP_GUMMEIList.c.o
[1902/4661] Compiling C object lib/asn1c/s1ap/libogsasn1c-s1ap-0.a.p/S1AP_ENB-StatusTransfer-TransparentContainer.c.o
[1903/4661] Compiling C object lib/asn1c/s1ap/libogsasn1c-s1ap-0.a.p/S1AP_ENB-UE-S1AP-ID.c.o
[1904/4661] Compiling C object lib/asn1c/s1ap/libogsasn1c-s1ap-0.a.p/S1AP_ENBname.c.o
[1905/4661] Compiling C object lib/asn1c/s1ap/libogsasn1c-s1ap-0.a.p/S1AP_ENBX2TLAs.c.o
[1906/4661] Compiling C object lib/asn1c/s1ap/libogsasn1c-s1ap-0.a.p/S1AP_EncryptionAlgorithms.c.o
[1907/4661] Compiling C object lib/asn1c/s1ap/libogsasn1c-s1ap-0.a.p/S1AP_EN-DCSONTransferType.c.o
[1908/4661] Compiling C object lib/asn1c/s1ap/libogsasn1c-s1ap-0.a.p/S1AP_EN-DCSONConfigurationTransfer.c.o
[1909/4661] Compiling C object lib/asn1c/s1ap/libogsasn1c-s1ap-0.a.p/S1AP_EN-DCTransferTypeRequest.c.o
[1910/4661] Compiling C object lib/asn1c/s1ap/libogsasn1c-s1ap-0.a.p/S1AP_EN-DCTransferTypeReply.c.o
[1911/4661] Compiling C object lib/asn1c/s1ap/libogsasn1c-s1ap-0.a.p/S1AP_EN-DCSONengNBIdentification.c.o
[1912/4661] Compiling C object lib/asn1c/s1ap/libogsasn1c-s1ap-0.a.p/S1AP_EN-DCSONeNBIdentification.c.o
[1913/4661] Compiling C object lib/asn1c/s1ap/libogsasn1c-s1ap-0.a.p/S1AP_EndIndication.c.o
[1914/4661] Compiling C object lib/asn1c/s1ap/libogsasn1c-s1ap-0.a.p/S1AP_EnhancedCoverageRestricted.c.o
[1915/4661] Compiling C object lib/asn1c/s1ap/libogsasn1c-s1ap-0.a.p/S1AP_CE-ModeBRestricted.c.o
[1916/4661] Compiling C object lib/asn1c/s1ap/libogsasn1c-s1ap-0.a.p/S1AP_EPLMNs.c.o
[1917/4661] Compiling C object lib/asn1c/s1ap/libogsasn1c-s1ap-0.a.p/S1AP_EventType.c.o
[1918/4661] Compiling C object lib/asn1c/s1ap/libogsasn1c-s1ap-0.a.p/S1AP_E-RAB-ID.c.o
[1919/4661] Compiling C object lib/asn1c/s1ap/libogsasn1c-s1ap-0.a.p/S1AP_E-RABInformationListItem.c.o
[1920/4661] Compiling C object lib/asn1c/s1ap/libogsasn1c-s1ap-0.a.p/S1AP_E-RABItem.c.o
[1921/4661] Compiling C object lib/asn1c/s1ap/libogsasn1c-s1ap-0.a.p/S1AP_E-RABInformationList.c.o
[1922/4661] Compiling C object lib/asn1c/s1ap/libogsasn1c-s1ap-0.a.p/S1AP_E-RABList.c.o
[1923/4661] Compiling C object lib/asn1c/s1ap/libogsasn1c-s1ap-0.a.p/S1AP_E-RABLevelQoSParameters.c.o
[1924/4661] Compiling C object lib/asn1c/s1ap/libogsasn1c-s1ap-0.a.p/S1AP_E-RABSecurityResultList.c.o
[1925/4661] Compiling C object lib/asn1c/s1ap/libogsasn1c-s1ap-0.a.p/S1AP_E-RABSecurityResultItem.c.o
[1926/4661] Compiling C object lib/asn1c/s1ap/libogsasn1c-s1ap-0.a.p/S1AP_E-RABUsageReportItem.c.o
[1927/4661] Compiling C object lib/asn1c/s1ap/libogsasn1c-s1ap-0.a.p/S1AP_Ethernet-Type.c.o
[1928/4661] Compiling C object lib/asn1c/s1ap/libogsasn1c-s1ap-0.a.p/S1AP_E-RABUsageReportList.c.o
[1929/4661] Compiling C object lib/asn1c/s1ap/libogsasn1c-s1ap-0.a.p/S1AP_EUTRAN-CGI.c.o
[1930/4661] Compiling C object lib/asn1c/s1ap/libogsasn1c-s1ap-0.a.p/S1AP_EUTRANRoundTripDelayEstimationInfo.c.o
[1931/4661] Compiling C object lib/asn1c/s1ap/libogsasn1c-s1ap-0.a.p/S1AP_EventL1LoggedMDTConfig.c.o
[1932/4661] Compiling C object lib/asn1c/s1ap/libogsasn1c-s1ap-0.a.p/S1AP_ExpectedUEBehaviour.c.o
[1933/4661] Compiling C object lib/asn1c/s1ap/libogsasn1c-s1ap-0.a.p/S1AP_ExpectedUEActivityBehaviour.c.o
[1934/4661] Compiling C object lib/asn1c/s1ap/libogsasn1c-s1ap-0.a.p/S1AP_ExpectedActivityPeriod.c.o
[1935/4661] Compiling C object lib/asn1c/s1ap/libogsasn1c-s1ap-0.a.p/S1AP_ExpectedIdlePeriod.c.o
[1936/4661] Compiling C object lib/asn1c/s1ap/libogsasn1c-s1ap-0.a.p/S1AP_SourceOfUEActivityBehaviourInformation.c.o
[1937/4661] Compiling C object lib/asn1c/s1ap/libogsasn1c-s1ap-0.a.p/S1AP_EventTrigger.c.o
[1938/4661] Compiling C object lib/asn1c/s1ap/libogsasn1c-s1ap-0.a.p/S1AP_ExpectedHOInterval.c.o
[1939/4661] Compiling C object lib/asn1c/s1ap/libogsasn1c-s1ap-0.a.p/S1AP_ExtendedRNC-ID.c.o
[1940/4661] Compiling C object lib/asn1c/s1ap/libogsasn1c-s1ap-0.a.p/S1AP_ExtendedBitRate.c.o
[1941/4661] Compiling C object lib/asn1c/s1ap/libogsasn1c-s1ap-0.a.p/S1AP_ExtendedRepetitionPeriod.c.o
[1942/4661] Compiling C object lib/asn1c/s1ap/libogsasn1c-s1ap-0.a.p/S1AP_Extended-UEIdentityIndexValue.c.o
[1943/4661] Compiling C object lib/asn1c/s1ap/libogsasn1c-s1ap-0.a.p/S1AP_FiveGSTAC.c.o
[1944/4661] Compiling C object lib/asn1c/s1ap/libogsasn1c-s1ap-0.a.p/S1AP_FiveQI.c.o
[1945/4661] Compiling C object lib/asn1c/s1ap/libogsasn1c-s1ap-0.a.p/S1AP_FiveGSTAI.c.o
[1946/4661] Compiling C object lib/asn1c/s1ap/libogsasn1c-s1ap-0.a.p/S1AP_ForbiddenInterRATs.c.o
[1947/4661] Compiling C object lib/asn1c/s1ap/libogsasn1c-s1ap-0.a.p/S1AP_ForbiddenTAs.c.o
[1948/4661] Compiling C object lib/asn1c/s1ap/libogsasn1c-s1ap-0.a.p/S1AP_ForbiddenTACs.c.o
[1949/4661] Compiling C object lib/asn1c/s1ap/libogsasn1c-s1ap-0.a.p/S1AP_ForbiddenTAs-Item.c.o
[1950/4661] Compiling C object lib/asn1c/s1ap/libogsasn1c-s1ap-0.a.p/S1AP_ForbiddenLAs.c.o
[1951/4661] Compiling C object lib/asn1c/s1ap/libogsasn1c-s1ap-0.a.p/S1AP_ForbiddenLACs.c.o
[1952/4661] Compiling C object lib/asn1c/s1ap/libogsasn1c-s1ap-0.a.p/S1AP_ForbiddenLAs-Item.c.o
[1953/4661] Compiling C object lib/asn1c/s1ap/libogsasn1c-s1ap-0.a.p/S1AP_GTP-TEID.c.o
[1954/4661] Compiling C object lib/asn1c/s1ap/libogsasn1c-s1ap-0.a.p/S1AP_GBR-QosInformation.c.o
[1955/4661] Compiling C object lib/asn1c/s1ap/libogsasn1c-s1ap-0.a.p/S1AP_GUMMEI.c.o
[1956/4661] Compiling C object lib/asn1c/s1ap/libogsasn1c-s1ap-0.a.p/S1AP_GWContextReleaseIndication.c.o
[1957/4661] Compiling C object lib/asn1c/s1ap/libogsasn1c-s1ap-0.a.p/S1AP_GUMMEIType.c.o
[1958/4661] Compiling C object lib/asn1c/s1ap/libogsasn1c-s1ap-0.a.p/S1AP_HandoverFlag.c.o
[1959/4661] Compiling C object lib/asn1c/s1ap/libogsasn1c-s1ap-0.a.p/S1AP_HandoverType.c.o
[1960/4661] Compiling C object lib/asn1c/s1ap/libogsasn1c-s1ap-0.a.p/S1AP_HandoverRestrictionList.c.o
[1961/4661] Compiling C object lib/asn1c/s1ap/libogsasn1c-s1ap-0.a.p/S1AP_HFN.c.o
[1962/4661] Compiling C object lib/asn1c/s1ap/libogsasn1c-s1ap-0.a.p/S1AP_HFNforPDCP-SNlength18.c.o
[1963/4661] Compiling C object lib/asn1c/s1ap/libogsasn1c-s1ap-0.a.p/S1AP_HFNModified.c.o
[1964/4661] Compiling C object lib/asn1c/s1ap/libogsasn1c-s1ap-0.a.p/S1AP_Hysteresis.c.o
[1965/4661] Compiling C object lib/asn1c/s1ap/libogsasn1c-s1ap-0.a.p/S1AP_Masked-IMEISV.c.o
[1966/4661] Compiling C object lib/asn1c/s1ap/libogsasn1c-s1ap-0.a.p/S1AP_ImmediateMDT.c.o
[1967/4661] Compiling C object lib/asn1c/s1ap/libogsasn1c-s1ap-0.a.p/S1AP_IMSI.c.o
[1968/4661] Compiling C object lib/asn1c/s1ap/libogsasn1c-s1ap-0.a.p/S1AP_IntegrityProtectionAlgorithms.c.o
[1969/4661] Compiling C object lib/asn1c/s1ap/libogsasn1c-s1ap-0.a.p/S1AP_IntegrityProtectionIndication.c.o
[1970/4661] Compiling C object lib/asn1c/s1ap/libogsasn1c-s1ap-0.a.p/S1AP_InformationOnRecommendedCellsAndENBsForPaging.c.o
[1971/4661] Compiling C object lib/asn1c/s1ap/libogsasn1c-s1ap-0.a.p/S1AP_IntegrityProtectionResult.c.o
[1972/4661] Compiling C object lib/asn1c/s1ap/libogsasn1c-s1ap-0.a.p/S1AP_IntendedNumberOfPagingAttempts.c.o
[1973/4661] Compiling C object lib/asn1c/s1ap/libogsasn1c-s1ap-0.a.p/S1AP_InterfacesToTrace.c.o
[1974/4661] Compiling C object lib/asn1c/s1ap/libogsasn1c-s1ap-0.a.p/S1AP_InterSystemMeasurementParameters.c.o
[1975/4661] Compiling C object lib/asn1c/s1ap/libogsasn1c-s1ap-0.a.p/S1AP_IntersystemMeasurementConfiguration.c.o
[1976/4661] Compiling C object lib/asn1c/s1ap/libogsasn1c-s1ap-0.a.p/S1AP_InterSystemMeasurementList.c.o
[1977/4661] Compiling C object lib/asn1c/s1ap/libogsasn1c-s1ap-0.a.p/S1AP_IntersystemSONConfigurationTransfer.c.o
[1978/4661] Compiling C object lib/asn1c/s1ap/libogsasn1c-s1ap-0.a.p/S1AP_IMSvoiceEPSfallbackfrom5G.c.o
[1979/4661] Compiling C object lib/asn1c/s1ap/libogsasn1c-s1ap-0.a.p/S1AP_InterSystemMeasurementItem.c.o
[1980/4661] Compiling C object lib/asn1c/s1ap/libogsasn1c-s1ap-0.a.p/S1AP_IAB-Node-Indication.c.o
[1981/4661] Compiling C object lib/asn1c/s1ap/libogsasn1c-s1ap-0.a.p/S1AP_IAB-Authorized.c.o
[1982/4661] Compiling C object lib/asn1c/s1ap/libogsasn1c-s1ap-0.a.p/S1AP_IAB-Supported.c.o
[1983/4661] Compiling C object lib/asn1c/s1ap/libogsasn1c-s1ap-0.a.p/S1AP_KillAllWarningMessages.c.o
[1984/4661] Compiling C object lib/asn1c/s1ap/libogsasn1c-s1ap-0.a.p/S1AP_LAC.c.o
[1985/4661] Compiling C object lib/asn1c/s1ap/libogsasn1c-s1ap-0.a.p/S1AP_LAI.c.o
[1986/4661] Compiling C object lib/asn1c/s1ap/libogsasn1c-s1ap-0.a.p/S1AP_LastVisitedCell-Item.c.o
[1987/4661] Compiling C object lib/asn1c/s1ap/libogsasn1c-s1ap-0.a.p/S1AP_LastVisitedPSCellList.c.o
[1988/4661] Compiling C object lib/asn1c/s1ap/libogsasn1c-s1ap-0.a.p/S1AP_LastVisitedEUTRANCellInformation.c.o
[1989/4661] Compiling C object lib/asn1c/s1ap/libogsasn1c-s1ap-0.a.p/S1AP_LastVisitedPSCellInformation.c.o
[1990/4661] Compiling C object lib/asn1c/s1ap/libogsasn1c-s1ap-0.a.p/S1AP_LastVisitedNGRANCellInformation.c.o
[1991/4661] Compiling C object lib/asn1c/s1ap/libogsasn1c-s1ap-0.a.p/S1AP_LastVisitedUTRANCellInformation.c.o
[1992/4661] Compiling C object lib/asn1c/s1ap/libogsasn1c-s1ap-0.a.p/S1AP_LastVisitedGERANCellInformation.c.o
[1993/4661] Compiling C object lib/asn1c/s1ap/libogsasn1c-s1ap-0.a.p/S1AP_L3-Information.c.o
[1994/4661] Compiling C object lib/asn1c/s1ap/libogsasn1c-s1ap-0.a.p/S1AP_LPPa-PDU.c.o
[1995/4661] Compiling C object lib/asn1c/s1ap/libogsasn1c-s1ap-0.a.p/S1AP_LHN-ID.c.o
[1996/4661] Compiling C object lib/asn1c/s1ap/libogsasn1c-s1ap-0.a.p/S1AP_Links-to-log.c.o
[1997/4661] Compiling C object lib/asn1c/s1ap/libogsasn1c-s1ap-0.a.p/S1AP_LoggingInterval.c.o
[1998/4661] Compiling C object lib/asn1c/s1ap/libogsasn1c-s1ap-0.a.p/S1AP_ListeningSubframePattern.c.o
[1999/4661] Compiling C object lib/asn1c/s1ap/libogsasn1c-s1ap-0.a.p/S1AP_LoggedMDT.c.o
[2000/4661] Compiling C object lib/asn1c/s1ap/libogsasn1c-s1ap-0.a.p/S1AP_LoggingDuration.c.o
[2001/4661] Compiling C object lib/asn1c/s1ap/libogsasn1c-s1ap-0.a.p/S1AP_LoggedMDTTrigger.c.o
[2002/4661] Compiling C object lib/asn1c/s1ap/libogsasn1c-s1ap-0.a.p/S1AP_LoggedMBSFNMDT.c.o
[2003/4661] Compiling C object lib/asn1c/s1ap/libogsasn1c-s1ap-0.a.p/S1AP_LTE-M-Indication.c.o
[2004/4661] Compiling C object lib/asn1c/s1ap/libogsasn1c-s1ap-0.a.p/S1AP_LTE-NTN-TAI-Information.c.o
[2005/4661] Compiling C object lib/asn1c/s1ap/libogsasn1c-s1ap-0.a.p/S1AP_M3Configuration.c.o
[2006/4661] Compiling C object lib/asn1c/s1ap/libogsasn1c-s1ap-0.a.p/S1AP_M3period.c.o
[2007/4661] Compiling C object lib/asn1c/s1ap/libogsasn1c-s1ap-0.a.p/S1AP_M4ReportAmountMDT.c.o
[2008/4661] Compiling C object lib/asn1c/s1ap/libogsasn1c-s1ap-0.a.p/S1AP_M4period.c.o
[2009/4661] Compiling C object lib/asn1c/s1ap/libogsasn1c-s1ap-0.a.p/S1AP_M4Configuration.c.o
[2010/4661] Compiling C object lib/asn1c/s1ap/libogsasn1c-s1ap-0.a.p/S1AP_M5ReportAmountMDT.c.o
[2011/4661] Compiling C object lib/asn1c/s1ap/libogsasn1c-s1ap-0.a.p/S1AP_M5period.c.o
[2012/4661] Compiling C object lib/asn1c/s1ap/libogsasn1c-s1ap-0.a.p/S1AP_M5Configuration.c.o
[2013/4661] Compiling C object lib/asn1c/s1ap/libogsasn1c-s1ap-0.a.p/S1AP_M6report-Interval.c.o
[2014/4661] Compiling C object lib/asn1c/s1ap/libogsasn1c-s1ap-0.a.p/S1AP_M6Configuration.c.o
[2015/4661] Compiling C object lib/asn1c/s1ap/libogsasn1c-s1ap-0.a.p/S1AP_M6ReportAmountMDT.c.o
[2016/4661] Compiling C object lib/asn1c/s1ap/libogsasn1c-s1ap-0.a.p/S1AP_M6delay-threshold.c.o
[2017/4661] Compiling C object lib/asn1c/s1ap/libogsasn1c-s1ap-0.a.p/S1AP_M7Configuration.c.o
[2018/4661] Compiling C object lib/asn1c/s1ap/libogsasn1c-s1ap-0.a.p/S1AP_M7ReportAmountMDT.c.o
[2019/4661] Compiling C object lib/asn1c/s1ap/libogsasn1c-s1ap-0.a.p/S1AP_MDT-Activation.c.o
[2020/4661] Compiling C object lib/asn1c/s1ap/libogsasn1c-s1ap-0.a.p/S1AP_M7period.c.o
[2021/4661] Compiling C object lib/asn1c/s1ap/libogsasn1c-s1ap-0.a.p/S1AP_MDT-Location-Info.c.o
[2022/4661] Compiling C object lib/asn1c/s1ap/libogsasn1c-s1ap-0.a.p/S1AP_ManagementBasedMDTAllowed.c.o
[2023/4661] Compiling C object lib/asn1c/s1ap/libogsasn1c-s1ap-0.a.p/S1AP_MDT-Configuration.c.o
[2024/4661] Compiling C object lib/asn1c/s1ap/libogsasn1c-s1ap-0.a.p/S1AP_MBSFN-ResultToLog.c.o
[2025/4661] Compiling C object lib/asn1c/s1ap/libogsasn1c-s1ap-1.a.p/S1AP_MDTPLMNList.c.o
[2026/4661] Compiling C object lib/asn1c/s1ap/libogsasn1c-s1ap-1.a.p/S1AP_PrivacyIndicator.c.o
[2027/4661] Compiling C object lib/asn1c/s1ap/libogsasn1c-s1ap-0.a.p/S1AP_MBSFN-ResultToLogInfo.c.o
[2028/4661] Compiling C object lib/asn1c/s1ap/libogsasn1c-s1ap-1.a.p/S1AP_MeasurementsToActivate.c.o
[2029/4661] Compiling C object lib/asn1c/s1ap/libogsasn1c-s1ap-1.a.p/S1AP_MDTMode.c.o
[2030/4661] Compiling C object lib/asn1c/s1ap/libogsasn1c-s1ap-1.a.p/S1AP_MDTMode-Extension.c.o
[2031/4661] Compiling C object lib/asn1c/s1ap/libogsasn1c-s1ap-1.a.p/S1AP_MeasurementThresholdA2.c.o
[2032/4661] Compiling C object lib/asn1c/s1ap/libogsasn1c-s1ap-1.a.p/S1AP_MessageIdentifier.c.o
[2033/4661] Compiling C object lib/asn1c/s1ap/libogsasn1c-s1ap-1.a.p/S1AP_MeasurementThresholdL1LoggedMDT.c.o
[2034/4661] Linking static target lib/asn1c/s1ap/libogsasn1c-s1ap-0.a
[2035/4661] Compiling C object lib/asn1c/s1ap/libogsasn1c-s1ap-1.a.p/S1AP_MobilityInformation.c.o
[2036/4661] Compiling C object lib/asn1c/s1ap/libogsasn1c-s1ap-1.a.p/S1AP_MMEPagingTarget.c.o
[2037/4661] Compiling C object lib/asn1c/s1ap/libogsasn1c-s1ap-1.a.p/S1AP_MMEname.c.o
[2038/4661] Compiling C object lib/asn1c/s1ap/libogsasn1c-s1ap-1.a.p/S1AP_MMERelaySupportIndicator.c.o
[2039/4661] Compiling C object lib/asn1c/s1ap/libogsasn1c-s1ap-1.a.p/S1AP_MME-Group-ID.c.o
[2040/4661] Compiling C object lib/asn1c/s1ap/libogsasn1c-s1ap-1.a.p/S1AP_MME-Code.c.o
[2041/4661] Compiling C object lib/asn1c/s1ap/libogsasn1c-s1ap-1.a.p/S1AP_MSClassmark2.c.o
[2042/4661] Compiling C object lib/asn1c/s1ap/libogsasn1c-s1ap-1.a.p/S1AP_MME-UE-S1AP-ID.c.o
[2043/4661] Compiling C object lib/asn1c/s1ap/libogsasn1c-s1ap-1.a.p/S1AP_M-TMSI.c.o
[2044/4661] Compiling C object lib/asn1c/s1ap/libogsasn1c-s1ap-1.a.p/S1AP_MSClassmark3.c.o
[2045/4661] Compiling C object lib/asn1c/s1ap/libogsasn1c-s1ap-1.a.p/S1AP_MutingAvailabilityIndication.c.o
[2046/4661] Compiling C object lib/asn1c/s1ap/libogsasn1c-s1ap-1.a.p/S1AP_MutingPatternInformation.c.o
[2047/4661] Compiling C object lib/asn1c/s1ap/libogsasn1c-s1ap-1.a.p/S1AP_NAS-PDU.c.o
[2048/4661] Compiling C object lib/asn1c/s1ap/libogsasn1c-s1ap-1.a.p/S1AP_MDT-ConfigurationNR.c.o
[2049/4661] Compiling C object lib/asn1c/s1ap/libogsasn1c-s1ap-1.a.p/S1AP_NASSecurityParametersfromE-UTRAN.c.o
[2050/4661] Compiling C object lib/asn1c/s1ap/libogsasn1c-s1ap-1.a.p/S1AP_NASSecurityParameterstoE-UTRAN.c.o
[2051/4661] Compiling C object lib/asn1c/s1ap/libogsasn1c-s1ap-1.a.p/S1AP_NB-IoT-DefaultPagingDRX.c.o
[2052/4661] Compiling C object lib/asn1c/s1ap/libogsasn1c-s1ap-1.a.p/S1AP_NB-IoT-PagingDRX.c.o
[2053/4661] Compiling C object lib/asn1c/s1ap/libogsasn1c-s1ap-1.a.p/S1AP_NB-IoT-Paging-eDRX-Cycle.c.o
[2054/4661] Compiling C object lib/asn1c/s1ap/libogsasn1c-s1ap-1.a.p/S1AP_NB-IoT-Paging-eDRXInformation.c.o
[2055/4661] Compiling C object lib/asn1c/s1ap/libogsasn1c-s1ap-1.a.p/S1AP_NB-IoT-PagingTimeWindow.c.o
[2056/4661] Compiling C object lib/asn1c/s1ap/libogsasn1c-s1ap-1.a.p/S1AP_NB-IoT-RLF-Report-Container.c.o
[2057/4661] Compiling C object lib/asn1c/s1ap/libogsasn1c-s1ap-1.a.p/S1AP_NextPagingAreaScope.c.o
[2058/4661] Compiling C object lib/asn1c/s1ap/libogsasn1c-s1ap-1.a.p/S1AP_NB-IoT-UEIdentityIndexValue.c.o
[2059/4661] Compiling C object lib/asn1c/s1ap/libogsasn1c-s1ap-1.a.p/S1AP_NotifySourceeNB.c.o
[2060/4661] Compiling C object lib/asn1c/s1ap/libogsasn1c-s1ap-1.a.p/S1AP_NRCellIdentity.c.o
[2061/4661] Compiling C object lib/asn1c/s1ap/libogsasn1c-s1ap-1.a.p/S1AP_NR-CGI.c.o
[2062/4661] Compiling C object lib/asn1c/s1ap/libogsasn1c-s1ap-1.a.p/S1AP_NRencryptionAlgorithms.c.o
[2063/4661] Compiling C object lib/asn1c/s1ap/libogsasn1c-s1ap-1.a.p/S1AP_NRrestrictioninEPSasSecondaryRAT.c.o
[2064/4661] Compiling C object lib/asn1c/s1ap/libogsasn1c-s1ap-1.a.p/S1AP_NRrestrictionin5GS.c.o
[2065/4661] Compiling C object lib/asn1c/s1ap/libogsasn1c-s1ap-1.a.p/S1AP_NRintegrityProtectionAlgorithms.c.o
[2066/4661] Compiling C object lib/asn1c/s1ap/libogsasn1c-s1ap-1.a.p/S1AP_NRUESecurityCapabilities.c.o
[2067/4661] Compiling C object lib/asn1c/s1ap/libogsasn1c-s1ap-1.a.p/S1AP_NumberofBroadcastRequest.c.o
[2068/4661] Compiling C object lib/asn1c/s1ap/libogsasn1c-s1ap-1.a.p/S1AP_NumberOfBroadcasts.c.o
[2069/4661] Compiling C object lib/asn1c/s1ap/libogsasn1c-s1ap-1.a.p/S1AP_OldBSS-ToNewBSS-Information.c.o
[2070/4661] Compiling C object lib/asn1c/s1ap/libogsasn1c-s1ap-1.a.p/S1AP_NRV2XServicesAuthorized.c.o
[2071/4661] Compiling C object lib/asn1c/s1ap/libogsasn1c-s1ap-1.a.p/S1AP_NRUESidelinkAggregateMaximumBitrate.c.o
[2072/4661] Compiling C object lib/asn1c/s1ap/libogsasn1c-s1ap-1.a.p/S1AP_OverloadAction.c.o
[2073/4661] Compiling C object lib/asn1c/s1ap/libogsasn1c-s1ap-1.a.p/S1AP_OverloadResponse.c.o
[2074/4661] Compiling C object lib/asn1c/s1ap/libogsasn1c-s1ap-1.a.p/S1AP_Packet-LossRate.c.o
[2075/4661] Compiling C object lib/asn1c/s1ap/libogsasn1c-s1ap-1.a.p/S1AP_PagingAttemptCount.c.o
[2076/4661] Compiling C object lib/asn1c/s1ap/libogsasn1c-s1ap-1.a.p/S1AP_PagingAttemptInformation.c.o
[2077/4661] Compiling C object lib/asn1c/s1ap/libogsasn1c-s1ap-1.a.p/S1AP_Paging-eDRXInformation.c.o
[2078/4661] Compiling C object lib/asn1c/s1ap/libogsasn1c-s1ap-1.a.p/S1AP_Paging-eDRX-Cycle.c.o
[2079/4661] Compiling C object lib/asn1c/s1ap/libogsasn1c-s1ap-1.a.p/S1AP_PagingTimeWindow.c.o
[2080/4661] Compiling C object lib/asn1c/s1ap/libogsasn1c-s1ap-1.a.p/S1AP_PagingDRX.c.o
[2081/4661] Compiling C object lib/asn1c/s1ap/libogsasn1c-s1ap-1.a.p/S1AP_PagingPriority.c.o
[2082/4661] Compiling C object lib/asn1c/s1ap/libogsasn1c-s1ap-1.a.p/S1AP_PagingProbabilityInformation.c.o
[2083/4661] Compiling C object lib/asn1c/s1ap/libogsasn1c-s1ap-1.a.p/S1AP_PagingCause.c.o
[2084/4661] Compiling C object lib/asn1c/s1ap/libogsasn1c-s1ap-1.a.p/S1AP_PC5QoSFlowList.c.o
[2085/4661] Compiling C object lib/asn1c/s1ap/libogsasn1c-s1ap-1.a.p/S1AP_PC5QoSParameters.c.o
[2086/4661] Compiling C object lib/asn1c/s1ap/libogsasn1c-s1ap-1.a.p/S1AP_PDCP-SN.c.o
[2087/4661] Compiling C object lib/asn1c/s1ap/libogsasn1c-s1ap-1.a.p/S1AP_PDCP-SNExtended.c.o
[2088/4661] Compiling C object lib/asn1c/s1ap/libogsasn1c-s1ap-1.a.p/S1AP_PC5FlowBitRates.c.o
[2089/4661] Compiling C object lib/asn1c/s1ap/libogsasn1c-s1ap-1.a.p/S1AP_PDCP-SNlength18.c.o
[2090/4661] Compiling C object lib/asn1c/s1ap/libogsasn1c-s1ap-1.a.p/S1AP_PC5QoSFlowItem.c.o
[2091/4661] Compiling C object lib/asn1c/s1ap/libogsasn1c-s1ap-1.a.p/S1AP_PendingDataIndication.c.o
[2092/4661] Compiling C object lib/asn1c/s1ap/libogsasn1c-s1ap-1.a.p/S1AP_PLMNidentity.c.o
[2093/4661] Compiling C object lib/asn1c/s1ap/libogsasn1c-s1ap-1.a.p/S1AP_PLMNListforQMC.c.o
[2094/4661] Compiling C object lib/asn1c/s1ap/libogsasn1c-s1ap-1.a.p/S1AP_Pre-emptionCapability.c.o
[2095/4661] Compiling C object lib/asn1c/s1ap/libogsasn1c-s1ap-1.a.p/S1AP_M1PeriodicReporting.c.o
[2096/4661] Compiling C object lib/asn1c/s1ap/libogsasn1c-s1ap-1.a.p/S1AP_PLMNAreaBasedQMC.c.o
[2097/4661] Compiling C object lib/asn1c/s1ap/libogsasn1c-s1ap-1.a.p/S1AP_Port-Number.c.o
[2098/4661] Compiling C object lib/asn1c/s1ap/libogsasn1c-s1ap-1.a.p/S1AP_Pre-emptionVulnerability.c.o
[2099/4661] Compiling C object lib/asn1c/s1ap/libogsasn1c-s1ap-1.a.p/S1AP_PriorityLevel.c.o
[2100/4661] Compiling C object lib/asn1c/s1ap/libogsasn1c-s1ap-1.a.p/S1AP_ProSeUEtoNetworkRelaying.c.o
[2101/4661] Compiling C object lib/asn1c/s1ap/libogsasn1c-s1ap-1.a.p/S1AP_ProSeDirectDiscovery.c.o
[2102/4661] Compiling C object lib/asn1c/s1ap/libogsasn1c-s1ap-1.a.p/S1AP_ProSeDirectCommunication.c.o
[2103/4661] Compiling C object lib/asn1c/s1ap/libogsasn1c-s1ap-1.a.p/S1AP_ProSeAuthorized.c.o
[2104/4661] Compiling C object lib/asn1c/s1ap/libogsasn1c-s1ap-1.a.p/S1AP_PS-ServiceNotAvailable.c.o
[2105/4661] Compiling C object lib/asn1c/s1ap/libogsasn1c-s1ap-1.a.p/S1AP_QCI.c.o
[2106/4661] Compiling C object lib/asn1c/s1ap/libogsasn1c-s1ap-1.a.p/S1AP_RACSIndication.c.o
[2107/4661] Compiling C object lib/asn1c/s1ap/libogsasn1c-s1ap-1.a.p/S1AP_RAN-UE-NGAP-ID.c.o
[2108/4661] Compiling C object lib/asn1c/s1ap/libogsasn1c-s1ap-1.a.p/S1AP_Range.c.o
[2109/4661] Compiling C object lib/asn1c/s1ap/libogsasn1c-s1ap-1.a.p/S1AP_PSCellInformation.c.o
[2110/4661] Compiling C object lib/asn1c/s1ap/libogsasn1c-s1ap-1.a.p/S1AP_ReceiveStatusofULPDCPSDUs.c.o
[2111/4661] Compiling C object lib/asn1c/s1ap/libogsasn1c-s1ap-1.a.p/S1AP_ReceiveStatusOfULPDCPSDUsExtended.c.o
[2112/4661] Compiling C object lib/asn1c/s1ap/libogsasn1c-s1ap-1.a.p/S1AP_ReceiveStatusOfULPDCPSDUsPDCP-SNlength18.c.o
[2113/4661] Compiling C object lib/asn1c/s1ap/libogsasn1c-s1ap-1.a.p/S1AP_RecommendedCellsForPaging.c.o
[2114/4661] Compiling C object lib/asn1c/s1ap/libogsasn1c-s1ap-1.a.p/S1AP_RecommendedCellItem.c.o
[2115/4661] Compiling C object lib/asn1c/s1ap/libogsasn1c-s1ap-1.a.p/S1AP_RecommendedCellList.c.o
[2116/4661] Compiling C object lib/asn1c/s1ap/libogsasn1c-s1ap-1.a.p/S1AP_RecommendedENBsForPaging.c.o
[2117/4661] Compiling C object lib/asn1c/s1ap/libogsasn1c-s1ap-1.a.p/S1AP_RelativeMMECapacity.c.o
[2118/4661] Compiling C object lib/asn1c/s1ap/libogsasn1c-s1ap-1.a.p/S1AP_RecommendedENBItem.c.o
[2119/4661] Compiling C object lib/asn1c/s1ap/libogsasn1c-s1ap-1.a.p/S1AP_RecommendedENBList.c.o
[2120/4661] Compiling C object lib/asn1c/s1ap/libogsasn1c-s1ap-1.a.p/S1AP_RelayNode-Indicator.c.o
[2121/4661] Compiling C object lib/asn1c/s1ap/libogsasn1c-s1ap-1.a.p/S1AP_RAC.c.o
[2122/4661] Compiling C object lib/asn1c/s1ap/libogsasn1c-s1ap-1.a.p/S1AP_RAT-Restrictions.c.o
[2123/4661] Compiling C object lib/asn1c/s1ap/libogsasn1c-s1ap-1.a.p/S1AP_RAT-Type.c.o
[2124/4661] Compiling C object lib/asn1c/s1ap/libogsasn1c-s1ap-1.a.p/S1AP_RAT-RestrictionsItem.c.o
[2125/4661] Compiling C object lib/asn1c/s1ap/libogsasn1c-s1ap-1.a.p/S1AP_ReportIntervalMDT.c.o
[2126/4661] Compiling C object lib/asn1c/s1ap/libogsasn1c-s1ap-1.a.p/S1AP_ReportAmountMDT.c.o
[2127/4661] Compiling C object lib/asn1c/s1ap/libogsasn1c-s1ap-1.a.p/S1AP_M1ReportingTrigger.c.o
[2128/4661] Compiling C object lib/asn1c/s1ap/libogsasn1c-s1ap-1.a.p/S1AP_RequestedTNLInfo.c.o
[2129/4661] Compiling C object lib/asn1c/s1ap/libogsasn1c-s1ap-1.a.p/S1AP_RequestType.c.o
[2130/4661] Compiling C object lib/asn1c/s1ap/libogsasn1c-s1ap-1.a.p/S1AP_RequestTypeAdditionalInfo.c.o
[2131/4661] Compiling C object lib/asn1c/s1ap/libogsasn1c-s1ap-1.a.p/S1AP_RIMInformation.c.o
[2132/4661] Compiling C object lib/asn1c/s1ap/libogsasn1c-s1ap-1.a.p/S1AP_RIMTransfer.c.o
[2133/4661] Compiling C object lib/asn1c/s1ap/libogsasn1c-s1ap-1.a.p/S1AP_RIMRoutingAddress.c.o
[2134/4661] Compiling C object lib/asn1c/s1ap/libogsasn1c-s1ap-1.a.p/S1AP_ReportArea.c.o
[2135/4661] Compiling C object lib/asn1c/s1ap/libogsasn1c-s1ap-1.a.p/S1AP_RepetitionPeriod.c.o
[2136/4661] Compiling C object lib/asn1c/s1ap/libogsasn1c-s1ap-1.a.p/S1AP_RLFReportInformation.c.o
[2137/4661] Compiling C object lib/asn1c/s1ap/libogsasn1c-s1ap-1.a.p/S1AP_RRC-Container.c.o
[2138/4661] Compiling C object lib/asn1c/s1ap/libogsasn1c-s1ap-1.a.p/S1AP_RNC-ID.c.o
[2139/4661] Compiling C object lib/asn1c/s1ap/libogsasn1c-s1ap-1.a.p/S1AP_RRC-Establishment-Cause.c.o
[2140/4661] Compiling C object lib/asn1c/s1ap/libogsasn1c-s1ap-1.a.p/S1AP_ECGIListForRestart.c.o
[2141/4661] Compiling C object lib/asn1c/s1ap/libogsasn1c-s1ap-1.a.p/S1AP_Routing-ID.c.o
[2142/4661] Compiling C object lib/asn1c/s1ap/libogsasn1c-s1ap-1.a.p/S1AP_SecurityKey.c.o
[2143/4661] Compiling C object lib/asn1c/s1ap/libogsasn1c-s1ap-1.a.p/S1AP_SecondaryRATType.c.o
[2144/4661] Compiling C object lib/asn1c/s1ap/libogsasn1c-s1ap-1.a.p/S1AP_SecurityContext.c.o
[2145/4661] Compiling C object lib/asn1c/s1ap/libogsasn1c-s1ap-1.a.p/S1AP_SecondaryRATDataUsageRequest.c.o
[2146/4661] Compiling C object lib/asn1c/s1ap/libogsasn1c-s1ap-1.a.p/S1AP_SecondaryRATDataUsageReportItem.c.o
[2147/4661] Compiling C object lib/asn1c/s1ap/libogsasn1c-s1ap-1.a.p/S1AP_SecondaryRATDataUsageReportList.c.o
[2148/4661] Compiling C object lib/asn1c/s1ap/libogsasn1c-s1ap-1.a.p/S1AP_SecurityIndication.c.o
[2149/4661] Compiling C object lib/asn1c/s1ap/libogsasn1c-s1ap-1.a.p/S1AP_SecurityResult.c.o
[2150/4661] Compiling C object lib/asn1c/s1ap/libogsasn1c-s1ap-1.a.p/S1AP_SensorMeasConfig.c.o
[2151/4661] Compiling C object lib/asn1c/s1ap/libogsasn1c-s1ap-1.a.p/S1AP_SensorMeasConfigNameItem.c.o
[2152/4661] Compiling C object lib/asn1c/s1ap/libogsasn1c-s1ap-1.a.p/S1AP_SensorMeasConfigNameList.c.o
[2153/4661] Compiling C object lib/asn1c/s1ap/libogsasn1c-s1ap-1.a.p/S1AP_SerialNumber.c.o
[2154/4661] Compiling C object lib/asn1c/s1ap/libogsasn1c-s1ap-1.a.p/S1AP_SensorMeasurementConfiguration.c.o
[2155/4661] Compiling C object lib/asn1c/s1ap/libogsasn1c-s1ap-1.a.p/S1AP_ServiceType.c.o
[2156/4661] Compiling C object lib/asn1c/s1ap/libogsasn1c-s1ap-1.a.p/S1AP_SensorNameConfig.c.o
[2157/4661] Compiling C object lib/asn1c/s1ap/libogsasn1c-s1ap-1.a.p/S1AP_SONInformation.c.o
[2158/4661] Compiling C object lib/asn1c/s1ap/libogsasn1c-s1ap-1.a.p/S1AP_SONInformationRequest.c.o
[2159/4661] Compiling C object lib/asn1c/s1ap/libogsasn1c-s1ap-1.a.p/S1AP_SONInformationReport.c.o
[2160/4661] Compiling C object lib/asn1c/s1ap/libogsasn1c-s1ap-1.a.p/S1AP_SONInformationReply.c.o
[2161/4661] Compiling C object lib/asn1c/s1ap/libogsasn1c-s1ap-1.a.p/S1AP_SONInformation-Extension.c.o
[2162/4661] Compiling C object lib/asn1c/s1ap/libogsasn1c-s1ap-1.a.p/S1AP_SONConfigurationTransfer.c.o
[2163/4661] Compiling C object lib/asn1c/s1ap/libogsasn1c-s1ap-1.a.p/S1AP_Source-ToTarget-TransparentContainer.c.o
[2164/4661] Compiling C object lib/asn1c/s1ap/libogsasn1c-s1ap-1.a.p/S1AP_SourceBSS-ToTargetBSS-TransparentContainer.c.o
[2165/4661] Compiling C object lib/asn1c/s1ap/libogsasn1c-s1ap-1.a.p/S1AP_SynchronisationInformation.c.o
[2166/4661] Compiling C object lib/asn1c/s1ap/libogsasn1c-s1ap-1.a.p/S1AP_SourceeNB-ID.c.o
[2167/4661] Compiling C object lib/asn1c/s1ap/libogsasn1c-s1ap-1.a.p/S1AP_SRVCCOperationNotPossible.c.o
[2168/4661] Compiling C object lib/asn1c/s1ap/libogsasn1c-s1ap-1.a.p/S1AP_SRVCCOperationPossible.c.o
[2169/4661] Compiling C object lib/asn1c/s1ap/libogsasn1c-s1ap-1.a.p/S1AP_SRVCCHOIndication.c.o
[2170/4661] Compiling C object lib/asn1c/s1ap/libogsasn1c-s1ap-1.a.p/S1AP_SourceNgRanNode-ID.c.o
[2171/4661] Compiling C object lib/asn1c/s1ap/libogsasn1c-s1ap-1.a.p/S1AP_SourceNodeID-Extension.c.o
[2172/4661] Compiling C object lib/asn1c/s1ap/libogsasn1c-s1ap-1.a.p/S1AP_SourceNodeID.c.o
[2173/4661] Compiling C object lib/asn1c/s1ap/libogsasn1c-s1ap-1.a.p/S1AP_SourceeNB-ToTargeteNB-TransparentContainer.c.o
[2174/4661] Compiling C object lib/asn1c/s1ap/libogsasn1c-s1ap-1.a.p/S1AP_SourceRNC-ToTargetRNC-TransparentContainer.c.o
[2175/4661] Compiling C object lib/asn1c/s1ap/libogsasn1c-s1ap-1.a.p/S1AP_SourceNgRanNode-ToTargetNgRanNode-TransparentContainer.c.o
[2176/4661] Compiling C object lib/asn1c/s1ap/libogsasn1c-s1ap-1.a.p/S1AP_ServedGUMMEIs.c.o
[2177/4661] Compiling C object lib/asn1c/s1ap/libogsasn1c-s1ap-1.a.p/S1AP_ServedMMECs.c.o
[2178/4661] Compiling C object lib/asn1c/s1ap/libogsasn1c-s1ap-1.a.p/S1AP_ServedGUMMEIsItem.c.o
[2179/4661] Compiling C object lib/asn1c/s1ap/libogsasn1c-s1ap-1.a.p/S1AP_ServedGroupIDs.c.o
[2180/4661] Compiling C object lib/asn1c/s1ap/libogsasn1c-s1ap-1.a.p/S1AP_ServedPLMNs.c.o
[2181/4661] Compiling C object lib/asn1c/s1ap/libogsasn1c-s1ap-1.a.p/S1AP_SubscriberProfileIDforRFP.c.o
[2182/4661] Compiling C object lib/asn1c/s1ap/libogsasn1c-s1ap-1.a.p/S1AP_SupportedTAs.c.o
[2183/4661] Compiling C object lib/asn1c/s1ap/libogsasn1c-s1ap-1.a.p/S1AP_StratumLevel.c.o
[2184/4661] Compiling C object lib/asn1c/s1ap/libogsasn1c-s1ap-1.a.p/S1AP_Subscription-Based-UE-DifferentiationInfo.c.o
[2185/4661] Compiling C object lib/asn1c/s1ap/libogsasn1c-s1ap-1.a.p/S1AP_SupportedTAs-Item.c.o
[2186/4661] Compiling C object lib/asn1c/s1ap/libogsasn1c-s1ap-1.a.p/S1AP_ScheduledCommunicationTime.c.o
[2187/4661] Compiling C object lib/asn1c/s1ap/libogsasn1c-s1ap-1.a.p/S1AP_SynchronisationStatus.c.o
[2188/4661] Compiling C object lib/asn1c/s1ap/libogsasn1c-s1ap-1.a.p/S1AP_TimeSynchronisationInfo.c.o
[2189/4661] Compiling C object lib/asn1c/s1ap/libogsasn1c-s1ap-1.a.p/S1AP_TAC.c.o
[2190/4661] Compiling C object lib/asn1c/s1ap/libogsasn1c-s1ap-1.a.p/S1AP_TACList-In-LTE-NTN.c.o
[2191/4661] Compiling C object lib/asn1c/s1ap/libogsasn1c-s1ap-1.a.p/S1AP_S-TMSI.c.o
[2192/4661] Compiling C object lib/asn1c/s1ap/libogsasn1c-s1ap-1.a.p/S1AP_TAIBasedMDT.c.o
[2193/4661] Compiling C object lib/asn1c/s1ap/libogsasn1c-s1ap-1.a.p/S1AP_TAIListforMDT.c.o
[2194/4661] Compiling C object lib/asn1c/s1ap/libogsasn1c-s1ap-1.a.p/S1AP_TAIListforWarning.c.o
[2195/4661] Compiling C object lib/asn1c/s1ap/libogsasn1c-s1ap-1.a.p/S1AP_TAI-Broadcast.c.o
[2196/4661] Compiling C object lib/asn1c/s1ap/libogsasn1c-s1ap-1.a.p/S1AP_TAI.c.o
[2197/4661] Compiling C object lib/asn1c/s1ap/libogsasn1c-s1ap-1.a.p/S1AP_TAI-Cancelled.c.o
[2198/4661] Compiling C object lib/asn1c/s1ap/libogsasn1c-s1ap-1.a.p/S1AP_TAI-Broadcast-Item.c.o
[2199/4661] Compiling C object lib/asn1c/s1ap/libogsasn1c-s1ap-1.a.p/S1AP_TAI-Cancelled-Item.c.o
[2200/4661] Compiling C object lib/asn1c/s1ap/libogsasn1c-s1ap-1.a.p/S1AP_TAListforMDT.c.o
[2201/4661] Compiling C object lib/asn1c/s1ap/libogsasn1c-s1ap-1.a.p/S1AP_TABasedMDT.c.o
[2202/4661] Compiling C object lib/asn1c/s1ap/libogsasn1c-s1ap-1.a.p/S1AP_TAListforQMC.c.o
[2203/4661] Compiling C object lib/asn1c/s1ap/libogsasn1c-s1ap-1.a.p/S1AP_TABasedQMC.c.o
[2204/4661] Compiling C object lib/asn1c/s1ap/libogsasn1c-s1ap-1.a.p/S1AP_TAIBasedQMC.c.o
[2205/4661] Compiling C object lib/asn1c/s1ap/libogsasn1c-s1ap-1.a.p/S1AP_TAIListforQMC.c.o
[2206/4661] Compiling C object lib/asn1c/s1ap/libogsasn1c-s1ap-1.a.p/S1AP_CompletedCellinTAI.c.o
[2207/4661] Compiling C object lib/asn1c/s1ap/libogsasn1c-s1ap-1.a.p/S1AP_CompletedCellinTAI-Item.c.o
[2208/4661] Compiling C object lib/asn1c/s1ap/libogsasn1c-s1ap-1.a.p/S1AP_TBCD-STRING.c.o
[2209/4661] Compiling C object lib/asn1c/s1ap/libogsasn1c-s1ap-1.a.p/S1AP_TargetID.c.o
[2210/4661] Compiling C object lib/asn1c/s1ap/libogsasn1c-s1ap-1.a.p/S1AP_TargeteNB-ID.c.o
[2211/4661] Compiling C object lib/asn1c/s1ap/libogsasn1c-s1ap-1.a.p/S1AP_TargetRNC-ID.c.o
[2212/4661] Compiling C object lib/asn1c/s1ap/libogsasn1c-s1ap-1.a.p/S1AP_TargetNgRanNode-ID.c.o
[2213/4661] Compiling C object lib/asn1c/s1ap/libogsasn1c-s1ap-1.a.p/S1AP_Global-RAN-NODE-ID.c.o
[2214/4661] Compiling C object lib/asn1c/s1ap/libogsasn1c-s1ap-1.a.p/S1AP_GNB.c.o
[2215/4661] Compiling C object lib/asn1c/s1ap/libogsasn1c-s1ap-1.a.p/S1AP_Global-GNB-ID.c.o
[2216/4661] Compiling C object lib/asn1c/s1ap/libogsasn1c-s1ap-1.a.p/S1AP_GNB-Identity.c.o
[2217/4661] Compiling C object lib/asn1c/s1ap/libogsasn1c-s1ap-1.a.p/S1AP_NG-eNB.c.o
[2218/4661] Compiling C object lib/asn1c/s1ap/libogsasn1c-s1ap-1.a.p/S1AP_GNB-ID.c.o
[2219/4661] Compiling C object lib/asn1c/s1ap/libogsasn1c-s1ap-1.a.p/S1AP_TargeteNB-ToSourceeNB-TransparentContainer.c.o
[2220/4661] Compiling C object lib/asn1c/s1ap/libogsasn1c-s1ap-1.a.p/S1AP_TargetRNC-ToSourceRNC-TransparentContainer.c.o
[2221/4661] Compiling C object lib/asn1c/s1ap/libogsasn1c-s1ap-1.a.p/S1AP_Target-ToSource-TransparentContainer.c.o
[2222/4661] Compiling C object lib/asn1c/s1ap/libogsasn1c-s1ap-1.a.p/S1AP_TargetBSS-ToSourceBSS-TransparentContainer.c.o
[2223/4661] Compiling C object lib/asn1c/s1ap/libogsasn1c-s1ap-1.a.p/S1AP_TargetNgRanNode-ToSourceNgRanNode-TransparentContainer.c.o
[2224/4661] Compiling C object lib/asn1c/s1ap/libogsasn1c-s1ap-1.a.p/S1AP_M1ThresholdEventA2.c.o
[2225/4661] Compiling C object lib/asn1c/s1ap/libogsasn1c-s1ap-1.a.p/S1AP_Threshold-RSRP.c.o
[2226/4661] Compiling C object lib/asn1c/s1ap/libogsasn1c-s1ap-1.a.p/S1AP_Threshold-RSRQ.c.o
[2227/4661] Compiling C object lib/asn1c/s1ap/libogsasn1c-s1ap-1.a.p/S1AP_TimeBasedHandoverInformation.c.o
[2228/4661] Compiling C object lib/asn1c/s1ap/libogsasn1c-s1ap-1.a.p/S1AP_HandoverWindowStart.c.o
[2229/4661] Compiling C object lib/asn1c/s1ap/libogsasn1c-s1ap-1.a.p/S1AP_HandoverWindowDuration.c.o
[2230/4661] Compiling C object lib/asn1c/s1ap/libogsasn1c-s1ap-1.a.p/S1AP_TimeToTrigger.c.o
[2231/4661] Compiling C object lib/asn1c/s1ap/libogsasn1c-s1ap-1.a.p/S1AP_TimeToWait.c.o
[2232/4661] Compiling C object lib/asn1c/s1ap/libogsasn1c-s1ap-1.a.p/S1AP_Time-UE-StayedInCell.c.o
[2233/4661] Compiling C object lib/asn1c/s1ap/libogsasn1c-s1ap-1.a.p/S1AP_Time-UE-StayedInCell-EnhancedGranularity.c.o
[2234/4661] Compiling C object lib/asn1c/s1ap/libogsasn1c-s1ap-1.a.p/S1AP_TimeSinceSecondaryNodeRelease.c.o
[2235/4661] Compiling C object lib/asn1c/s1ap/libogsasn1c-s1ap-1.a.p/S1AP_TransportInformation.c.o
[2236/4661] Compiling C object lib/asn1c/s1ap/libogsasn1c-s1ap-1.a.p/S1AP_TransportLayerAddress.c.o
[2237/4661] Compiling C object lib/asn1c/s1ap/libogsasn1c-s1ap-1.a.p/S1AP_TraceDepth.c.o
[2238/4661] Compiling C object lib/asn1c/s1ap/libogsasn1c-s1ap-1.a.p/S1AP_TraceActivation.c.o
[2239/4661] Compiling C object lib/asn1c/s1ap/libogsasn1c-s1ap-1.a.p/S1AP_TrafficLoadReductionIndication.c.o
[2240/4661] Compiling C object lib/asn1c/s1ap/libogsasn1c-s1ap-1.a.p/S1AP_E-UTRAN-Trace-ID.c.o
[2241/4661] Compiling C object lib/asn1c/s1ap/libogsasn1c-s1ap-1.a.p/S1AP_TunnelInformation.c.o
[2242/4661] Compiling C object lib/asn1c/s1ap/libogsasn1c-s1ap-1.a.p/S1AP_TypeOfError.c.o
[2243/4661] Compiling C object lib/asn1c/s1ap/libogsasn1c-s1ap-1.a.p/S1AP_TAIListForRestart.c.o
[2244/4661] Compiling C object lib/asn1c/s1ap/libogsasn1c-s1ap-1.a.p/S1AP_TimeRefDistribution.c.o
[2245/4661] Compiling C object lib/asn1c/s1ap/libogsasn1c-s1ap-1.a.p/S1AP_UEAggregateMaximumBitrate.c.o
[2246/4661] Compiling C object lib/asn1c/s1ap/libogsasn1c-s1ap-1.a.p/S1AP_UEAppLayerMeasConfig.c.o
[2247/4661] Compiling C object lib/asn1c/s1ap/libogsasn1c-s1ap-1.a.p/S1AP_UECapabilityInfoRequest.c.o
[2248/4661] Compiling C object lib/asn1c/s1ap/libogsasn1c-s1ap-1.a.p/S1AP_UE-RetentionInformation.c.o
[2249/4661] Compiling C object lib/asn1c/s1ap/libogsasn1c-s1ap-1.a.p/S1AP_UE-S1AP-IDs.c.o
[2250/4661] Compiling C object lib/asn1c/s1ap/libogsasn1c-s1ap-1.a.p/S1AP_UE-S1AP-ID-pair.c.o
[2251/4661] Compiling C object lib/asn1c/s1ap/libogsasn1c-s1ap-1.a.p/S1AP_UE-HistoryInformation.c.o
[2252/4661] Compiling C object lib/asn1c/s1ap/libogsasn1c-s1ap-1.a.p/S1AP_UEIdentityIndexValue.c.o
[2253/4661] Compiling C object lib/asn1c/s1ap/libogsasn1c-s1ap-1.a.p/S1AP_UE-associatedLogicalS1-ConnectionItem.c.o
[2254/4661] Compiling C object lib/asn1c/s1ap/libogsasn1c-s1ap-1.a.p/S1AP_UE-HistoryInformationFromTheUE.c.o
[2255/4661] Compiling C object lib/asn1c/s1ap/libogsasn1c-s1ap-1.a.p/S1AP_UEPagingID.c.o
[2256/4661] Compiling C object lib/asn1c/s1ap/libogsasn1c-s1ap-1.a.p/S1AP_UERadioCapability.c.o
[2257/4661] Compiling C object lib/asn1c/s1ap/libogsasn1c-s1ap-1.a.p/S1AP_UE-RLF-Report-Container.c.o
[2258/4661] Compiling C object lib/asn1c/s1ap/libogsasn1c-s1ap-1.a.p/S1AP_UERadioCapabilityID.c.o
[2259/4661] Compiling C object lib/asn1c/s1ap/libogsasn1c-s1ap-1.a.p/S1AP_UERadioCapabilityForPaging.c.o
[2260/4661] Compiling C object lib/asn1c/s1ap/libogsasn1c-s1ap-1.a.p/S1AP_UE-RLF-Report-Container-for-extended-bands.c.o
[2261/4661] Compiling C object lib/asn1c/s1ap/libogsasn1c-s1ap-1.a.p/S1AP_UESecurityCapabilities.c.o
[2262/4661] Compiling C object lib/asn1c/s1ap/libogsasn1c-s1ap-1.a.p/S1AP_UE-Usage-Type.c.o
[2263/4661] Compiling C object lib/asn1c/s1ap/libogsasn1c-s1ap-1.a.p/S1AP_UL-NAS-MAC.c.o
[2264/4661] Compiling C object lib/asn1c/s1ap/libogsasn1c-s1ap-1.a.p/S1AP_UESidelinkAggregateMaximumBitrate.c.o
[2265/4661] Compiling C object lib/asn1c/s1ap/libogsasn1c-s1ap-1.a.p/S1AP_UL-CP-SecurityInformation.c.o
[2266/4661] Compiling C object lib/asn1c/s1ap/libogsasn1c-s1ap-1.a.p/S1AP_UL-NAS-Count.c.o
[2267/4661] Compiling C object lib/asn1c/s1ap/libogsasn1c-s1ap-1.a.p/S1AP_UnlicensedSpectrumRestriction.c.o
[2268/4661] Compiling C object lib/asn1c/s1ap/libogsasn1c-s1ap-1.a.p/S1AP_URI-Address.c.o
[2269/4661] Compiling C object lib/asn1c/s1ap/libogsasn1c-s1ap-1.a.p/S1AP_UEUserPlaneCIoTSupportIndicator.c.o
[2270/4661] Compiling C object lib/asn1c/s1ap/libogsasn1c-s1ap-1.a.p/S1AP_UE-Application-Layer-Measurement-Capability.c.o
[2271/4661] Compiling C object lib/asn1c/s1ap/libogsasn1c-s1ap-1.a.p/S1AP_UserLocationInformation.c.o
[2272/4661] Compiling C object lib/asn1c/s1ap/libogsasn1c-s1ap-1.a.p/S1AP_VoiceSupportMatchIndicator.c.o
[2273/4661] Compiling C object lib/asn1c/s1ap/libogsasn1c-s1ap-1.a.p/S1AP_VehicleUE.c.o
[2274/4661] Compiling C object lib/asn1c/s1ap/libogsasn1c-s1ap-1.a.p/S1AP_WarningAreaCoordinates.c.o
[2275/4661] Compiling C object lib/asn1c/s1ap/libogsasn1c-s1ap-1.a.p/S1AP_V2XServicesAuthorized.c.o
[2276/4661] Compiling C object lib/asn1c/s1ap/libogsasn1c-s1ap-1.a.p/S1AP_PedestrianUE.c.o
[2277/4661] Compiling C object lib/asn1c/s1ap/libogsasn1c-s1ap-1.a.p/S1AP_WarningAreaList.c.o
[2278/4661] Compiling C object lib/asn1c/s1ap/libogsasn1c-s1ap-1.a.p/S1AP_WarningType.c.o
[2279/4661] Compiling C object lib/asn1c/s1ap/libogsasn1c-s1ap-1.a.p/S1AP_WarningSecurityInfo.c.o
[2280/4661] Compiling C object lib/asn1c/s1ap/libogsasn1c-s1ap-1.a.p/S1AP_WarningMessageContents.c.o
[2281/4661] Compiling C object lib/asn1c/s1ap/libogsasn1c-s1ap-1.a.p/S1AP_WLANMeasConfig.c.o
[2282/4661] Compiling C object lib/asn1c/s1ap/libogsasn1c-s1ap-1.a.p/S1AP_WLANMeasConfigNameList.c.o
[2283/4661] Compiling C object lib/asn1c/s1ap/libogsasn1c-s1ap-1.a.p/S1AP_WLANMeasurementConfiguration.c.o
[2284/4661] Compiling C object lib/asn1c/s1ap/libogsasn1c-s1ap-1.a.p/S1AP_WLANName.c.o
[2285/4661] Compiling C object lib/asn1c/s1ap/libogsasn1c-s1ap-1.a.p/S1AP_WUS-Assistance-Information.c.o
[2286/4661] Compiling C object lib/asn1c/s1ap/libogsasn1c-s1ap-1.a.p/S1AP_ENBX2ExtTLAs.c.o
[2287/4661] Compiling C object lib/asn1c/s1ap/libogsasn1c-s1ap-1.a.p/S1AP_X2TNLConfigurationInfo.c.o
[2288/4661] Compiling C object lib/asn1c/s1ap/libogsasn1c-s1ap-1.a.p/S1AP_ENBX2ExtTLA.c.o
[2289/4661] Compiling C object lib/asn1c/s1ap/libogsasn1c-s1ap-1.a.p/S1AP_ENBX2GTPTLAs.c.o
[2290/4661] Compiling C object lib/asn1c/s1ap/libogsasn1c-s1ap-1.a.p/S1AP_ENBIndirectX2TransportLayerAddresses.c.o
[2291/4661] Compiling C object lib/asn1c/s1ap/libogsasn1c-s1ap-1.a.p/S1AP_Criticality.c.o
[2292/4661] Compiling C object lib/asn1c/s1ap/libogsasn1c-s1ap-1.a.p/S1AP_Presence.c.o
[2293/4661] Compiling C object lib/asn1c/s1ap/libogsasn1c-s1ap-1.a.p/S1AP_ProcedureCode.c.o
[2294/4661] Compiling C object lib/asn1c/s1ap/libogsasn1c-s1ap-1.a.p/S1AP_PrivateIE-ID.c.o
[2295/4661] Compiling C object lib/asn1c/s1ap/libogsasn1c-s1ap-1.a.p/S1AP_ProtocolExtensionID.c.o
[2296/4661] Compiling C object lib/asn1c/s1ap/libogsasn1c-s1ap-1.a.p/S1AP_ProtocolIE-ID.c.o
[2297/4661] Compiling C object lib/asn1c/s1ap/libogsasn1c-s1ap-1.a.p/S1AP_TriggeringMessage.c.o
[2298/4661] Compiling C object lib/asn1c/s1ap/libogsasn1c-s1ap-1.a.p/S1AP_ProtocolIE-ContainerList.c.o
[2299/4661] Compiling C object lib/asn1c/s1ap/libogsasn1c-s1ap-1.a.p/S1AP_ProtocolIE-SingleContainer.c.o
[2300/4661] Compiling C object lib/asn1c/s1ap/libogsasn1c-s1ap-1.a.p/S1AP_ProtocolIE-Container.c.o
[2301/4661] Compiling C object lib/asn1c/s1ap/libogsasn1c-s1ap-1.a.p/S1AP_PrivateIE-Container.c.o
[2302/4661] Compiling C object lib/asn1c/s1ap/libogsasn1c-s1ap-1.a.p/S1AP_ProtocolExtensionContainer.c.o
[2303/4661] Compiling C object lib/asn1c/s1ap/libogsasn1c-s1ap-1.a.p/S1AP_PrivateIE-Field.c.o
[2304/4661] Compiling C object lib/asn1c/s1ap/libogsasn1c-s1ap-1.a.p/S1AP_EXTERNAL.c.o
[2305/4661] Compiling C object lib/s1ap/libogss1ap.so.2.8.0.p/conv.c.o
[2306/4661] Compiling C object lib/ngap/libogsngap.so.2.8.0.p/conv.c.o
[2307/4661] Compiling C object lib/ngap/libogsngap.so.2.8.0.p/message.c.o
[2308/4661] Compiling C object lib/ngap/libogsngap.so.2.8.0.p/build.c.o
[2309/4661] Compiling C object lib/s1ap/libogss1ap.so.2.8.0.p/message.c.o
[2310/4661] Linking target lib/ngap/libogsngap.so.2.8.0
[2311/4661] Compiling C object lib/nas/common/libogsnas-common.so.2.8.0.p/types.c.o
[2312/4661] Compiling C object lib/nas/common/libogsnas-common.so.2.8.0.p/conv.c.o
[2313/4661] Compiling C object lib/nas/common/libogsnas-common.so.2.8.0.p/security.c.o
[2314/4661] Generating symbol file lib/ngap/libogsngap.so.2.8.0.p/libogsngap.so.2.8.0.symbols
[2315/4661] Linking target lib/nas/common/libogsnas-common.so.2.8.0
[2316/4661] Compiling C object lib/s1ap/libogss1ap.so.2.8.0.p/build.c.o
[2317/4661] Compiling C object lib/nas/5gs/libogsnas-5gs.so.2.8.0.p/conv.c.o
[2318/4661] Compiling C object lib/nas/5gs/libogsnas-5gs.so.2.8.0.p/types.c.o
[2319/4661] Generating symbol file lib/nas/common/libogsnas-common.so.2.8.0.p/libogsnas-common.so.2.8.0.symbols
[2320/4661] Compiling C object lib/nas/eps/libogsnas-eps.so.2.8.0.p/types.c.o
[2321/4661] Compiling C object lib/nas/eps/libogsnas-eps.so.2.8.0.p/conv.c.o
[2322/4661] Compiling C object lib/asn1c/s1ap/libogsasn1c-s1ap-1.a.p/S1AP_ProtocolExtensionField.c.o
[2323/4661] Compiling C object lib/nas/5gs/libogsnas-5gs.so.2.8.0.p/decoder.c.o
[2324/4661] Compiling C object lib/nas/5gs/libogsnas-5gs.so.2.8.0.p/encoder.c.o
[2325/4661] Compiling C object lib/nas/eps/libogsnas-eps.so.2.8.0.p/decoder.c.o
[2326/4661] Compiling C object lib/gtp/libogsgtp.so.2.8.0.p/context.c.o
[2327/4661] Compiling C object lib/gtp/libogsgtp.so.2.8.0.p/path.c.o
[2328/4661] Compiling C object lib/gtp/libogsgtp.so.2.8.0.p/util.c.o
[2329/4661] Compiling C object lib/nas/5gs/libogsnas-5gs.so.2.8.0.p/ies.c.o
[2330/4661] Compiling C object lib/asn1c/s1ap/libogsasn1c-s1ap-1.a.p/S1AP_ProtocolIE-Field.c.o
[2331/4661] Compiling C object lib/nas/eps/libogsnas-eps.so.2.8.0.p/ies.c.o
[2332/4661] Linking target lib/nas/5gs/libogsnas-5gs.so.2.8.0
[2333/4661] Compiling C object lib/nas/eps/libogsnas-eps.so.2.8.0.p/encoder.c.o
[2334/4661] Compiling C object lib/gtp/libogsgtp.so.2.8.0.p/v1_build.c.o
[2335/4661] Linking static target lib/asn1c/s1ap/libogsasn1c-s1ap-1.a
[2336/4661] Linking target lib/nas/eps/libogsnas-eps.so.2.8.0
[2337/4661] Compiling C object lib/gtp/libogsgtp.so.2.8.0.p/v1_conv.c.o
[2338/4661] Compiling C object lib/gtp/libogsgtp.so.2.8.0.p/xact.c.o
[2339/4661] Generating symbol file lib/nas/5gs/libogsnas-5gs.so.2.8.0.p/libogsnas-5gs.so.2.8.0.symbols
[2340/4661] Compiling C object lib/gtp/libogsgtp.so.2.8.0.p/v1_message.c.o
[2341/4661] Generating symbol file lib/nas/eps/libogsnas-eps.so.2.8.0.p/libogsnas-eps.so.2.8.0.symbols
[2342/4661] Compiling C object lib/gtp/libogsgtp.so.2.8.0.p/v1_path.c.o
[2343/4661] Compiling C object lib/gtp/libogsgtp.so.2.8.0.p/v2_conv.c.o
[2344/4661] Compiling C object lib/gtp/libogsgtp.so.2.8.0.p/v2_build.c.o
[2345/4661] Compiling C object lib/gtp/libogsgtp.so.2.8.0.p/v1_types.c.o
[2346/4661] Compiling C object lib/gtp/libogsgtp.so.2.8.0.p/v2_message.c.o
[2347/4661] Compiling C object lib/gtp/libogsgtp.so.2.8.0.p/v2_path.c.o
[2348/4661] Compiling C object lib/pfcp/libogspfcp.so.2.8.0.p/message.c.o
[2349/4661] Compiling C object lib/gtp/libogsgtp.so.2.8.0.p/v2_types.c.o
[2350/4661] Compiling C object lib/pfcp/libogspfcp.so.2.8.0.p/conv.c.o
[2351/4661] Compiling C object lib/pfcp/libogspfcp.so.2.8.0.p/types.c.o
[2352/4661] Linking target lib/asn1c/s1ap/libogsasn1c-s1ap.so.2.8.0
[2353/4661] Linking target lib/gtp/libogsgtp.so.2.8.0
[2354/4661] Compiling C object lib/pfcp/libogspfcp.so.2.8.0.p/build.c.o
[2355/4661] Generating symbol file lib/gtp/libogsgtp.so.2.8.0.p/libogsgtp.so.2.8.0.symbols
[2356/4661] Compiling C object lib/pfcp/libogspfcp.so.2.8.0.p/path.c.o
[2357/4661] Generating symbol file lib/asn1c/s1ap/libogsasn1c-s1ap.so.2.8.0.p/libogsasn1c-s1ap.so.2.8.0.symbols
[2358/4661] Compiling C object lib/pfcp/libogspfcp.so.2.8.0.p/handler.c.o
[2359/4661] Linking target lib/s1ap/libogss1ap.so.2.8.0
[2360/4661] Compiling C object lib/pfcp/libogspfcp.so.2.8.0.p/xact.c.o
[2361/4661] Compiling C object lib/pfcp/libogspfcp.so.2.8.0.p/util.c.o
[2362/4661] Compiling C object lib/sbi/openapi/libogssbi-openapi-0.a.p/src_apiKey.c.o
[2363/4661] Compiling C object lib/pfcp/libogspfcp.so.2.8.0.p/rule-match.c.o
[2364/4661] Compiling C object lib/sbi/openapi/libogssbi-openapi-0.a.p/src_list.c.o
[2365/4661] Compiling C object lib/sbi/openapi/libogssbi-openapi-0.a.p/src_binary.c.o
[2366/4661] Generating symbol file lib/s1ap/libogss1ap.so.2.8.0.p/libogss1ap.so.2.8.0.symbols
[2367/4661] Compiling C object lib/sbi/openapi/libogssbi-openapi-0.a.p/model__sm_policies_post_200_response.c.o
[2368/4661] Compiling C object lib/sbi/openapi/libogssbi-openapi-0.a.p/model_a2x_capability.c.o
[2369/4661] Compiling C object lib/sbi/openapi/libogssbi-openapi-0.a.p/model_a2x_context.c.o
[2370/4661] Compiling C object lib/sbi/openapi/libogssbi-openapi-0.a.p/model_a2x_information.c.o
[2371/4661] Compiling C object lib/sbi/openapi/libogssbi-openapi-0.a.p/model_a2x_subscription_data.c.o
[2372/4661] Compiling C object lib/sbi/openapi/libogssbi-openapi-0.a.p/model__application_data_influence_data_subs_to_notify_post_request_inner.c.o
[2373/4661] Compiling C object lib/sbi/openapi/libogssbi-openapi-0.a.p/model_a2x_subscription_data_1.c.o
[2374/4661] Compiling C object lib/sbi/openapi/libogssbi-openapi-0.a.p/model_aanf_info.c.o
[2375/4661] Compiling C object lib/sbi/openapi/libogssbi-openapi-0.a.p/external_cJSON.c.o
[2376/4661] Compiling C object lib/sbi/openapi/libogssbi-openapi-0.a.p/model_abnormal_behaviour.c.o
[2377/4661] Compiling C object lib/sbi/openapi/libogssbi-openapi-0.a.p/model_acc_net_ch_id.c.o
[2378/4661] Compiling C object lib/sbi/openapi/libogssbi-openapi-0.a.p/model_acc_net_charging_address.c.o
[2379/4661] Compiling C object lib/pfcp/libogspfcp.so.2.8.0.p/context.c.o
[2380/4661] Compiling C object lib/sbi/openapi/libogssbi-openapi-0.a.p/model_acceptable_service_info.c.o
[2381/4661] Linking target lib/pfcp/libogspfcp.so.2.8.0
[2382/4661] Compiling C object lib/sbi/openapi/libogssbi-openapi-0.a.p/model_access_net_charging_identifier.c.o
[2383/4661] Compiling C object lib/sbi/openapi/libogssbi-openapi-0.a.p/model_access_and_mobility_data.c.o
[2384/4661] Compiling C object lib/sbi/openapi/libogssbi-openapi-0.a.p/model_access_network_id.c.o
[2385/4661] Compiling C object lib/sbi/openapi/libogssbi-openapi-0.a.p/model_access_right_status.c.o
[2386/4661] Compiling C object lib/sbi/openapi/libogssbi-openapi-0.a.p/model_access_state_transition_type.c.o
[2387/4661] Compiling C object lib/sbi/openapi/libogssbi-openapi-0.a.p/model_access_tech.c.o
[2388/4661] Generating symbol file lib/pfcp/libogspfcp.so.2.8.0.p/libogspfcp.so.2.8.0.symbols
[2389/4661] Compiling C object lib/sbi/openapi/libogssbi-openapi-0.a.p/model_access_token_err.c.o
[2390/4661] Compiling C object lib/sbi/openapi/libogssbi-openapi-0.a.p/model_access_type.c.o
[2391/4661] Compiling C object lib/sbi/openapi/libogssbi-openapi-0.a.p/model_access_and_mobility_subscription_data.c.o
[2392/4661] Compiling C object lib/sbi/openapi/libogssbi-openapi-0.a.p/model_access_token_req.c.o
[2393/4661] Compiling C object lib/sbi/openapi/libogssbi-openapi-0.a.p/model_access_and_mobility_subscription_data_1.c.o
[2394/4661] Compiling C object lib/sbi/openapi/libogssbi-openapi-0.a.p/model_accu_usage_report.c.o
[2395/4661] Compiling C object lib/sbi/openapi/libogssbi-openapi-0.a.p/model_access_token_req_1.c.o
[2396/4661] Compiling C object lib/sbi/openapi/libogssbi-openapi-0.a.p/model_accumulated_usage.c.o
[2397/4661] Compiling C object lib/sbi/openapi/libogssbi-openapi-0.a.p/model_accuracy.c.o
[2398/4661] Compiling C object lib/sbi/openapi/libogssbi-openapi-0.a.p/model_accuracy_info.c.o
[2399/4661] Compiling C object lib/sbi/openapi/libogssbi-openapi-0.a.p/model_accuracy_req.c.o
[2400/4661] Compiling C object lib/sbi/openapi/libogssbi-openapi-0.a.p/model_acs_info.c.o
[2401/4661] Compiling C object lib/sbi/openapi/libogssbi-openapi-0.a.p/model_acknowledge_info.c.o
[2402/4661] Compiling C object lib/sbi/openapi/libogssbi-openapi-0.a.p/model_acs_info_1.c.o
[2403/4661] Compiling C object lib/sbi/openapi/libogssbi-openapi-0.a.p/model_acs_info_rm.c.o
[2404/4661] Compiling C object lib/sbi/openapi/libogssbi-openapi-0.a.p/model_activation_status.c.o
[2405/4661] Compiling C object lib/sbi/openapi/libogssbi-openapi-0.a.p/model_add_flow_description_info.c.o
[2406/4661] Compiling C object lib/sbi/openapi/libogssbi-openapi-0.a.p/model_additional_access_info.c.o
[2407/4661] Compiling C object lib/sbi/openapi/libogssbi-openapi-0.a.p/model_additional_data_ref.c.o
[2408/4661] Compiling C object lib/sbi/openapi/libogssbi-openapi-0.a.p/model_additional_ee_subs_info.c.o
[2409/4661] Compiling C object lib/sbi/openapi/libogssbi-openapi-0.a.p/model_additional_qos_flow_info.c.o
[2410/4661] Compiling C object lib/sbi/openapi/libogssbi-openapi-0.a.p/model_additional_measurement.c.o
[2411/4661] Compiling C object lib/sbi/openapi/libogssbi-openapi-0.a.p/model_additional_smf_selection_info.c.o
[2412/4661] Compiling C object lib/sbi/openapi/libogssbi-openapi-0.a.p/model_addr_fqdn.c.o
[2413/4661] Compiling C object lib/sbi/openapi/libogssbi-openapi-0.a.p/model_additional_snssai_data.c.o
[2414/4661] Compiling C object lib/sbi/openapi/libogssbi-openapi-0.a.p/model_additional_snssai_data_1.c.o
[2415/4661] Compiling C object lib/sbi/openapi/libogssbi-openapi-0.a.p/model_address_list.c.o
[2416/4661] Compiling C object lib/sbi/openapi/libogssbi-openapi-0.a.p/model_adm_info.c.o
[2417/4661] Compiling C object lib/sbi/openapi/libogssbi-openapi-0.a.p/model_adrf_info.c.o
[2418/4661] Compiling C object lib/sbi/openapi/libogssbi-openapi-0.a.p/model_aerial_ue_indication.c.o
[2419/4661] Compiling C object lib/sbi/openapi/libogssbi-openapi-0.a.p/model_aerial_ue_subscription_info.c.o
[2420/4661] Compiling C object lib/sbi/openapi/libogssbi-openapi-0.a.p/model_aerial_ue_subscription_info_1.c.o
[2421/4661] Compiling C object lib/sbi/openapi/libogssbi-openapi-0.a.p/model_af_authorization_data.c.o
[2422/4661] Compiling C object lib/sbi/openapi/libogssbi-openapi-0.a.p/model_af_coordination_info.c.o
[2423/4661] Compiling C object lib/sbi/openapi/libogssbi-openapi-0.a.p/model_af_data.c.o
[2424/4661] Compiling C object lib/sbi/openapi/libogssbi-openapi-0.a.p/model_af_event.c.o
[2425/4661] Compiling C object lib/sbi/openapi/libogssbi-openapi-0.a.p/model_af_event_notification.c.o
[2426/4661] Compiling C object lib/sbi/openapi/libogssbi-openapi-0.a.p/model_af_event_exposure_data.c.o
[2427/4661] Compiling C object lib/sbi/openapi/libogssbi-openapi-0.a.p/model_af_external.c.o
[2428/4661] Compiling C object lib/sbi/openapi/libogssbi-openapi-0.a.p/model_af_event_subscription.c.o
[2429/4661] Compiling C object lib/sbi/openapi/libogssbi-openapi-0.a.p/model_af_header_handling_control_info.c.o
[2430/4661] Compiling C object lib/sbi/openapi/libogssbi-openapi-0.a.p/model_af_notif_method.c.o
[2431/4661] Compiling C object lib/sbi/openapi/libogssbi-openapi-0.a.p/model_af_header_handling_control_info_1.c.o
[2432/4661] Compiling C object lib/sbi/openapi/libogssbi-openapi-0.a.p/model_af_req_default_qo_s.c.o
[2433/4661] Compiling C object lib/sbi/openapi/libogssbi-openapi-0.a.p/model_af_requested_data.c.o
[2434/4661] Compiling C object lib/sbi/openapi/libogssbi-openapi-0.a.p/model_af_request_authorization.c.o
[2435/4661] Compiling C object lib/sbi/openapi/libogssbi-openapi-0.a.p/model_af_sig_protocol.c.o
[2436/4661] Compiling C object lib/sbi/openapi/libogssbi-openapi-0.a.p/model_af_sfc_requirement.c.o
[2437/4661] Compiling C object lib/sbi/openapi/libogssbi-openapi-0.a.p/model_af_requested_qos_data.c.o
[2438/4661] Compiling C object lib/sbi/openapi/libogssbi-openapi-0.a.p/model_aggregation_level.c.o
[2439/4661] Compiling C object lib/sbi/openapi/libogssbi-openapi-0.a.p/model_af_routing_requirement.c.o
[2440/4661] Compiling C object lib/sbi/openapi/libogssbi-openapi-0.a.p/model_af_routing_requirement_rm.c.o
[2441/4661] Compiling C object lib/sbi/openapi/libogssbi-openapi-0.a.p/model_aiot_area.c.o
[2442/4661] Compiling C object lib/sbi/openapi/libogssbi-openapi-0.a.p/model_aiot_area_id.c.o
[2443/4661] Compiling C object lib/sbi/openapi/libogssbi-openapi-0.a.p/model_aiot_dev_profile_data_list.c.o
[2444/4661] Compiling C object lib/sbi/openapi/libogssbi-openapi-0.a.p/model_aiot_dev_profile_data.c.o
[2445/4661] Compiling C object lib/sbi/openapi/libogssbi-openapi-0.a.p/model_aiotf_info.c.o
[2446/4661] Compiling C object lib/sbi/openapi/libogssbi-openapi-0.a.p/model_allowed_mbs_info.c.o
[2447/4661] Compiling C object lib/sbi/openapi/libogssbi-openapi-0.a.p/model_allowed_mtc_provider_info.c.o
[2448/4661] Compiling C object lib/sbi/openapi/libogssbi-openapi-0.a.p/model_allowed_nssai.c.o
[2449/4661] Compiling C object lib/sbi/openapi/libogssbi-openapi-0.a.p/model_allowed_service_operation.c.o
[2450/4661] Compiling C object lib/sbi/openapi/libogssbi-openapi-0.a.p/model_allowed_snssai.c.o
[2451/4661] Compiling C object lib/sbi/openapi/libogssbi-openapi-0.a.p/model_allowed_target_aiot_device.c.o
[2452/4661] Compiling C object lib/sbi/openapi/libogssbi-openapi-0.a.p/model_alt_qos_param_set.c.o
[2453/4661] Compiling C object lib/sbi/openapi/libogssbi-openapi-0.a.p/model_alt_report_event_trigger.c.o
[2454/4661] Compiling C object lib/sbi/openapi/libogssbi-openapi-0.a.p/model_alternative_qos_profile.c.o
[2455/4661] Compiling C object lib/sbi/openapi/libogssbi-openapi-0.a.p/model_am_influ_event.c.o
[2456/4661] Compiling C object lib/sbi/openapi/libogssbi-openapi-0.a.p/model_alternative_service_requirements_data.c.o
[2457/4661] Compiling C object lib/sbi/openapi/libogssbi-openapi-0.a.p/model_am_influ_data.c.o
[2458/4661] Compiling C object lib/sbi/openapi/libogssbi-openapi-0.a.p/model_am_policy_data.c.o
[2459/4661] Compiling C object lib/sbi/openapi/libogssbi-openapi-0.a.p/model_am_policy_data_patch.c.o
[2460/4661] Compiling C object lib/sbi/openapi/libogssbi-openapi-0.a.p/model_ambr.c.o
[2461/4661] Compiling C object lib/sbi/openapi/libogssbi-openapi-0.a.p/model_am_policy_info_container.c.o
[2462/4661] Compiling C object lib/sbi/openapi/libogssbi-openapi-0.a.p/model_am_requested_value_rep.c.o
[2463/4661] Compiling C object lib/sbi/openapi/libogssbi-openapi-0.a.p/model_ambr_1.c.o
[2464/4661] Compiling C object lib/sbi/openapi/libogssbi-openapi-0.a.p/model_ambr_rm.c.o
[2465/4661] Compiling C object lib/sbi/openapi/libogssbi-openapi-0.a.p/model_amf_cond.c.o
[2466/4661] Compiling C object lib/sbi/openapi/libogssbi-openapi-0.a.p/model_amf3_gpp_access_registration_modification.c.o
[2467/4661] Compiling C object lib/sbi/openapi/libogssbi-openapi-0.a.p/model_amf_dereg_info.c.o
[2468/4661] Compiling C object lib/sbi/openapi/libogssbi-openapi-0.a.p/model_amf3_gpp_access_registration.c.o
[2469/4661] Compiling C object lib/sbi/openapi/libogssbi-openapi-0.a.p/model_amf_event_area.c.o
[2470/4661] Compiling C object lib/sbi/openapi/libogssbi-openapi-0.a.p/model_amf_event_mode.c.o
[2471/4661] Compiling C object lib/sbi/openapi/libogssbi-openapi-0.a.p/model_amf_event_trigger.c.o
[2472/4661] Compiling C object lib/sbi/openapi/libogssbi-openapi-0.a.p/model_amf_event_subscription.c.o
[2473/4661] Compiling C object lib/sbi/openapi/libogssbi-openapi-0.a.p/model_amf_event.c.o
[2474/4661] Compiling C object lib/sbi/openapi/libogssbi-openapi-0.a.p/model_amf_event_type.c.o
[2475/4661] Compiling C object lib/sbi/openapi/libogssbi-openapi-0.a.p/model_amf_event_subscription_add_info.c.o
[2476/4661] Compiling C object lib/sbi/openapi/libogssbi-openapi-0.a.p/model_amf_info_1.c.o
[2477/4661] Compiling C object lib/sbi/openapi/libogssbi-openapi-0.a.p/model_amf_status_change_notification.c.o
[2478/4661] Compiling C object lib/sbi/openapi/libogssbi-openapi-0.a.p/model_amf_non3_gpp_access_registration_modification.c.o
[2479/4661] Compiling C object lib/sbi/openapi/libogssbi-openapi-0.a.p/model_amf_info.c.o
[2480/4661] Compiling C object lib/sbi/openapi/libogssbi-openapi-0.a.p/model_amf_status_info.c.o
[2481/4661] Compiling C object lib/sbi/openapi/libogssbi-openapi-0.a.p/model_amf_non3_gpp_access_registration.c.o
[2482/4661] Compiling C object lib/sbi/openapi/libogssbi-openapi-0.a.p/model_amf_subscription_info.c.o
[2483/4661] Compiling C object lib/sbi/openapi/libogssbi-openapi-0.a.p/model_an_node_type.c.o
[2484/4661] Compiling C object lib/sbi/openapi/libogssbi-openapi-0.a.p/model_analytics_accuracy_indication.c.o
[2485/4661] Compiling C object lib/sbi/openapi/libogssbi-openapi-0.a.p/model_an_gw_address.c.o
[2486/4661] Compiling C object lib/sbi/openapi/libogssbi-openapi-0.a.p/model_analytics_feedback_info.c.o
[2487/4661] Compiling C object lib/sbi/openapi/libogssbi-openapi-0.a.p/model_analytics_metadata.c.o
[2488/4661] Compiling C object lib/sbi/openapi/libogssbi-openapi-0.a.p/model_analytics_metadata_indication.c.o
[2489/4661] Compiling C object lib/sbi/openapi/libogssbi-openapi-0.a.p/model_analytics_subset.c.o
[2490/4661] Compiling C object lib/sbi/openapi/libogssbi-openapi-0.a.p/model_analytics_metadata_info.c.o
[2491/4661] Compiling C object lib/sbi/openapi/libogssbi-openapi-0.a.p/model_anchor_smf_features.c.o
[2492/4661] Compiling C object lib/sbi/openapi/libogssbi-openapi-0.a.p/model_angular_velocity.c.o
[2493/4661] Compiling C object lib/sbi/openapi/libogssbi-openapi-0.a.p/model_analytics_subscription.c.o
[2494/4661] Compiling C object lib/sbi/openapi/libogssbi-openapi-0.a.p/model_api_ie_mapping.c.o
[2495/4661] Compiling C object lib/sbi/openapi/libogssbi-openapi-0.a.p/model_any_type.c.o
[2496/4661] Compiling C object lib/sbi/openapi/libogssbi-openapi-0.a.p/model_api_signature.c.o
[2497/4661] Compiling C object lib/sbi/openapi/libogssbi-openapi-0.a.p/model_apn_rate_status.c.o
[2498/4661] Compiling C object lib/sbi/openapi/libogssbi-openapi-0.a.p/model_app_descriptor_1.c.o
[2499/4661] Compiling C object lib/sbi/openapi/libogssbi-openapi-0.a.p/model_app_descriptor.c.o
[2500/4661] Compiling C object lib/sbi/openapi/libogssbi-openapi-0.a.p/model_app_detection_notif_type.c.o
[2501/4661] Compiling C object lib/sbi/openapi/libogssbi-openapi-0.a.p/model_app_descriptor_2.c.o
[2502/4661] Compiling C object lib/sbi/openapi/libogssbi-openapi-0.a.p/model_app_detection_info.c.o
[2503/4661] Compiling C object lib/sbi/openapi/libogssbi-openapi-0.a.p/model_app_detection_report.c.o
[2504/4661] Compiling C object lib/sbi/openapi/libogssbi-openapi-0.a.p/model_app_list_for_ue_comm.c.o
[2505/4661] Compiling C object lib/sbi/openapi/libogssbi-openapi-0.a.p/model_app_port_id.c.o
[2506/4661] Compiling C object lib/sbi/openapi/libogssbi-openapi-0.a.p/model_app_session_context_resp_data.c.o
[2507/4661] Compiling C object lib/sbi/openapi/libogssbi-openapi-0.a.p/model_app_session_context.c.o
[2508/4661] Compiling C object lib/sbi/openapi/libogssbi-openapi-0.a.p/model_app_specific_expected_ue_behaviour.c.o
[2509/4661] Compiling C object lib/sbi/openapi/libogssbi-openapi-0.a.p/model_app_session_context_update_data_patch.c.o
[2510/4661] Compiling C object lib/sbi/openapi/libogssbi-openapi-0.a.p/model_app_session_context_update_data.c.o
[2511/4661] Compiling C object lib/sbi/openapi/libogssbi-openapi-0.a.p/model_app_session_context_req_data.c.o
[2512/4661] Compiling C object lib/sbi/openapi/libogssbi-openapi-0.a.p/model_app_specific_expected_ue_behaviour_data.c.o
[2513/4661] Compiling C object lib/sbi/openapi/libogssbi-openapi-0.a.p/model_app_specific_expected_ue_behaviour_data_1.c.o
[2514/4661] Compiling C object lib/sbi/openapi/libogssbi-openapi-0.a.p/model_application_data_change_notif.c.o
[2515/4661] Compiling C object lib/sbi/openapi/libogssbi-openapi-0.a.p/model_application_data_subs.c.o
[2516/4661] Compiling C object lib/sbi/openapi/libogssbi-openapi-0.a.p/model_application_volume.c.o
[2517/4661] Compiling C object lib/sbi/openapi/libogssbi-openapi-0.a.p/model_area.c.o
[2518/4661] Compiling C object lib/sbi/openapi/libogssbi-openapi-0.a.p/model_area_1.c.o
[2519/4661] Compiling C object lib/sbi/openapi/libogssbi-openapi-0.a.p/model_area_of_interest_event_state.c.o
[2520/4661] Compiling C object lib/sbi/openapi/libogssbi-openapi-0.a.p/model_area_of_validity.c.o
[2521/4661] Compiling C object lib/sbi/openapi/libogssbi-openapi-0.a.p/model_area_usage_ind.c.o
[2522/4661] Compiling C object lib/sbi/openapi/libogssbi-openapi-0.a.p/model_arp.c.o
[2523/4661] Compiling C object lib/sbi/openapi/libogssbi-openapi-0.a.p/model_arp_1.c.o
[2524/4661] Compiling C object lib/sbi/openapi/libogssbi-openapi-0.a.p/model_area_scope_1.c.o
[2525/4661] Compiling C object lib/sbi/openapi/libogssbi-openapi-0.a.p/model_area_scope.c.o
[2526/4661] Compiling C object lib/sbi/openapi/libogssbi-openapi-0.a.p/model_as_time_distribution_param.c.o
[2527/4661] Compiling C object lib/sbi/openapi/libogssbi-openapi-0.a.p/model_assign_ebi_data.c.o
[2528/4661] Compiling C object lib/sbi/openapi/libogssbi-openapi-0.a.p/model_assign_ebi_error.c.o
[2529/4661] Compiling C object lib/sbi/openapi/libogssbi-openapi-0.a.p/model_assign_ebi_failed.c.o
[2530/4661] Compiling C object lib/sbi/openapi/libogssbi-openapi-0.a.p/model_association_type.c.o
[2531/4661] Compiling C object lib/sbi/openapi/libogssbi-openapi-0.a.p/model_assigned_ebi_data.c.o
[2532/4661] Compiling C object lib/sbi/openapi/libogssbi-openapi-0.a.p/model_asti_allowed_info.c.o
[2533/4661] Compiling C object lib/sbi/openapi/libogssbi-openapi-0.a.p/model_atsss_capability_ext.c.o
[2534/4661] Compiling C object lib/sbi/openapi/libogssbi-openapi-0.a.p/model_atom.c.o
[2535/4661] Compiling C object lib/sbi/openapi/libogssbi-openapi-0.a.p/model_atsss_capability.c.o
[2536/4661] Compiling C object lib/sbi/openapi/libogssbi-openapi-0.a.p/model_ausf_info.c.o
[2537/4661] Compiling C object lib/sbi/openapi/libogssbi-openapi-0.a.p/model_auth_event.c.o
[2538/4661] Compiling C object lib/sbi/openapi/libogssbi-openapi-0.a.p/model_auth_method.c.o
[2539/4661] Compiling C object lib/sbi/openapi/libogssbi-openapi-0.a.p/model_auth_result.c.o
[2540/4661] Compiling C object lib/sbi/openapi/libogssbi-openapi-0.a.p/model_auth_status.c.o
[2541/4661] Compiling C object lib/sbi/openapi/libogssbi-openapi-0.a.p/model_auth_trigger_info.c.o
[2542/4661] Compiling C object lib/sbi/openapi/libogssbi-openapi-0.a.p/model_auth_type.c.o
[2543/4661] Compiling C object lib/sbi/openapi/libogssbi-openapi-0.a.p/model_authentication_info_request.c.o
[2544/4661] Compiling C object lib/sbi/openapi/libogssbi-openapi-0.a.p/model_authentication_info.c.o
[2545/4661] Compiling C object lib/sbi/openapi/libogssbi-openapi-0.a.p/model_authentication_info_result.c.o
[2546/4661] Compiling C object lib/sbi/openapi/libogssbi-openapi-0.a.p/model_authentication_vector.c.o
[2547/4661] Compiling C object lib/sbi/openapi/libogssbi-openapi-0.a.p/model_authentication_subscription.c.o
[2548/4661] Compiling C object lib/sbi/openapi/libogssbi-openapi-0.a.p/model_authorization_data.c.o
[2549/4661] Compiling C object lib/sbi/openapi/libogssbi-openapi-0.a.p/model_authorization_info.c.o
[2550/4661] Compiling C object lib/sbi/openapi/libogssbi-openapi-0.a.p/model_av5_ghe_aka.c.o
[2551/4661] Compiling C object lib/sbi/openapi/libogssbi-openapi-0.a.p/model_av5g_aka.c.o
[2552/4661] Compiling C object lib/sbi/openapi/libogssbi-openapi-0.a.p/model_authorized_default_qos.c.o
[2553/4661] Compiling C object lib/sbi/openapi/libogssbi-openapi-0.a.p/model_av_eap_aka_prime.c.o
[2554/4661] Compiling C object lib/sbi/openapi/libogssbi-openapi-0.a.p/model_authorized_network_slice_info.c.o
[2555/4661] Compiling C object lib/sbi/openapi/libogssbi-openapi-0.a.p/model_av_type.c.o
[2556/4661] Compiling C object lib/sbi/openapi/libogssbi-openapi-0.a.p/model_av_eps_aka.c.o
[2557/4661] Compiling C object lib/sbi/openapi/libogssbi-openapi-0.a.p/model_avail_bit_rate_mon_supported.c.o
[2558/4661] Compiling C object lib/sbi/openapi/libogssbi-openapi-0.a.p/model_av_ims_gba_eap_aka.c.o
[2559/4661] Compiling C object lib/sbi/openapi/libogssbi-openapi-0.a.p/model_available_bitrate_monitoring_request.c.o
[2560/4661] Compiling C object lib/sbi/openapi/libogssbi-openapi-0.a.p/model_available_bitrate_request.c.o
[2561/4661] Compiling C object lib/sbi/openapi/libogssbi-openapi-0.a.p/model_available_ran_visible_qoe_metric.c.o
[2562/4661] Compiling C object lib/sbi/openapi/libogssbi-openapi-0.a.p/model_backup_amf_info.c.o
[2563/4661] Compiling C object lib/sbi/openapi/libogssbi-openapi-0.a.p/model_bat_offset_info.c.o
[2564/4661] Compiling C object lib/sbi/openapi/libogssbi-openapi-0.a.p/model_bat_offset_info_pcc.c.o
[2565/4661] Compiling C object lib/sbi/openapi/libogssbi-openapi-0.a.p/model_battery_indication.c.o
[2566/4661] Compiling C object lib/sbi/openapi/libogssbi-openapi-0.a.p/model_battery_indication_rm.c.o
[2567/4661] Compiling C object lib/sbi/openapi/libogssbi-openapi-0.a.p/model_bdt_data.c.o
[2568/4661] Compiling C object lib/sbi/openapi/libogssbi-openapi-0.a.p/model_bdt_data_patch.c.o
[2569/4661] Compiling C object lib/sbi/openapi/libogssbi-openapi-0.a.p/model_bdt_policy_data.c.o
[2570/4661] Compiling C object lib/sbi/openapi/libogssbi-openapi-0.a.p/model_bdt_policy_data_patch.c.o
[2571/4661] Compiling C object lib/sbi/openapi/libogssbi-openapi-0.a.p/model_bdt_policy_status.c.o
[2572/4661] Compiling C object lib/sbi/openapi/libogssbi-openapi-0.a.p/model_binding_level.c.o
[2573/4661] Compiling C object lib/sbi/openapi/libogssbi-openapi-0.a.p/model_binding_resp.c.o
[2574/4661] Compiling C object lib/sbi/openapi/libogssbi-openapi-0.a.p/model_bluetooth_measurement.c.o
[2575/4661] Compiling C object lib/sbi/openapi/libogssbi-openapi-0.a.p/model_bluetooth_measurement_1.c.o
[2576/4661] Compiling C object lib/sbi/openapi/libogssbi-openapi-0.a.p/model_bluetooth_rssi.c.o
[2577/4661] Compiling C object lib/sbi/openapi/libogssbi-openapi-0.a.p/model_bsf_event.c.o
[2578/4661] Compiling C object lib/sbi/openapi/libogssbi-openapi-0.a.p/model_bridge_management_container.c.o
[2579/4661] Compiling C object lib/sbi/openapi/libogssbi-openapi-0.a.p/model_bsf_notification.c.o
[2580/4661] Compiling C object lib/sbi/openapi/libogssbi-openapi-0.a.p/model_bsf_event_notification.c.o
[2581/4661] Compiling C object lib/sbi/openapi/libogssbi-openapi-0.a.p/model_buffered_notifications_action.c.o
[2582/4661] Compiling C object lib/sbi/openapi/libogssbi-openapi-0.a.p/model_bsf_subscription.c.o
[2583/4661] Compiling C object lib/sbi/openapi/libogssbi-openapi-0.a.p/model_bsf_info.c.o
[2584/4661] Compiling C object lib/sbi/openapi/libogssbi-openapi-0.a.p/model_bsf_subscription_resp.c.o
[2585/4661] Compiling C object lib/sbi/openapi/libogssbi-openapi-0.a.p/model_cag_ack_data.c.o
[2586/4661] Compiling C object lib/sbi/openapi/libogssbi-openapi-0.a.p/model_bw_requirement.c.o
[2587/4661] Compiling C object lib/sbi/openapi/libogssbi-openapi-0.a.p/model_cag_data.c.o
[2588/4661] Compiling C object lib/sbi/openapi/libogssbi-openapi-0.a.p/model_cag_info.c.o
[2589/4661] Compiling C object lib/sbi/openapi/libogssbi-openapi-0.a.p/model_cag_data_1.c.o
[2590/4661] Compiling C object lib/sbi/openapi/libogssbi-openapi-0.a.p/model_cag_info_1.c.o
[2591/4661] Compiling C object lib/sbi/openapi/libogssbi-openapi-0.a.p/model_cag_info_2.c.o
[2592/4661] Compiling C object lib/sbi/openapi/libogssbi-openapi-0.a.p/model_cag_provision_operation.c.o
[2593/4661] Compiling C object lib/sbi/openapi/libogssbi-openapi-0.a.p/model_cag_provision_information.c.o
[2594/4661] Compiling C object lib/sbi/openapi/libogssbi-openapi-0.a.p/model_cag_provision_information_1.c.o
[2595/4661] Compiling C object lib/sbi/openapi/libogssbi-openapi-0.a.p/model_call_info.c.o
[2596/4661] Compiling C object lib/sbi/openapi/libogssbi-openapi-0.a.p/model_callback_name.c.o
[2597/4661] Compiling C object lib/sbi/openapi/libogssbi-openapi-0.a.p/model_callback_uri_prefix_item.c.o
[2598/4661] Compiling C object lib/sbi/openapi/libogssbi-openapi-0.a.p/model_callee_info.c.o
[2599/4661] Compiling C object lib/sbi/openapi/libogssbi-openapi-0.a.p/model_cancel_relocate_ue_context_request.c.o
[2600/4661] Compiling C object lib/sbi/openapi/libogssbi-openapi-0.a.p/model_capability_report.c.o
[2601/4661] Compiling C object lib/sbi/openapi/libogssbi-openapi-0.a.p/model_candidate_for_replacement.c.o
[2602/4661] Compiling C object lib/sbi/openapi/libogssbi-openapi-0.a.p/model_cause.c.o
[2603/4661] Compiling C object lib/sbi/openapi/libogssbi-openapi-0.a.p/model_ce_mode_b_ind.c.o
[2604/4661] Compiling C object lib/sbi/openapi/libogssbi-openapi-0.a.p/model_change_type.c.o
[2605/4661] Compiling C object lib/sbi/openapi/libogssbi-openapi-0.a.p/model_cell_id_nid.c.o
[2606/4661] Compiling C object lib/sbi/openapi/libogssbi-openapi-0.a.p/model_cell_id_nid_info.c.o
[2607/4661] Compiling C object lib/sbi/openapi/libogssbi-openapi-0.a.p/model_cell_global_id.c.o
[2608/4661] Compiling C object lib/sbi/openapi/libogssbi-openapi-0.a.p/model_change_item.c.o
[2609/4661] Compiling C object lib/sbi/openapi/libogssbi-openapi-0.a.p/model_ciphering_algorithm.c.o
[2610/4661] Compiling C object lib/sbi/openapi/libogssbi-openapi-0.a.p/model_charging_data.c.o
[2611/4661] Compiling C object lib/sbi/openapi/libogssbi-openapi-0.a.p/model_circumstance_description.c.o
[2612/4661] Compiling C object lib/sbi/openapi/libogssbi-openapi-0.a.p/model_charging_information.c.o
[2613/4661] Compiling C object lib/sbi/openapi/libogssbi-openapi-0.a.p/model_chf_info.c.o
[2614/4661] Compiling C object lib/sbi/openapi/libogssbi-openapi-0.a.p/model_civic_address.c.o
[2615/4661] Compiling C object lib/sbi/openapi/libogssbi-openapi-0.a.p/model_class_criterion.c.o
[2616/4661] Compiling C object lib/sbi/openapi/libogssbi-openapi-0.a.p/model_clock_quality_1.c.o
[2617/4661] Compiling C object lib/sbi/openapi/libogssbi-openapi-0.a.p/model_clock_quality.c.o
[2618/4661] Compiling C object lib/sbi/openapi/libogssbi-openapi-0.a.p/model_clock_quality_acceptance_criterion_1.c.o
[2619/4661] Compiling C object lib/sbi/openapi/libogssbi-openapi-0.a.p/model_clock_quality_acceptance_criterion.c.o
[2620/4661] Compiling C object lib/sbi/openapi/libogssbi-openapi-0.a.p/model_clock_quality_detail_level.c.o
[2621/4661] Compiling C object lib/sbi/openapi/libogssbi-openapi-0.a.p/model_clock_quality_acceptance_criterion_rm.c.o
[2622/4661] Compiling C object lib/sbi/openapi/libogssbi-openapi-0.a.p/model_cm_info.c.o
[2623/4661] Compiling C object lib/sbi/openapi/libogssbi-openapi-0.a.p/model_cm_state.c.o
[2624/4661] Compiling C object lib/sbi/openapi/libogssbi-openapi-0.a.p/model_cn_assisted_ran_para.c.o
[2625/4661] Compiling C object lib/sbi/openapi/libogssbi-openapi-0.a.p/model_clock_quality_rm.c.o
[2626/4661] Compiling C object lib/sbi/openapi/libogssbi-openapi-0.a.p/model_cnf_unit.c.o
[2627/4661] Compiling C object lib/sbi/openapi/libogssbi-openapi-0.a.p/model_code_word_ind.c.o
[2628/4661] Compiling C object lib/sbi/openapi/libogssbi-openapi-0.a.p/model_collection_period_rmm_lte_mdt.c.o
[2629/4661] Compiling C object lib/sbi/openapi/libogssbi-openapi-0.a.p/model_collection_period_rmm_nr_mdt.c.o
[2630/4661] Compiling C object lib/sbi/openapi/libogssbi-openapi-0.a.p/model_collocated_nf_type.c.o
[2631/4661] Compiling C object lib/sbi/openapi/libogssbi-openapi-0.a.p/model_collocated_nf_instance.c.o
[2632/4661] Compiling C object lib/sbi/openapi/libogssbi-openapi-0.a.p/model_comb_gci_and_hfc_n_ids.c.o
[2633/4661] Compiling C object lib/sbi/openapi/libogssbi-openapi-0.a.p/model_comb_gci_and_hfc_n_ids_1.c.o
[2634/4661] Compiling C object lib/sbi/openapi/libogssbi-openapi-0.a.p/model_communication_characteristics_af.c.o
[2635/4661] Compiling C object lib/sbi/openapi/libogssbi-openapi-0.a.p/model_communication_characteristics.c.o
[2636/4661] Compiling C object lib/sbi/openapi/libogssbi-openapi-0.a.p/model_complex_query.c.o
[2637/4661] Compiling C object lib/sbi/openapi/libogssbi-openapi-0.a.p/model_condition_data.c.o
[2638/4661] Compiling C object lib/sbi/openapi/libogssbi-openapi-0.a.p/model_condition_event_type.c.o
[2639/4661] Compiling C object lib/sbi/openapi/libogssbi-openapi-0.a.p/model_condition_group.c.o
[2640/4661] Compiling C object lib/sbi/openapi/libogssbi-openapi-0.a.p/model_configured_snssai.c.o
[2641/4661] Compiling C object lib/sbi/openapi/libogssbi-openapi-0.a.p/model_conditional_cag_info.c.o
[2642/4661] Compiling C object lib/sbi/openapi/libogssbi-openapi-0.a.p/model_condition_item.c.o
[2643/4661] Compiling C object lib/sbi/openapi/libogssbi-openapi-0.a.p/model_conditional_cag_info_1.c.o
[2644/4661] Compiling C object lib/sbi/openapi/libogssbi-openapi-0.a.p/model_confirmation_data.c.o
[2645/4661] Compiling C object lib/sbi/openapi/libogssbi-openapi-0.a.p/model_congestion_info_req.c.o
[2646/4661] Compiling C object lib/sbi/openapi/libogssbi-openapi-0.a.p/model_confirmation_data_response.c.o
[2647/4661] Compiling C object lib/sbi/openapi/libogssbi-openapi-0.a.p/model_congestion_type.c.o
[2648/4661] Compiling C object lib/sbi/openapi/libogssbi-openapi-0.a.p/model_connection_capabilities.c.o
[2649/4661] Compiling C object lib/sbi/openapi/libogssbi-openapi-0.a.p/model_congestion_info.c.o
[2650/4661] Compiling C object lib/sbi/openapi/libogssbi-openapi-0.a.p/model_consumer_nf_information.c.o
[2651/4661] Compiling C object lib/sbi/openapi/libogssbi-openapi-0.a.p/model_context_data_set_name.c.o
[2652/4661] Compiling C object lib/sbi/openapi/libogssbi-openapi-0.a.p/model_core_network_type.c.o
[2653/4661] Compiling C object lib/sbi/openapi/libogssbi-openapi-0.a.p/model_context_info.c.o
[2654/4661] Compiling C object lib/sbi/openapi/libogssbi-openapi-0.a.p/model_correlation_type.c.o
[2655/4661] Compiling C object lib/sbi/openapi/libogssbi-openapi-0.a.p/model_credit_management_status.c.o
[2656/4661] Compiling C object lib/sbi/openapi/libogssbi-openapi-0.a.p/model_create_ue_context_403_response.c.o
[2657/4661] Compiling C object lib/sbi/openapi/libogssbi-openapi-0.a.p/model_context_data_sets.c.o
[2658/4661] Compiling C object lib/sbi/openapi/libogssbi-openapi-0.a.p/model_data_ind.c.o
[2659/4661] Compiling C object lib/sbi/openapi/libogssbi-openapi-0.a.p/model_create_ue_context_201_response.c.o
[2660/4661] Compiling C object lib/sbi/openapi/libogssbi-openapi-0.a.p/model_data_filter.c.o
[2661/4661] Compiling C object lib/sbi/openapi/libogssbi-openapi-0.a.p/model_create_ue_context_request.c.o
[2662/4661] Compiling C object lib/sbi/openapi/libogssbi-openapi-0.a.p/model_data_set_id.c.o
[2663/4661] Compiling C object lib/sbi/openapi/libogssbi-openapi-0.a.p/model_data_restoration_notification.c.o
[2664/4661] Compiling C object lib/sbi/openapi/libogssbi-openapi-0.a.p/model_data_set_name.c.o
[2665/4661] Compiling C object lib/sbi/openapi/libogssbi-openapi-0.a.p/model_data_volume.c.o
[2666/4661] Compiling C object lib/sbi/openapi/libogssbi-openapi-0.a.p/model_data_volume_transfer_time.c.o
[2667/4661] Compiling C object lib/sbi/openapi/libogssbi-openapi-0.a.p/model_datalink_reporting_configuration.c.o
[2668/4661] Compiling C object lib/sbi/openapi/libogssbi-openapi-0.a.p/model_datalink_reporting_configuration_1.c.o
[2669/4661] Compiling C object lib/sbi/openapi/libogssbi-openapi-0.a.p/model_dataset_statistical_property.c.o
[2670/4661] Compiling C object lib/sbi/openapi/libogssbi-openapi-0.a.p/model_dccf_cond.c.o
[2671/4661] Compiling C object lib/sbi/openapi/libogssbi-openapi-0.a.p/model_dccf_event.c.o
[2672/4661] Compiling C object lib/sbi/openapi/libogssbi-openapi-0.a.p/model_dccf_info.c.o
[2673/4661] Compiling C object lib/sbi/openapi/libogssbi-openapi-0.a.p/model_ddd_traffic_descriptor_1.c.o
[2674/4661] Compiling C object lib/sbi/openapi/libogssbi-openapi-0.a.p/model_dcsf_info.c.o
[2675/4661] Compiling C object lib/sbi/openapi/libogssbi-openapi-0.a.p/model_ddd_traffic_descriptor.c.o
[2676/4661] Compiling C object lib/sbi/openapi/libogssbi-openapi-0.a.p/model_ddn_failure_sub_info.c.o
[2677/4661] Compiling C object lib/sbi/openapi/libogssbi-openapi-0.a.p/model_ddn_failure_subs.c.o
[2678/4661] Compiling C object lib/sbi/openapi/libogssbi-openapi-0.a.p/model_def_sub_service_info.c.o
[2679/4661] Compiling C object lib/sbi/openapi/libogssbi-openapi-0.a.p/model_default_unrelated_class_1.c.o
[2680/4661] Compiling C object lib/sbi/openapi/libogssbi-openapi-0.a.p/model_default_unrelated_class.c.o
[2681/4661] Compiling C object lib/sbi/openapi/libogssbi-openapi-0.a.p/model_delay_measurement_protocol.c.o
[2682/4661] Compiling C object lib/sbi/openapi/libogssbi-openapi-0.a.p/model_default_notification_subscription.c.o
[2683/4661] Compiling C object lib/sbi/openapi/libogssbi-openapi-0.a.p/model_dereg_inact_timer_info.c.o
[2684/4661] Compiling C object lib/sbi/openapi/libogssbi-openapi-0.a.p/model_deregistration_data.c.o
[2685/4661] Compiling C object lib/sbi/openapi/libogssbi-openapi-0.a.p/model_deregistration_reason.c.o
[2686/4661] Compiling C object lib/sbi/openapi/libogssbi-openapi-0.a.p/model_deregistration_info.c.o
[2687/4661] Compiling C object lib/sbi/openapi/libogssbi-openapi-0.a.p/model_device_type.c.o
[2688/4661] Compiling C object lib/sbi/openapi/libogssbi-openapi-0.a.p/model_deregistration_resp_data.c.o
[2689/4661] Compiling C object lib/sbi/openapi/libogssbi-openapi-0.a.p/model_direct_notification_report.c.o
[2690/4661] Compiling C object lib/sbi/openapi/libogssbi-openapi-0.a.p/model_direction.c.o
[2691/4661] Compiling C object lib/sbi/openapi/libogssbi-openapi-0.a.p/model_direction_info.c.o
[2692/4661] Compiling C object lib/sbi/openapi/libogssbi-openapi-0.a.p/model_dispersion_class.c.o
[2693/4661] Compiling C object lib/sbi/openapi/libogssbi-openapi-0.a.p/model_dispersion_area.c.o
[2694/4661] Compiling C object lib/sbi/openapi/libogssbi-openapi-0.a.p/model_dispersion_ordering_criterion.c.o
[2695/4661] Compiling C object lib/sbi/openapi/libogssbi-openapi-0.a.p/model_dispersion_info.c.o
[2696/4661] Compiling C object lib/sbi/openapi/libogssbi-openapi-0.a.p/model_dispersion_collection.c.o
[2697/4661] Compiling C object lib/sbi/openapi/libogssbi-openapi-0.a.p/model_dispersion_type.c.o
[2698/4661] Compiling C object lib/sbi/openapi/libogssbi-openapi-0.a.p/model_dl_data_delivery_status.c.o
[2699/4661] Compiling C object lib/sbi/openapi/libogssbi-openapi-0.a.p/model_dispersion_requirement.c.o
[2700/4661] Compiling C object lib/sbi/openapi/libogssbi-openapi-0.a.p/model_dn_perf.c.o
[2701/4661] Compiling C object lib/sbi/openapi/libogssbi-openapi-0.a.p/model_dn_perf_info.c.o
[2702/4661] Compiling C object lib/sbi/openapi/libogssbi-openapi-0.a.p/model_dn_perf_ordering_criterion.c.o
[2703/4661] Compiling C object lib/sbi/openapi/libogssbi-openapi-0.a.p/model_dn_performance_req.c.o
[2704/4661] Compiling C object lib/sbi/openapi/libogssbi-openapi-0.a.p/model_dnai_change_type.c.o
[2705/4661] Compiling C object lib/sbi/openapi/libogssbi-openapi-0.a.p/model_dnai_eas_info.c.o
[2706/4661] Compiling C object lib/sbi/openapi/libogssbi-openapi-0.a.p/model_dnai_information.c.o
[2707/4661] Compiling C object lib/sbi/openapi/libogssbi-openapi-0.a.p/model_dnf_unit.c.o
[2708/4661] Compiling C object lib/sbi/openapi/libogssbi-openapi-0.a.p/model_dnai_eas_mapping.c.o
[2709/4661] Compiling C object lib/sbi/openapi/libogssbi-openapi-0.a.p/model_dnn_easdf_info_item.c.o
[2710/4661] Compiling C object lib/sbi/openapi/libogssbi-openapi-0.a.p/model_dnn_ladn_service_area.c.o
[2711/4661] Compiling C object lib/sbi/openapi/libogssbi-openapi-0.a.p/model_dnn_info_item.c.o
[2712/4661] Compiling C object lib/sbi/openapi/libogssbi-openapi-0.a.p/model_dnn_info.c.o
[2713/4661] Compiling C object lib/sbi/openapi/libogssbi-openapi-0.a.p/model_dnn_configuration.c.o
[2714/4661] Compiling C object lib/sbi/openapi/libogssbi-openapi-0.a.p/model_dnn_configuration_1.c.o
[2715/4661] Compiling C object lib/sbi/openapi/libogssbi-openapi-0.a.p/model_dnn_mb_smf_info_item.c.o
[2716/4661] Compiling C object lib/sbi/openapi/libogssbi-openapi-0.a.p/model_dnn_ladn_service_areas.c.o
[2717/4661] Compiling C object lib/sbi/openapi/libogssbi-openapi-0.a.p/model_dnn_route_selection_descriptor.c.o
[2718/4661] Compiling C object lib/sbi/openapi/libogssbi-openapi-0.a.p/model_dnn_selection_mode.c.o
[2719/4661] Compiling C object lib/sbi/openapi/libogssbi-openapi-0.a.p/model_dnn_smf_info_item.c.o
[2720/4661] Compiling C object lib/sbi/openapi/libogssbi-openapi-0.a.p/model_dnn_snssai_information.c.o
[2721/4661] Compiling C object lib/sbi/openapi/libogssbi-openapi-0.a.p/model_dnn_tsctsf_info_item.c.o
[2722/4661] Compiling C object lib/sbi/openapi/libogssbi-openapi-0.a.p/model_dnn_snssai_specific_group.c.o
[2723/4661] Compiling C object lib/sbi/openapi/libogssbi-openapi-0.a.p/model_dns_security_protocol.c.o
[2724/4661] Compiling C object lib/sbi/openapi/libogssbi-openapi-0.a.p/model_domain_name_protocol.c.o
[2725/4661] Compiling C object lib/sbi/openapi/libogssbi-openapi-0.a.p/model_downlink_data_notification_control.c.o
[2726/4661] Compiling C object lib/sbi/openapi/libogssbi-openapi-0.a.p/model_dnn_upf_info_item.c.o
[2727/4661] Compiling C object lib/sbi/openapi/libogssbi-openapi-0.a.p/model_downlink_data_notification_control_rm.c.o
[2728/4661] Compiling C object lib/sbi/openapi/libogssbi-openapi-0.a.p/model_e2e_data_vol_trans_time_criterion.c.o
[2729/4661] Compiling C object lib/sbi/openapi/libogssbi-openapi-0.a.p/model_dynamic5_qi.c.o
[2730/4661] Compiling C object lib/sbi/openapi/libogssbi-openapi-0.a.p/model_e2e_data_vol_trans_time_info.c.o
[2731/4661] Compiling C object lib/sbi/openapi/libogssbi-openapi-0.a.p/model_e2e_data_vol_trans_time_per_ts.c.o
[2732/4661] Compiling C object lib/sbi/openapi/libogssbi-openapi-0.a.p/model_e2e_data_vol_trans_time_req.c.o
[2733/4661] Compiling C object lib/sbi/openapi/libogssbi-openapi-0.a.p/model_e2e_data_vol_trans_time_per_ue.c.o
[2734/4661] Compiling C object lib/sbi/openapi/libogssbi-openapi-0.a.p/model_eap_auth_method_200_response.c.o
[2735/4661] Compiling C object lib/sbi/openapi/libogssbi-openapi-0.a.p/model_e2e_data_vol_trans_time_ue_list.c.o
[2736/4661] Compiling C object lib/sbi/openapi/libogssbi-openapi-0.a.p/model_eap_session.c.o
[2737/4661] Compiling C object lib/sbi/openapi/libogssbi-openapi-0.a.p/model_eas_info_to_refresh.c.o
[2738/4661] Compiling C object lib/sbi/openapi/libogssbi-openapi-0.a.p/model_eas_ip_replacement_info.c.o
[2739/4661] Compiling C object lib/sbi/openapi/libogssbi-openapi-0.a.p/model_eas_server_address.c.o
[2740/4661] Compiling C object lib/sbi/openapi/libogssbi-openapi-0.a.p/model_ebi_arp_mapping.c.o
[2741/4661] Compiling C object lib/sbi/openapi/libogssbi-openapi-0.a.p/model_easdf_info.c.o
[2742/4661] Compiling C object lib/sbi/openapi/libogssbi-openapi-0.a.p/model_ec_restriction.c.o
[2743/4661] Compiling C object lib/sbi/openapi/libogssbi-openapi-0.a.p/model_ec_restriction_data_wb.c.o
[2744/4661] Compiling C object lib/sbi/openapi/libogssbi-openapi-0.a.p/model_ecgi.c.o
[2745/4661] Compiling C object lib/sbi/openapi/libogssbi-openapi-0.a.p/model_ec_restriction_1.c.o
[2746/4661] Compiling C object lib/sbi/openapi/libogssbi-openapi-0.a.p/model_ecgi_1.c.o
[2747/4661] Compiling C object lib/sbi/openapi/libogssbi-openapi-0.a.p/model_ecn_marking_congestion_info_req.c.o
[2748/4661] Compiling C object lib/sbi/openapi/libogssbi-openapi-0.a.p/model_ecn_marking_req.c.o
[2749/4661] Compiling C object lib/sbi/openapi/libogssbi-openapi-0.a.p/model_ecn_marking_congestion_info_status.c.o
[2750/4661] Compiling C object lib/sbi/openapi/libogssbi-openapi-0.a.p/model_ecs_addr_config_info.c.o
[2751/4661] Compiling C object lib/sbi/openapi/libogssbi-openapi-0.a.p/model_ecs_addr_data.c.o
[2752/4661] Compiling C object lib/sbi/openapi/libogssbi-openapi-0.a.p/model_ecs_addr_config_info_1.c.o
[2753/4661] Compiling C object lib/sbi/openapi/libogssbi-openapi-0.a.p/model_ecs_auth_method.c.o
[2754/4661] Compiling C object lib/sbi/openapi/libogssbi-openapi-0.a.p/model_ecs_server_addr_1.c.o
[2755/4661] Compiling C object lib/sbi/openapi/libogssbi-openapi-0.a.p/model_ecs_server_addr.c.o
[2756/4661] Compiling C object lib/sbi/openapi/libogssbi-openapi-0.a.p/model_edrx_parameters.c.o
[2757/4661] Compiling C object lib/sbi/openapi/libogssbi-openapi-0.a.p/model_edrx_parameters_1.c.o
[2758/4661] Compiling C object lib/sbi/openapi/libogssbi-openapi-0.a.p/model_ee_profile_data.c.o
[2759/4661] Compiling C object lib/sbi/openapi/libogssbi-openapi-0.a.p/model_ee_group_profile_data.c.o
[2760/4661] Compiling C object lib/sbi/openapi/libogssbi-openapi-0.a.p/model_ellipsoid_arc.c.o
[2761/4661] Compiling C object lib/sbi/openapi/libogssbi-openapi-0.a.p/model_emergency_info.c.o
[2762/4661] Compiling C object lib/sbi/openapi/libogssbi-openapi-0.a.p/model_emergency_info_1.c.o
[2763/4661] Compiling C object lib/sbi/openapi/libogssbi-openapi-0.a.p/model_ee_subscription.c.o
[2764/4661] Compiling C object lib/sbi/openapi/libogssbi-openapi-0.a.p/model_ee_subscription_1.c.o
[2765/4661] Compiling C object lib/sbi/openapi/libogssbi-openapi-0.a.p/model_ee_subscription_ext.c.o
[2766/4661] Compiling C object lib/sbi/openapi/libogssbi-openapi-0.a.p/model_enhanced_coverage_restriction_data.c.o
[2767/4661] Compiling C object lib/sbi/openapi/libogssbi-openapi-1.a.p/model_eps_interworking_indication.c.o
[2768/4661] Compiling C object lib/sbi/openapi/libogssbi-openapi-1.a.p/model_epdg_info.c.o
[2769/4661] Compiling C object lib/sbi/openapi/libogssbi-openapi-1.a.p/model_eps_bearer_info.c.o
[2770/4661] Compiling C object lib/sbi/openapi/libogssbi-openapi-1.a.p/model_eps_interworking_info.c.o
[2771/4661] Compiling C object lib/sbi/openapi/libogssbi-openapi-1.a.p/model_eps_interworking_info_1.c.o
[2772/4661] Compiling C object lib/sbi/openapi/libogssbi-openapi-1.a.p/model_eps_nas_ciphering_algorithm.c.o
[2773/4661] Compiling C object lib/sbi/openapi/libogssbi-openapi-1.a.p/model_eps_iwk_pgw.c.o
[2774/4661] Compiling C object lib/sbi/openapi/libogssbi-openapi-1.a.p/model_eps_iwk_pgw_1.c.o
[2775/4661] Compiling C object lib/sbi/openapi/libogssbi-openapi-1.a.p/model_eps_nas_integrity_algorithm.c.o
[2776/4661] Compiling C object lib/sbi/openapi/libogssbi-openapi-1.a.p/model_eps_nas_security_mode.c.o
[2777/4661] Linking static target lib/sbi/openapi/libogssbi-openapi-0.a
[2778/4661] Compiling C object lib/sbi/openapi/libogssbi-openapi-1.a.p/model_establishment_rejection_cause.c.o
[2779/4661] Compiling C object lib/sbi/openapi/libogssbi-openapi-1.a.p/model_eps_pdn_cnx_info.c.o
[2780/4661] Compiling C object lib/sbi/openapi/libogssbi-openapi-1.a.p/model_error_report.c.o
[2781/4661] Compiling C object lib/sbi/openapi/libogssbi-openapi-1.a.p/model_eth_flow_description.c.o
[2782/4661] Compiling C object lib/sbi/openapi/libogssbi-openapi-1.a.p/model_eth_flow_info.c.o
[2783/4661] Compiling C object lib/sbi/openapi/libogssbi-openapi-1.a.p/model_eth_flow_description_1.c.o
[2784/4661] Compiling C object lib/sbi/openapi/libogssbi-openapi-1.a.p/model_event.c.o
[2785/4661] Compiling C object lib/sbi/openapi/libogssbi-openapi-1.a.p/model_eutra_location.c.o
[2786/4661] Compiling C object lib/sbi/openapi/libogssbi-openapi-1.a.p/model_event_for_mdt.c.o
[2787/4661] Compiling C object lib/sbi/openapi/libogssbi-openapi-1.a.p/model_event_id.c.o
[2788/4661] Compiling C object lib/sbi/openapi/libogssbi-openapi-1.a.p/model_event_notify_data_type.c.o
[2789/4661] Compiling C object lib/sbi/openapi/libogssbi-openapi-1.a.p/model_event_report_mode.c.o
[2790/4661] Compiling C object lib/sbi/openapi/libogssbi-openapi-1.a.p/model_event_type.c.o
[2791/4661] Compiling C object lib/sbi/openapi/libogssbi-openapi-1.a.p/model_event_reporting_requirement.c.o
[2792/4661] Compiling C object lib/sbi/openapi/libogssbi-openapi-1.a.p/model_event_type_1.c.o
[2793/4661] Compiling C object lib/sbi/openapi/libogssbi-openapi-1.a.p/model_event_notification.c.o
[2794/4661] Compiling C object lib/sbi/openapi/libogssbi-openapi-1.a.p/model_events_subsc_req_data.c.o
[2795/4661] Compiling C object lib/sbi/openapi/libogssbi-openapi-1.a.p/model_events_subsc_req_data_rm.c.o
[2796/4661] Compiling C object lib/sbi/openapi/libogssbi-openapi-1.a.p/model_exception.c.o
[2797/4661] Compiling C object lib/sbi/openapi/libogssbi-openapi-1.a.p/model_exception_id.c.o
[2798/4661] Compiling C object lib/sbi/openapi/libogssbi-openapi-1.a.p/model_events_notification.c.o
[2799/4661] Compiling C object lib/sbi/openapi/libogssbi-openapi-1.a.p/model_exception_trend.c.o
[2800/4661] Compiling C object lib/sbi/openapi/libogssbi-openapi-1.a.p/model_event_subscription.c.o
[2801/4661] Compiling C object lib/sbi/openapi/libogssbi-openapi-1.a.p/model_expected_analytics_type.c.o
[2802/4661] Compiling C object lib/sbi/openapi/libogssbi-openapi-1.a.p/model_exemption_ind.c.o
[2803/4661] Compiling C object lib/sbi/openapi/libogssbi-openapi-1.a.p/model_expected_ue_behavior.c.o
[2804/4661] Compiling C object lib/sbi/openapi/libogssbi-openapi-1.a.p/model_events_subsc_put_data.c.o
[2805/4661] Compiling C object lib/sbi/openapi/libogssbi-openapi-1.a.p/model_expected_ue_behaviour.c.o
[2806/4661] Compiling C object lib/sbi/openapi/libogssbi-openapi-1.a.p/model_expected_ue_behaviour_dataset.c.o
[2807/4661] Compiling C object lib/sbi/openapi/libogssbi-openapi-1.a.p/model_expected_ue_behaviour_data.c.o
[2808/4661] Compiling C object lib/sbi/openapi/libogssbi-openapi-1.a.p/model_expected_ue_behaviour_extension.c.o
[2809/4661] Compiling C object lib/sbi/openapi/libogssbi-openapi-1.a.p/model_expected_ue_behaviour_data_1.c.o
[2810/4661] Compiling C object lib/sbi/openapi/libogssbi-openapi-1.a.p/model_expected_ue_behaviour_threshold.c.o
[2811/4661] Compiling C object lib/sbi/openapi/libogssbi-openapi-1.a.p/model_expected_ue_behaviour_threshold_1.c.o
[2812/4661] Compiling C object lib/sbi/openapi/libogssbi-openapi-1.a.p/model_exposure_data_change_notification.c.o
[2813/4661] Compiling C object lib/sbi/openapi/libogssbi-openapi-1.a.p/model_exposure_data_subscription.c.o
[2814/4661] Compiling C object lib/sbi/openapi/libogssbi-openapi-1.a.p/model_ext_redirect_response.c.o
[2815/4661] Compiling C object lib/sbi/openapi/libogssbi-openapi-1.a.p/model_ext_problem_details.c.o
[2816/4661] Compiling C object lib/sbi/openapi/libogssbi-openapi-1.a.p/model_ext_snssai.c.o
[2817/4661] Compiling C object lib/sbi/openapi/libogssbi-openapi-1.a.p/model_external_client_type.c.o
[2818/4661] Compiling C object lib/sbi/openapi/libogssbi-openapi-1.a.p/model_ext_amf_event_subscription.c.o
[2819/4661] Compiling C object lib/sbi/openapi/libogssbi-openapi-1.a.p/model_extended_problem_details.c.o
[2820/4661] Compiling C object lib/sbi/openapi/libogssbi-openapi-1.a.p/model_extended_sm_subs_data.c.o
[2821/4661] Compiling C object lib/sbi/openapi/libogssbi-openapi-1.a.p/model_external_unrelated_class.c.o
[2822/4661] Compiling C object lib/sbi/openapi/libogssbi-openapi-1.a.p/model_failed_modification_info.c.o
[2823/4661] Compiling C object lib/sbi/openapi/libogssbi-openapi-1.a.p/model_failure_cause.c.o
[2824/4661] Compiling C object lib/sbi/openapi/libogssbi-openapi-1.a.p/model_failure_code.c.o
[2825/4661] Compiling C object lib/sbi/openapi/libogssbi-openapi-1.a.p/model_failure_reason.c.o
[2826/4661] Compiling C object lib/sbi/openapi/libogssbi-openapi-1.a.p/model_failure_event_info.c.o
[2827/4661] Compiling C object lib/sbi/openapi/libogssbi-openapi-1.a.p/model_final_unit_action.c.o
[2828/4661] Compiling C object lib/sbi/openapi/libogssbi-openapi-1.a.p/model_fl_capability_type.c.o
[2829/4661] Compiling C object lib/sbi/openapi/libogssbi-openapi-1.a.p/model_flow_direction.c.o
[2830/4661] Compiling C object lib/sbi/openapi/libogssbi-openapi-1.a.p/model_flow_info.c.o
[2831/4661] Compiling C object lib/sbi/openapi/libogssbi-openapi-1.a.p/model_flow_status.c.o
[2832/4661] Compiling C object lib/sbi/openapi/libogssbi-openapi-1.a.p/model_flow_usage.c.o
[2833/4661] Compiling C object lib/sbi/openapi/libogssbi-openapi-1.a.p/model_flow_info_1.c.o
[2834/4661] Compiling C object lib/sbi/openapi/libogssbi-openapi-1.a.p/model_flow_information.c.o
[2835/4661] Compiling C object lib/sbi/openapi/libogssbi-openapi-1.a.p/model_flows.c.o
[2836/4661] Compiling C object lib/sbi/openapi/libogssbi-openapi-1.a.p/model_fqdn_pattern_matching_rule.c.o
[2837/4661] Compiling C object lib/sbi/openapi/libogssbi-openapi-1.a.p/model_frame_route_info.c.o
[2838/4661] Compiling C object lib/sbi/openapi/libogssbi-openapi-1.a.p/model_frame_route_info_1.c.o
[2839/4661] Compiling C object lib/sbi/openapi/libogssbi-openapi-1.a.p/model_gad_shape.c.o
[2840/4661] Compiling C object lib/sbi/openapi/libogssbi-openapi-1.a.p/model_gba_auth_type.c.o
[2841/4661] Compiling C object lib/sbi/openapi/libogssbi-openapi-1.a.p/model_gba_authentication_info_request.c.o
[2842/4661] Compiling C object lib/sbi/openapi/libogssbi-openapi-1.a.p/model_gba_authentication_info_result.c.o
[2843/4661] Compiling C object lib/sbi/openapi/libogssbi-openapi-1.a.p/model_geo_location.c.o
[2844/4661] Compiling C object lib/sbi/openapi/libogssbi-openapi-1.a.p/model_geo_distribution_info.c.o
[2845/4661] Compiling C object lib/sbi/openapi/libogssbi-openapi-1.a.p/model_gbr_qos_flow_information.c.o
[2846/4661] Compiling C object lib/sbi/openapi/libogssbi-openapi-1.a.p/model_geo_service_area.c.o
[2847/4661] Compiling C object lib/sbi/openapi/libogssbi-openapi-1.a.p/model_geo_service_area_1.c.o
[2848/4661] Compiling C object lib/sbi/openapi/libogssbi-openapi-1.a.p/model_geographic_area.c.o
[2849/4661] Compiling C object lib/sbi/openapi/libogssbi-openapi-1.a.p/model_geographical_coordinates.c.o
[2850/4661] Compiling C object lib/sbi/openapi/libogssbi-openapi-1.a.p/model_geographical_area.c.o
[2851/4661] Compiling C object lib/sbi/openapi/libogssbi-openapi-1.a.p/model_gera_location.c.o
[2852/4661] Compiling C object lib/sbi/openapi/libogssbi-openapi-1.a.p/model_global_ran_node_id.c.o
[2853/4661] Compiling C object lib/sbi/openapi/libogssbi-openapi-1.a.p/model_gnb_id.c.o
[2854/4661] Compiling C object lib/sbi/openapi/libogssbi-openapi-1.a.p/model_gmlc_info.c.o
[2855/4661] Compiling C object lib/sbi/openapi/libogssbi-openapi-1.a.p/model_gpsi_information.c.o
[2856/4661] Compiling C object lib/sbi/openapi/libogssbi-openapi-1.a.p/model_global_ran_node_id_1.c.o
[2857/4661] Compiling C object lib/sbi/openapi/libogssbi-openapi-1.a.p/model_gpsi_type.c.o
[2858/4661] Compiling C object lib/sbi/openapi/libogssbi-openapi-1.a.p/model_gptp_allowed_info.c.o
[2859/4661] Compiling C object lib/sbi/openapi/libogssbi-openapi-1.a.p/model_group_identifiers.c.o
[2860/4661] Compiling C object lib/sbi/openapi/libogssbi-openapi-1.a.p/model_group_policy_data.c.o
[2861/4661] Compiling C object lib/sbi/openapi/libogssbi-openapi-1.a.p/model_guami_1.c.o
[2862/4661] Compiling C object lib/sbi/openapi/libogssbi-openapi-1.a.p/model_guami.c.o
[2863/4661] Compiling C object lib/sbi/openapi/libogssbi-openapi-1.a.p/model_guami_list_cond.c.o
[2864/4661] Compiling C object lib/sbi/openapi/libogssbi-openapi-1.a.p/model_header_handling_action.c.o
[2865/4661] Compiling C object lib/sbi/openapi/libogssbi-openapi-1.a.p/model_header_handling_cond.c.o
[2866/4661] Compiling C object lib/sbi/openapi/libogssbi-openapi-1.a.p/model_header_handling_reporting.c.o
[2867/4661] Compiling C object lib/sbi/openapi/libogssbi-openapi-1.a.p/model_header_handling_action_request_1.c.o
[2868/4661] Compiling C object lib/sbi/openapi/libogssbi-openapi-1.a.p/model_header_handling_action_request.c.o
[2869/4661] Compiling C object lib/sbi/openapi/libogssbi-openapi-1.a.p/model_header_handling_reporting_1.c.o
[2870/4661] Compiling C object lib/sbi/openapi/libogssbi-openapi-1.a.p/model_hfc_node_id.c.o
[2871/4661] Compiling C object lib/sbi/openapi/libogssbi-openapi-1.a.p/model_ho_state.c.o
[2872/4661] Compiling C object lib/sbi/openapi/libogssbi-openapi-1.a.p/model_horizontal_velocity.c.o
[2873/4661] Compiling C object lib/sbi/openapi/libogssbi-openapi-1.a.p/model_horizontal_velocity_with_uncertainty.c.o
[2874/4661] Compiling C object lib/sbi/openapi/libogssbi-openapi-1.a.p/model_horizontal_with_vertical_velocity.c.o
[2875/4661] Compiling C object lib/sbi/openapi/libogssbi-openapi-1.a.p/model_horizontal_with_vertical_velocity_and_uncertainty.c.o
[2876/4661] Compiling C object lib/sbi/openapi/libogssbi-openapi-1.a.p/model_hrsbo_info_from_vplmn.c.o
[2877/4661] Compiling C object lib/sbi/openapi/libogssbi-openapi-1.a.p/model_hrsbo_info_from_hplmn.c.o
[2878/4661] Compiling C object lib/sbi/openapi/libogssbi-openapi-1.a.p/model_hsmf_update_error.c.o
[2879/4661] Compiling C object lib/sbi/openapi/libogssbi-openapi-1.a.p/model_hss_auth_type.c.o
[2880/4661] Compiling C object lib/sbi/openapi/libogssbi-openapi-1.a.p/model_hsmf_updated_data.c.o
[2881/4661] Compiling C object lib/sbi/openapi/libogssbi-openapi-1.a.p/model_hss_auth_type_in_uri.c.o
[2882/4661] Compiling C object lib/sbi/openapi/libogssbi-openapi-1.a.p/model_hss_authentication_info_result.c.o
[2883/4661] Compiling C object lib/sbi/openapi/libogssbi-openapi-1.a.p/model_hss_authentication_vectors.c.o
[2884/4661] Compiling C object lib/sbi/openapi/libogssbi-openapi-1.a.p/model_hss_authentication_info_request.c.o
[2885/4661] Compiling C object lib/sbi/openapi/libogssbi-openapi-1.a.p/model_hss_av_type.c.o
[2886/4661] Compiling C object lib/sbi/openapi/libogssbi-openapi-1.a.p/model_hss_subscription_info.c.o
[2887/4661] Compiling C object lib/sbi/openapi/libogssbi-openapi-1.a.p/model_http_method.c.o
[2888/4661] Compiling C object lib/sbi/openapi/libogssbi-openapi-1.a.p/model_hsmf_update_data.c.o
[2889/4661] Compiling C object lib/sbi/openapi/libogssbi-openapi-1.a.p/model_hss_subscription_item.c.o
[2890/4661] Compiling C object lib/sbi/openapi/libogssbi-openapi-1.a.p/model_hss_info.c.o
[2891/4661] Compiling C object lib/sbi/openapi/libogssbi-openapi-1.a.p/model_id_translation_result.c.o
[2892/4661] Compiling C object lib/sbi/openapi/libogssbi-openapi-1.a.p/model_ie_location.c.o
[2893/4661] Compiling C object lib/sbi/openapi/libogssbi-openapi-1.a.p/model_identity_range.c.o
[2894/4661] Compiling C object lib/sbi/openapi/libogssbi-openapi-1.a.p/model_ie_type.c.o
[2895/4661] Compiling C object lib/sbi/openapi/libogssbi-openapi-1.a.p/model_ie_info.c.o
[2896/4661] Compiling C object lib/sbi/openapi/libogssbi-openapi-1.a.p/model_identity_data.c.o
[2897/4661] Compiling C object lib/sbi/openapi/libogssbi-openapi-1.a.p/model_ims_event.c.o
[2898/4661] Compiling C object lib/sbi/openapi/libogssbi-openapi-1.a.p/model_ims_vo_ps.c.o
[2899/4661] Compiling C object lib/sbi/openapi/libogssbi-openapi-1.a.p/model_immediate_mdt_conf.c.o
[2900/4661] Compiling C object lib/sbi/openapi/libogssbi-openapi-1.a.p/model_immediate_report_2.c.o
[2901/4661] Compiling C object lib/sbi/openapi/libogssbi-openapi-1.a.p/model_immediate_report.c.o
[2902/4661] Compiling C object lib/sbi/openapi/libogssbi-openapi-1.a.p/model_immediate_report_1.c.o
[2903/4661] Compiling C object lib/sbi/openapi/libogssbi-openapi-1.a.p/model_imsas_info.c.o
[2904/4661] Compiling C object lib/sbi/openapi/libogssbi-openapi-1.a.p/model_imsi_range.c.o
[2905/4661] Compiling C object lib/sbi/openapi/libogssbi-openapi-1.a.p/model_ind_com_add_info.c.o
[2906/4661] Compiling C object lib/sbi/openapi/libogssbi-openapi-1.a.p/model_indirect_data_forwarding_tunnel_info.c.o
[2907/4661] Compiling C object lib/sbi/openapi/libogssbi-openapi-1.a.p/model_individual_af_authorization_data.c.o
[2908/4661] Compiling C object lib/sbi/openapi/libogssbi-openapi-1.a.p/model_integrity_algorithm.c.o
[2909/4661] Compiling C object lib/sbi/openapi/libogssbi-openapi-1.a.p/model_intended_n32_purpose.c.o
[2910/4661] Compiling C object lib/sbi/openapi/libogssbi-openapi-1.a.p/model_inter_freq_target_info.c.o
[2911/4661] Compiling C object lib/sbi/openapi/libogssbi-openapi-1.a.p/model_inter_freq_target_info_1.c.o
[2912/4661] Compiling C object lib/sbi/openapi/libogssbi-openapi-1.a.p/model_internal_group_id_range.c.o
[2913/4661] Compiling C object lib/sbi/openapi/libogssbi-openapi-1.a.p/model_invalid_param.c.o
[2914/4661] Compiling C object lib/sbi/openapi/libogssbi-openapi-1.a.p/model_interface_upf_info_item.c.o
[2915/4661] Compiling C object lib/sbi/openapi/libogssbi-openapi-1.a.p/model_ip_addr.c.o
[2916/4661] Compiling C object lib/sbi/openapi/libogssbi-openapi-1.a.p/model_ip_addr_1.c.o
[2917/4661] Compiling C object lib/sbi/openapi/libogssbi-openapi-1.a.p/model_ip_address.c.o
[2918/4661] Compiling C object lib/sbi/openapi/libogssbi-openapi-1.a.p/model_ip_address_1.c.o
[2919/4661] Compiling C object lib/sbi/openapi/libogssbi-openapi-1.a.p/model_ip_eth_flow_description.c.o
[2920/4661] Compiling C object lib/sbi/openapi/libogssbi-openapi-1.a.p/model_ip_end_point.c.o
[2921/4661] Compiling C object lib/sbi/openapi/libogssbi-openapi-1.a.p/model_ip_index.c.o
[2922/4661] Compiling C object lib/sbi/openapi/libogssbi-openapi-1.a.p/model_ip_multicast_address_info.c.o
[2923/4661] Compiling C object lib/sbi/openapi/libogssbi-openapi-1.a.p/model_ip_reachability.c.o
[2924/4661] Compiling C object lib/sbi/openapi/libogssbi-openapi-1.a.p/model_ip_sm_gw_info.c.o
[2925/4661] Compiling C object lib/sbi/openapi/libogssbi-openapi-1.a.p/model_ip_sm_gw_guidance.c.o
[2926/4661] Compiling C object lib/sbi/openapi/libogssbi-openapi-1.a.p/model_ip_sm_gw_registration.c.o
[2927/4661] Compiling C object lib/sbi/openapi/libogssbi-openapi-1.a.p/model_iptv_config_data_patch.c.o
[2928/4661] Compiling C object lib/sbi/openapi/libogssbi-openapi-1.a.p/model_ipv4_address_range.c.o
[2929/4661] Compiling C object lib/sbi/openapi/libogssbi-openapi-1.a.p/model_iptv_config_data.c.o
[2930/4661] Compiling C object lib/sbi/openapi/libogssbi-openapi-1.a.p/model_ipv6_address_range.c.o
[2931/4661] Compiling C object lib/sbi/openapi/libogssbi-openapi-1.a.p/model_ipv6_prefix_range.c.o
[2932/4661] Compiling C object lib/sbi/openapi/libogssbi-openapi-1.a.p/model_ipx_provider_sec_info.c.o
[2933/4661] Compiling C object lib/sbi/openapi/libogssbi-openapi-1.a.p/model_job_type.c.o
[2934/4661] Compiling C object lib/sbi/openapi/libogssbi-openapi-1.a.p/model_key_amf.c.o
[2935/4661] Compiling C object lib/sbi/openapi/libogssbi-openapi-1.a.p/model_iwmsc_info.c.o
[2936/4661] Compiling C object lib/sbi/openapi/libogssbi-openapi-1.a.p/model_key_amf_type.c.o
[2937/4661] Compiling C object lib/sbi/openapi/libogssbi-openapi-1.a.p/model_l4s_notif_type.c.o
[2938/4661] Compiling C object lib/sbi/openapi/libogssbi-openapi-1.a.p/model_l4s_support.c.o
[2939/4661] Compiling C object lib/sbi/openapi/libogssbi-openapi-1.a.p/model_ladn_info.c.o
[2940/4661] Compiling C object lib/sbi/openapi/libogssbi-openapi-1.a.p/model_l4s_support_info.c.o
[2941/4661] Compiling C object lib/sbi/openapi/libogssbi-openapi-1.a.p/model_last_known_aiotf_info.c.o
[2942/4661] Compiling C object lib/sbi/openapi/libogssbi-openapi-1.a.p/model_lcs_broadcast_assistance_types_data.c.o
[2943/4661] Compiling C object lib/sbi/openapi/libogssbi-openapi-1.a.p/model_lcs_broadcast_assistance_types_data_1.c.o
[2944/4661] Compiling C object lib/sbi/openapi/libogssbi-openapi-1.a.p/model_lcs_client_class.c.o
[2945/4661] Compiling C object lib/sbi/openapi/libogssbi-openapi-1.a.p/model_lcs_client_external.c.o
[2946/4661] Compiling C object lib/sbi/openapi/libogssbi-openapi-1.a.p/model_lcs_client_group_external.c.o
[2947/4661] Compiling C object lib/sbi/openapi/libogssbi-openapi-1.a.p/model_lcs_mo_data.c.o
[2948/4661] Compiling C object lib/sbi/openapi/libogssbi-openapi-1.a.p/model_lcs_mo_service_class.c.o
[2949/4661] Compiling C object lib/sbi/openapi/libogssbi-openapi-1.a.p/model_lcs_mo_data_1.c.o
[2950/4661] Compiling C object lib/sbi/openapi/libogssbi-openapi-1.a.p/model_lcs_qos_class.c.o
[2951/4661] Compiling C object lib/sbi/openapi/libogssbi-openapi-1.a.p/model_lcs_privacy.c.o
[2952/4661] Compiling C object lib/sbi/openapi/libogssbi-openapi-1.a.p/model_lcs_subscription_data.c.o
[2953/4661] Compiling C object lib/sbi/openapi/libogssbi-openapi-1.a.p/model_lcs_privacy_data.c.o
[2954/4661] Compiling C object lib/sbi/openapi/libogssbi-openapi-1.a.p/model_lcs_privacy_data_1.c.o
[2955/4661] Compiling C object lib/sbi/openapi/libogssbi-openapi-1.a.p/model_lcs_subscription_data_1.c.o
[2956/4661] Compiling C object lib/sbi/openapi/libogssbi-openapi-1.a.p/model_limit_id_to_monitoring_key.c.o
[2957/4661] Compiling C object lib/sbi/openapi/libogssbi-openapi-1.a.p/model_lcs_up_context.c.o
[2958/4661] Compiling C object lib/sbi/openapi/libogssbi-openapi-1.a.p/model_line_type.c.o
[2959/4661] Compiling C object lib/sbi/openapi/libogssbi-openapi-1.a.p/model_link.c.o
[2960/4661] Compiling C object lib/sbi/openapi/libogssbi-openapi-1.a.p/model_links_value_schema.c.o
[2961/4661] Compiling C object lib/sbi/openapi/libogssbi-openapi-1.a.p/model_lmf_info.c.o
[2962/4661] Compiling C object lib/sbi/openapi/libogssbi-openapi-1.a.p/model_loc_accuracy_per_method.c.o
[2963/4661] Compiling C object lib/sbi/openapi/libogssbi-openapi-1.a.p/model_loc_accuracy_info.c.o
[2964/4661] Compiling C object lib/sbi/openapi/libogssbi-openapi-1.a.p/model_loc_info_granularity.c.o
[2965/4661] Compiling C object lib/sbi/openapi/libogssbi-openapi-1.a.p/model_loc_accuracy_req.c.o
[2966/4661] Compiling C object lib/sbi/openapi/libogssbi-openapi-1.a.p/model_local2d_point_uncertainty_ellipse.c.o
[2967/4661] Compiling C object lib/sbi/openapi/libogssbi-openapi-1.a.p/model_local3d_point_uncertainty_ellipsoid.c.o
[2968/4661] Compiling C object lib/sbi/openapi/libogssbi-openapi-1.a.p/model_local_origin.c.o
[2969/4661] Compiling C object lib/sbi/openapi/libogssbi-openapi-1.a.p/model_local_offloading_mgt_info_from_ismf.c.o
[2970/4661] Compiling C object lib/sbi/openapi/libogssbi-openapi-1.a.p/model_local_offloading_mgt_info_to_ismf.c.o
[2971/4661] Compiling C object lib/sbi/openapi/libogssbi-openapi-1.a.p/model_local_offloading_management_info.c.o
[2972/4661] Compiling C object lib/sbi/openapi/libogssbi-openapi-1.a.p/model_locality_description.c.o
[2973/4661] Compiling C object lib/sbi/openapi/libogssbi-openapi-1.a.p/model_locality_description_item.c.o
[2974/4661] Compiling C object lib/sbi/openapi/libogssbi-openapi-1.a.p/model_locality_type.c.o
[2975/4661] Compiling C object lib/sbi/openapi/libogssbi-openapi-1.a.p/model_location_accuracy.c.o
[2976/4661] Compiling C object lib/sbi/openapi/libogssbi-openapi-1.a.p/model_location_area_id.c.o
[2977/4661] Compiling C object lib/sbi/openapi/libogssbi-openapi-1.a.p/model_location_area.c.o
[2978/4661] Compiling C object lib/sbi/openapi/libogssbi-openapi-1.a.p/model_location_area_1.c.o
[2979/4661] Compiling C object lib/sbi/openapi/libogssbi-openapi-1.a.p/model_location_filter.c.o
[2980/4661] Compiling C object lib/sbi/openapi/libogssbi-openapi-1.a.p/model_location_area_id_range.c.o
[2981/4661] Compiling C object lib/sbi/openapi/libogssbi-openapi-1.a.p/model_location_info.c.o
[2982/4661] Compiling C object lib/sbi/openapi/libogssbi-openapi-1.a.p/model_location_orientation.c.o
[2983/4661] Compiling C object lib/sbi/openapi/libogssbi-openapi-1.a.p/model_location_privacy_ind.c.o
[2984/4661] Compiling C object lib/sbi/openapi/libogssbi-openapi-1.a.p/model_location_reporting_configuration.c.o
[2985/4661] Compiling C object lib/sbi/openapi/libogssbi-openapi-1.a.p/model_logging_duration_mdt.c.o
[2986/4661] Compiling C object lib/sbi/openapi/libogssbi-openapi-1.a.p/model_location_reporting_configuration_1.c.o
[2987/4661] Compiling C object lib/sbi/openapi/libogssbi-openapi-1.a.p/model_logging_duration_nr_mdt.c.o
[2988/4661] Compiling C object lib/sbi/openapi/libogssbi-openapi-1.a.p/model_logging_interval_nr_mdt.c.o
[2989/4661] Compiling C object lib/sbi/openapi/libogssbi-openapi-1.a.p/model_logging_interval_mdt.c.o
[2990/4661] Compiling C object lib/sbi/openapi/libogssbi-openapi-1.a.p/model_loss_connectivity_cfg.c.o
[2991/4661] Compiling C object lib/sbi/openapi/libogssbi-openapi-1.a.p/model_loss_connectivity_cfg_1.c.o
[2992/4661] Compiling C object lib/sbi/openapi/libogssbi-openapi-1.a.p/model_lp_hap_type.c.o
[2993/4661] Compiling C object lib/sbi/openapi/libogssbi-openapi-1.a.p/model_lpi.c.o
[2994/4661] Compiling C object lib/sbi/openapi/libogssbi-openapi-1.a.p/model_lpi_1.c.o
[2995/4661] Compiling C object lib/sbi/openapi/libogssbi-openapi-1.a.p/model_lte_a2x_auth.c.o
[2996/4661] Compiling C object lib/sbi/openapi/libogssbi-openapi-1.a.p/model_lte_a2x_auth_1.c.o
[2997/4661] Compiling C object lib/sbi/openapi/libogssbi-openapi-1.a.p/model_lte_v2x_auth.c.o
[2998/4661] Compiling C object lib/sbi/openapi/libogssbi-openapi-1.a.p/model_lte_m_ind.c.o
[2999/4661] Compiling C object lib/sbi/openapi/libogssbi-openapi-1.a.p/model_ma_pdu_indication.c.o
[3000/4661] Compiling C object lib/sbi/openapi/libogssbi-openapi-1.a.p/model_ma_release_indication.c.o
[3001/4661] Compiling C object lib/sbi/openapi/libogssbi-openapi-1.a.p/model_lte_v2x_auth_1.c.o
[3002/4661] Compiling C object lib/sbi/openapi/libogssbi-openapi-1.a.p/model_matching_direction.c.o
[3003/4661] Compiling C object lib/sbi/openapi/libogssbi-openapi-1.a.p/model_matching_operator.c.o
[3004/4661] Compiling C object lib/sbi/openapi/libogssbi-openapi-1.a.p/model_mapping_of_snssai.c.o
[3005/4661] Compiling C object lib/sbi/openapi/libogssbi-openapi-1.a.p/model_max_integrity_protected_data_rate.c.o
[3006/4661] Compiling C object lib/sbi/openapi/libogssbi-openapi-1.a.p/model_max_group_data_rate.c.o
[3007/4661] Compiling C object lib/sbi/openapi/libogssbi-openapi-1.a.p/model_mb_smf_info.c.o
[3008/4661] Compiling C object lib/sbi/openapi/libogssbi-openapi-1.a.p/model_mbs_assistance_info.c.o
[3009/4661] Compiling C object lib/sbi/openapi/libogssbi-openapi-1.a.p/model_mbs_binding_resp.c.o
[3010/4661] Compiling C object lib/sbi/openapi/libogssbi-openapi-1.a.p/model_mb_upf_info.c.o
[3011/4661] Compiling C object lib/sbi/openapi/libogssbi-openapi-1.a.p/model_mbs_service_area.c.o
[3012/4661] Compiling C object lib/sbi/openapi/libogssbi-openapi-1.a.p/model_mbs_ext_problem_details.c.o
[3013/4661] Compiling C object lib/sbi/openapi/libogssbi-openapi-1.a.p/model_mbs_service_area_info.c.o
[3014/4661] Compiling C object lib/sbi/openapi/libogssbi-openapi-1.a.p/model_mbs_service_type.c.o
[3015/4661] Compiling C object lib/sbi/openapi/libogssbi-openapi-1.a.p/model_mbs_session.c.o
[3016/4661] Compiling C object lib/sbi/openapi/libogssbi-openapi-1.a.p/model_mbs_session_id.c.o
[3017/4661] Compiling C object lib/sbi/openapi/libogssbi-openapi-1.a.p/model_mbs_session_id_1.c.o
[3018/4661] Compiling C object lib/sbi/openapi/libogssbi-openapi-1.a.p/model_mbs_subscription_data_1.c.o
[3019/4661] Compiling C object lib/sbi/openapi/libogssbi-openapi-1.a.p/model_mbs_subscription_data.c.o
[3020/4661] Compiling C object lib/sbi/openapi/libogssbi-openapi-1.a.p/model_mbsfn_area.c.o
[3021/4661] Compiling C object lib/sbi/openapi/libogssbi-openapi-1.a.p/model_mbsr_location_info.c.o
[3022/4661] Compiling C object lib/sbi/openapi/libogssbi-openapi-1.a.p/model_mbsr_location_info_1.c.o
[3023/4661] Compiling C object lib/sbi/openapi/libogssbi-openapi-1.a.p/model_mbsr_operation_allowed.c.o
[3024/4661] Compiling C object lib/sbi/openapi/libogssbi-openapi-1.a.p/model_mbsr_operation_allowed_1.c.o
[3025/4661] Compiling C object lib/sbi/openapi/libogssbi-openapi-1.a.p/model_mbsr_time_info.c.o
[3026/4661] Compiling C object lib/sbi/openapi/libogssbi-openapi-1.a.p/model_mdt_user_consent.c.o
[3027/4661] Compiling C object lib/sbi/openapi/libogssbi-openapi-1.a.p/model_measurement_lte_for_mdt.c.o
[3028/4661] Compiling C object lib/sbi/openapi/libogssbi-openapi-1.a.p/model_measurement_nr_for_mdt.c.o
[3029/4661] Compiling C object lib/sbi/openapi/libogssbi-openapi-1.a.p/model_measurement_name.c.o
[3030/4661] Compiling C object lib/sbi/openapi/libogssbi-openapi-1.a.p/model_mdt_configuration.c.o
[3031/4661] Compiling C object lib/sbi/openapi/libogssbi-openapi-1.a.p/model_measurement_period_lte_mdt.c.o
[3032/4661] Compiling C object lib/sbi/openapi/libogssbi-openapi-1.a.p/model_measurement_type.c.o
[3033/4661] Compiling C object lib/sbi/openapi/libogssbi-openapi-1.a.p/model_mdt_configuration_1.c.o
[3034/4661] Compiling C object lib/sbi/openapi/libogssbi-openapi-1.a.p/model_media_component_resources_status.c.o
[3035/4661] Compiling C object lib/sbi/openapi/libogssbi-openapi-1.a.p/model_media_transport_proto.c.o
[3036/4661] Compiling C object lib/sbi/openapi/libogssbi-openapi-1.a.p/model_media_sub_component_rm.c.o
[3037/4661] Compiling C object lib/sbi/openapi/libogssbi-openapi-1.a.p/model_media_sub_component.c.o
[3038/4661] Compiling C object lib/sbi/openapi/libogssbi-openapi-1.a.p/model_media_type.c.o
[3039/4661] Compiling C object lib/sbi/openapi/libogssbi-openapi-1.a.p/model_media_component.c.o
[3040/4661] Compiling C object lib/sbi/openapi/libogssbi-openapi-1.a.p/model_message_waiting_data.c.o
[3041/4661] Compiling C object lib/sbi/openapi/libogssbi-openapi-1.a.p/model_metering_method.c.o
[3042/4661] Compiling C object lib/sbi/openapi/libogssbi-openapi-1.a.p/model_mf_info.c.o
[3043/4661] Compiling C object lib/sbi/openapi/libogssbi-openapi-1.a.p/model_mfaf_info.c.o
[3044/4661] Compiling C object lib/sbi/openapi/libogssbi-openapi-1.a.p/model_media_component_rm.c.o
[3045/4661] Compiling C object lib/sbi/openapi/libogssbi-openapi-1.a.p/model_mitigation_info.c.o
[3046/4661] Compiling C object lib/sbi/openapi/libogssbi-openapi-1.a.p/model_ml_model_inter_ind.c.o
[3047/4661] Compiling C object lib/sbi/openapi/libogssbi-openapi-1.a.p/model_ml_model_inter_ind_1.c.o
[3048/4661] Compiling C object lib/sbi/openapi/libogssbi-openapi-1.a.p/model_ml_analytics_info.c.o
[3049/4661] Compiling C object lib/sbi/openapi/libogssbi-openapi-1.a.p/model_ml_model_inter_info.c.o
[3050/4661] Compiling C object lib/sbi/openapi/libogssbi-openapi-1.a.p/model_mme_capabilities.c.o
[3051/4661] Compiling C object lib/sbi/openapi/libogssbi-openapi-1.a.p/model_mnpf_info.c.o
[3052/4661] Compiling C object lib/sbi/openapi/libogssbi-openapi-1.a.p/model_mo_exp_data_counter.c.o
[3053/4661] Compiling C object lib/sbi/openapi/libogssbi-openapi-1.a.p/model_model_2_g3_g_location_area_range.c.o
[3054/4661] Compiling C object lib/sbi/openapi/libogssbi-openapi-1.a.p/model_model_2_g3_g_location_area.c.o
[3055/4661] Compiling C object lib/sbi/openapi/libogssbi-openapi-1.a.p/model_mm_context.c.o
[3056/4661] Compiling C object lib/sbi/openapi/libogssbi-openapi-1.a.p/model_model_3_g_aka_av.c.o
[3057/4661] Compiling C object lib/sbi/openapi/libogssbi-openapi-1.a.p/model_model_5_g_ddnmf_info.c.o
[3058/4661] Compiling C object lib/sbi/openapi/libogssbi-openapi-1.a.p/model_model_5_gvn_group_communication_type.c.o
[3059/4661] Compiling C object lib/sbi/openapi/libogssbi-openapi-1.a.p/model_model_5_mbs_authorization_info.c.o
[3060/4661] Compiling C object lib/sbi/openapi/libogssbi-openapi-1.a.p/model_model_5_gvn_group_configuration.c.o
[3061/4661] Compiling C object lib/sbi/openapi/libogssbi-openapi-1.a.p/model_modification_notification.c.o
[3062/4661] Compiling C object lib/sbi/openapi/libogssbi-openapi-1.a.p/model_model_5_gvn_group_data.c.o
[3063/4661] Compiling C object lib/sbi/openapi/libogssbi-openapi-1.a.p/model_modify_pdu_session_200_response.c.o
[3064/4661] Compiling C object lib/sbi/openapi/libogssbi-openapi-1.a.p/model_modify_pdu_session_400_response.c.o
[3065/4661] Compiling C object lib/sbi/openapi/libogssbi-openapi-1.a.p/model_modify_pdu_session_request.c.o
[3066/4661] Compiling C object lib/sbi/openapi/libogssbi-openapi-1.a.p/model_monitoring_configuration.c.o
[3067/4661] Compiling C object lib/sbi/openapi/libogssbi-openapi-1.a.p/model_modify_200_response.c.o
[3068/4661] Compiling C object lib/sbi/openapi/libogssbi-openapi-1.a.p/model_modifysubscription_data_subscription_200_response.c.o
[3069/4661] Compiling C object lib/sbi/openapi/libogssbi-openapi-1.a.p/model_monitoring_suspension.c.o
[3070/4661] Compiling C object lib/sbi/openapi/libogssbi-openapi-1.a.p/model_monitoring_suspension_1.c.o
[3071/4661] Compiling C object lib/sbi/openapi/libogssbi-openapi-1.a.p/model_monitoring_configuration_1.c.o
[3072/4661] Compiling C object lib/sbi/openapi/libogssbi-openapi-1.a.p/model_mov_behav.c.o
[3073/4661] Compiling C object lib/sbi/openapi/libogssbi-openapi-1.a.p/model_mov_behav_info.c.o
[3074/4661] Compiling C object lib/sbi/openapi/libogssbi-openapi-1.a.p/model_mps_action.c.o
[3075/4661] Compiling C object lib/sbi/openapi/libogssbi-openapi-1.a.p/model_mov_behav_req.c.o
[3076/4661] Compiling C object lib/sbi/openapi/libogssbi-openapi-1.a.p/model_mpx_media_info_1.c.o
[3077/4661] Compiling C object lib/sbi/openapi/libogssbi-openapi-1.a.p/model_mpx_media_info.c.o
[3078/4661] Compiling C object lib/sbi/openapi/libogssbi-openapi-1.a.p/model_mrf_info.c.o
[3079/4661] Compiling C object lib/sbi/openapi/libogssbi-openapi-1.a.p/model_mrfp_info.c.o
[3080/4661] Compiling C object lib/sbi/openapi/libogssbi-openapi-1.a.p/model_mri_transfer_method.c.o
[3081/4661] Compiling C object lib/sbi/openapi/libogssbi-openapi-1.a.p/model_mtc_provider.c.o
[3082/4661] Compiling C object lib/sbi/openapi/libogssbi-openapi-1.a.p/model_multicast_access_control.c.o
[3083/4661] Compiling C object lib/sbi/openapi/libogssbi-openapi-1.a.p/model_multicast_mbs_group_memb.c.o
[3084/4661] Compiling C object lib/sbi/openapi/libogssbi-openapi-1.a.p/model_muting_exception_instructions.c.o
[3085/4661] Compiling C object lib/sbi/openapi/libogssbi-openapi-1.a.p/model_muting_exception_instructions_1.c.o
[3086/4661] Compiling C object lib/sbi/openapi/libogssbi-openapi-1.a.p/model_muting_notifications_settings.c.o
[3087/4661] Compiling C object lib/sbi/openapi/libogssbi-openapi-1.a.p/model_muting_notifications_settings_1.c.o
[3088/4661] Compiling C object lib/sbi/openapi/libogssbi-openapi-1.a.p/model_n1_message_class.c.o
[3089/4661] Compiling C object lib/sbi/openapi/libogssbi-openapi-1.a.p/model_n1_message_container.c.o
[3090/4661] Compiling C object lib/sbi/openapi/libogssbi-openapi-1.a.p/model_n1_n2_message_transfer_cause.c.o
[3091/4661] Compiling C object lib/sbi/openapi/libogssbi-openapi-1.a.p/model_n1_n2_message_transfer_error.c.o
[3092/4661] Compiling C object lib/sbi/openapi/libogssbi-openapi-1.a.p/model_n1_message_notify_request.c.o
[3093/4661] Compiling C object lib/sbi/openapi/libogssbi-openapi-1.a.p/model_n1_message_notification.c.o
[3094/4661] Compiling C object lib/sbi/openapi/libogssbi-openapi-1.a.p/model_n1_n2_message_transfer_rsp_data.c.o
[3095/4661] Compiling C object lib/sbi/openapi/libogssbi-openapi-1.a.p/model_n1_n2_message_transfer_request.c.o
[3096/4661] Compiling C object lib/sbi/openapi/libogssbi-openapi-1.a.p/model_n1_n2_message_transfer_req_data.c.o
[3097/4661] Compiling C object lib/sbi/openapi/libogssbi-openapi-1.a.p/model_n1_n2_msg_txfr_err_detail.c.o
[3098/4661] Compiling C object lib/sbi/openapi/libogssbi-openapi-1.a.p/model_n1_n2_msg_txfr_failure_notification.c.o
[3099/4661] Compiling C object lib/sbi/openapi/libogssbi-openapi-1.a.p/model_n2_info_content.c.o
[3100/4661] Compiling C object lib/sbi/openapi/libogssbi-openapi-1.a.p/model_n2_info_notification_rsp_data.c.o
[3101/4661] Compiling C object lib/sbi/openapi/libogssbi-openapi-1.a.p/model_n2_info_container.c.o
[3102/4661] Compiling C object lib/sbi/openapi/libogssbi-openapi-1.a.p/model_n2_info_notify_reason.c.o
[3103/4661] Compiling C object lib/sbi/openapi/libogssbi-openapi-1.a.p/model_n2_info_notify_handover_complete_200_response.c.o
[3104/4661] Compiling C object lib/sbi/openapi/libogssbi-openapi-1.a.p/model_n2_information_class.c.o
[3105/4661] Compiling C object lib/sbi/openapi/libogssbi-openapi-1.a.p/model_n2_info_notify_request.c.o
[3106/4661] Compiling C object lib/sbi/openapi/libogssbi-openapi-1.a.p/model_n2_information_transfer_error.c.o
[3107/4661] Compiling C object lib/sbi/openapi/libogssbi-openapi-1.a.p/model_n2_information_transfer_req_data.c.o
[3108/4661] Compiling C object lib/sbi/openapi/libogssbi-openapi-1.a.p/model_n2_information_notification.c.o
[3109/4661] Compiling C object lib/sbi/openapi/libogssbi-openapi-1.a.p/model_n2_information_transfer_result.c.o
[3110/4661] Compiling C object lib/sbi/openapi/libogssbi-openapi-1.a.p/model_n2_interface_amf_info.c.o
[3111/4661] Compiling C object lib/sbi/openapi/libogssbi-openapi-1.a.p/model_n2_information_transfer_rsp_data.c.o
[3112/4661] Compiling C object lib/sbi/openapi/libogssbi-openapi-1.a.p/model_n2_ran_information.c.o
[3113/4661] Compiling C object lib/sbi/openapi/libogssbi-openapi-1.a.p/model_n2_sm_info_type.c.o
[3114/4661] Compiling C object lib/sbi/openapi/libogssbi-openapi-1.a.p/model_n32_purpose.c.o
[3115/4661] Compiling C object lib/sbi/openapi/libogssbi-openapi-1.a.p/model_n2_sm_information.c.o
[3116/4661] Compiling C object lib/sbi/openapi/libogssbi-openapi-1.a.p/model_n32_release_indication.c.o
[3117/4661] Compiling C object lib/sbi/openapi/libogssbi-openapi-1.a.p/model_n32f_context_info.c.o
[3118/4661] Compiling C object lib/sbi/openapi/libogssbi-openapi-1.a.p/model_n32f_error_detail.c.o
[3119/4661] Compiling C object lib/sbi/openapi/libogssbi-openapi-1.a.p/model_n32f_error_type.c.o
[3120/4661] Compiling C object lib/sbi/openapi/libogssbi-openapi-1.a.p/model_n32f_error_info.c.o
[3121/4661] Compiling C object lib/sbi/openapi/libogssbi-openapi-1.a.p/model_n4_message_type.c.o
[3122/4661] Compiling C object lib/sbi/openapi/libogssbi-openapi-1.a.p/model_n3ga_location.c.o
[3123/4661] Compiling C object lib/sbi/openapi/libogssbi-openapi-1.a.p/model_n4_information.c.o
[3124/4661] Compiling C object lib/sbi/openapi/libogssbi-openapi-1.a.p/model_n6_jitter_information.c.o
[3125/4661] Compiling C object lib/sbi/openapi/libogssbi-openapi-1.a.p/model_nas_security_mode.c.o
[3126/4661] Compiling C object lib/sbi/openapi/libogssbi-openapi-1.a.p/model_ncgi.c.o
[3127/4661] Compiling C object lib/sbi/openapi/libogssbi-openapi-1.a.p/model_ncgi_1.c.o
[3128/4661] Compiling C object lib/sbi/openapi/libogssbi-openapi-1.a.p/model_ncgi_tai.c.o
[3129/4661] Compiling C object lib/sbi/openapi/libogssbi-openapi-1.a.p/model_nef_cond.c.o
[3130/4661] Compiling C object lib/sbi/openapi/libogssbi-openapi-1.a.p/model_nef_event.c.o
[3131/4661] Compiling C object lib/sbi/openapi/libogssbi-openapi-1.a.p/model_net_loc_access_support.c.o
[3132/4661] Compiling C object lib/sbi/openapi/libogssbi-openapi-1.a.p/model_nef_info.c.o
[3133/4661] Compiling C object lib/sbi/openapi/libogssbi-openapi-1.a.p/model_network_area_info.c.o
[3134/4661] Compiling C object lib/sbi/openapi/libogssbi-openapi-1.a.p/model_network_area_info_1.c.o
[3135/4661] Compiling C object lib/sbi/openapi/libogssbi-openapi-1.a.p/model_network_description.c.o
[3136/4661] Compiling C object lib/sbi/openapi/libogssbi-openapi-1.a.p/model_network_area_info_2.c.o
[3137/4661] Compiling C object lib/sbi/openapi/libogssbi-openapi-1.a.p/model_network_node_diameter_address.c.o
[3138/4661] Compiling C object lib/sbi/openapi/libogssbi-openapi-1.a.p/model_network_description_1.c.o
[3139/4661] Compiling C object lib/sbi/openapi/libogssbi-openapi-1.a.p/model_network_node_diameter_address_1.c.o
[3140/4661] Compiling C object lib/sbi/openapi/libogssbi-openapi-1.a.p/model_network_perf_order_criterion.c.o
[3141/4661] Compiling C object lib/sbi/openapi/libogssbi-openapi-1.a.p/model_network_perf_info.c.o
[3142/4661] Compiling C object lib/sbi/openapi/libogssbi-openapi-1.a.p/model_network_perf_requirement.c.o
[3143/4661] Compiling C object lib/sbi/openapi/libogssbi-openapi-1.a.p/model_network_perf_type.c.o
[3144/4661] Compiling C object lib/sbi/openapi/libogssbi-openapi-1.a.p/model_network_slice_cond.c.o
[3145/4661] Compiling C object lib/sbi/openapi/libogssbi-openapi-1.a.p/model_nf_group_cond.c.o
[3146/4661] Compiling C object lib/sbi/openapi/libogssbi-openapi-1.a.p/model_nf_identifier.c.o
[3147/4661] Compiling C object lib/sbi/openapi/libogssbi-openapi-1.a.p/model_nf_group_list_cond.c.o
[3148/4661] Compiling C object lib/sbi/openapi/libogssbi-openapi-1.a.p/model_nf_info.c.o
[3149/4661] Compiling C object lib/sbi/openapi/libogssbi-openapi-1.a.p/model_nf_instance_id_cond.c.o
[3150/4661] Compiling C object lib/sbi/openapi/libogssbi-openapi-1.a.p/model_nf_instance_id_list_cond.c.o
[3151/4661] Compiling C object lib/sbi/openapi/libogssbi-openapi-1.a.p/model_nf_instance_info.c.o
[3152/4661] Compiling C object lib/sbi/openapi/libogssbi-openapi-1.a.p/model_nf_load_level_information.c.o
[3153/4661] Compiling C object lib/sbi/openapi/libogssbi-openapi-1.a.p/model_nf_profile_registration_error.c.o
[3154/4661] Compiling C object lib/sbi/openapi/libogssbi-openapi-1.a.p/model_nf_service_instance.c.o
[3155/4661] Compiling C object lib/sbi/openapi/libogssbi-openapi-1.a.p/model_nf_service_set_cond.c.o
[3156/4661] Compiling C object lib/sbi/openapi/libogssbi-openapi-1.a.p/model_nf_service_status.c.o
[3157/4661] Compiling C object lib/sbi/openapi/libogssbi-openapi-1.a.p/model_nf_status.c.o
[3158/4661] Compiling C object lib/sbi/openapi/libogssbi-openapi-1.a.p/model_nf_service_version.c.o
[3159/4661] Compiling C object lib/sbi/openapi/libogssbi-openapi-1.a.p/model_nf_set_cond.c.o
[3160/4661] Compiling C object lib/sbi/openapi/libogssbi-openapi-1.a.p/model_nf_service.c.o
[3161/4661] Compiling C object lib/sbi/openapi/libogssbi-openapi-1.a.p/model_nf_type.c.o
[3162/4661] Compiling C object lib/sbi/openapi/libogssbi-openapi-1.a.p/model_nf_type_cond.c.o
[3163/4661] Compiling C object lib/sbi/openapi/libogssbi-openapi-1.a.p/model_ng_ap_cause.c.o
[3164/4661] Compiling C object lib/sbi/openapi/libogssbi-openapi-1.a.p/model_ng_ksi.c.o
[3165/4661] Compiling C object lib/sbi/openapi/libogssbi-openapi-1.a.p/model_ngap_ie_type.c.o
[3166/4661] Compiling C object lib/sbi/openapi/libogssbi-openapi-1.a.p/model_ng_ran_target_id.c.o
[3167/4661] Compiling C object lib/sbi/openapi/libogssbi-openapi-2.a.p/model_ngran_failure_info.c.o
[3168/4661] Compiling C object lib/sbi/openapi/libogssbi-openapi-2.a.p/model_nid_info.c.o
[3169/4661] Compiling C object lib/sbi/openapi/libogssbi-openapi-2.a.p/model_nidd_authorization_info.c.o
[3170/4661] Compiling C object lib/sbi/openapi/libogssbi-openapi-2.a.p/model_nidd_information.c.o
[3171/4661] Compiling C object lib/sbi/openapi/libogssbi-openapi-2.a.p/model_nidd_information_1.c.o
[3172/4661] Compiling C object lib/sbi/openapi/libogssbi-openapi-2.a.p/model_nnwdaf_nf_status.c.o
[3173/4661] Compiling C object lib/sbi/openapi/libogssbi-openapi-2.a.p/model_no_profile_match_info.c.o
[3174/4661] Compiling C object lib/sbi/openapi/libogssbi-openapi-2.a.p/model_no_profile_match_info_1.c.o
[3175/4661] Compiling C object lib/sbi/openapi/libogssbi-openapi-2.a.p/model_no_profile_match_reason.c.o
[3176/4661] Compiling C object lib/sbi/openapi/libogssbi-openapi-2.a.p/model_nnwdaf_events_subscription.c.o
[3177/4661] Compiling C object lib/sbi/openapi/libogssbi-openapi-2.a.p/model_node_type.c.o
[3178/4661] Compiling C object lib/sbi/openapi/libogssbi-openapi-1.a.p/model_nf_profile.c.o
[3179/4661] Compiling C object lib/sbi/openapi/libogssbi-openapi-2.a.p/model_non3gpp_device_info.c.o
[3180/4661] Compiling C object lib/sbi/openapi/libogssbi-openapi-2.a.p/model_non3gpp_dev_info.c.o
[3181/4661] Compiling C object lib/sbi/openapi/libogssbi-openapi-2.a.p/model_non3gpp_device_information.c.o
[3182/4661] Compiling C object lib/sbi/openapi/libogssbi-openapi-2.a.p/model_non_dynamic5_qi.c.o
[3183/4661] Compiling C object lib/sbi/openapi/libogssbi-openapi-2.a.p/model_non_ue_n2_info_notify_request.c.o
[3184/4661] Compiling C object lib/sbi/openapi/libogssbi-openapi-2.a.p/model_non_ue_n2_info_subscription_created_data.c.o
[3185/4661] Linking static target lib/sbi/openapi/libogssbi-openapi-1.a
[3186/4661] Compiling C object lib/sbi/openapi/libogssbi-openapi-2.a.p/model_non_ue_n2_info_subscription_create_data.c.o
[3187/4661] Compiling C object lib/sbi/openapi/libogssbi-openapi-2.a.p/model_non_ue_n2_message_transfer_200_response.c.o
[3188/4661] Compiling C object lib/sbi/openapi/libogssbi-openapi-2.a.p/model_non_ue_n2_message_transfer_request.c.o
[3189/4661] Compiling C object lib/sbi/openapi/libogssbi-openapi-2.a.p/model_notif_cap.c.o
[3190/4661] Compiling C object lib/sbi/openapi/libogssbi-openapi-2.a.p/model_notif_cap_type.c.o
[3191/4661] Compiling C object lib/sbi/openapi/libogssbi-openapi-2.a.p/model_notif_condition.c.o
[3192/4661] Compiling C object lib/sbi/openapi/libogssbi-openapi-2.a.p/model_notification_cause.c.o
[3193/4661] Compiling C object lib/sbi/openapi/libogssbi-openapi-2.a.p/model_notification_control.c.o
[3194/4661] Compiling C object lib/sbi/openapi/libogssbi-openapi-2.a.p/model_notification_control_indication.c.o
[3195/4661] Compiling C object lib/sbi/openapi/libogssbi-openapi-2.a.p/model_notification_event_type.c.o
[3196/4661] Compiling C object lib/sbi/openapi/libogssbi-openapi-2.a.p/model_notification_flag.c.o
[3197/4661] Compiling C object lib/sbi/openapi/libogssbi-openapi-2.a.p/model_notification_method.c.o
[3198/4661] Compiling C object lib/sbi/openapi/libogssbi-openapi-2.a.p/model_notification_info.c.o
[3199/4661] Compiling C object lib/sbi/openapi/libogssbi-openapi-2.a.p/model_notification_item.c.o
[3200/4661] Compiling C object lib/sbi/openapi/libogssbi-openapi-2.a.p/model_notification_data.c.o
[3201/4661] Compiling C object lib/sbi/openapi/libogssbi-openapi-2.a.p/model_notification_method_1.c.o
[3202/4661] Compiling C object lib/sbi/openapi/libogssbi-openapi-2.a.p/model_notification_type.c.o
[3203/4661] Compiling C object lib/sbi/openapi/libogssbi-openapi-2.a.p/model_npcf_af_event.c.o
[3204/4661] Compiling C object lib/sbi/openapi/libogssbi-openapi-2.a.p/model_npcf_multicast_access_control.c.o
[3205/4661] Compiling C object lib/sbi/openapi/libogssbi-openapi-2.a.p/model_npcf_atsss_capability.c.o
[3206/4661] Compiling C object lib/sbi/openapi/libogssbi-openapi-2.a.p/model_notify_item.c.o
[3207/4661] Compiling C object lib/sbi/openapi/libogssbi-openapi-2.a.p/model_npn_access_info.c.o
[3208/4661] Compiling C object lib/sbi/openapi/libogssbi-openapi-2.a.p/model_nr_a2x_auth_1.c.o
[3209/4661] Compiling C object lib/sbi/openapi/libogssbi-openapi-2.a.p/model_nr_a2x_auth.c.o
[3210/4661] Compiling C object lib/sbi/openapi/libogssbi-openapi-2.a.p/model_nr_v2x_auth.c.o
[3211/4661] Compiling C object lib/sbi/openapi/libogssbi-openapi-2.a.p/model_nr_v2x_auth_1.c.o
[3212/4661] Compiling C object lib/sbi/openapi/libogssbi-openapi-2.a.p/model_nr_location.c.o
[3213/4661] Compiling C object lib/sbi/openapi/libogssbi-openapi-2.a.p/model_nrf_info_served_aanf_info_list_value_value.c.o
[3214/4661] Compiling C object lib/sbi/openapi/libogssbi-openapi-2.a.p/model_nrf_info_served_ausf_info_value.c.o
[3215/4661] Compiling C object lib/sbi/openapi/libogssbi-openapi-2.a.p/model_nrf_info_served_chf_info_value.c.o
[3216/4661] Compiling C object lib/sbi/openapi/libogssbi-openapi-2.a.p/model_nrf_info_served_bsf_info_value.c.o
[3217/4661] Compiling C object lib/sbi/openapi/libogssbi-openapi-2.a.p/model_nrf_info_served_amf_info_value.c.o
[3218/4661] Compiling C object lib/sbi/openapi/libogssbi-openapi-2.a.p/model_nrf_info_served_gmlc_info_value.c.o
[3219/4661] Compiling C object lib/sbi/openapi/libogssbi-openapi-2.a.p/model_nrf_info_served_hss_info_list_value_value.c.o
[3220/4661] Compiling C object lib/sbi/openapi/libogssbi-openapi-2.a.p/model_nrf_info_served_lmf_info_value.c.o
[3221/4661] Compiling C object lib/sbi/openapi/libogssbi-openapi-2.a.p/model_nrf_info_served_mb_smf_info_list_value_value.c.o
[3222/4661] Compiling C object lib/sbi/openapi/libogssbi-openapi-2.a.p/model_nrf_info_served_nef_info_value.c.o
[3223/4661] Compiling C object lib/sbi/openapi/libogssbi-openapi-2.a.p/model_nrf_info_served_nwdaf_info_value.c.o
[3224/4661] Compiling C object lib/sbi/openapi/libogssbi-openapi-2.a.p/model_nrf_info_served_pcf_info_value.c.o
[3225/4661] Compiling C object lib/sbi/openapi/libogssbi-openapi-2.a.p/model_nrf_info_served_pcscf_info_list_value_value.c.o
[3226/4661] Compiling C object lib/sbi/openapi/libogssbi-openapi-2.a.p/model_nrf_info_served_scp_info_list_value.c.o
[3227/4661] Compiling C object lib/sbi/openapi/libogssbi-openapi-2.a.p/model_nrf_info_served_sepp_info_list_value.c.o
[3228/4661] Compiling C object lib/sbi/openapi/libogssbi-openapi-2.a.p/model_nrf_info.c.o
[3229/4661] Compiling C object lib/sbi/openapi/libogssbi-openapi-2.a.p/model_nrf_info_served_smf_info_value.c.o
[3230/4661] Compiling C object lib/sbi/openapi/libogssbi-openapi-2.a.p/model_nrf_info_served_udm_info_value.c.o
[3231/4661] Compiling C object lib/sbi/openapi/libogssbi-openapi-2.a.p/model_nrf_info_served_udsf_info_value.c.o
[3232/4661] Compiling C object lib/sbi/openapi/libogssbi-openapi-2.a.p/model_nrf_info_served_udr_info_value.c.o
[3233/4661] Compiling C object lib/sbi/openapi/libogssbi-openapi-2.a.p/model_nrppa_trans_failure.c.o
[3234/4661] Compiling C object lib/sbi/openapi/libogssbi-openapi-2.a.p/model_nrppa_information.c.o
[3235/4661] Compiling C object lib/sbi/openapi/libogssbi-openapi-2.a.p/model_nrppa_rsp_per_ngran.c.o
[3236/4661] Compiling C object lib/sbi/openapi/libogssbi-openapi-2.a.p/model_nsac_admission_mode.c.o
[3237/4661] Compiling C object lib/sbi/openapi/libogssbi-openapi-2.a.p/model_nsacf_capability.c.o
[3238/4661] Compiling C object lib/sbi/openapi/libogssbi-openapi-2.a.p/model_nrf_info_served_upf_info_value.c.o
[3239/4661] Compiling C object lib/sbi/openapi/libogssbi-openapi-2.a.p/model_nsi_id_info.c.o
[3240/4661] Compiling C object lib/sbi/openapi/libogssbi-openapi-2.a.p/model_nsacf_info.c.o
[3241/4661] Compiling C object lib/sbi/openapi/libogssbi-openapi-2.a.p/model_nsag_info.c.o
[3242/4661] Compiling C object lib/sbi/openapi/libogssbi-openapi-2.a.p/model_nsi_information.c.o
[3243/4661] Compiling C object lib/sbi/openapi/libogssbi-openapi-2.a.p/model_nssaa_status.c.o
[3244/4661] Compiling C object lib/sbi/openapi/libogssbi-openapi-2.a.p/model_nsi_load_level_info.c.o
[3245/4661] Compiling C object lib/sbi/openapi/libogssbi-openapi-2.a.p/model_nssaaf_info.c.o
[3246/4661] Compiling C object lib/sbi/openapi/libogssbi-openapi-2.a.p/model_nssai_1.c.o
[3247/4661] Compiling C object lib/sbi/openapi/libogssbi-openapi-2.a.p/model_nssai.c.o
[3248/4661] Compiling C object lib/sbi/openapi/libogssbi-openapi-2.a.p/model_nssai_ack_data.c.o
[3249/4661] Compiling C object lib/sbi/openapi/libogssbi-openapi-2.a.p/model_nssf_event_type.c.o
[3250/4661] Compiling C object lib/sbi/openapi/libogssbi-openapi-2.a.p/model_nssai_mapping.c.o
[3251/4661] Compiling C object lib/sbi/openapi/libogssbi-openapi-2.a.p/model_null_value.c.o
[3252/4661] Compiling C object lib/sbi/openapi/libogssbi-openapi-2.a.p/model_nssf_info.c.o
[3253/4661] Compiling C object lib/sbi/openapi/libogssbi-openapi-2.a.p/model_ntn_tai_info.c.o
[3254/4661] Compiling C object lib/sbi/openapi/libogssbi-openapi-2.a.p/model_number_average.c.o
[3255/4661] Compiling C object lib/sbi/openapi/libogssbi-openapi-2.a.p/model_nwdaf_capability.c.o
[3256/4661] Compiling C object lib/sbi/openapi/libogssbi-openapi-2.a.p/model_nwdaf_event.c.o
[3257/4661] Compiling C object lib/sbi/openapi/libogssbi-openapi-2.a.p/model_nwdaf_failure_code.c.o
[3258/4661] Compiling C object lib/sbi/openapi/libogssbi-openapi-2.a.p/model_nwdaf_data.c.o
[3259/4661] Compiling C object lib/sbi/openapi/libogssbi-openapi-2.a.p/model_nwdaf_cond.c.o
[3260/4661] Compiling C object lib/sbi/openapi/libogssbi-openapi-2.a.p/model_nwdaf_registration_info.c.o
[3261/4661] Compiling C object lib/sbi/openapi/libogssbi-openapi-2.a.p/model_nwdaf_registration.c.o
[3262/4661] Compiling C object lib/sbi/openapi/libogssbi-openapi-2.a.p/model_nwdaf_registration_modification.c.o
[3263/4661] Compiling C object lib/sbi/openapi/libogssbi-openapi-2.a.p/model_object.c.o
[3264/4661] Compiling C object lib/sbi/openapi/libogssbi-openapi-2.a.p/model_nwdaf_info.c.o
[3265/4661] Compiling C object lib/sbi/openapi/libogssbi-openapi-2.a.p/model_nwdaf_subscription.c.o
[3266/4661] Compiling C object lib/sbi/openapi/libogssbi-openapi-2.a.p/model_odb_data.c.o
[3267/4661] Compiling C object lib/sbi/openapi/libogssbi-openapi-2.a.p/model_odb_exempted_conditions.c.o
[3268/4661] Compiling C object lib/sbi/openapi/libogssbi-openapi-2.a.p/model_observed_redundant_trans_exp.c.o
[3269/4661] Compiling C object lib/sbi/openapi/libogssbi-openapi-2.a.p/model_odb_exempted_conditions_1.c.o
[3270/4661] Compiling C object lib/sbi/openapi/libogssbi-openapi-2.a.p/model_odb_exempted_dnn_info.c.o
[3271/4661] Compiling C object lib/sbi/openapi/libogssbi-openapi-2.a.p/model_odb_exempted_dnn_info_1.c.o
[3272/4661] Compiling C object lib/sbi/openapi/libogssbi-openapi-2.a.p/model_odb_packet_services.c.o
[3273/4661] Compiling C object lib/sbi/openapi/libogssbi-openapi-2.a.p/model_on_path_n6_method.c.o
[3274/4661] Compiling C object lib/sbi/openapi/libogssbi-openapi-2.a.p/model_operation_mode.c.o
[3275/4661] Compiling C object lib/sbi/openapi/libogssbi-openapi-2.a.p/model_on_path_n6_sig_info.c.o
[3276/4661] Compiling C object lib/sbi/openapi/libogssbi-openapi-2.a.p/model_operator_specific_data_container.c.o
[3277/4661] Compiling C object lib/sbi/openapi/libogssbi-openapi-2.a.p/model_output_strategy.c.o
[3278/4661] Compiling C object lib/sbi/openapi/libogssbi-openapi-2.a.p/model_options_response.c.o
[3279/4661] Compiling C object lib/sbi/openapi/libogssbi-openapi-2.a.p/model_out_of_credit_information.c.o
[3280/4661] Compiling C object lib/sbi/openapi/libogssbi-openapi-2.a.p/model_parameter_combination.c.o
[3281/4661] Compiling C object lib/sbi/openapi/libogssbi-openapi-2.a.p/model_packet_filter_info.c.o
[3282/4661] Compiling C object lib/sbi/openapi/libogssbi-openapi-2.a.p/model_partial_record_method.c.o
[3283/4661] Compiling C object lib/sbi/openapi/libogssbi-openapi-2.a.p/model_partially_allowed_snssai.c.o
[3284/4661] Compiling C object lib/sbi/openapi/libogssbi-openapi-2.a.p/model_partitioning_criteria.c.o
[3285/4661] Compiling C object lib/sbi/openapi/libogssbi-openapi-2.a.p/model_parameter_processing_instruction.c.o
[3286/4661] Compiling C object lib/sbi/openapi/libogssbi-openapi-2.a.p/model_partial_success_report.c.o
[3287/4661] Compiling C object lib/sbi/openapi/libogssbi-openapi-2.a.p/model_patch_item.c.o
[3288/4661] Compiling C object lib/sbi/openapi/libogssbi-openapi-2.a.p/model_patch_operation.c.o
[3289/4661] Compiling C object lib/sbi/openapi/libogssbi-openapi-2.a.p/model_patch_result.c.o
[3290/4661] Compiling C object lib/sbi/openapi/libogssbi-openapi-2.a.p/model_pc5_flow_bit_rates.c.o
[3291/4661] Compiling C object lib/sbi/openapi/libogssbi-openapi-2.a.p/model_pc5_qo_s_para.c.o
[3292/4661] Compiling C object lib/sbi/openapi/libogssbi-openapi-2.a.p/model_pc_event.c.o
[3293/4661] Compiling C object lib/sbi/openapi/libogssbi-openapi-2.a.p/model_pc5_qos_flow_item.c.o
[3294/4661] Compiling C object lib/sbi/openapi/libogssbi-openapi-2.a.p/model_pc_session_recovery_status.c.o
[3295/4661] Compiling C object lib/sbi/openapi/libogssbi-openapi-2.a.p/model_pcf_addressing_info.c.o
[3296/4661] Compiling C object lib/sbi/openapi/libogssbi-openapi-2.a.p/model_pcf_for_pdu_session_info.c.o
[3297/4661] Compiling C object lib/sbi/openapi/libogssbi-openapi-2.a.p/model_pcf_binding_patch.c.o
[3298/4661] Compiling C object lib/sbi/openapi/libogssbi-openapi-2.a.p/model_pcf_binding.c.o
[3299/4661] Compiling C object lib/sbi/openapi/libogssbi-openapi-2.a.p/model_pcf_for_ue_binding.c.o
[3300/4661] Compiling C object lib/sbi/openapi/libogssbi-openapi-2.a.p/model_pcf_for_ue_binding_patch.c.o
[3301/4661] Compiling C object lib/sbi/openapi/libogssbi-openapi-2.a.p/model_pcc_rule.c.o
[3302/4661] Compiling C object lib/sbi/openapi/libogssbi-openapi-2.a.p/model_pcf_for_ue_info.c.o
[3303/4661] Compiling C object lib/sbi/openapi/libogssbi-openapi-2.a.p/model_pcf_mbs_binding.c.o
[3304/4661] Compiling C object lib/sbi/openapi/libogssbi-openapi-2.a.p/model_pcf_info.c.o
[3305/4661] Compiling C object lib/sbi/openapi/libogssbi-openapi-2.a.p/model_pcf_mbs_binding_patch.c.o
[3306/4661] Compiling C object lib/sbi/openapi/libogssbi-openapi-2.a.p/model_pcf_selection_assistance_info_1.c.o
[3307/4661] Compiling C object lib/sbi/openapi/libogssbi-openapi-2.a.p/model_pcf_selection_assistance_info.c.o
[3308/4661] Compiling C object lib/sbi/openapi/libogssbi-openapi-2.a.p/model_pcf_ue_callback_info.c.o
[3309/4661] Compiling C object lib/sbi/openapi/libogssbi-openapi-2.a.p/model_pcscf_restoration_notification.c.o
[3310/4661] Compiling C object lib/sbi/openapi/libogssbi-openapi-2.a.p/model_pcscf_address.c.o
[3311/4661] Compiling C object lib/sbi/openapi/libogssbi-openapi-2.a.p/model_pcscf_restoration_request_data.c.o
[3312/4661] Compiling C object lib/sbi/openapi/libogssbi-openapi-2.a.p/model_pcscf_info.c.o
[3313/4661] Compiling C object lib/sbi/openapi/libogssbi-openapi-2.a.p/model_pdtq_policy.c.o
[3314/4661] Compiling C object lib/sbi/openapi/libogssbi-openapi-2.a.p/model_pdtq_data.c.o
[3315/4661] Compiling C object lib/sbi/openapi/libogssbi-openapi-2.a.p/model_pdu_ses_traffic_req.c.o
[3316/4661] Compiling C object lib/sbi/openapi/libogssbi-openapi-2.a.p/model_pdu_ses_traffic_info.c.o
[3317/4661] Compiling C object lib/sbi/openapi/libogssbi-openapi-2.a.p/model_pdu_session.c.o
[3318/4661] Compiling C object lib/sbi/openapi/libogssbi-openapi-2.a.p/model_pdu_session_1.c.o
[3319/4661] Compiling C object lib/sbi/openapi/libogssbi-openapi-2.a.p/model_pdu_session_context_type.c.o
[3320/4661] Compiling C object lib/sbi/openapi/libogssbi-openapi-2.a.p/model_pdu_session_continuity_ind.c.o
[3321/4661] Compiling C object lib/sbi/openapi/libogssbi-openapi-2.a.p/model_pdu_session_create_error.c.o
[3322/4661] Compiling C object lib/sbi/openapi/libogssbi-openapi-2.a.p/model_pdu_session_context.c.o
[3323/4661] Compiling C object lib/sbi/openapi/libogssbi-openapi-2.a.p/model_pdu_session_event_notification.c.o
[3324/4661] Compiling C object lib/sbi/openapi/libogssbi-openapi-2.a.p/model_pdu_session_ids.c.o
[3325/4661] Compiling C object lib/sbi/openapi/libogssbi-openapi-2.a.p/model_pdu_session_info.c.o
[3326/4661] Compiling C object lib/sbi/openapi/libogssbi-openapi-2.a.p/model_pdu_session_info_1.c.o
[3327/4661] Compiling C object lib/sbi/openapi/libogssbi-openapi-2.a.p/model_pdu_session_created_data.c.o
[3328/4661] Compiling C object lib/sbi/openapi/libogssbi-openapi-2.a.p/model_pdu_session_notify_item.c.o
[3329/4661] Compiling C object lib/sbi/openapi/libogssbi-openapi-2.a.p/model_pdu_session_create_data.c.o
[3330/4661] Compiling C object lib/sbi/openapi/libogssbi-openapi-2.a.p/model_pdu_session_management_data.c.o
[3331/4661] Compiling C object lib/sbi/openapi/libogssbi-openapi-2.a.p/model_pdu_session_rel_cause.c.o
[3332/4661] Compiling C object lib/sbi/openapi/libogssbi-openapi-2.a.p/model_pdu_session_status.c.o
[3333/4661] Compiling C object lib/sbi/openapi/libogssbi-openapi-2.a.p/model_pdu_session_status_cfg.c.o
[3334/4661] Compiling C object lib/sbi/openapi/libogssbi-openapi-2.a.p/model_pdu_session_status_cfg_1.c.o
[3335/4661] Compiling C object lib/sbi/openapi/libogssbi-openapi-2.a.p/model_pdu_session_type.c.o
[3336/4661] Compiling C object lib/sbi/openapi/libogssbi-openapi-2.a.p/model_pdu_session_types.c.o
[3337/4661] Compiling C object lib/sbi/openapi/libogssbi-openapi-2.a.p/model_pdu_set_handling_info.c.o
[3338/4661] Compiling C object lib/sbi/openapi/libogssbi-openapi-2.a.p/model_pdu_session_tsn_bridge.c.o
[3339/4661] Compiling C object lib/sbi/openapi/libogssbi-openapi-2.a.p/model_pdu_session_types_1.c.o
[3340/4661] Compiling C object lib/sbi/openapi/libogssbi-openapi-2.a.p/model_pdu_set_qos_para.c.o
[3341/4661] Compiling C object lib/sbi/openapi/libogssbi-openapi-2.a.p/model_pdu_set_qos_para_rm.c.o
[3342/4661] Compiling C object lib/sbi/openapi/libogssbi-openapi-2.a.p/model_pdv_monitoring_report.c.o
[3343/4661] Compiling C object lib/sbi/openapi/libogssbi-openapi-2.a.p/model_pei_update_info.c.o
[3344/4661] Compiling C object lib/sbi/openapi/libogssbi-openapi-2.a.p/model_pei_update_info_1.c.o
[3345/4661] Compiling C object lib/sbi/openapi/libogssbi-openapi-2.a.p/model_pei_update_info_ext.c.o
[3346/4661] Compiling C object lib/sbi/openapi/libogssbi-openapi-2.a.p/model_pending_policy_counter_status.c.o
[3347/4661] Compiling C object lib/sbi/openapi/libogssbi-openapi-2.a.p/model_pending_update_info.c.o
[3348/4661] Compiling C object lib/sbi/openapi/libogssbi-openapi-2.a.p/model_periodic_communication_indicator.c.o
[3349/4661] Compiling C object lib/sbi/openapi/libogssbi-openapi-2.a.p/model_periodicity.c.o
[3350/4661] Compiling C object lib/sbi/openapi/libogssbi-openapi-2.a.p/model_perf_data.c.o
[3351/4661] Compiling C object lib/sbi/openapi/libogssbi-openapi-2.a.p/model_periodicity_range.c.o
[3352/4661] Compiling C object lib/sbi/openapi/libogssbi-openapi-2.a.p/model_pfd_change_notification.c.o
[3353/4661] Compiling C object lib/sbi/openapi/libogssbi-openapi-2.a.p/model_pfd_content.c.o
[3354/4661] Compiling C object lib/sbi/openapi/libogssbi-openapi-2.a.p/model_pfd_data.c.o
[3355/4661] Compiling C object lib/sbi/openapi/libogssbi-openapi-2.a.p/model_pfd_data_for_app_ext.c.o
[3356/4661] Compiling C object lib/sbi/openapi/libogssbi-openapi-2.a.p/model_pfd_determination_info.c.o
[3357/4661] Compiling C object lib/sbi/openapi/libogssbi-openapi-2.a.p/model_pgw_info.c.o
[3358/4661] Compiling C object lib/sbi/openapi/libogssbi-openapi-2.a.p/model_pgw_info_1.c.o
[3359/4661] Compiling C object lib/sbi/openapi/libogssbi-openapi-2.a.p/model_plmn_ec_info.c.o
[3360/4661] Compiling C object lib/sbi/openapi/libogssbi-openapi-2.a.p/model_plmn_ec_info_1.c.o
[3361/4661] Compiling C object lib/sbi/openapi/libogssbi-openapi-2.a.p/model_plmn_id.c.o
[3362/4661] Compiling C object lib/sbi/openapi/libogssbi-openapi-2.a.p/model_plmn_id_1.c.o
[3363/4661] Compiling C object lib/sbi/openapi/libogssbi-openapi-2.a.p/model_plmn_id_nid.c.o
[3364/4661] Compiling C object lib/sbi/openapi/libogssbi-openapi-2.a.p/model_plmn_id_nid_1.c.o
[3365/4661] Compiling C object lib/sbi/openapi/libogssbi-openapi-2.a.p/model_plmn_oauth2.c.o
[3366/4661] Compiling C object lib/sbi/openapi/libogssbi-openapi-2.a.p/model_plmn_operator_class_1.c.o
[3367/4661] Compiling C object lib/sbi/openapi/libogssbi-openapi-2.a.p/model_plmn_operator_class.c.o
[3368/4661] Compiling C object lib/sbi/openapi/libogssbi-openapi-2.a.p/model_plmn_range.c.o
[3369/4661] Compiling C object lib/sbi/openapi/libogssbi-openapi-2.a.p/model_point.c.o
[3370/4661] Compiling C object lib/sbi/openapi/libogssbi-openapi-2.a.p/model_plmn_route_selection_descriptor.c.o
[3371/4661] Compiling C object lib/sbi/openapi/libogssbi-openapi-2.a.p/model_plmn_restriction.c.o
[3372/4661] Compiling C object lib/sbi/openapi/libogssbi-openapi-2.a.p/model_plmn_snssai.c.o
[3373/4661] Compiling C object lib/sbi/openapi/libogssbi-openapi-2.a.p/model_plmn_restriction_1.c.o
[3374/4661] Compiling C object lib/sbi/openapi/libogssbi-openapi-2.a.p/model_point_altitude.c.o
[3375/4661] Compiling C object lib/sbi/openapi/libogssbi-openapi-2.a.p/model_policy_association_release_cause.c.o
[3376/4661] Compiling C object lib/sbi/openapi/libogssbi-openapi-2.a.p/model_point_uncertainty_circle.c.o
[3377/4661] Compiling C object lib/sbi/openapi/libogssbi-openapi-2.a.p/model_point_uncertainty_ellipse.c.o
[3378/4661] Compiling C object lib/sbi/openapi/libogssbi-openapi-2.a.p/model_point_altitude_uncertainty.c.o
[3379/4661] Compiling C object lib/sbi/openapi/libogssbi-openapi-2.a.p/model_policy_association.c.o
[3380/4661] Compiling C object lib/sbi/openapi/libogssbi-openapi-2.a.p/model_policy_control_request_trigger.c.o
[3381/4661] Compiling C object lib/sbi/openapi/libogssbi-openapi-2.a.p/model_policy_counter_info.c.o
[3382/4661] Compiling C object lib/sbi/openapi/libogssbi-openapi-2.a.p/model_policy_counter_info_rm.c.o
[3383/4661] Compiling C object lib/sbi/openapi/libogssbi-openapi-2.a.p/model_policy_association_request.c.o
[3384/4661] Compiling C object lib/sbi/openapi/libogssbi-openapi-2.a.p/model_policy_data_subset.c.o
[3385/4661] Compiling C object lib/sbi/openapi/libogssbi-openapi-2.a.p/model_policy_data_for_individual_ue.c.o
[3386/4661] Compiling C object lib/sbi/openapi/libogssbi-openapi-2.a.p/model_policy_association_update_request.c.o
[3387/4661] Compiling C object lib/sbi/openapi/libogssbi-openapi-2.a.p/model_policy_data_subscription.c.o
[3388/4661] Compiling C object lib/sbi/openapi/libogssbi-openapi-2.a.p/model_policy_data_change_notification.c.o
[3389/4661] Compiling C object lib/sbi/openapi/libogssbi-openapi-2.a.p/model_policy_decision_failure_code.c.o
[3390/4661] Compiling C object lib/sbi/openapi/libogssbi-openapi-2.a.p/model_policy_req_trigger.c.o
[3391/4661] Compiling C object lib/sbi/openapi/libogssbi-openapi-2.a.p/model_port_management_container.c.o
[3392/4661] Compiling C object lib/sbi/openapi/libogssbi-openapi-2.a.p/model_port_range.c.o
[3393/4661] Compiling C object lib/sbi/openapi/libogssbi-openapi-2.a.p/model_polygon.c.o
[3394/4661] Compiling C object lib/sbi/openapi/libogssbi-openapi-2.a.p/model_positioning_case.c.o
[3395/4661] Compiling C object lib/sbi/openapi/libogssbi-openapi-2.a.p/model_positioning_method.c.o
[3396/4661] Compiling C object lib/sbi/openapi/libogssbi-openapi-2.a.p/model_policy_update.c.o
[3397/4661] Compiling C object lib/sbi/openapi/libogssbi-openapi-2.a.p/model_positioning_method_mdt.c.o
[3398/4661] Compiling C object lib/sbi/openapi/libogssbi-openapi-2.a.p/model_post_pdu_sessions_400_response.c.o
[3399/4661] Compiling C object lib/sbi/openapi/libogssbi-openapi-2.a.p/model_post_pdu_sessions_201_response.c.o
[3400/4661] Compiling C object lib/sbi/openapi/libogssbi-openapi-2.a.p/model_post_pdu_sessions_request.c.o
[3401/4661] Compiling C object lib/sbi/openapi/libogssbi-openapi-2.a.p/model_post_sm_contexts_201_response.c.o
[3402/4661] Compiling C object lib/sbi/openapi/libogssbi-openapi-2.a.p/model_post_sm_contexts_400_response.c.o
[3403/4661] Compiling C object lib/sbi/openapi/libogssbi-openapi-2.a.p/model_pp5g_mbs_group_profile_data.c.o
[3404/4661] Compiling C object lib/sbi/openapi/libogssbi-openapi-2.a.p/model_post_sm_contexts_request.c.o
[3405/4661] Compiling C object lib/sbi/openapi/libogssbi-openapi-2.a.p/model_pp_active_time.c.o
[3406/4661] Compiling C object lib/sbi/openapi/libogssbi-openapi-2.a.p/model_pp5g_vn_group_profile_data.c.o
[3407/4661] Compiling C object lib/sbi/openapi/libogssbi-openapi-2.a.p/model_pp_data_entry.c.o
[3408/4661] Compiling C object lib/sbi/openapi/libogssbi-openapi-2.a.p/model_pp_data_entry_list.c.o
[3409/4661] Compiling C object lib/sbi/openapi/libogssbi-openapi-2.a.p/model_pp_data.c.o
[3410/4661] Compiling C object lib/sbi/openapi/libogssbi-openapi-2.a.p/model_pp_maximum_latency.c.o
[3411/4661] Compiling C object lib/sbi/openapi/libogssbi-openapi-2.a.p/model_pp_maximum_response_time.c.o
[3412/4661] Compiling C object lib/sbi/openapi/libogssbi-openapi-2.a.p/model_pp_dl_packet_count_ext.c.o
[3413/4661] Compiling C object lib/sbi/openapi/libogssbi-openapi-2.a.p/model_pp_profile_data.c.o
[3414/4661] Compiling C object lib/sbi/openapi/libogssbi-openapi-2.a.p/model_preemption_capability.c.o
[3415/4661] Compiling C object lib/sbi/openapi/libogssbi-openapi-2.a.p/model_preemption_vulnerability.c.o
[3416/4661] Compiling C object lib/sbi/openapi/libogssbi-openapi-2.a.p/model_pp_subs_reg_timer.c.o
[3417/4661] Compiling C object lib/sbi/openapi/libogssbi-openapi-2.a.p/model_preemption_control_information.c.o
[3418/4661] Compiling C object lib/sbi/openapi/libogssbi-openapi-2.a.p/model_preferred_search.c.o
[3419/4661] Compiling C object lib/sbi/openapi/libogssbi-openapi-2.a.p/model_presence_state.c.o
[3420/4661] Compiling C object lib/sbi/openapi/libogssbi-openapi-2.a.p/model_prev_sub_info.c.o
[3421/4661] Compiling C object lib/sbi/openapi/libogssbi-openapi-2.a.p/model_presence_info_rm.c.o
[3422/4661] Compiling C object lib/sbi/openapi/libogssbi-openapi-2.a.p/model_priority_sharing_indicator.c.o
[3423/4661] Compiling C object lib/sbi/openapi/libogssbi-openapi-2.a.p/model_presence_info_1.c.o
[3424/4661] Compiling C object lib/sbi/openapi/libogssbi-openapi-2.a.p/model_presence_info.c.o
[3425/4661] Compiling C object lib/sbi/openapi/libogssbi-openapi-2.a.p/model_privacy_check_related_action.c.o
[3426/4661] Compiling C object lib/sbi/openapi/libogssbi-openapi-2.a.p/model_pro_se_allowed_plmn.c.o
[3427/4661] Compiling C object lib/sbi/openapi/libogssbi-openapi-2.a.p/model_pro_se_allowed_plmn_1.c.o
[3428/4661] Compiling C object lib/sbi/openapi/libogssbi-openapi-2.a.p/model_pro_se_authentication_info.c.o
[3429/4661] Compiling C object lib/sbi/openapi/libogssbi-openapi-2.a.p/model_pro_se_authentication_ctx.c.o
[3430/4661] Compiling C object lib/sbi/openapi/libogssbi-openapi-2.a.p/model_pro_se_authentication_info_request.c.o
[3431/4661] Compiling C object lib/sbi/openapi/libogssbi-openapi-2.a.p/model_pro_se_authentication_info_result.c.o
[3432/4661] Compiling C object lib/sbi/openapi/libogssbi-openapi-2.a.p/model_pro_se_authentication_result.c.o
[3433/4661] Compiling C object lib/sbi/openapi/libogssbi-openapi-2.a.p/model_pro_se_eap_session.c.o
[3434/4661] Compiling C object lib/sbi/openapi/libogssbi-openapi-2.a.p/model_pro_se_information.c.o
[3435/4661] Compiling C object lib/sbi/openapi/libogssbi-openapi-2.a.p/model_pro_se_capability.c.o
[3436/4661] Compiling C object lib/sbi/openapi/libogssbi-openapi-2.a.p/model_problem_details.c.o
[3437/4661] Compiling C object lib/sbi/openapi/libogssbi-openapi-2.a.p/model_problem_details_add_info.c.o
[3438/4661] Compiling C object lib/sbi/openapi/libogssbi-openapi-2.a.p/model_problem_details_1.c.o
[3439/4661] Compiling C object lib/sbi/openapi/libogssbi-openapi-2.a.p/model_prose_auth_200_response.c.o
[3440/4661] Compiling C object lib/sbi/openapi/libogssbi-openapi-2.a.p/model_processing_instruction.c.o
[3441/4661] Compiling C object lib/sbi/openapi/libogssbi-openapi-2.a.p/model_prose_direct_allowed.c.o
[3442/4661] Compiling C object lib/sbi/openapi/libogssbi-openapi-2.a.p/model_prose_context.c.o
[3443/4661] Compiling C object lib/sbi/openapi/libogssbi-openapi-2.a.p/model_prose_service_auth.c.o
[3444/4661] Compiling C object lib/sbi/openapi/libogssbi-openapi-2.a.p/model_prose_service_auth_1.c.o
[3445/4661] Compiling C object lib/sbi/openapi/libogssbi-openapi-2.a.p/model_prose_subscription_data.c.o
[3446/4661] Compiling C object lib/sbi/openapi/libogssbi-openapi-2.a.p/model_prose_subscription_data_1.c.o
[3447/4661] Compiling C object lib/sbi/openapi/libogssbi-openapi-2.a.p/model_protection_policy.c.o
[3448/4661] Compiling C object lib/sbi/openapi/libogssbi-openapi-2.a.p/model_protection_result.c.o
[3449/4661] Compiling C object lib/sbi/openapi/libogssbi-openapi-2.a.p/model_provisioned_data_set_name.c.o
[3450/4661] Compiling C object lib/sbi/openapi/libogssbi-openapi-2.a.p/model_proximity_criterion.c.o
[3451/4661] Compiling C object lib/sbi/openapi/libogssbi-openapi-2.a.p/model_protocol_description.c.o
[3452/4661] Compiling C object lib/sbi/openapi/libogssbi-openapi-2.a.p/model_protocol_description_rm.c.o
[3453/4661] Compiling C object lib/sbi/openapi/libogssbi-openapi-2.a.p/model_pru_existence_info.c.o
[3454/4661] Compiling C object lib/sbi/openapi/libogssbi-openapi-2.a.p/model_pru_ind.c.o
[3455/4661] Compiling C object lib/sbi/openapi/libogssbi-openapi-2.a.p/model_psa_indication.c.o
[3456/4661] Compiling C object lib/sbi/openapi/libogssbi-openapi-2.a.p/model_ptw_parameters.c.o
[3457/4661] Compiling C object lib/sbi/openapi/libogssbi-openapi-2.a.p/model_psa_information.c.o
[3458/4661] Compiling C object lib/sbi/openapi/libogssbi-openapi-2.a.p/model_provisioned_data_sets.c.o
[3459/4661] Compiling C object lib/sbi/openapi/libogssbi-openapi-2.a.p/model_ptw_parameters_1.c.o
[3460/4661] Compiling C object lib/sbi/openapi/libogssbi-openapi-2.a.p/model_pws_error_data.c.o
[3461/4661] Compiling C object lib/sbi/openapi/libogssbi-openapi-2.a.p/model_pws_information.c.o
[3462/4661] Compiling C object lib/sbi/openapi/libogssbi-openapi-2.a.p/model_pws_response_data.c.o
[3463/4661] Compiling C object lib/sbi/openapi/libogssbi-openapi-2.a.p/model_qmc_area_scope.c.o
[3464/4661] Compiling C object lib/sbi/openapi/libogssbi-openapi-2.a.p/model_qmc_area_scope_1.c.o
[3465/4661] Compiling C object lib/sbi/openapi/libogssbi-openapi-2.a.p/model_qmc_config_info.c.o
[3466/4661] Compiling C object lib/sbi/openapi/libogssbi-openapi-2.a.p/model_qoe_service_type.c.o
[3467/4661] Compiling C object lib/sbi/openapi/libogssbi-openapi-2.a.p/model_qoe_target.c.o
[3468/4661] Compiling C object lib/sbi/openapi/libogssbi-openapi-2.a.p/model_qmc_config_info_1.c.o
[3469/4661] Compiling C object lib/sbi/openapi/libogssbi-openapi-2.a.p/model_qoe_target_1.c.o
[3470/4661] Compiling C object lib/sbi/openapi/libogssbi-openapi-2.a.p/model_qos_characteristics.c.o
[3471/4661] Compiling C object lib/sbi/openapi/libogssbi-openapi-2.a.p/model_qos_flow_access_type.c.o
[3472/4661] Compiling C object lib/sbi/openapi/libogssbi-openapi-2.a.p/model_qos_flow_item.c.o
[3473/4661] Compiling C object lib/sbi/openapi/libogssbi-openapi-2.a.p/model_qos_data.c.o
[3474/4661] Compiling C object lib/sbi/openapi/libogssbi-openapi-2.a.p/model_qos_flow_add_modify_request_item.c.o
[3475/4661] Compiling C object lib/sbi/openapi/libogssbi-openapi-2.a.p/model_qos_flow_notify_item.c.o
[3476/4661] Compiling C object lib/sbi/openapi/libogssbi-openapi-2.a.p/model_qos_flow_release_request_item.c.o
[3477/4661] Compiling C object lib/sbi/openapi/libogssbi-openapi-2.a.p/model_qos_flow_profile.c.o
[3478/4661] Compiling C object lib/sbi/openapi/libogssbi-openapi-2.a.p/model_qos_flow_tunnel.c.o
[3479/4661] Compiling C object lib/sbi/openapi/libogssbi-openapi-2.a.p/model_qos_flow_usage.c.o
[3480/4661] Compiling C object lib/sbi/openapi/libogssbi-openapi-2.a.p/model_qos_flow_setup_item.c.o
[3481/4661] Compiling C object lib/sbi/openapi/libogssbi-openapi-2.a.p/model_qos_flow_usage_report.c.o
[3482/4661] Compiling C object lib/sbi/openapi/libogssbi-openapi-2.a.p/model_qos_monitoring_congestion_supported.c.o
[3483/4661] Compiling C object lib/sbi/openapi/libogssbi-openapi-2.a.p/model_qos_monitoring_info.c.o
[3484/4661] Compiling C object lib/sbi/openapi/libogssbi-openapi-2.a.p/model_qos_monitoring_param_type.c.o
[3485/4661] Compiling C object lib/sbi/openapi/libogssbi-openapi-2.a.p/model_qos_monitoring_information.c.o
[3486/4661] Compiling C object lib/sbi/openapi/libogssbi-openapi-2.a.p/model_qos_monitoring_data.c.o
[3487/4661] Compiling C object lib/sbi/openapi/libogssbi-openapi-2.a.p/model_qos_monitoring_information_rm.c.o
[3488/4661] Compiling C object lib/sbi/openapi/libogssbi-openapi-2.a.p/model_qos_monitoring_pd_method.c.o
[3489/4661] Compiling C object lib/sbi/openapi/libogssbi-openapi-2.a.p/model_qos_monitoring_pd_supported.c.o
[3490/4661] Compiling C object lib/sbi/openapi/libogssbi-openapi-2.a.p/model_qos_notif_type.c.o
[3491/4661] Compiling C object lib/sbi/openapi/libogssbi-openapi-2.a.p/model_qos_monitoring_req.c.o
[3492/4661] Compiling C object lib/sbi/openapi/libogssbi-openapi-2.a.p/model_qos_notification_control_info.c.o
[3493/4661] Compiling C object lib/sbi/openapi/libogssbi-openapi-2.a.p/model_qos_monitoring_report.c.o
[3494/4661] Compiling C object lib/sbi/openapi/libogssbi-openapi-2.a.p/model_qos_para.c.o
[3495/4661] Compiling C object lib/sbi/openapi/libogssbi-openapi-2.a.p/model_qos_pol_order_criterion.c.o
[3496/4661] Compiling C object lib/sbi/openapi/libogssbi-openapi-2.a.p/model_qos_parameter_set.c.o
[3497/4661] Compiling C object lib/sbi/openapi/libogssbi-openapi-2.a.p/model_qos_policy_assist_info.c.o
[3498/4661] Compiling C object lib/sbi/openapi/libogssbi-openapi-2.a.p/model_qos_policy_assist_req.c.o
[3499/4661] Compiling C object lib/sbi/openapi/libogssbi-openapi-2.a.p/model_qos_policy_assist_sets_per_ts.c.o
[3500/4661] Compiling C object lib/sbi/openapi/libogssbi-openapi-2.a.p/model_qos_requirement.c.o
[3501/4661] Compiling C object lib/sbi/openapi/libogssbi-openapi-2.a.p/model_qos_resource_type.c.o
[3502/4661] Compiling C object lib/sbi/openapi/libogssbi-openapi-2.a.p/model_qos_requirements.c.o
[3503/4661] Compiling C object lib/sbi/openapi/libogssbi-openapi-2.a.p/model_qos_policy_assist_set.c.o
[3504/4661] Compiling C object lib/sbi/openapi/libogssbi-openapi-2.a.p/model_query_param_combination.c.o
[3505/4661] Compiling C object lib/sbi/openapi/libogssbi-openapi-2.a.p/model_query_parameter.c.o
[3506/4661] Compiling C object lib/sbi/openapi/libogssbi-openapi-2.a.p/model_qos_sustainability_info.c.o
[3507/4661] Compiling C object lib/sbi/openapi/libogssbi-openapi-2.a.p/model_radial_velocity.c.o
[3508/4661] Compiling C object lib/sbi/openapi/libogssbi-openapi-2.a.p/model_ran_nas_rel_cause.c.o
[3509/4661] Compiling C object lib/sbi/openapi/libogssbi-openapi-2.a.p/model_range_direction.c.o
[3510/4661] Compiling C object lib/sbi/openapi/libogssbi-openapi-2.a.p/model_ranging_sl_af_external.c.o
[3511/4661] Compiling C object lib/sbi/openapi/libogssbi-openapi-2.a.p/model_ranging_sl_default_unrelated_class.c.o
[3512/4661] Compiling C object lib/sbi/openapi/libogssbi-openapi-2.a.p/model_ranging_sl_app_id_unrelated_class.c.o
[3513/4661] Compiling C object lib/sbi/openapi/libogssbi-openapi-2.a.p/model_ranging_sl_app_id_unrelated_class_1.c.o
[3514/4661] Compiling C object lib/sbi/openapi/libogssbi-openapi-2.a.p/model_ranging_sl_default_unrelated_class_1.c.o
[3515/4661] Compiling C object lib/sbi/openapi/libogssbi-openapi-2.a.p/model_ranging_sl_external_unrelated_class.c.o
[3516/4661] Compiling C object lib/sbi/openapi/libogssbi-openapi-2.a.p/model_ranging_sl_pos_allowed.c.o
[3517/4661] Compiling C object lib/sbi/openapi/libogssbi-openapi-2.a.p/model_ranging_sl_lcs_client_external.c.o
[3518/4661] Compiling C object lib/sbi/openapi/libogssbi-openapi-2.a.p/model_ranging_sl_plmn_operator_class.c.o
[3519/4661] Compiling C object lib/sbi/openapi/libogssbi-openapi-2.a.p/model_ranging_sl_plmn_operator_class_1.c.o
[3520/4661] Compiling C object lib/sbi/openapi/libogssbi-openapi-2.a.p/model_ranging_sl_pos_auth.c.o
[3521/4661] Compiling C object lib/sbi/openapi/libogssbi-openapi-2.a.p/model_ranging_sl_pos_plmn.c.o
[3522/4661] Compiling C object lib/sbi/openapi/libogssbi-openapi-2.a.p/model_ranging_sl_privacy_check_related_action.c.o
[3523/4661] Compiling C object lib/sbi/openapi/libogssbi-openapi-2.a.p/model_ranging_sl_pos_qos.c.o
[3524/4661] Compiling C object lib/sbi/openapi/libogssbi-openapi-2.a.p/model_ranging_sl_pos_subscription_data.c.o
[3525/4661] Compiling C object lib/sbi/openapi/libogssbi-openapi-2.a.p/model_ranging_sl_privacy.c.o
[3526/4661] Compiling C object lib/sbi/openapi/libogssbi-openapi-2.a.p/model_ranging_sl_privacy_data.c.o
[3527/4661] Compiling C object lib/sbi/openapi/libogssbi-openapi-2.a.p/model_ranging_sl_privacy_data_1.c.o
[3528/4661] Compiling C object lib/sbi/openapi/libogssbi-openapi-2.a.p/model_ranging_sl_privacy_ind.c.o
[3529/4661] Compiling C object lib/sbi/openapi/libogssbi-openapi-2.a.p/model_ranking_criterion.c.o
[3530/4661] Compiling C object lib/sbi/openapi/libogssbi-openapi-2.a.p/model_ranging_sl_unrelated_class.c.o
[3531/4661] Compiling C object lib/sbi/openapi/libogssbi-openapi-2.a.p/model_ranging_sl_unrelated_class_1.c.o
[3532/4661] Compiling C object lib/sbi/openapi/libogssbi-openapi-2.a.p/model_rat_freq_information.c.o
[3533/4661] Compiling C object lib/sbi/openapi/libogssbi-openapi-2.a.p/model_rat_selector.c.o
[3534/4661] Compiling C object lib/sbi/openapi/libogssbi-openapi-2.a.p/model_rat_type.c.o
[3535/4661] Compiling C object lib/sbi/openapi/libogssbi-openapi-2.a.p/model_reachability_filter.c.o
[3536/4661] Compiling C object lib/sbi/openapi/libogssbi-openapi-2.a.p/model_reachability_for_data_configuration.c.o
[3537/4661] Compiling C object lib/sbi/openapi/libogssbi-openapi-2.a.p/model_rate_limit_repo.c.o
[3538/4661] Compiling C object lib/sbi/openapi/libogssbi-openapi-2.a.p/model_reachability_for_data_report_config.c.o
[3539/4661] Compiling C object lib/sbi/openapi/libogssbi-openapi-2.a.p/model_reachability_for_sms_configuration.c.o
[3540/4661] Compiling C object lib/sbi/openapi/libogssbi-openapi-2.a.p/model_reachability_for_data_configuration_1.c.o
[3541/4661] Compiling C object lib/sbi/openapi/libogssbi-openapi-2.a.p/model_reauth_notification_info.c.o
[3542/4661] Compiling C object lib/sbi/openapi/libogssbi-openapi-2.a.p/model_recur_time_1.c.o
[3543/4661] Compiling C object lib/sbi/openapi/libogssbi-openapi-2.a.p/model_recur_type.c.o
[3544/4661] Compiling C object lib/sbi/openapi/libogssbi-openapi-2.a.p/model_recur_time.c.o
[3545/4661] Compiling C object lib/sbi/openapi/libogssbi-openapi-2.a.p/model_redirect_address_type.c.o
[3546/4661] Compiling C object lib/sbi/openapi/libogssbi-openapi-2.a.p/model_red_trans_exp_ordering_criterion.c.o
[3547/4661] Compiling C object lib/sbi/openapi/libogssbi-openapi-2.a.p/model_redirect_information.c.o
[3548/4661] Compiling C object lib/sbi/openapi/libogssbi-openapi-2.a.p/model_redirect_response.c.o
[3549/4661] Compiling C object lib/sbi/openapi/libogssbi-openapi-2.a.p/model_redirect_response_add_info.c.o
[3550/4661] Compiling C object lib/sbi/openapi/libogssbi-openapi-2.a.p/model_redirect_response_1.c.o
[3551/4661] Compiling C object lib/sbi/openapi/libogssbi-openapi-2.a.p/model_redundant_pdu_session_information.c.o
[3552/4661] Compiling C object lib/sbi/openapi/libogssbi-openapi-2.a.p/model_redundant_transmission_exp_info.c.o
[3553/4661] Compiling C object lib/sbi/openapi/libogssbi-openapi-2.a.p/model_redundant_transmission_exp_per_ts.c.o
[3554/4661] Compiling C object lib/sbi/openapi/libogssbi-openapi-2.a.p/model_reflective_qo_s_attribute.c.o
[3555/4661] Compiling C object lib/sbi/openapi/libogssbi-openapi-2.a.p/model_redundant_transmission_exp_req.c.o
[3556/4661] Compiling C object lib/sbi/openapi/libogssbi-openapi-2.a.p/model_ref_to_binary_data.c.o
[3557/4661] Compiling C object lib/sbi/openapi/libogssbi-openapi-2.a.p/model_registration_data_set_name.c.o
[3558/4661] Compiling C object lib/sbi/openapi/libogssbi-openapi-2.a.p/model_registration_reason.c.o
[3559/4661] Compiling C object lib/sbi/openapi/libogssbi-openapi-2.a.p/model_registration_location_info.c.o
[3560/4661] Compiling C object lib/sbi/openapi/libogssbi-openapi-2.a.p/model_registration_data_sets.c.o
[3561/4661] Compiling C object lib/sbi/openapi/libogssbi-openapi-2.a.p/model_rel_prox_req.c.o
[3562/4661] Compiling C object lib/sbi/openapi/libogssbi-openapi-2.a.p/model_rel_prox_info.c.o
[3563/4661] Compiling C object lib/sbi/openapi/libogssbi-openapi-2.a.p/model_registration_context_container.c.o
[3564/4661] Compiling C object lib/sbi/openapi/libogssbi-openapi-2.a.p/model_relative_cartesian_location.c.o
[3565/4661] Compiling C object lib/sbi/openapi/libogssbi-openapi-2.a.p/model_release_cause.c.o
[3566/4661] Compiling C object lib/sbi/openapi/libogssbi-openapi-2.a.p/model_relative_velocity_with_uncertainty.c.o
[3567/4661] Compiling C object lib/sbi/openapi/libogssbi-openapi-2.a.p/model_release_pdu_session_200_response.c.o
[3568/4661] Compiling C object lib/sbi/openapi/libogssbi-openapi-3.a.p/model_release_pdu_session_request.c.o
[3569/4661] Compiling C object lib/sbi/openapi/libogssbi-openapi-2.a.p/model_release_data.c.o
[3570/4661] Compiling C object lib/sbi/openapi/libogssbi-openapi-3.a.p/model_release_session_info.c.o
[3571/4661] Compiling C object lib/sbi/openapi/libogssbi-openapi-3.a.p/model_release_sm_context_request.c.o
[3572/4661] Compiling C object lib/sbi/openapi/libogssbi-openapi-3.a.p/model_released_data.c.o
[3573/4661] Compiling C object lib/sbi/openapi/libogssbi-openapi-3.a.p/model_report_amount_mdt.c.o
[3574/4661] Compiling C object lib/sbi/openapi/libogssbi-openapi-3.a.p/model_report_interval_mdt.c.o
[3575/4661] Compiling C object lib/sbi/openapi/libogssbi-openapi-3.a.p/model_report_interval_nr_mdt.c.o
[3576/4661] Compiling C object lib/sbi/openapi/libogssbi-openapi-3.a.p/model_report_item.c.o
[3577/4661] Linking static target lib/sbi/openapi/libogssbi-openapi-2.a
[3578/4661] Compiling C object lib/sbi/openapi/libogssbi-openapi-3.a.p/model_report_type_mdt.c.o
[3579/4661] Compiling C object lib/sbi/openapi/libogssbi-openapi-3.a.p/model_relocate_ue_context_request.c.o
[3580/4661] Compiling C object lib/sbi/openapi/libogssbi-openapi-3.a.p/model_reporting_frequency.c.o
[3581/4661] Compiling C object lib/sbi/openapi/libogssbi-openapi-3.a.p/model_reporting_level.c.o
[3582/4661] Compiling C object lib/sbi/openapi/libogssbi-openapi-3.a.p/model_reporting_information.c.o
[3583/4661] Compiling C object lib/sbi/openapi/libogssbi-openapi-3.a.p/model_reporting_options_1.c.o
[3584/4661] Compiling C object lib/sbi/openapi/libogssbi-openapi-3.a.p/model_reporting_options.c.o
[3585/4661] Compiling C object lib/sbi/openapi/libogssbi-openapi-3.a.p/model_reporting_suggestion_information_1.c.o
[3586/4661] Compiling C object lib/sbi/openapi/libogssbi-openapi-3.a.p/model_reporting_suggestion_information.c.o
[3587/4661] Compiling C object lib/sbi/openapi/libogssbi-openapi-3.a.p/model_reporting_trigger.c.o
[3588/4661] Compiling C object lib/sbi/openapi/libogssbi-openapi-3.a.p/model_reporting_urgency.c.o
[3589/4661] Compiling C object lib/sbi/openapi/libogssbi-openapi-3.a.p/model_request_indication.c.o
[3590/4661] Compiling C object lib/sbi/openapi/libogssbi-openapi-3.a.p/model_request_trigger.c.o
[3591/4661] Compiling C object lib/sbi/openapi/libogssbi-openapi-3.a.p/model_request_type.c.o
[3592/4661] Compiling C object lib/sbi/openapi/libogssbi-openapi-3.a.p/model_requested_qos_monitoring_parameter.c.o
[3593/4661] Compiling C object lib/sbi/openapi/libogssbi-openapi-3.a.p/model_requested_qos.c.o
[3594/4661] Compiling C object lib/sbi/openapi/libogssbi-openapi-3.a.p/model_requested_rule_data.c.o
[3595/4661] Compiling C object lib/sbi/openapi/libogssbi-openapi-3.a.p/model_required_access_info.c.o
[3596/4661] Compiling C object lib/sbi/openapi/libogssbi-openapi-3.a.p/model_requested_rule_data_type.c.o
[3597/4661] Compiling C object lib/sbi/openapi/libogssbi-openapi-3.a.p/model_requested_usage_data.c.o
[3598/4661] Compiling C object lib/sbi/openapi/libogssbi-openapi-3.a.p/model_reserv_priority.c.o
[3599/4661] Compiling C object lib/sbi/openapi/libogssbi-openapi-3.a.p/model_resource_item.c.o
[3600/4661] Compiling C object lib/sbi/openapi/libogssbi-openapi-3.a.p/model_resource_status.c.o
[3601/4661] Compiling C object lib/sbi/openapi/libogssbi-openapi-3.a.p/model_resource_usage_requirement.c.o
[3602/4661] Compiling C object lib/sbi/openapi/libogssbi-openapi-3.a.p/model_response_time.c.o
[3603/4661] Compiling C object lib/sbi/openapi/libogssbi-openapi-3.a.p/model_resource_usage.c.o
[3604/4661] Compiling C object lib/sbi/openapi/libogssbi-openapi-3.a.p/model_resources_allocation_info.c.o
[3605/4661] Compiling C object lib/sbi/openapi/libogssbi-openapi-3.a.p/model_restriction_type.c.o
[3606/4661] Compiling C object lib/sbi/openapi/libogssbi-openapi-3.a.p/model_restricted_status.c.o
[3607/4661] Compiling C object lib/sbi/openapi/libogssbi-openapi-3.a.p/model_resynchronization_info.c.o
[3608/4661] Compiling C object lib/sbi/openapi/libogssbi-openapi-3.a.p/model_resynchronization_info_1.c.o
[3609/4661] Compiling C object lib/sbi/openapi/libogssbi-openapi-3.a.p/model_retainability_threshold.c.o
[3610/4661] Compiling C object lib/sbi/openapi/libogssbi-openapi-3.a.p/model_retrieve_data.c.o
[3611/4661] Compiling C object lib/sbi/openapi/libogssbi-openapi-3.a.p/model_rg_auth_ctx.c.o
[3612/4661] Compiling C object lib/sbi/openapi/libogssbi-openapi-3.a.p/model_retrieved_data.c.o
[3613/4661] Compiling C object lib/sbi/openapi/libogssbi-openapi-3.a.p/model_rg_authentication_info.c.o
[3614/4661] Compiling C object lib/sbi/openapi/libogssbi-openapi-3.a.p/model_rm_info.c.o
[3615/4661] Compiling C object lib/sbi/openapi/libogssbi-openapi-3.a.p/model_ri_error_information.c.o
[3616/4661] Compiling C object lib/sbi/openapi/libogssbi-openapi-3.a.p/model_rm_state.c.o
[3617/4661] Compiling C object lib/sbi/openapi/libogssbi-openapi-3.a.p/model_roaming_indication.c.o
[3618/4661] Compiling C object lib/sbi/openapi/libogssbi-openapi-3.a.p/model_roaming_charging_profile.c.o
[3619/4661] Compiling C object lib/sbi/openapi/libogssbi-openapi-3.a.p/model_roaming_odb.c.o
[3620/4661] Compiling C object lib/sbi/openapi/libogssbi-openapi-3.a.p/model_roaming_info_update.c.o
[3621/4661] Compiling C object lib/sbi/openapi/libogssbi-openapi-3.a.p/model_roaming_restrictions.c.o
[3622/4661] Compiling C object lib/sbi/openapi/libogssbi-openapi-3.a.p/model_roaming_info.c.o
[3623/4661] Compiling C object lib/sbi/openapi/libogssbi-openapi-3.a.p/model_route_information.c.o
[3624/4661] Compiling C object lib/sbi/openapi/libogssbi-openapi-3.a.p/model_route_information_1.c.o
[3625/4661] Compiling C object lib/sbi/openapi/libogssbi-openapi-3.a.p/model_route_to_location.c.o
[3626/4661] Compiling C object lib/sbi/openapi/libogssbi-openapi-3.a.p/model_route_to_location_1.c.o
[3627/4661] Compiling C object lib/sbi/openapi/libogssbi-openapi-3.a.p/model_routing_area_id.c.o
[3628/4661] Compiling C object lib/sbi/openapi/libogssbi-openapi-3.a.p/model_route_selection_parameter_set.c.o
[3629/4661] Compiling C object lib/sbi/openapi/libogssbi-openapi-3.a.p/model_routing_area_id_range.c.o
[3630/4661] Compiling C object lib/sbi/openapi/libogssbi-openapi-3.a.p/model_routing_info_sm_request.c.o
[3631/4661] Compiling C object lib/sbi/openapi/libogssbi-openapi-3.a.p/model_rslp_information.c.o
[3632/4661] Compiling C object lib/sbi/openapi/libogssbi-openapi-3.a.p/model_routing_info_sm_response.c.o
[3633/4661] Compiling C object lib/sbi/openapi/libogssbi-openapi-3.a.p/model_rslppi.c.o
[3634/4661] Compiling C object lib/sbi/openapi/libogssbi-openapi-3.a.p/model_rslppi_1.c.o
[3635/4661] Compiling C object lib/sbi/openapi/libogssbi-openapi-3.a.p/model_rsn.c.o
[3636/4661] Compiling C object lib/sbi/openapi/libogssbi-openapi-3.a.p/model_rtp_header_ext_info.c.o
[3637/4661] Compiling C object lib/sbi/openapi/libogssbi-openapi-3.a.p/model_rtp_payload_format.c.o
[3638/4661] Compiling C object lib/sbi/openapi/libogssbi-openapi-3.a.p/model_rtp_header_ext_type.c.o
[3639/4661] Compiling C object lib/sbi/openapi/libogssbi-openapi-3.a.p/model_rtp_payload_info.c.o
[3640/4661] Compiling C object lib/sbi/openapi/libogssbi-openapi-3.a.p/model_rtp_header_ext_info_rm.c.o
[3641/4661] Compiling C object lib/sbi/openapi/libogssbi-openapi-3.a.p/model_rtt_flow_reference.c.o
[3642/4661] Compiling C object lib/sbi/openapi/libogssbi-openapi-3.a.p/model_rtt_flow_reference_rm.c.o
[3643/4661] Compiling C object lib/sbi/openapi/libogssbi-openapi-3.a.p/model_rule_operation.c.o
[3644/4661] Compiling C object lib/sbi/openapi/libogssbi-openapi-3.a.p/model_rule_set_action.c.o
[3645/4661] Compiling C object lib/sbi/openapi/libogssbi-openapi-3.a.p/model_rule_report.c.o
[3646/4661] Compiling C object lib/sbi/openapi/libogssbi-openapi-3.a.p/model_rule_status.c.o
[3647/4661] Compiling C object lib/sbi/openapi/libogssbi-openapi-3.a.p/model_rule_set.c.o
[3648/4661] Compiling C object lib/sbi/openapi/libogssbi-openapi-3.a.p/model_sac_event_trigger.c.o
[3649/4661] Compiling C object lib/sbi/openapi/libogssbi-openapi-3.a.p/model_sac_event_type.c.o
[3650/4661] Compiling C object lib/sbi/openapi/libogssbi-openapi-3.a.p/model_sac_event.c.o
[3651/4661] Compiling C object lib/sbi/openapi/libogssbi-openapi-3.a.p/model_sac_info.c.o
[3652/4661] Compiling C object lib/sbi/openapi/libogssbi-openapi-3.a.p/model_satellite_backhaul_category.c.o
[3653/4661] Compiling C object lib/sbi/openapi/libogssbi-openapi-3.a.p/model_sbi_binding_level.c.o
[3654/4661] Compiling C object lib/sbi/openapi/libogssbi-openapi-3.a.p/model_sc_type.c.o
[3655/4661] Compiling C object lib/sbi/openapi/libogssbi-openapi-3.a.p/model_scheduled_communication_time.c.o
[3656/4661] Compiling C object lib/sbi/openapi/libogssbi-openapi-3.a.p/model_scheduled_area.c.o
[3657/4661] Compiling C object lib/sbi/openapi/libogssbi-openapi-3.a.p/model_scheduled_communication_type.c.o
[3658/4661] Compiling C object lib/sbi/openapi/libogssbi-openapi-3.a.p/model_scheduled_communication_time_1.c.o
[3659/4661] Compiling C object lib/sbi/openapi/libogssbi-openapi-3.a.p/model_scheduled_communication_time_rm.c.o
[3660/4661] Compiling C object lib/sbi/openapi/libogssbi-openapi-3.a.p/model_scp_capability.c.o
[3661/4661] Compiling C object lib/sbi/openapi/libogssbi-openapi-3.a.p/model_scp_domain_cond.c.o
[3662/4661] Compiling C object lib/sbi/openapi/libogssbi-openapi-3.a.p/model_scp_domain_connectivity.c.o
[3663/4661] Compiling C object lib/sbi/openapi/libogssbi-openapi-3.a.p/model_scp_domain_info.c.o
[3664/4661] Compiling C object lib/sbi/openapi/libogssbi-openapi-3.a.p/model_scp_domain_routing_info_notification.c.o
[3665/4661] Compiling C object lib/sbi/openapi/libogssbi-openapi-3.a.p/model_scp_domain_routing_info_subscription.c.o
[3666/4661] Compiling C object lib/sbi/openapi/libogssbi-openapi-3.a.p/model_scp_domain_routing_information.c.o
[3667/4661] Compiling C object lib/sbi/openapi/libogssbi-openapi-3.a.p/model_sd_range.c.o
[3668/4661] Compiling C object lib/sbi/openapi/libogssbi-openapi-3.a.p/model_seaf_data.c.o
[3669/4661] Compiling C object lib/sbi/openapi/libogssbi-openapi-3.a.p/model_sdm_subs_modification.c.o
[3670/4661] Compiling C object lib/sbi/openapi/libogssbi-openapi-3.a.p/model_scp_info.c.o
[3671/4661] Compiling C object lib/sbi/openapi/libogssbi-openapi-3.a.p/model_sdm_subscription_1.c.o
[3672/4661] Compiling C object lib/sbi/openapi/libogssbi-openapi-3.a.p/model_search_result_info.c.o
[3673/4661] Compiling C object lib/sbi/openapi/libogssbi-openapi-3.a.p/model_sdm_subscription.c.o
[3674/4661] Compiling C object lib/sbi/openapi/libogssbi-openapi-3.a.p/model_search_result.c.o
[3675/4661] Compiling C object lib/sbi/openapi/libogssbi-openapi-3.a.p/model_sec_negotiate_req_data.c.o
[3676/4661] Compiling C object lib/sbi/openapi/libogssbi-openapi-3.a.p/model_sec_negotiate_rsp_data.c.o
[3677/4661] Compiling C object lib/sbi/openapi/libogssbi-openapi-3.a.p/model_sec_param_exch_rsp_data.c.o
[3678/4661] Compiling C object lib/sbi/openapi/libogssbi-openapi-3.a.p/model_secondary_rat_usage_report.c.o
[3679/4661] Compiling C object lib/sbi/openapi/libogssbi-openapi-3.a.p/model_secondary_rat_usage_info.c.o
[3680/4661] Compiling C object lib/sbi/openapi/libogssbi-openapi-3.a.p/model_sec_param_exch_req_data.c.o
[3681/4661] Compiling C object lib/sbi/openapi/libogssbi-openapi-3.a.p/model_security_capability.c.o
[3682/4661] Compiling C object lib/sbi/openapi/libogssbi-openapi-3.a.p/model_security_result.c.o
[3683/4661] Compiling C object lib/sbi/openapi/libogssbi-openapi-3.a.p/model_send_mo_data_req_data.c.o
[3684/4661] Compiling C object lib/sbi/openapi/libogssbi-openapi-3.a.p/model_send_mo_data_request.c.o
[3685/4661] Compiling C object lib/sbi/openapi/libogssbi-openapi-3.a.p/model_sensor_measurement.c.o
[3686/4661] Compiling C object lib/sbi/openapi/libogssbi-openapi-3.a.p/model_sequence_number.c.o
[3687/4661] Compiling C object lib/sbi/openapi/libogssbi-openapi-3.a.p/model_sepp_info.c.o
[3688/4661] Compiling C object lib/sbi/openapi/libogssbi-openapi-3.a.p/model_selection_conditions.c.o
[3689/4661] Compiling C object lib/sbi/openapi/libogssbi-openapi-3.a.p/model_serv_auth_info.c.o
[3690/4661] Compiling C object lib/sbi/openapi/libogssbi-openapi-3.a.p/model_service_area_coverage_info.c.o
[3691/4661] Compiling C object lib/sbi/openapi/libogssbi-openapi-3.a.p/model_server_addressing_info.c.o
[3692/4661] Compiling C object lib/sbi/openapi/libogssbi-openapi-3.a.p/model_service_area_id.c.o
[3693/4661] Compiling C object lib/sbi/openapi/libogssbi-openapi-3.a.p/model_service_area_restriction_1.c.o
[3694/4661] Compiling C object lib/sbi/openapi/libogssbi-openapi-3.a.p/model_service_area_restriction.c.o
[3695/4661] Compiling C object lib/sbi/openapi/libogssbi-openapi-3.a.p/model_service_experience_type.c.o
[3696/4661] Compiling C object lib/sbi/openapi/libogssbi-openapi-3.a.p/model_service_info_status.c.o
[3697/4661] Compiling C object lib/sbi/openapi/libogssbi-openapi-3.a.p/model_service_experience_info.c.o
[3698/4661] Compiling C object lib/sbi/openapi/libogssbi-openapi-3.a.p/model_service_name.c.o
[3699/4661] Compiling C object lib/sbi/openapi/libogssbi-openapi-3.a.p/model_service_name_cond.c.o
[3700/4661] Compiling C object lib/sbi/openapi/libogssbi-openapi-3.a.p/model_service_name_list_cond.c.o
[3701/4661] Compiling C object lib/sbi/openapi/libogssbi-openapi-3.a.p/model_service_scenario_ind.c.o
[3702/4661] Compiling C object lib/sbi/openapi/libogssbi-openapi-3.a.p/model_service_specific_authorization_info.c.o
[3703/4661] Compiling C object lib/sbi/openapi/libogssbi-openapi-3.a.p/model_service_type.c.o
[3704/4661] Compiling C object lib/sbi/openapi/libogssbi-openapi-3.a.p/model_service_type_unrelated_class.c.o
[3705/4661] Compiling C object lib/sbi/openapi/libogssbi-openapi-3.a.p/model_service_parameter_data_patch.c.o
[3706/4661] Compiling C object lib/sbi/openapi/libogssbi-openapi-3.a.p/model_service_parameter_data.c.o
[3707/4661] Compiling C object lib/sbi/openapi/libogssbi-openapi-3.a.p/model_serving_nf_identity.c.o
[3708/4661] Compiling C object lib/sbi/openapi/libogssbi-openapi-3.a.p/model_sess_inact_timer_for_ue_comm.c.o
[3709/4661] Compiling C object lib/sbi/openapi/libogssbi-openapi-3.a.p/model_service_type_unrelated_class_1.c.o
[3710/4661] Compiling C object lib/sbi/openapi/libogssbi-openapi-3.a.p/model_session_rule.c.o
[3711/4661] Compiling C object lib/sbi/openapi/libogssbi-openapi-3.a.p/model_session_rule_failure_code.c.o
[3712/4661] Compiling C object lib/sbi/openapi/libogssbi-openapi-3.a.p/model_sgsn_address.c.o
[3713/4661] Compiling C object lib/sbi/openapi/libogssbi-openapi-3.a.p/model_session_rule_report.c.o
[3714/4661] Compiling C object lib/sbi/openapi/libogssbi-openapi-3.a.p/model_session_management_subscription_data.c.o
[3715/4661] Compiling C object lib/sbi/openapi/libogssbi-openapi-3.a.p/model_session_management_subscription_data_1.c.o
[3716/4661] Compiling C object lib/sbi/openapi/libogssbi-openapi-3.a.p/model_shared_data_id_range.c.o
[3717/4661] Compiling C object lib/sbi/openapi/libogssbi-openapi-3.a.p/model_shared_data_id_list.c.o
[3718/4661] Compiling C object lib/sbi/openapi/libogssbi-openapi-3.a.p/model_shared_data.c.o
[3719/4661] Compiling C object lib/sbi/openapi/libogssbi-openapi-3.a.p/model_shared_data_treatment_instruction.c.o
[3720/4661] Compiling C object lib/sbi/openapi/libogssbi-openapi-3.a.p/model_shared_scope.c.o
[3721/4661] Compiling C object lib/sbi/openapi/libogssbi-openapi-3.a.p/model_shared_data_1.c.o
[3722/4661] Compiling C object lib/sbi/openapi/libogssbi-openapi-3.a.p/model_sign.c.o
[3723/4661] Compiling C object lib/sbi/openapi/libogssbi-openapi-3.a.p/model_signal_analytics.c.o
[3724/4661] Compiling C object lib/sbi/openapi/libogssbi-openapi-3.a.p/model_signal_info.c.o
[3725/4661] Compiling C object lib/sbi/openapi/libogssbi-openapi-3.a.p/model_sim_conn_fail_event.c.o
[3726/4661] Compiling C object lib/sbi/openapi/libogssbi-openapi-3.a.p/model_signal_storm_info.c.o
[3727/4661] Compiling C object lib/sbi/openapi/libogssbi-openapi-3.a.p/model_sip_forking_indication.c.o
[3728/4661] Compiling C object lib/sbi/openapi/libogssbi-openapi-3.a.p/model_signal_storm_req.c.o
[3729/4661] Compiling C object lib/sbi/openapi/libogssbi-openapi-3.a.p/model_slice_area_restriction_info.c.o
[3730/4661] Compiling C object lib/sbi/openapi/libogssbi-openapi-3.a.p/model_slice_info_for_pdu_session.c.o
[3731/4661] Compiling C object lib/sbi/openapi/libogssbi-openapi-3.a.p/model_slice_load_level_information.c.o
[3732/4661] Compiling C object lib/sbi/openapi/libogssbi-openapi-3.a.p/model_slice_mbr.c.o
[3733/4661] Compiling C object lib/sbi/openapi/libogssbi-openapi-3.a.p/model_slice_info_for_registration.c.o
[3734/4661] Compiling C object lib/sbi/openapi/libogssbi-openapi-3.a.p/model_slice_info_for_ue_configuration_update.c.o
[3735/4661] Compiling C object lib/sbi/openapi/libogssbi-openapi-3.a.p/model_slice_mbr_1.c.o
[3736/4661] Compiling C object lib/sbi/openapi/libogssbi-openapi-3.a.p/model_slice_mbr_rm.c.o
[3737/4661] Compiling C object lib/sbi/openapi/libogssbi-openapi-3.a.p/model_slice_repl_failure_cause.c.o
[3738/4661] Compiling C object lib/sbi/openapi/libogssbi-openapi-3.a.p/model_slice_repl_outcome.c.o
[3739/4661] Compiling C object lib/sbi/openapi/libogssbi-openapi-3.a.p/model_slice_policy_data.c.o
[3740/4661] Compiling C object lib/sbi/openapi/libogssbi-openapi-3.a.p/model_slice_repl_outcome_info.c.o
[3741/4661] Compiling C object lib/sbi/openapi/libogssbi-openapi-3.a.p/model_slice_repl_req.c.o
[3742/4661] Compiling C object lib/sbi/openapi/libogssbi-openapi-3.a.p/model_slice_repl_type.c.o
[3743/4661] Compiling C object lib/sbi/openapi/libogssbi-openapi-3.a.p/model_slice_repl_req_info.c.o
[3744/4661] Compiling C object lib/sbi/openapi/libogssbi-openapi-3.a.p/model_slice_replacement_mapping.c.o
[3745/4661] Compiling C object lib/sbi/openapi/libogssbi-openapi-3.a.p/model_slice_scope_per_plmn.c.o
[3746/4661] Compiling C object lib/sbi/openapi/libogssbi-openapi-3.a.p/model_slice_scope_per_plmn_1.c.o
[3747/4661] Compiling C object lib/sbi/openapi/libogssbi-openapi-3.a.p/model_slice_usage_control_info.c.o
[3748/4661] Compiling C object lib/sbi/openapi/libogssbi-openapi-3.a.p/model_slice_usg_ctrl_info.c.o
[3749/4661] Compiling C object lib/sbi/openapi/libogssbi-openapi-3.a.p/model_slice_usage_control_info_1.c.o
[3750/4661] Compiling C object lib/sbi/openapi/libogssbi-openapi-3.a.p/model_sm_comm_failure_filter.c.o
[3751/4661] Compiling C object lib/sbi/openapi/libogssbi-openapi-3.a.p/model_sm_context_create_error.c.o
[3752/4661] Compiling C object lib/sbi/openapi/libogssbi-openapi-3.a.p/model_sm_context_release_data.c.o
[3753/4661] Compiling C object lib/sbi/openapi/libogssbi-openapi-3.a.p/model_sm_context_released_data.c.o
[3754/4661] Compiling C object lib/sbi/openapi/libogssbi-openapi-3.a.p/model_sm_context_created_data.c.o
[3755/4661] Compiling C object lib/sbi/openapi/libogssbi-openapi-3.a.p/model_sm_context_retrieve_data.c.o
[3756/4661] Compiling C object lib/sbi/openapi/libogssbi-openapi-3.a.p/model_sm_context.c.o
[3757/4661] Compiling C object lib/sbi/openapi/libogssbi-openapi-3.a.p/model_sm_context_type.c.o
[3758/4661] Compiling C object lib/sbi/openapi/libogssbi-openapi-3.a.p/model_sm_context_retrieved_data.c.o
[3759/4661] Compiling C object lib/sbi/openapi/libogssbi-openapi-3.a.p/model_sm_context_status_notification.c.o
[3760/4661] Compiling C object lib/sbi/openapi/libogssbi-openapi-3.a.p/model_sm_policy_association_release_cause.c.o
[3761/4661] Compiling C object lib/sbi/openapi/libogssbi-openapi-3.a.p/model_sm_context_create_data.c.o
[3762/4661] Compiling C object lib/sbi/openapi/libogssbi-openapi-3.a.p/model_sm_context_update_error.c.o
[3763/4661] Compiling C object lib/sbi/openapi/libogssbi-openapi-3.a.p/model_sm_context_updated_data.c.o
[3764/4661] Compiling C object lib/sbi/openapi/libogssbi-openapi-3.a.p/model_sm_policy_data_patch.c.o
[3765/4661] Compiling C object lib/sbi/openapi/libogssbi-openapi-3.a.p/model_sm_policy_data.c.o
[3766/4661] Compiling C object lib/sbi/openapi/libogssbi-openapi-3.a.p/model_sm_policy_control.c.o
[3767/4661] Compiling C object lib/sbi/openapi/libogssbi-openapi-3.a.p/model_sm_context_update_data.c.o
[3768/4661] Compiling C object lib/sbi/openapi/libogssbi-openapi-3.a.p/model_sm_policy_context_data.c.o
[3769/4661] Compiling C object lib/sbi/openapi/libogssbi-openapi-3.a.p/model_sm_policy_dnn_data_patch.c.o
[3770/4661] Compiling C object lib/sbi/openapi/libogssbi-openapi-3.a.p/model_sm_policy_delete_data.c.o
[3771/4661] Compiling C object lib/sbi/openapi/libogssbi-openapi-3.a.p/model_sm_policy_notification.c.o
[3772/4661] Compiling C object lib/sbi/openapi/libogssbi-openapi-3.a.p/model_sm_policy_dnn_data.c.o
[3773/4661] Compiling C object lib/sbi/openapi/libogssbi-openapi-3.a.p/model_sm_policy_snssai_data.c.o
[3774/4661] Compiling C object lib/sbi/openapi/libogssbi-openapi-3.a.p/model_sm_policy_snssai_data_patch.c.o
[3775/4661] Compiling C object lib/sbi/openapi/libogssbi-openapi-3.a.p/model_sm_subs_data.c.o
[3776/4661] Compiling C object lib/sbi/openapi/libogssbi-openapi-3.a.p/model_sm_policy_decision.c.o
[3777/4661] Compiling C object lib/sbi/openapi/libogssbi-openapi-3.a.p/model_small_data_rate_status.c.o
[3778/4661] Compiling C object lib/sbi/openapi/libogssbi-openapi-3.a.p/model_sm_subs_data_1.c.o
[3779/4661] Compiling C object lib/sbi/openapi/libogssbi-openapi-3.a.p/model_small_data_rate_status_info.c.o
[3780/4661] Compiling C object lib/sbi/openapi/libogssbi-openapi-3.a.p/model_smcce_info.c.o
[3781/4661] Compiling C object lib/sbi/openapi/libogssbi-openapi-3.a.p/model_smcce_ue_list.c.o
[3782/4661] Compiling C object lib/sbi/openapi/libogssbi-openapi-3.a.p/model_smf_change_indication.c.o
[3783/4661] Compiling C object lib/sbi/openapi/libogssbi-openapi-3.a.p/model_smf_event.c.o
[3784/4661] Compiling C object lib/sbi/openapi/libogssbi-openapi-3.a.p/model_smf_change_info.c.o
[3785/4661] Compiling C object lib/sbi/openapi/libogssbi-openapi-3.a.p/model_smf_registration_info.c.o
[3786/4661] Compiling C object lib/sbi/openapi/libogssbi-openapi-3.a.p/model_smf_registration_modification.c.o
[3787/4661] Compiling C object lib/sbi/openapi/libogssbi-openapi-3.a.p/model_smf_info.c.o
[3788/4661] Compiling C object lib/sbi/openapi/libogssbi-openapi-3.a.p/model_sm_policy_update_context_data.c.o
[3789/4661] Compiling C object lib/sbi/openapi/libogssbi-openapi-3.a.p/model_smf_selection_data.c.o
[3790/4661] Compiling C object lib/sbi/openapi/libogssbi-openapi-3.a.p/model_smf_registration.c.o
[3791/4661] Compiling C object lib/sbi/openapi/libogssbi-openapi-3.a.p/model_smf_selection_type.c.o
[3792/4661] Compiling C object lib/sbi/openapi/libogssbi-openapi-3.a.p/model_smf_subscription_info.c.o
[3793/4661] Compiling C object lib/sbi/openapi/libogssbi-openapi-3.a.p/model_smf_selection_subscription_data_1.c.o
[3794/4661] Compiling C object lib/sbi/openapi/libogssbi-openapi-3.a.p/model_smf_selection_subscription_data.c.o
[3795/4661] Compiling C object lib/sbi/openapi/libogssbi-openapi-3.a.p/model_smf_subscription_item.c.o
[3796/4661] Compiling C object lib/sbi/openapi/libogssbi-openapi-3.a.p/model_sms_management_subscription_data.c.o
[3797/4661] Compiling C object lib/sbi/openapi/libogssbi-openapi-3.a.p/model_sms_support.c.o
[3798/4661] Compiling C object lib/sbi/openapi/libogssbi-openapi-3.a.p/model_sms_subscription_data.c.o
[3799/4661] Compiling C object lib/sbi/openapi/libogssbi-openapi-3.a.p/model_sms_router_info.c.o
[3800/4661] Compiling C object lib/sbi/openapi/libogssbi-openapi-3.a.p/model_sms_subscription_data_1.c.o
[3801/4661] Compiling C object lib/sbi/openapi/libogssbi-openapi-3.a.p/model_sms_management_subscription_data_1.c.o
[3802/4661] Compiling C object lib/sbi/openapi/libogssbi-openapi-3.a.p/model_smsc_data.c.o
[3803/4661] Compiling C object lib/sbi/openapi/libogssbi-openapi-3.a.p/model_smsf_info.c.o
[3804/4661] Compiling C object lib/sbi/openapi/libogssbi-openapi-3.a.p/model_smsf_info_1.c.o
[3805/4661] Compiling C object lib/sbi/openapi/libogssbi-openapi-3.a.p/model_smsf_registration_modification.c.o
[3806/4661] Compiling C object lib/sbi/openapi/libogssbi-openapi-3.a.p/model_snssai.c.o
[3807/4661] Compiling C object lib/sbi/openapi/libogssbi-openapi-3.a.p/model_smsf_registration.c.o
[3808/4661] Compiling C object lib/sbi/openapi/libogssbi-openapi-3.a.p/model_snssai_dnn_item.c.o
[3809/4661] Compiling C object lib/sbi/openapi/libogssbi-openapi-3.a.p/model_snssai_dnn_pair.c.o
[3810/4661] Compiling C object lib/sbi/openapi/libogssbi-openapi-3.a.p/model_snssai_easdf_info_item.c.o
[3811/4661] Compiling C object lib/sbi/openapi/libogssbi-openapi-3.a.p/model_snssai_extension.c.o
[3812/4661] Compiling C object lib/sbi/openapi/libogssbi-openapi-3.a.p/model_snssai_info.c.o
[3813/4661] Compiling C object lib/sbi/openapi/libogssbi-openapi-3.a.p/model_snssai_info_item.c.o
[3814/4661] Compiling C object lib/sbi/openapi/libogssbi-openapi-3.a.p/model_snssai_mb_smf_info_item.c.o
[3815/4661] Compiling C object lib/sbi/openapi/libogssbi-openapi-3.a.p/model_snssai_part_rejected.c.o
[3816/4661] Compiling C object lib/sbi/openapi/libogssbi-openapi-3.a.p/model_snssai_replace_info.c.o
[3817/4661] Compiling C object lib/sbi/openapi/libogssbi-openapi-3.a.p/model_snssai_route_selection_descriptor.c.o
[3818/4661] Compiling C object lib/sbi/openapi/libogssbi-openapi-3.a.p/model_snssai_status.c.o
[3819/4661] Compiling C object lib/sbi/openapi/libogssbi-openapi-3.a.p/model_snssai_smf_info_item.c.o
[3820/4661] Compiling C object lib/sbi/openapi/libogssbi-openapi-3.a.p/model_sor_update_indicator.c.o
[3821/4661] Compiling C object lib/sbi/openapi/libogssbi-openapi-3.a.p/model_snssai_tsctsf_info_item.c.o
[3822/4661] Compiling C object lib/sbi/openapi/libogssbi-openapi-3.a.p/model_snssai_upf_info_item.c.o
[3823/4661] Compiling C object lib/sbi/openapi/libogssbi-openapi-3.a.p/model_sor_data.c.o
[3824/4661] Compiling C object lib/sbi/openapi/libogssbi-openapi-3.a.p/model_sor_info.c.o
[3825/4661] Compiling C object lib/sbi/openapi/libogssbi-openapi-3.a.p/model_sor_info_1.c.o
[3826/4661] Compiling C object lib/sbi/openapi/libogssbi-openapi-3.a.p/model_sor_update_info.c.o
[3827/4661] Compiling C object lib/sbi/openapi/libogssbi-openapi-3.a.p/model_spatial_validity.c.o
[3828/4661] Compiling C object lib/sbi/openapi/libogssbi-openapi-3.a.p/model_spatial_validity_cond.c.o
[3829/4661] Compiling C object lib/sbi/openapi/libogssbi-openapi-3.a.p/model_spatial_validity_cond_1.c.o
[3830/4661] Compiling C object lib/sbi/openapi/libogssbi-openapi-3.a.p/model_spatial_validity_rm.c.o
[3831/4661] Compiling C object lib/sbi/openapi/libogssbi-openapi-3.a.p/model_spatial_validity_rm_1.c.o
[3832/4661] Compiling C object lib/sbi/openapi/libogssbi-openapi-3.a.p/model_sponsoring_status.c.o
[3833/4661] Compiling C object lib/sbi/openapi/libogssbi-openapi-3.a.p/model_sqn_scheme.c.o
[3834/4661] Compiling C object lib/sbi/openapi/libogssbi-openapi-3.a.p/model_speed_threshold_info.c.o
[3835/4661] Compiling C object lib/sbi/openapi/libogssbi-openapi-3.a.p/model_sponsor_connectivity_data.c.o
[3836/4661] Compiling C object lib/sbi/openapi/libogssbi-openapi-3.a.p/model_ssc_mode.c.o
[3837/4661] Compiling C object lib/sbi/openapi/libogssbi-openapi-3.a.p/model_ssc_modes.c.o
[3838/4661] Compiling C object lib/sbi/openapi/libogssbi-openapi-3.a.p/model_stationary_indication.c.o
[3839/4661] Compiling C object lib/sbi/openapi/libogssbi-openapi-3.a.p/model_ssm.c.o
[3840/4661] Compiling C object lib/sbi/openapi/libogssbi-openapi-3.a.p/model_ssm_1.c.o
[3841/4661] Compiling C object lib/sbi/openapi/libogssbi-openapi-3.a.p/model_ssc_modes_1.c.o
[3842/4661] Compiling C object lib/sbi/openapi/libogssbi-openapi-3.a.p/model_static_ue_ip_address_params.c.o
[3843/4661] Compiling C object lib/sbi/openapi/libogssbi-openapi-3.a.p/model_status_change.c.o
[3844/4661] Compiling C object lib/sbi/openapi/libogssbi-openapi-3.a.p/model_steer_mode_indicator.c.o
[3845/4661] Compiling C object lib/sbi/openapi/libogssbi-openapi-3.a.p/model_steer_mode_value.c.o
[3846/4661] Compiling C object lib/sbi/openapi/libogssbi-openapi-3.a.p/model_status_info.c.o
[3847/4661] Compiling C object lib/sbi/openapi/libogssbi-openapi-3.a.p/model_status_notification.c.o
[3848/4661] Compiling C object lib/sbi/openapi/libogssbi-openapi-3.a.p/model_steering_container.c.o
[3849/4661] Compiling C object lib/sbi/openapi/libogssbi-openapi-3.a.p/model_steering_container_1.c.o
[3850/4661] Compiling C object lib/sbi/openapi/libogssbi-openapi-3.a.p/model_steering_functionality.c.o
[3851/4661] Compiling C object lib/sbi/openapi/libogssbi-openapi-3.a.p/model_steering_info.c.o
[3852/4661] Compiling C object lib/sbi/openapi/libogssbi-openapi-3.a.p/model_steering_info_1.c.o
[3853/4661] Compiling C object lib/sbi/openapi/libogssbi-openapi-3.a.p/model_storage_handling_information.c.o
[3854/4661] Compiling C object lib/sbi/openapi/libogssbi-openapi-3.a.p/model_steering_mode.c.o
[3855/4661] Compiling C object lib/sbi/openapi/libogssbi-openapi-3.a.p/model_string_matching_condition.c.o
[3856/4661] Compiling C object lib/sbi/openapi/libogssbi-openapi-3.a.p/model_stored_search_result.c.o
[3857/4661] Compiling C object lib/sbi/openapi/libogssbi-openapi-3.a.p/model_string_matching_rule.c.o
[3858/4661] Compiling C object lib/sbi/openapi/libogssbi-openapi-3.a.p/model_subscribed_default_qos.c.o
[3859/4661] Compiling C object lib/sbi/openapi/libogssbi-openapi-3.a.p/model_subscribed_default_qos_1.c.o
[3860/4661] Compiling C object lib/sbi/openapi/libogssbi-openapi-3.a.p/model_subscribed_event.c.o
[3861/4661] Compiling C object lib/sbi/openapi/libogssbi-openapi-3.a.p/model_subscription_action.c.o
[3862/4661] Compiling C object lib/sbi/openapi/libogssbi-openapi-3.a.p/model_subscribed_snssai.c.o
[3863/4661] Compiling C object lib/sbi/openapi/libogssbi-openapi-3.a.p/model_subscription_context.c.o
[3864/4661] Compiling C object lib/sbi/openapi/libogssbi-openapi-3.a.p/model_subscr_cond.c.o
[3865/4661] Compiling C object lib/sbi/openapi/libogssbi-openapi-3.a.p/model_subscription_data.c.o
[3866/4661] Compiling C object lib/sbi/openapi/libogssbi-openapi-3.a.p/model_suci_info.c.o
[3867/4661] Compiling C object lib/sbi/openapi/libogssbi-openapi-3.a.p/model_suggested_packet_num_dl.c.o
[3868/4661] Compiling C object lib/sbi/openapi/libogssbi-openapi-3.a.p/model_subscription_data_sets_1.c.o
[3869/4661] Compiling C object lib/sbi/openapi/libogssbi-openapi-3.a.p/model_subscription_data_sets.c.o
[3870/4661] Compiling C object lib/sbi/openapi/libogssbi-openapi-3.a.p/model_subscription_data_subscriptions.c.o
[3871/4661] Compiling C object lib/sbi/openapi/libogssbi-openapi-3.a.p/model_suggested_packet_num_dl_1.c.o
[3872/4661] Compiling C object lib/sbi/openapi/libogssbi-openapi-3.a.p/model_summarization_attribute.c.o
[3873/4661] Compiling C object lib/sbi/openapi/libogssbi-openapi-3.a.p/model_supi_info.c.o
[3874/4661] Compiling C object lib/sbi/openapi/libogssbi-openapi-3.a.p/model_suggested_pfd_info.c.o
[3875/4661] Compiling C object lib/sbi/openapi/libogssbi-openapi-3.a.p/model_supi_range.c.o
[3876/4661] Compiling C object lib/sbi/openapi/libogssbi-openapi-3.a.p/model_supported_gad_shapes.c.o
[3877/4661] Compiling C object lib/sbi/openapi/libogssbi-openapi-3.a.p/model_supported_plmn.c.o
[3878/4661] Compiling C object lib/sbi/openapi/libogssbi-openapi-3.a.p/model_synchronization_state.c.o
[3879/4661] Compiling C object lib/sbi/openapi/libogssbi-openapi-3.a.p/model_supported_plmn_1.c.o
[3880/4661] Compiling C object lib/sbi/openapi/libogssbi-openapi-3.a.p/model_svc_experience.c.o
[3881/4661] Compiling C object lib/sbi/openapi/libogssbi-openapi-3.a.p/model_tac_info.c.o
[3882/4661] Compiling C object lib/sbi/openapi/libogssbi-openapi-3.a.p/model_tac_nid.c.o
[3883/4661] Compiling C object lib/sbi/openapi/libogssbi-openapi-3.a.p/model_tac_range.c.o
[3884/4661] Compiling C object lib/sbi/openapi/libogssbi-openapi-3.a.p/model_tac_nid_info.c.o
[3885/4661] Compiling C object lib/sbi/openapi/libogssbi-openapi-3.a.p/model_tai.c.o
[3886/4661] Compiling C object lib/sbi/openapi/libogssbi-openapi-3.a.p/model_tai_1.c.o
[3887/4661] Compiling C object lib/sbi/openapi/libogssbi-openapi-3.a.p/model_tai_range.c.o
[3888/4661] Compiling C object lib/sbi/openapi/libogssbi-openapi-3.a.p/model_tai_weight_info.c.o
[3889/4661] Compiling C object lib/sbi/openapi/libogssbi-openapi-3.a.p/model_target_cause_id.c.o
[3890/4661] Compiling C object lib/sbi/openapi/libogssbi-openapi-3.a.p/model_target_dnai_info.c.o
[3891/4661] Compiling C object lib/sbi/openapi/libogssbi-openapi-3.a.p/model_target_area.c.o
[3892/4661] Compiling C object lib/sbi/openapi/libogssbi-openapi-3.a.p/model_target_ue_information.c.o
[3893/4661] Compiling C object lib/sbi/openapi/libogssbi-openapi-3.a.p/model_td_traffic.c.o
[3894/4661] Compiling C object lib/sbi/openapi/libogssbi-openapi-3.a.p/model_temporal_in_validity.c.o
[3895/4661] Compiling C object lib/sbi/openapi/libogssbi-openapi-3.a.p/model_temporal_validity_1.c.o
[3896/4661] Compiling C object lib/sbi/openapi/libogssbi-openapi-3.a.p/model_termination_cause.c.o
[3897/4661] Compiling C object lib/sbi/openapi/libogssbi-openapi-3.a.p/model_temporal_validity.c.o
[3898/4661] Compiling C object lib/sbi/openapi/libogssbi-openapi-3.a.p/model_termination_indication.c.o
[3899/4661] Compiling C object lib/sbi/openapi/libogssbi-openapi-3.a.p/model_termination_info.c.o
[3900/4661] Compiling C object lib/sbi/openapi/libogssbi-openapi-3.a.p/model_termination_notification.c.o
[3901/4661] Compiling C object lib/sbi/openapi/libogssbi-openapi-3.a.p/model_tid_handling_information.c.o
[3902/4661] Compiling C object lib/sbi/openapi/libogssbi-openapi-3.a.p/model_threshold_value.c.o
[3903/4661] Compiling C object lib/sbi/openapi/libogssbi-openapi-3.a.p/model_tid_type.c.o
[3904/4661] Compiling C object lib/sbi/openapi/libogssbi-openapi-3.a.p/model_threshold_level.c.o
[3905/4661] Compiling C object lib/sbi/openapi/libogssbi-openapi-3.a.p/model_time_period.c.o
[3906/4661] Compiling C object lib/sbi/openapi/libogssbi-openapi-3.a.p/model_time_source.c.o
[3907/4661] Compiling C object lib/sbi/openapi/libogssbi-openapi-3.a.p/model_time_sync_data.c.o
[3908/4661] Compiling C object lib/sbi/openapi/libogssbi-openapi-3.a.p/model_time_sync_data_1.c.o
[3909/4661] Compiling C object lib/sbi/openapi/libogssbi-openapi-3.a.p/model_time_sync_service_id.c.o
[3910/4661] Compiling C object lib/sbi/openapi/libogssbi-openapi-3.a.p/model_time_sync_subscription_data.c.o
[3911/4661] Compiling C object lib/sbi/openapi/libogssbi-openapi-3.a.p/model_time_unit.c.o
[3912/4661] Compiling C object lib/sbi/openapi/libogssbi-openapi-3.a.p/model_time_to_collision_info.c.o
[3913/4661] Compiling C object lib/sbi/openapi/libogssbi-openapi-3.a.p/model_time_window.c.o
[3914/4661] Compiling C object lib/sbi/openapi/libogssbi-openapi-3.a.p/model_timer_info.c.o
[3915/4661] Compiling C object lib/sbi/openapi/libogssbi-openapi-3.a.p/model_tmgi.c.o
[3916/4661] Compiling C object lib/sbi/openapi/libogssbi-openapi-3.a.p/model_timestamped_location.c.o
[3917/4661] Compiling C object lib/sbi/openapi/libogssbi-openapi-3.a.p/model_tmgi_1.c.o
[3918/4661] Compiling C object lib/sbi/openapi/libogssbi-openapi-3.a.p/model_tmgi_range.c.o
[3919/4661] Compiling C object lib/sbi/openapi/libogssbi-openapi-3.a.p/model_tnap_id.c.o
[3920/4661] Compiling C object lib/sbi/openapi/libogssbi-openapi-3.a.p/model_tngf_info.c.o
[3921/4661] Compiling C object lib/sbi/openapi/libogssbi-openapi-3.a.p/model_top_application.c.o
[3922/4661] Compiling C object lib/sbi/openapi/libogssbi-openapi-3.a.p/model_trace_data.c.o
[3923/4661] Compiling C object lib/sbi/openapi/libogssbi-openapi-3.a.p/model_trace_data_1.c.o
[3924/4661] Compiling C object lib/sbi/openapi/libogssbi-openapi-3.a.p/model_trace_data_or_shared_trace_data_id.c.o
[3925/4661] Compiling C object lib/sbi/openapi/libogssbi-openapi-3.a.p/model_trace_depth.c.o
[3926/4661] Compiling C object lib/sbi/openapi/libogssbi-openapi-3.a.p/model_traff_route_req_outcome_event.c.o
[3927/4661] Compiling C object lib/sbi/openapi/libogssbi-openapi-3.a.p/model_trace_data_response.c.o
[3928/4661] Compiling C object lib/sbi/openapi/libogssbi-openapi-3.a.p/model_traffic_characterization.c.o
[3929/4661] Compiling C object lib/sbi/openapi/libogssbi-openapi-3.a.p/model_traffic_correlation_info.c.o
[3930/4661] Compiling C object lib/sbi/openapi/libogssbi-openapi-3.a.p/model_traffic_data_set_rm.c.o
[3931/4661] Compiling C object lib/sbi/openapi/libogssbi-openapi-3.a.p/model_traffic_data_set.c.o
[3932/4661] Compiling C object lib/sbi/openapi/libogssbi-openapi-3.a.p/model_traffic_data_set_1.c.o
[3933/4661] Compiling C object lib/sbi/openapi/libogssbi-openapi-3.a.p/model_traffic_control_data.c.o
[3934/4661] Compiling C object lib/sbi/openapi/libogssbi-openapi-3.a.p/model_traffic_descriptor.c.o
[3935/4661] Compiling C object lib/sbi/openapi/libogssbi-openapi-3.a.p/model_traffic_descriptor_components.c.o
[3936/4661] Compiling C object lib/sbi/openapi/libogssbi-openapi-3.a.p/model_traffic_direction.c.o
[3937/4661] Compiling C object lib/sbi/openapi/libogssbi-openapi-3.a.p/model_traffic_influ_data_notif.c.o
[3938/4661] Compiling C object lib/sbi/openapi/libogssbi-openapi-3.a.p/model_traffic_influence_data.c.o
[3939/4661] Compiling C object lib/sbi/openapi/libogssbi-openapi-3.a.p/model_traffic_influence_info.c.o
[3940/4661] Compiling C object lib/sbi/openapi/libogssbi-openapi-3.a.p/model_traffic_influ_data_patch.c.o
[3941/4661] Compiling C object lib/sbi/openapi/libogssbi-openapi-3.a.p/model_traffic_influ_sub.c.o
[3942/4661] Compiling C object lib/sbi/openapi/libogssbi-openapi-3.a.p/model_traffic_information.c.o
[3943/4661] Compiling C object lib/sbi/openapi/libogssbi-openapi-3.a.p/model_traffic_influ_data.c.o
[3944/4661] Compiling C object lib/sbi/openapi/libogssbi-openapi-3.a.p/model_traffic_para_data.c.o
[3945/4661] Compiling C object lib/sbi/openapi/libogssbi-openapi-3.a.p/model_traffic_parameter_meas.c.o
[3946/4661] Compiling C object lib/sbi/openapi/libogssbi-openapi-3.a.p/model_traffic_profile.c.o
[3947/4661] Compiling C object lib/sbi/openapi/libogssbi-openapi-3.a.p/model_trajectory.c.o
[3948/4661] Compiling C object lib/sbi/openapi/libogssbi-openapi-3.a.p/model_trajectory_segment_1.c.o
[3949/4661] Compiling C object lib/sbi/openapi/libogssbi-openapi-3.a.p/model_trajectory_segment.c.o
[3950/4661] Compiling C object lib/sbi/openapi/libogssbi-openapi-3.a.p/model_transfer_mt_data_add_info.c.o
[3951/4661] Compiling C object lib/sbi/openapi/libogssbi-openapi-3.a.p/model_transfer_mo_data_req_data.c.o
[3952/4661] Compiling C object lib/sbi/openapi/libogssbi-openapi-3.a.p/model_transfer_mo_data_request.c.o
[3953/4661] Compiling C object lib/sbi/openapi/libogssbi-openapi-3.a.p/model_transfer_mt_data_req_data.c.o
[3954/4661] Compiling C object lib/sbi/openapi/libogssbi-openapi-3.a.p/model_transfer_mt_data_request.c.o
[3955/4661] Compiling C object lib/sbi/openapi/libogssbi-openapi-3.a.p/model_transfer_mt_data_error.c.o
[3956/4661] Compiling C object lib/sbi/openapi/libogssbi-openapi-3.a.p/model_transfer_reason.c.o
[3957/4661] Compiling C object lib/sbi/openapi/libogssbi-openapi-3.a.p/model_transport_mode.c.o
[3958/4661] Compiling C object lib/sbi/openapi/libogssbi-openapi-3.a.p/model_transfer_policy.c.o
[3959/4661] Compiling C object lib/sbi/openapi/libogssbi-openapi-3.a.p/model_transport_protocol.c.o
[3960/4661] Compiling C object lib/sbi/openapi/libogssbi-openapi-3.a.p/model_transport_protocol_1.c.o
[3961/4661] Compiling C object lib/sbi/openapi/libogssbi-openapi-3.a.p/model_trigger_category.c.o
[3962/4661] Compiling C object lib/sbi/openapi/libogssbi-openapi-3.a.p/model_trigger_type.c.o
[3963/4661] Compiling C object lib/sbi/openapi/libogssbi-openapi-3.a.p/model_tsc_assistance_information.c.o
[3964/4661] Compiling C object lib/sbi/openapi/libogssbi-openapi-3.a.p/model_trigger.c.o
[3965/4661] Compiling C object lib/sbi/openapi/libogssbi-openapi-3.a.p/model_trigger_request.c.o
[3966/4661] Compiling C object lib/sbi/openapi/libogssbi-openapi-3.a.p/model_trust_af_info.c.o
[3967/4661] Compiling C object lib/sbi/openapi/libogssbi-openapi-3.a.p/model_tscai_input_container.c.o
[3968/4661] Compiling C object lib/sbi/openapi/libogssbi-openapi-3.a.p/model_tsn_bridge_info.c.o
[3969/4661] Compiling C object lib/sbi/openapi/libogssbi-openapi-4.a.p/model_tsn_qos_container.c.o
[3970/4661] Compiling C object lib/sbi/openapi/libogssbi-openapi-3.a.p/model_tsctsf_info.c.o
[3971/4661] Compiling C object lib/sbi/openapi/libogssbi-openapi-4.a.p/model_tsn_qos_container_rm.c.o
[3972/4661] Compiling C object lib/sbi/openapi/libogssbi-openapi-4.a.p/model_tss_information.c.o
[3973/4661] Compiling C object lib/sbi/openapi/libogssbi-openapi-4.a.p/model_tss_rsp_per_ngran.c.o
[3974/4661] Compiling C object lib/sbi/openapi/libogssbi-openapi-4.a.p/model_twap_id.c.o
[3975/4661] Compiling C object lib/sbi/openapi/libogssbi-openapi-4.a.p/model_tunnel_info.c.o
[3976/4661] Compiling C object lib/sbi/openapi/libogssbi-openapi-4.a.p/model_twif_info.c.o
[3977/4661] Compiling C object lib/sbi/openapi/libogssbi-openapi-4.a.p/model_uav_altitude_reporting_config.c.o
[3978/4661] Compiling C object lib/sbi/openapi/libogssbi-openapi-4.a.p/model_uc_purpose.c.o
[3979/4661] Linking static target lib/sbi/openapi/libogssbi-openapi-3.a
[3980/4661] Compiling C object lib/sbi/openapi/libogssbi-openapi-4.a.p/model_udm_data_to_resynchronize.c.o
[3981/4661] Compiling C object lib/sbi/openapi/libogssbi-openapi-4.a.p/model_uc_subscription_data.c.o
[3982/4661] Compiling C object lib/sbi/openapi/libogssbi-openapi-4.a.p/model_ue_auth.c.o
[3983/4661] Compiling C object lib/sbi/openapi/libogssbi-openapi-4.a.p/model_udm_info.c.o
[3984/4661] Compiling C object lib/sbi/openapi/libogssbi-openapi-4.a.p/model_ue_access_behavior_report_item.c.o
[3985/4661] Compiling C object lib/sbi/openapi/libogssbi-openapi-4.a.p/model_udsf_info.c.o
[3986/4661] Compiling C object lib/sbi/openapi/libogssbi-openapi-4.a.p/model_ue_analytics_context_descriptor.c.o
[3987/4661] Compiling C object lib/sbi/openapi/libogssbi-openapi-4.a.p/model_udr_info.c.o
[3988/4661] Compiling C object lib/sbi/openapi/libogssbi-openapi-4.a.p/model_ue_authentication_ctx_5g_auth_data.c.o
[3989/4661] Compiling C object lib/sbi/openapi/libogssbi-openapi-4.a.p/model_ue_comm_order_criterion.c.o
[3990/4661] Compiling C object lib/sbi/openapi/libogssbi-openapi-4.a.p/model_ue_comm_req.c.o
[3991/4661] Compiling C object lib/sbi/openapi/libogssbi-openapi-4.a.p/model_ue_authentication_ctx.c.o
[3992/4661] Compiling C object lib/sbi/openapi/libogssbi-openapi-4.a.p/model_ue_camping_rep.c.o
[3993/4661] Compiling C object lib/sbi/openapi/libogssbi-openapi-4.a.p/model_ue_communication.c.o
[3994/4661] Compiling C object lib/sbi/openapi/libogssbi-openapi-4.a.p/model_ue_context_cancel_relocate_data.c.o
[3995/4661] Compiling C object lib/sbi/openapi/libogssbi-openapi-4.a.p/model_ue_context_create_error.c.o
[3996/4661] Compiling C object lib/sbi/openapi/libogssbi-openapi-4.a.p/model_ue_context_in_amf_data.c.o
[3997/4661] Compiling C object lib/sbi/openapi/libogssbi-openapi-4.a.p/model_ue_context_create_data.c.o
[3998/4661] Compiling C object lib/sbi/openapi/libogssbi-openapi-4.a.p/model_ue_context_in_amf_data_1.c.o
[3999/4661] Compiling C object lib/sbi/openapi/libogssbi-openapi-4.a.p/model_ue_context_created_data.c.o
[4000/4661] Compiling C object lib/sbi/openapi/libogssbi-openapi-4.a.p/model_ue_context_in_smf_data.c.o
[4001/4661] Compiling C object lib/sbi/openapi/libogssbi-openapi-4.a.p/model_ue_context_in_smf_data_1.c.o
[4002/4661] Compiling C object lib/sbi/openapi/libogssbi-openapi-4.a.p/model_ue_context_in_smf_data_sub_filter.c.o
[4003/4661] Compiling C object lib/sbi/openapi/libogssbi-openapi-4.a.p/model_ue_context_in_smsf_data.c.o
[4004/4661] Compiling C object lib/sbi/openapi/libogssbi-openapi-4.a.p/model_ue_context_in_smsf_data_1.c.o
[4005/4661] Compiling C object lib/sbi/openapi/libogssbi-openapi-4.a.p/model_ue_context_in_smf_data_sub_filter_1.c.o
[4006/4661] Compiling C object lib/sbi/openapi/libogssbi-openapi-4.a.p/model_ue_context_release.c.o
[4007/4661] Compiling C object lib/sbi/openapi/libogssbi-openapi-4.a.p/model_ue_context_transfer_req_data.c.o
[4008/4661] Compiling C object lib/sbi/openapi/libogssbi-openapi-4.a.p/model_ue_context_relocated_data.c.o
[4009/4661] Compiling C object lib/sbi/openapi/libogssbi-openapi-4.a.p/model_ue_context.c.o
[4010/4661] Compiling C object lib/sbi/openapi/libogssbi-openapi-4.a.p/model_ue_context_relocate_data.c.o
[4011/4661] Compiling C object lib/sbi/openapi/libogssbi-openapi-4.a.p/model_ue_context_transfer_request.c.o
[4012/4661] Compiling C object lib/sbi/openapi/libogssbi-openapi-4.a.p/model_ue_context_transfer_200_response.c.o
[4013/4661] Compiling C object lib/sbi/openapi/libogssbi-openapi-4.a.p/model_ue_context_transfer_status.c.o
[4014/4661] Compiling C object lib/sbi/openapi/libogssbi-openapi-4.a.p/model_ue_id.c.o
[4015/4661] Compiling C object lib/sbi/openapi/libogssbi-openapi-4.a.p/model_ue_differentiation_info.c.o
[4016/4661] Compiling C object lib/sbi/openapi/libogssbi-openapi-4.a.p/model_ue_context_transfer_rsp_data.c.o
[4017/4661] Compiling C object lib/sbi/openapi/libogssbi-openapi-4.a.p/model_ue_identifiers.c.o
[4018/4661] Compiling C object lib/sbi/openapi/libogssbi-openapi-4.a.p/model_ue_identity_info.c.o
[4019/4661] Compiling C object lib/sbi/openapi/libogssbi-openapi-4.a.p/model_ue_in_area_filter.c.o
[4020/4661] Compiling C object lib/sbi/openapi/libogssbi-openapi-4.a.p/model_ue_level_measurements_configuration.c.o
[4021/4661] Compiling C object lib/sbi/openapi/libogssbi-openapi-4.a.p/model_ue_initiated_resource_request.c.o
[4022/4661] Compiling C object lib/sbi/openapi/libogssbi-openapi-4.a.p/model_ue_level_measurements_configuration_1.c.o
[4023/4661] Compiling C object lib/sbi/openapi/libogssbi-openapi-4.a.p/model_ue_location_trends_report_item.c.o
[4024/4661] Compiling C object lib/sbi/openapi/libogssbi-openapi-4.a.p/model_ue_mobility.c.o
[4025/4661] Compiling C object lib/sbi/openapi/libogssbi-openapi-4.a.p/model_ue_mobility_order_criterion.c.o
[4026/4661] Compiling C object lib/sbi/openapi/libogssbi-openapi-4.a.p/model_ue_mobility_req.c.o
[4027/4661] Compiling C object lib/sbi/openapi/libogssbi-openapi-4.a.p/model_ue_n1_n2_info_subscription_created_data.c.o
[4028/4661] Compiling C object lib/sbi/openapi/libogssbi-openapi-4.a.p/model_ue_n1_n2_info_subscription_create_data.c.o
[4029/4661] Compiling C object lib/sbi/openapi/libogssbi-openapi-4.a.p/model_ue_policy_section.c.o
[4030/4661] Compiling C object lib/sbi/openapi/libogssbi-openapi-4.a.p/model_ue_policy_set_patch.c.o
[4031/4661] Compiling C object lib/sbi/openapi/libogssbi-openapi-4.a.p/model_ue_reachability_status.c.o
[4032/4661] Compiling C object lib/sbi/openapi/libogssbi-openapi-4.a.p/model_ue_reachability.c.o
[4033/4661] Compiling C object lib/sbi/openapi/libogssbi-openapi-4.a.p/model_ue_proximity.c.o
[4034/4661] Compiling C object lib/sbi/openapi/libogssbi-openapi-4.a.p/model_ue_policy_set.c.o
[4035/4661] Compiling C object lib/sbi/openapi/libogssbi-openapi-4.a.p/model_ue_reachable_ind.c.o
[4036/4661] Compiling C object lib/sbi/openapi/libogssbi-openapi-4.a.p/model_ue_reg_status_update_rsp_data.c.o
[4037/4661] Compiling C object lib/sbi/openapi/libogssbi-openapi-4.a.p/model_ue_slice_mbr.c.o
[4038/4661] Compiling C object lib/sbi/openapi/libogssbi-openapi-4.a.p/model_ue_reg_status_update_req_data.c.o
[4039/4661] Compiling C object lib/sbi/openapi/libogssbi-openapi-4.a.p/model_ue_type.c.o
[4040/4661] Compiling C object lib/sbi/openapi/libogssbi-openapi-4.a.p/model_ue_update_status.c.o
[4041/4661] Compiling C object lib/sbi/openapi/libogssbi-openapi-4.a.p/model_ue_trajectory.c.o
[4042/4661] Compiling C object lib/sbi/openapi/libogssbi-openapi-4.a.p/model_uli_change_granularity.c.o
[4043/4661] Compiling C object lib/sbi/openapi/libogssbi-openapi-4.a.p/model_umt_time_1.c.o
[4044/4661] Compiling C object lib/sbi/openapi/libogssbi-openapi-4.a.p/model_umt_time.c.o
[4045/4661] Compiling C object lib/sbi/openapi/libogssbi-openapi-4.a.p/model_ulcl_bp_information.c.o
[4046/4661] Compiling C object lib/sbi/openapi/libogssbi-openapi-4.a.p/model_unavailable_access_indication.c.o
[4047/4661] Compiling C object lib/sbi/openapi/libogssbi-openapi-4.a.p/model_un_trust_af_info.c.o
[4048/4661] Compiling C object lib/sbi/openapi/libogssbi-openapi-4.a.p/model_units_angular_velocity.c.o
[4049/4661] Compiling C object lib/sbi/openapi/libogssbi-openapi-4.a.p/model_units_linear_velocity.c.o
[4050/4661] Compiling C object lib/sbi/openapi/libogssbi-openapi-4.a.p/model_uncertainty_ellipse.c.o
[4051/4661] Compiling C object lib/sbi/openapi/libogssbi-openapi-4.a.p/model_uncertainty_ellipsoid.c.o
[4052/4661] Compiling C object lib/sbi/openapi/libogssbi-openapi-4.a.p/model_unrelated_class.c.o
[4053/4661] Compiling C object lib/sbi/openapi/libogssbi-openapi-4.a.p/model_unrelated_class_1.c.o
[4054/4661] Compiling C object lib/sbi/openapi/libogssbi-openapi-4.a.p/model_up_connection_status.c.o
[4055/4661] Compiling C object lib/sbi/openapi/libogssbi-openapi-4.a.p/model_up_cnx_state.c.o
[4056/4661] Compiling C object lib/sbi/openapi/libogssbi-openapi-4.a.p/model_up_confidentiality.c.o
[4057/4661] Compiling C object lib/sbi/openapi/libogssbi-openapi-4.a.p/model_up_integrity.c.o
[4058/4661] Compiling C object lib/sbi/openapi/libogssbi-openapi-4.a.p/model_up_interface_type.c.o
[4059/4661] Compiling C object lib/sbi/openapi/libogssbi-openapi-4.a.p/model_up_loc_rep_ind_af.c.o
[4060/4661] Compiling C object lib/sbi/openapi/libogssbi-openapi-4.a.p/model_up_security.c.o
[4061/4661] Compiling C object lib/sbi/openapi/libogssbi-openapi-4.a.p/model_up_path_chg_event.c.o
[4062/4661] Compiling C object lib/sbi/openapi/libogssbi-openapi-4.a.p/model_up_security_1.c.o
[4063/4661] Compiling C object lib/sbi/openapi/libogssbi-openapi-4.a.p/model_up_security_info.c.o
[4064/4661] Compiling C object lib/sbi/openapi/libogssbi-openapi-4.a.p/model_update_nwdaf_registration_200_response.c.o
[4065/4661] Compiling C object lib/sbi/openapi/libogssbi-openapi-4.a.p/model_update_pdu_session_400_response.c.o
[4066/4661] Compiling C object lib/sbi/openapi/libogssbi-openapi-4.a.p/model_update_pdu_session_200_response.c.o
[4067/4661] Compiling C object lib/sbi/openapi/libogssbi-openapi-4.a.p/model_update_pdu_session_request.c.o
[4068/4661] Compiling C object lib/sbi/openapi/libogssbi-openapi-4.a.p/model_update_sm_context_400_response.c.o
[4069/4661] Compiling C object lib/sbi/openapi/libogssbi-openapi-4.a.p/model_update_sm_context_200_response.c.o
[4070/4661] Compiling C object lib/sbi/openapi/libogssbi-openapi-4.a.p/model_update_sm_context_request.c.o
[4071/4661] Compiling C object lib/sbi/openapi/libogssbi-openapi-4.a.p/model_updated_item.c.o
[4072/4661] Compiling C object lib/sbi/openapi/libogssbi-openapi-4.a.p/model_updp_subscription_data.c.o
[4073/4661] Compiling C object lib/sbi/openapi/libogssbi-openapi-4.a.p/model_upf_functionality_data.c.o
[4074/4661] Compiling C object lib/sbi/openapi/libogssbi-openapi-4.a.p/model_upf_functionality_data_1.c.o
[4075/4661] Compiling C object lib/sbi/openapi/libogssbi-openapi-4.a.p/model_upf_cond.c.o
[4076/4661] Compiling C object lib/sbi/openapi/libogssbi-openapi-4.a.p/model_upf_functionality_data_with_priority.c.o
[4077/4661] Compiling C object lib/sbi/openapi/libogssbi-openapi-4.a.p/model_upf_functionality_data_with_priority_1.c.o
[4078/4661] Compiling C object lib/sbi/openapi/libogssbi-openapi-4.a.p/model_upf_packet_inspection_functionality.c.o
[4079/4661] Compiling C object lib/sbi/openapi/libogssbi-openapi-4.a.p/model_uplink_downlink_support.c.o
[4080/4661] Compiling C object lib/sbi/openapi/libogssbi-openapi-4.a.p/model_upf_information.c.o
[4081/4661] Compiling C object lib/sbi/openapi/libogssbi-openapi-4.a.p/model_upu_data.c.o
[4082/4661] Compiling C object lib/sbi/openapi/libogssbi-openapi-4.a.p/model_upu_data_1.c.o
[4083/4661] Compiling C object lib/sbi/openapi/libogssbi-openapi-4.a.p/model_upf_info.c.o
[4084/4661] Compiling C object lib/sbi/openapi/libogssbi-openapi-4.a.p/model_upu_data_2.c.o
[4085/4661] Compiling C object lib/sbi/openapi/libogssbi-openapi-4.a.p/model_upu_info.c.o
[4086/4661] Compiling C object lib/sbi/openapi/libogssbi-openapi-4.a.p/model_upu_info_1.c.o
[4087/4661] Compiling C object lib/sbi/openapi/libogssbi-openapi-4.a.p/model_uri_scheme.c.o
[4088/4661] Compiling C object lib/sbi/openapi/libogssbi-openapi-4.a.p/model_uri_list.c.o
[4089/4661] Compiling C object lib/sbi/openapi/libogssbi-openapi-4.a.p/model_usage_mon_data_scope.c.o
[4090/4661] Compiling C object lib/sbi/openapi/libogssbi-openapi-4.a.p/model_usage_mon_data_limit.c.o
[4091/4661] Compiling C object lib/sbi/openapi/libogssbi-openapi-4.a.p/model_ursp_rule_request.c.o
[4092/4661] Compiling C object lib/sbi/openapi/libogssbi-openapi-4.a.p/model_usage_mon_data.c.o
[4093/4661] Compiling C object lib/sbi/openapi/libogssbi-openapi-4.a.p/model_usage_mon_level.c.o
[4094/4661] Compiling C object lib/sbi/openapi/libogssbi-openapi-4.a.p/model_user_consent.c.o
[4095/4661] Compiling C object lib/sbi/openapi/libogssbi-openapi-4.a.p/model_usage_threshold_rm.c.o
[4096/4661] Compiling C object lib/sbi/openapi/libogssbi-openapi-4.a.p/model_usage_monitoring_data.c.o
[4097/4661] Compiling C object lib/sbi/openapi/libogssbi-openapi-4.a.p/model_usage_threshold.c.o
[4098/4661] Compiling C object lib/sbi/openapi/libogssbi-openapi-4.a.p/model_user_data_con_order_crit.c.o
[4099/4661] Compiling C object lib/sbi/openapi/libogssbi-openapi-4.a.p/model_user_data_congestion_info.c.o
[4100/4661] Compiling C object lib/sbi/openapi/libogssbi-openapi-4.a.p/model_uuaa_mm_status.c.o
[4101/4661] Compiling C object lib/sbi/openapi/libogssbi-openapi-4.a.p/model_user_plane_address.c.o
[4102/4661] Compiling C object lib/sbi/openapi/libogssbi-openapi-4.a.p/model_user_identifier.c.o
[4103/4661] Compiling C object lib/sbi/openapi/libogssbi-openapi-4.a.p/model_utra_location.c.o
[4104/4661] Compiling C object lib/sbi/openapi/libogssbi-openapi-4.a.p/model_user_location.c.o
[4105/4661] Compiling C object lib/sbi/openapi/libogssbi-openapi-4.a.p/model_v2x_capability.c.o
[4106/4661] Compiling C object lib/sbi/openapi/libogssbi-openapi-4.a.p/model_v2x_information.c.o
[4107/4661] Compiling C object lib/sbi/openapi/libogssbi-openapi-4.a.p/model_v2x_context.c.o
[4108/4661] Compiling C object lib/sbi/openapi/libogssbi-openapi-4.a.p/model_v2x_subscription_data.c.o
[4109/4661] Compiling C object lib/sbi/openapi/libogssbi-openapi-4.a.p/model_valid_time_period.c.o
[4110/4661] Compiling C object lib/sbi/openapi/libogssbi-openapi-4.a.p/model_v2x_subscription_data_1.c.o
[4111/4661] Compiling C object lib/sbi/openapi/libogssbi-openapi-4.a.p/model_valid_time_period_1.c.o
[4112/4661] Compiling C object lib/sbi/openapi/libogssbi-openapi-4.a.p/model_value_expression.c.o
[4113/4661] Compiling C object lib/sbi/openapi/libogssbi-openapi-4.a.p/model_var_rep_period.c.o
[4114/4661] Compiling C object lib/sbi/openapi/libogssbi-openapi-4.a.p/model_var_rep_period_1.c.o
[4115/4661] Compiling C object lib/sbi/openapi/libogssbi-openapi-4.a.p/model_vendor_specific_feature.c.o
[4116/4661] Compiling C object lib/sbi/openapi/libogssbi-openapi-4.a.p/model_vertical_direction.c.o
[4117/4661] Compiling C object lib/sbi/openapi/libogssbi-openapi-4.a.p/model_velocity_estimate.c.o
[4118/4661] Compiling C object lib/sbi/openapi/libogssbi-openapi-4.a.p/model_vfl_capability_type.c.o
[4119/4661] Compiling C object lib/sbi/openapi/libogssbi-openapi-4.a.p/model_vfl_info.c.o
[4120/4661] Compiling C object lib/sbi/openapi/libogssbi-openapi-4.a.p/model_vgmlc_address.c.o
[4121/4661] Compiling C object lib/sbi/openapi/libogssbi-openapi-4.a.p/model_vlan_tag_handling.c.o
[4122/4661] Compiling C object lib/sbi/openapi/libogssbi-openapi-4.a.p/model_vlan_tag_type.c.o
[4123/4661] Compiling C object lib/sbi/openapi/libogssbi-openapi-4.a.p/model_vlan_tag_handling_1.c.o
[4124/4661] Compiling C object lib/sbi/openapi/libogssbi-openapi-4.a.p/model_vlan_tag_value.c.o
[4125/4661] Compiling C object lib/sbi/openapi/libogssbi-openapi-4.a.p/model_volume_timed_report.c.o
[4126/4661] Compiling C object lib/sbi/openapi/libogssbi-openapi-4.a.p/model_vplmn_dl_ambr.c.o
[4127/4661] Compiling C object lib/sbi/openapi/libogssbi-openapi-4.a.p/model_vn_group_data_1.c.o
[4128/4661] Compiling C object lib/sbi/openapi/libogssbi-openapi-4.a.p/model_vn_group_data.c.o
[4129/4661] Compiling C object lib/sbi/openapi/libogssbi-openapi-4.a.p/model_vplmn_offloading_info.c.o
[4130/4661] Compiling C object lib/sbi/openapi/libogssbi-openapi-4.a.p/model_vplmn_qos.c.o
[4131/4661] Compiling C object lib/sbi/openapi/libogssbi-openapi-4.a.p/model_w_agf_info.c.o
[4132/4661] Compiling C object lib/sbi/openapi/libogssbi-openapi-4.a.p/model_vsmf_update_error.c.o
[4133/4661] Compiling C object lib/sbi/openapi/libogssbi-openapi-4.a.p/model_wireline_area.c.o
[4134/4661] Compiling C object lib/sbi/openapi/libogssbi-openapi-4.a.p/model_wireline_area_1.c.o
[4135/4661] Compiling C object lib/sbi/openapi/libogssbi-openapi-4.a.p/model_vsmf_updated_data.c.o
[4136/4661] Compiling C object lib/sbi/openapi/libogssbi-openapi-4.a.p/model_vsmf_update_data.c.o
[4137/4661] Compiling C object lib/sbi/openapi/libogssbi-openapi-4.a.p/model_wireline_service_area_restriction_1.c.o
[4138/4661] Compiling C object lib/sbi/openapi/libogssbi-openapi-4.a.p/model_wireline_service_area_restriction.c.o
[4139/4661] Compiling C object lib/sbi/openapi/libogssbi-openapi-4.a.p/model_wlan_measurement.c.o
[4140/4661] Compiling C object lib/sbi/openapi/libogssbi-openapi-4.a.p/model_wlan_ordering_criterion.c.o
[4141/4661] Compiling C object lib/sbi/openapi/libogssbi-openapi-4.a.p/model_wlan_measurement_1.c.o
[4142/4661] Compiling C object lib/sbi/openapi/libogssbi-openapi-4.a.p/model_wlan_per_ss_id_performance_info.c.o
[4143/4661] Compiling C object lib/sbi/openapi/libogssbi-openapi-4.a.p/model_wlan_per_ts_performance_info.c.o
[4144/4661] Compiling C object lib/sbi/openapi/libogssbi-openapi-4.a.p/model_wlan_per_ue_id_performance_info.c.o
[4145/4661] Compiling C object lib/sbi/openapi/libogssbi-openapi-4.a.p/model_wlan_rssi.c.o
[4146/4661] Compiling C object lib/sbi/openapi/libogssbi-openapi-4.a.p/model_wlan_performance_info.c.o
[4147/4661] Compiling C object lib/sbi/openapi/libogssbi-openapi-4.a.p/model_wlan_rtt.c.o
[4148/4661] Compiling C object lib/sbi/openapi/libogssbi-openapi-4.a.p/model_wlan_performance_req.c.o
[4149/4661] Compiling C object lib/sbi/openapi/libogssbi-openapi-4.a.p/model_xr_device_with2_rx.c.o
[4150/4661] Compiling C object lib/sbi/libogssbi.so.2.8.0.p/contrib_multipart_parser.c.o
[4151/4661] Compiling C object lib/sbi/libogssbi.so.2.8.0.p/yuarel.c.o
[4152/4661] Compiling C object lib/sbi/libogssbi.so.2.8.0.p/custom_links.c.o
[4153/4661] Linking static target lib/sbi/openapi/libogssbi-openapi-4.a
[4154/4661] Compiling C object lib/sbi/libogssbi.so.2.8.0.p/types.c.o
[4155/4661] Compiling C object lib/sbi/libogssbi.so.2.8.0.p/timer.c.o
[4156/4661] Compiling C object lib/sbi/libogssbi.so.2.8.0.p/conv.c.o
[4157/4661] Compiling C object lib/sbi/libogssbi.so.2.8.0.p/mhd-server.c.o
[4158/4661] Compiling C object lib/sbi/libogssbi.so.2.8.0.p/server.c.o
[4159/4661] Compiling C object lib/sbi/libogssbi.so.2.8.0.p/message.c.o
[4160/4661] Compiling C object lib/sbi/libogssbi.so.2.8.0.p/nghttp2-server.c.o
[4161/4661] Linking target lib/sbi/openapi/libogssbi-openapi.so.2.8.0
[4162/4661] Compiling C object lib/sbi/libogssbi.so.2.8.0.p/client.c.o
[4163/4661] Generating symbol file lib/sbi/openapi/libogssbi-openapi.so.2.8.0.p/libogssbi-openapi.so.2.8.0.symbols
[4164/4661] Compiling C object lib/sbi/libogssbi.so.2.8.0.p/nnrf-path.c.o
[4165/4661] Compiling C object lib/sbi/libogssbi.so.2.8.0.p/nnrf-build.c.o
[4166/4661] Compiling C object lib/sbi/libogssbi.so.2.8.0.p/context.c.o
[4167/4661] Compiling C object lib/sbi/libogssbi.so.2.8.0.p/nnrf-handler.c.o
[4168/4661] Compiling C object lib/sbi/libogssbi.so.2.8.0.p/path.c.o
[4169/4661] Compiling C object lib/sbi/libogssbi.so.2.8.0.p/nf-sm.c.o
[4170/4661] Compiling C object src/mme/libmme.a.p/mme-init.c.o
[4171/4661] Compiling C object src/mme/libmme.a.p/mme-event.c.o
[4172/4661] Compiling C object src/mme/libmme.a.p/mme-timer.c.o
[4173/4661] Linking target lib/sbi/libogssbi.so.2.8.0
[4174/4661] Generating symbol file lib/sbi/libogssbi.so.2.8.0.p/libogssbi.so.2.8.0.symbols
[4175/4661] Compiling C object src/mme/libmme.a.p/s1ap-sm.c.o
[4176/4661] Compiling C object src/mme/libmme.a.p/s1ap-sctp.c.o
[4177/4661] Compiling C object src/mme/libmme.a.p/s1ap-path.c.o
[4178/4661] Compiling C object src/mme/libmme.a.p/sgsap-sm.c.o
[4179/4661] Compiling C object src/mme/libmme.a.p/mme-context.c.o
[4180/4661] Compiling C object src/mme/libmme.a.p/sgsap-conv.c.o
[4181/4661] Compiling C object src/mme/libmme.a.p/s1ap-build.c.o
[4182/4661] Compiling C object src/mme/libmme.a.p/sgsap-build.c.o
[4183/4661] Compiling C object src/mme/libmme.a.p/s1ap-handler.c.o
[4184/4661] Compiling C object src/mme/libmme.a.p/sgsap-handler.c.o
[4185/4661] Compiling C object src/mme/libmme.a.p/sgsap-sctp.c.o
[4186/4661] Compiling C object src/mme/libmme.a.p/sgsap-path.c.o
[4187/4661] Compiling C object src/mme/libmme.a.p/mme-s6a-handler.c.o
[4188/4661] Compiling C object src/mme/libmme.a.p/nas-security.c.o
[4189/4661] Compiling C object src/mme/libmme.a.p/mme-fd-path.c.o
[4190/4661] Compiling C object src/mme/libmme.a.p/nas-path.c.o
[4191/4661] Compiling C object src/mme/libmme.a.p/emm-handler.c.o
[4192/4661] Compiling C object src/mme/libmme.a.p/esm-sm.c.o
[4193/4661] Compiling C object src/mme/libmme.a.p/emm-build.c.o
[4194/4661] Compiling C object src/mme/libmme.a.p/emm-sm.c.o
[4195/4661] Compiling C object src/mme/libmme.a.p/esm-handler.c.o
[4196/4661] Compiling C object src/mme/libmme.a.p/esm-build.c.o
[4197/4661] Compiling C object src/mme/libmme.a.p/mme-gn-build.c.o
[4198/4661] Compiling C object src/mme/libmme.a.p/mme-gn-handler.c.o
[4199/4661] Compiling C object src/mme/libmme.a.p/mme-gtp-path.c.o
[4200/4661] Compiling C object src/mme/libmme.a.p/mme-s11-build.c.o
[4201/4661] Compiling C object src/mme/libmme.a.p/mme-s11-handler.c.o
[4202/4661] Compiling C object src/mme/libmme.a.p/mme-sm.c.o
[4203/4661] Compiling C object src/mme/libmme.a.p/mme-path.c.o
[4204/4661] Compiling C object src/mme/libmme.a.p/sbc-handler.c.o
[4205/4661] Compiling C object src/mme/libmme.a.p/.._.._lib_metrics_prometheus_json_pager.c.o
[4206/4661] Compiling C object src/mme/libmme.a.p/metrics.c.o
[4207/4661] Compiling C object src/mme/open5gs-mmed.p/app-init.c.o
[4208/4661] Compiling C object src/mme/libmme.a.p/enb-info.c.o
[4209/4661] Compiling C object src/mme/open5gs-mmed.p/.._main.c.o
[4210/4661] Compiling C object src/hss/libhss.a.p/hss-timer.c.o
[4211/4661] Compiling C object src/hss/libhss.a.p/hss-event.c.o
[4212/4661] Compiling C object src/hss/libhss.a.p/hss-init.c.o
[4213/4661] Compiling C object src/hss/libhss.a.p/hss-sm.c.o
[4214/4661] Compiling C object src/mme/libmme.a.p/ue-info.c.o
[4215/4661] Linking static target src/mme/libmme.a
[4216/4661] Compiling C object src/hss/libhss.a.p/hss-context.c.o
[4217/4661] Compiling C object src/hss/libhss.a.p/hss-cx-path.c.o
[4218/4661] Compiling C object src/hss/libhss.a.p/hss-swx-path.c.o
[4219/4661] Compiling C object src/hss/libhss.a.p/hss-fd-path.c.o
[4220/4661] Compiling C object src/hss/libhss.a.p/hss-s6a-path.c.o
[4221/4661] Compiling C object src/hss/open5gs-hssd.p/app-init.c.o
[4222/4661] Compiling C object src/hss/open5gs-hssd.p/.._main.c.o
[4223/4661] Compiling C object src/sgwc/libsgwc.a.p/init.c.o
[4224/4661] Compiling C object src/hss/libhss.a.p/metrics.c.o
[4225/4661] Linking static target src/hss/libhss.a
[4226/4661] Linking target src/mme/open5gs-mmed
[4227/4661] Compiling C object src/sgwc/libsgwc.a.p/event.c.o
[4228/4661] Compiling C object src/sgwc/libsgwc.a.p/timer.c.o
[4229/4661] Compiling C object src/sgwc/libsgwc.a.p/gtp-path.c.o
[4230/4661] Compiling C object src/sgwc/libsgwc.a.p/s11-build.c.o
[4231/4661] Compiling C object src/sgwc/libsgwc.a.p/context.c.o
[4232/4661] Compiling C object src/sgwc/libsgwc.a.p/s5c-handler.c.o
[4233/4661] Linking target src/hss/open5gs-hssd
[4234/4661] Compiling C object src/sgwc/libsgwc.a.p/sxa-build.c.o
[4235/4661] Compiling C object src/sgwc/libsgwc.a.p/s11-handler.c.o
[4236/4661] Compiling C object src/sgwc/open5gs-sgwcd.p/app.c.o
[4237/4661] Compiling C object src/sgwc/libsgwc.a.p/pfcp-sm.c.o
[4238/4661] Compiling C object src/sgwc/libsgwc.a.p/sgwc-sm.c.o
[4239/4661] Compiling C object src/sgwc/libsgwc.a.p/pfcp-path.c.o
[4240/4661] Compiling C object src/sgwc/libsgwc.a.p/sxa-handler.c.o
[4241/4661] Linking static target src/sgwc/libsgwc.a
[4242/4661] Compiling C object src/sgwc/open5gs-sgwcd.p/.._main.c.o
[4243/4661] Compiling C object src/sgwu/libsgwu.a.p/init.c.o
[4244/4661] Compiling C object src/sgwu/libsgwu.a.p/timer.c.o
[4245/4661] Linking target src/sgwc/open5gs-sgwcd
[4246/4661] Compiling C object src/sgwu/libsgwu.a.p/event.c.o
[4247/4661] Compiling C object src/sgwu/libsgwu.a.p/context.c.o
[4248/4661] Compiling C object src/sgwu/libsgwu.a.p/gtp-path.c.o
[4249/4661] Compiling C object src/sgwu/libsgwu.a.p/sxa-build.c.o
[4250/4661] Compiling C object src/sgwu/libsgwu.a.p/sxa-handler.c.o
[4251/4661] Compiling C object src/sgwu/open5gs-sgwud.p/app.c.o
[4252/4661] Compiling C object src/sgwu/libsgwu.a.p/pfcp-path.c.o
[4253/4661] Compiling C object src/sgwu/libsgwu.a.p/pfcp-sm.c.o
[4254/4661] Compiling C object src/sgwu/libsgwu.a.p/sgwu-sm.c.o
[4255/4661] Linking static target src/sgwu/libsgwu.a
[4256/4661] Compiling C object src/sgwu/open5gs-sgwud.p/.._main.c.o
[4257/4661] Compiling C object src/pcrf/libpcrf.a.p/pcrf-event.c.o
[4258/4661] Linking target src/sgwu/open5gs-sgwud
[4259/4661] Compiling C object src/pcrf/libpcrf.a.p/pcrf-init.c.o
[4260/4661] Compiling C object src/pcrf/libpcrf.a.p/pcrf-sm.c.o
[4261/4661] Compiling C object src/pcrf/libpcrf.a.p/pcrf-fd-path.c.o
[4262/4661] Compiling C object src/pcrf/libpcrf.a.p/pcrf-context.c.o
[4263/4661] Compiling C object src/pcrf/open5gs-pcrfd.p/app-init.c.o
[4264/4661] Compiling C object src/pcrf/open5gs-pcrfd.p/.._main.c.o
[4265/4661] Compiling C object src/pcrf/libpcrf.a.p/metrics.c.o
[4266/4661] Compiling C object src/pcrf/libpcrf.a.p/pcrf-rx-path.c.o
[4267/4661] Compiling C object src/pcrf/libpcrf.a.p/pcrf-gx-path.c.o
[4268/4661] Linking static target src/pcrf/libpcrf.a
[4269/4661] Compiling C object src/nrf/libnrf.a.p/context.c.o
[4270/4661] Compiling C object src/nrf/libnrf.a.p/event.c.o
[4271/4661] Compiling C object src/nrf/libnrf.a.p/timer.c.o
[4272/4661] Linking target src/pcrf/open5gs-pcrfd
[4273/4661] Compiling C object src/nrf/libnrf.a.p/nnrf-build.c.o
[4274/4661] Compiling C object src/nrf/open5gs-nrfd.p/app.c.o
[4275/4661] Compiling C object src/nrf/libnrf.a.p/nnrf-handler.c.o
[4276/4661] Compiling C object src/nrf/open5gs-nrfd.p/.._main.c.o
[4277/4661] Compiling C object src/nrf/libnrf.a.p/sbi-path.c.o
[4278/4661] Compiling C object src/scp/libscp.a.p/event.c.o
[4279/4661] Compiling C object src/nrf/libnrf.a.p/nf-sm.c.o
[4280/4661] Compiling C object src/nrf/libnrf.a.p/init.c.o
[4281/4661] Compiling C object src/nrf/libnrf.a.p/nrf-sm.c.o
[4282/4661] Linking static target src/nrf/libnrf.a
[4283/4661] Compiling C object src/scp/open5gs-scpd.p/app.c.o
[4284/4661] Compiling C object src/scp/libscp.a.p/context.c.o
[4285/4661] Compiling C object src/scp/open5gs-scpd.p/.._main.c.o
[4286/4661] Compiling C object src/sepp/libsepp.a.p/event.c.o
[4287/4661] Linking target src/nrf/open5gs-nrfd
[4288/4661] Compiling C object src/scp/libscp.a.p/scp-sm.c.o
[4289/4661] Compiling C object src/scp/libscp.a.p/init.c.o
[4290/4661] Compiling C object src/scp/libscp.a.p/sbi-path.c.o
[4291/4661] Linking static target src/scp/libscp.a
[4292/4661] Linking target src/scp/open5gs-scpd
[4293/4661] Compiling C object src/sepp/libsepp.a.p/context.c.o
[4294/4661] Compiling C object src/sepp/libsepp.a.p/timer.c.o
[4295/4661] Compiling C object src/sepp/libsepp.a.p/n32c-build.c.o
[4296/4661] Compiling C object src/sepp/libsepp.a.p/n32c-handler.c.o
[4297/4661] Compiling C object src/sepp/open5gs-seppd.p/app.c.o
[4298/4661] Compiling C object src/sepp/libsepp.a.p/handshake-sm.c.o
[4299/4661] Compiling C object src/sepp/open5gs-seppd.p/.._main.c.o
[4300/4661] Compiling C object src/udr/libudr.a.p/event.c.o
[4301/4661] Compiling C object src/sepp/libsepp.a.p/sbi-path.c.o
[4302/4661] Compiling C object src/sepp/libsepp.a.p/sepp-sm.c.o
[4303/4661] Compiling C object src/sepp/libsepp.a.p/init.c.o
[4304/4661] Linking static target src/sepp/libsepp.a
[4305/4661] Compiling C object src/udr/libudr.a.p/context.c.o
[4306/4661] Compiling C object src/udr/open5gs-udrd.p/app.c.o
[4307/4661] Compiling C object src/udr/libudr.a.p/sbi-path.c.o
[4308/4661] Linking target src/sepp/open5gs-seppd
[4309/4661] Compiling C object src/udm/libudm.a.p/event.c.o
[4310/4661] Compiling C object src/udr/open5gs-udrd.p/.._main.c.o
[4311/4661] Compiling C object src/udr/libudr.a.p/nudr-handler.c.o
[4312/4661] Compiling C object src/udr/libudr.a.p/udr-sm.c.o
[4313/4661] Compiling C object src/udr/libudr.a.p/init.c.o
[4314/4661] Linking static target src/udr/libudr.a
[4315/4661] Compiling C object src/udm/libudm.a.p/context.c.o
[4316/4661] Compiling C object src/udm/libudm.a.p/nnrf-handler.c.o
[4317/4661] Compiling C object src/udm/libudm.a.p/nudr-build.c.o
[4318/4661] Compiling C object src/udm/libudm.a.p/nudm-handler.c.o
[4319/4661] Linking target src/udr/open5gs-udrd
[4320/4661] Compiling C object src/udm/libudm.a.p/nudr-handler.c.o
[4321/4661] Compiling C object src/udm/open5gs-udmd.p/app.c.o
[4322/4661] Compiling C object src/udm/libudm.a.p/sess-sm.c.o
[4323/4661] Compiling C object src/udm/open5gs-udmd.p/.._main.c.o
[4324/4661] Compiling C object src/udm/libudm.a.p/ue-sm.c.o
[4325/4661] Compiling C object src/udm/libudm.a.p/sbi-path.c.o
[4326/4661] Compiling C object src/udm/libudm.a.p/init.c.o
[4327/4661] Compiling C object src/udm/libudm.a.p/udm-sm.c.o
[4328/4661] Compiling C object src/pcf/libpcf.a.p/event.c.o
[4329/4661] Linking static target src/udm/libudm.a
[4330/4661] Linking target src/udm/open5gs-udmd
[4331/4661] Compiling C object src/pcf/libpcf.a.p/metrics.c.o
[4332/4661] Compiling C object src/pcf/libpcf.a.p/nnrf-handler.c.o
[4333/4661] Compiling C object src/pcf/libpcf.a.p/nudr-build.c.o
[4334/4661] Compiling C object src/pcf/libpcf.a.p/context.c.o
[4335/4661] Compiling C object src/pcf/libpcf.a.p/npcf-handler.c.o
[4336/4661] Compiling C object src/pcf/libpcf.a.p/nudr-handler.c.o
[4337/4661] Compiling C object src/pcf/libpcf.a.p/nbsf-build.c.o
[4338/4661] Compiling C object src/pcf/libpcf.a.p/namf-build.c.o
[4339/4661] Compiling C object src/pcf/libpcf.a.p/nbsf-handler.c.o
[4340/4661] Compiling C object src/pcf/libpcf.a.p/nsmf-build.c.o
[4341/4661] Compiling C object src/pcf/libpcf.a.p/naf-build.c.o
[4342/4661] Compiling C object src/pcf/open5gs-pcfd.p/app.c.o
[4343/4661] Compiling C object src/pcf/libpcf.a.p/am-sm.c.o
[4344/4661] Compiling C object src/pcf/open5gs-pcfd.p/.._main.c.o
[4345/4661] Compiling C object src/pcf/libpcf.a.p/sm-sm.c.o
[4346/4661] Compiling C object src/nssf/libnssf.a.p/event.c.o
[4347/4661] Compiling C object src/pcf/libpcf.a.p/sbi-path.c.o
[4348/4661] Compiling C object src/pcf/libpcf.a.p/pcf-sm.c.o
[4349/4661] Compiling C object src/pcf/libpcf.a.p/init.c.o
[4350/4661] Linking static target src/pcf/libpcf.a
[4351/4661] Compiling C object src/nssf/libnssf.a.p/context.c.o
[4352/4661] Compiling C object src/nssf/libnssf.a.p/nnrf-handler.c.o
[4353/4661] Compiling C object src/nssf/libnssf.a.p/nnssf-build.c.o
[4354/4661] Compiling C object src/nssf/open5gs-nssfd.p/app.c.o
[4355/4661] Compiling C object src/nssf/libnssf.a.p/sbi-path.c.o
[4356/4661] Compiling C object src/nssf/libnssf.a.p/nnssf-handler.c.o
[4357/4661] Linking target src/pcf/open5gs-pcfd
[4358/4661] Compiling C object src/nssf/open5gs-nssfd.p/.._main.c.o
[4359/4661] Compiling C object src/bsf/libbsf.a.p/event.c.o
[4360/4661] Compiling C object src/nssf/libnssf.a.p/init.c.o
[4361/4661] Compiling C object src/nssf/libnssf.a.p/nssf-sm.c.o
[4362/4661] Linking static target src/nssf/libnssf.a
[4363/4661] Compiling C object src/bsf/libbsf.a.p/context.c.o
[4364/4661] Compiling C object src/bsf/libbsf.a.p/nnrf-handler.c.o
[4365/4661] Compiling C object src/bsf/libbsf.a.p/sbi-path.c.o
[4366/4661] Compiling C object src/bsf/libbsf.a.p/nbsf-handler.c.o
[4367/4661] Compiling C object src/bsf/open5gs-bsfd.p/app.c.o
[4368/4661] Linking target src/nssf/open5gs-nssfd
[4369/4661] Compiling C object src/bsf/open5gs-bsfd.p/.._main.c.o
[4370/4661] Compiling C object src/ausf/libausf.a.p/event.c.o
[4371/4661] Compiling C object src/bsf/libbsf.a.p/bsf-sm.c.o
[4372/4661] Compiling C object src/bsf/libbsf.a.p/init.c.o
[4373/4661] Linking static target src/bsf/libbsf.a
[4374/4661] Compiling C object src/ausf/libausf.a.p/nnrf-handler.c.o
[4375/4661] Compiling C object src/ausf/libausf.a.p/context.c.o
[4376/4661] Compiling C object src/ausf/libausf.a.p/nausf-handler.c.o
[4377/4661] Compiling C object src/ausf/libausf.a.p/nudm-build.c.o
[4378/4661] Linking target src/bsf/open5gs-bsfd
[4379/4661] Compiling C object src/ausf/libausf.a.p/nudm-handler.c.o
[4380/4661] Compiling C object src/ausf/open5gs-ausfd.p/app.c.o
[4381/4661] Compiling C object src/ausf/open5gs-ausfd.p/.._main.c.o
[4382/4661] Compiling C object src/ausf/libausf.a.p/ue-sm.c.o
[4383/4661] Compiling C object src/ausf/libausf.a.p/sbi-path.c.o
[4384/4661] Compiling C object src/upf/libupf.a.p/rule-match.c.o
[4385/4661] Compiling C object src/ausf/libausf.a.p/init.c.o
[4386/4661] Compiling C object src/ausf/libausf.a.p/ausf-sm.c.o
[4387/4661] Linking static target src/ausf/libausf.a
[4388/4661] Compiling C object src/upf/libupf.a.p/init.c.o
[4389/4661] Compiling C object src/upf/libupf.a.p/event.c.o
[4390/4661] Compiling C object src/upf/libupf.a.p/metrics.c.o
[4391/4661] Compiling C object src/upf/libupf.a.p/timer.c.o
[4392/4661] Compiling C object src/upf/libupf.a.p/upf-sm.c.o
[4393/4661] Linking target src/ausf/open5gs-ausfd
[4394/4661] Compiling C object src/upf/libupf.a.p/pfcp-sm.c.o
[4395/4661] Compiling C object src/upf/libupf.a.p/gtp-path.c.o
[4396/4661] Compiling C object src/upf/libupf.a.p/context.c.o
[4397/4661] Compiling C object src/upf/libupf.a.p/n4-build.c.o
[4398/4661] Compiling C object src/upf/libupf.a.p/pfcp-path.c.o
[4399/4661] Compiling C object src/upf/open5gs-upfd.p/app.c.o
[4400/4661] Compiling C object src/upf/libupf.a.p/n4-handler.c.o
[4401/4661] Linking static target src/upf/libupf.a
[4402/4661] Compiling C object src/upf/open5gs-upfd.p/.._main.c.o
[4403/4661] Compiling C object src/smf/libsmf.a.p/event.c.o
[4404/4661] Compiling C++ object src/upf/libarp_nd.a.p/arp-nd.cpp.o
[4405/4661] Linking static target src/upf/libarp_nd.a
[4406/4661] Linking target src/upf/open5gs-upfd
[4407/4661] Compiling C object src/smf/libsmf.a.p/timer.c.o
[4408/4661] Compiling C object src/smf/libsmf.a.p/init.c.o
[4409/4661] Compiling C object src/smf/libsmf.a.p/smf-sm.c.o
[4410/4661] Compiling C object src/smf/libsmf.a.p/gsm-sm.c.o
[4411/4661] Compiling C object src/smf/libsmf.a.p/context.c.o
[4412/4661] Compiling C object src/smf/libsmf.a.p/pfcp-sm.c.o
[4413/4661] Compiling C object src/smf/libsmf.a.p/gn-build.c.o
[4414/4661] Compiling C object src/smf/libsmf.a.p/gtp-path.c.o
[4415/4661] Compiling C object src/smf/libsmf.a.p/gn-handler.c.o
[4416/4661] Compiling C object src/smf/libsmf.a.p/s5c-build.c.o
[4417/4661] Compiling C object src/smf/libsmf.a.p/fd-path.c.o
[4418/4661] Compiling C object src/smf/libsmf.a.p/s5c-handler.c.o
[4419/4661] Compiling C object src/smf/libsmf.a.p/gx-path.c.o
[4420/4661] Compiling C object src/smf/libsmf.a.p/gy-path.c.o
[4421/4661] Compiling C object src/smf/libsmf.a.p/s6b-path.c.o
[4422/4661] Compiling C object src/smf/libsmf.a.p/gx-handler.c.o
[4423/4661] Compiling C object src/smf/libsmf.a.p/gy-handler.c.o
[4424/4661] Compiling C object src/smf/libsmf.a.p/pfcp-path.c.o
[4425/4661] Compiling C object src/smf/libsmf.a.p/n4-build.c.o
[4426/4661] Compiling C object src/smf/libsmf.a.p/binding.c.o
[4427/4661] Compiling C object src/smf/libsmf.a.p/nnrf-handler.c.o
[4428/4661] Compiling C object src/smf/libsmf.a.p/n4-handler.c.o
[4429/4661] Compiling C object src/smf/libsmf.a.p/nudm-build.c.o
[4430/4661] Compiling C object src/smf/libsmf.a.p/nudm-handler.c.o
[4431/4661] Compiling C object src/smf/libsmf.a.p/nsmf-build.c.o
[4432/4661] Compiling C object src/smf/libsmf.a.p/namf-build.c.o
[4433/4661] Compiling C object src/smf/libsmf.a.p/namf-handler.c.o
[4434/4661] Compiling C object src/smf/libsmf.a.p/npcf-build.c.o
[4435/4661] Compiling C object src/smf/libsmf.a.p/nsmf-handler.c.o
[4436/4661] Compiling C object src/smf/libsmf.a.p/npcf-handler.c.o
[4437/4661] Compiling C object src/smf/libsmf.a.p/sbi-path.c.o
[4438/4661] Compiling C object src/smf/libsmf.a.p/gsm-build.c.o
[4439/4661] Compiling C object src/smf/libsmf.a.p/gsmue-message.c.o
[4440/4661] Compiling C object src/smf/libsmf.a.p/gsm-handler.c.o
[4441/4661] Compiling C object src/smf/libsmf.a.p/nas-path.c.o
[4442/4661] Compiling C object src/smf/libsmf.a.p/ngap-build.c.o
[4443/4661] Compiling C object src/smf/libsmf.a.p/.._.._lib_metrics_prometheus_json_pager.c.o
[4444/4661] Compiling C object src/smf/open5gs-smfd.p/app.c.o
[4445/4661] Compiling C object src/smf/open5gs-smfd.p/.._main.c.o
[4446/4661] Compiling C object src/smf/libsmf.a.p/ngap-handler.c.o
[4447/4661] Compiling C object src/smf/libsmf.a.p/ngap-path.c.o
[4448/4661] Compiling C object src/smf/libsmf.a.p/local-path.c.o
[4449/4661] Compiling C object src/smf/libsmf.a.p/metrics.c.o
[4450/4661] Compiling C object src/smf/libsmf.a.p/pdu-info.c.o
[4451/4661] Linking static target src/smf/libsmf.a
[4452/4661] Linking target src/smf/open5gs-smfd
[4453/4661] Compiling C object src/amf/libamf.a.p/event.c.o
[4454/4661] Compiling C object src/amf/libamf.a.p/timer.c.o
[4455/4661] Compiling C object src/amf/libamf.a.p/nausf-build.c.o
[4456/4661] Compiling C object src/amf/libamf.a.p/context.c.o
[4457/4661] Compiling C object src/amf/libamf.a.p/nausf-handler.c.o
[4458/4661] Compiling C object src/amf/libamf.a.p/nudm-build.c.o
[4459/4661] Compiling C object src/amf/libamf.a.p/nudm-handler.c.o
[4460/4661] Compiling C object src/amf/libamf.a.p/nsmf-build.c.o
[4461/4661] Compiling C object src/amf/libamf.a.p/npcf-build.c.o
[4462/4661] Compiling C object src/amf/libamf.a.p/nsmf-handler.c.o
[4463/4661] Compiling C object src/amf/libamf.a.p/npcf-handler.c.o
[4464/4661] Compiling C object src/amf/libamf.a.p/nnssf-build.c.o
[4465/4661] Compiling C object src/amf/libamf.a.p/nnssf-handler.c.o
[4466/4661] Compiling C object src/amf/libamf.a.p/nnrf-build.c.o
[4467/4661] Compiling C object src/amf/libamf.a.p/nnrf-handler.c.o
[4468/4661] Compiling C object src/amf/libamf.a.p/namf-build.c.o
[4469/4661] Compiling C object src/amf/libamf.a.p/namf-handler.c.o
[4470/4661] Compiling C object src/amf/libamf.a.p/namf-oam.c.o
[4471/4661] Compiling C object src/amf/libamf.a.p/ngap-sctp.c.o
[4472/4661] Compiling C object src/amf/libamf.a.p/sbi-path.c.o
[4473/4661] Compiling C object src/amf/libamf.a.p/ngap-build.c.o
[4474/4661] Compiling C object src/amf/libamf.a.p/ngap-path.c.o
[4475/4661] Compiling C object src/amf/libamf.a.p/ngap-handler.c.o
[4476/4661] Compiling C object src/amf/libamf.a.p/ngap-sm.c.o
[4477/4661] Compiling C object src/amf/libamf.a.p/nas-security.c.o
[4478/4661] Compiling C object src/amf/libamf.a.p/gmm-build.c.o
[4479/4661] Compiling C object src/amf/libamf.a.p/nas-path.c.o
[4480/4661] Compiling C object src/amf/libamf.a.p/gmm-handler.c.o
[4481/4661] Compiling C object src/amf/libamf.a.p/amf-sm.c.o
[4482/4661] Compiling C object src/amf/libamf.a.p/.._.._lib_metrics_prometheus_json_pager.c.o
[4483/4661] Compiling C object src/amf/libamf.a.p/init.c.o
[4484/4661] Compiling C object src/amf/open5gs-amfd.p/app.c.o
[4485/4661] Compiling C object src/amf/libamf.a.p/metrics.c.o
[4486/4661] Compiling C object src/amf/open5gs-amfd.p/.._main.c.o
[4487/4661] Compiling C object tests/core/core.p/list-test.c.o
[4488/4661] Compiling C object src/amf/libamf.a.p/gmm-sm.c.o
[4489/4661] Compiling C object tests/core/core.p/strings-test.c.o
[4490/4661] Compiling C object tests/core/core.p/time-test.c.o
[4491/4661] Compiling C object tests/core/core.p/pool-test.c.o
[4492/4661] Compiling C object tests/core/core.p/conv-test.c.o
[4493/4661] Compiling C object tests/core/core.p/log-test.c.o
[4494/4661] Compiling C object tests/core/core.p/pkbuf-test.c.o
[4495/4661] Compiling C object tests/core/core.p/memory-test.c.o
[4496/4661] Compiling C object tests/core/core.p/rbtree-test.c.o
[4497/4661] Compiling C object tests/core/core.p/timer-test.c.o
[4498/4661] Compiling C object tests/core/core.p/thread-test.c.o
[4499/4661] Compiling C object tests/core/core.p/socket-test.c.o
[4500/4661] Compiling C object tests/core/core.p/queue-test.c.o
[4501/4661] Compiling C object tests/core/core.p/poll-test.c.o
[4502/4661] Compiling C object tests/core/core.p/fsm-test.c.o
[4503/4661] Compiling C object tests/core/core.p/tlv-test.c.o
[4504/4661] Compiling C object src/amf/libamf.a.p/gnb-info.c.o
[4505/4661] Compiling C object tests/core/core.p/uuid-test.c.o
[4506/4661] Compiling C object tests/core/core.p/hash-test.c.o
[4507/4661] Compiling C object tests/core/core.p/abts-main.c.o
[4508/4661] Compiling C object tests/crypt/crypt.p/aes-test.c.o
[4509/4661] Compiling C object tests/crypt/crypt.p/base64-test.c.o
[4510/4661] Compiling C object tests/crypt/crypt.p/sha-test.c.o
[4511/4661] Linking target tests/core/core
[4512/4661] Compiling C object src/amf/libamf.a.p/ue-info.c.o
[4513/4661] Compiling C object tests/crypt/crypt.p/ecies-test.c.o
[4514/4661] Linking static target src/amf/libamf.a
[4515/4661] Compiling C object tests/crypt/crypt.p/abts-main.c.o
[4516/4661] Compiling C object tests/unit/unit.p/abts-main.c.o
[4517/4661] Compiling C object tests/sctp/sctp.p/abts-main.c.o
[4518/4661] Compiling C object tests/sctp/sctp.p/sctp-test.c.o
[4519/4661] Linking target tests/crypt/crypt
[4520/4661] Linking target tests/sctp/sctp
[4521/4661] Compiling C object tests/unit/unit.p/nas-message-test.c.o
[4522/4661] Compiling C object tests/unit/unit.p/gtp-message-test.c.o
[4523/4661] Compiling C object tests/unit/unit.p/security-test.c.o
[4524/4661] Compiling C object tests/unit/unit.p/proto-message-test.c.o
[4525/4661] Linking target src/amf/open5gs-amfd
[4526/4661] Compiling C object tests/unit/unit.p/s1ap-message-test.c.o
[4527/4661] Compiling C object tests/unit/unit.p/sbi-message-test.c.o
[4528/4661] Compiling C object tests/unit/unit.p/crash-test.c.o
[4529/4661] Compiling C object tests/unit/unit.p/nrf-discovery-test.c.o
[4530/4661] Compiling C object tests/af/libaf.a.p/event.c.o
[4531/4661] Compiling C object tests/af/libaf.a.p/context.c.o
[4532/4661] Compiling C object tests/unit/unit.p/ngap-message-test.c.o
[4533/4661] Compiling C object tests/af/libaf.a.p/local.c.o
[4534/4661] Compiling C object tests/af/libaf.a.p/nnrf-handler.c.o
[4535/4661] Linking target tests/unit/unit
[4536/4661] Compiling C object tests/af/libaf.a.p/nbsf-build.c.o
[4537/4661] Compiling C object tests/af/libaf.a.p/nbsf-handler.c.o
[4538/4661] Compiling C object tests/af/libaf.a.p/npcf-build.c.o
[4539/4661] Compiling C object tests/af/libaf.a.p/npcf-handler.c.o
[4540/4661] Compiling C object tests/af/libaf.a.p/sbi-path.c.o
[4541/4661] Compiling C object tests/af/libaf.a.p/init.c.o
[4542/4661] Compiling C object tests/af/libaf.a.p/af-sm.c.o
[4543/4661] Linking static target tests/af/libaf.a
[4544/4661] Compiling C object tests/common/libtestcomon.a.p/sctp.c.o
[4545/4661] Compiling C object tests/common/libtestcomon.a.p/application.c.o
[4546/4661] Compiling C object tests/common/libtestcomon.a.p/gtpu.c.o
[4547/4661] Compiling C object tests/common/libtestcomon.a.p/ngap-handler.c.o
[4548/4661] Compiling C object tests/common/libtestcomon.a.p/context.c.o
[4549/4661] Compiling C object tests/common/libtestcomon.a.p/ngap-build.c.o
[4550/4661] Compiling C object tests/common/libtestcomon.a.p/ngap-path.c.o
[4551/4661] Compiling C object tests/common/libtestcomon.a.p/gmm-handler.c.o
[4552/4661] Compiling C object tests/common/libtestcomon.a.p/gmm-build.c.o
[4553/4661] Compiling C object tests/common/libtestcomon.a.p/gsm-handler.c.o
[4554/4661] Compiling C object tests/common/libtestcomon.a.p/gsm-build.c.o
[4555/4661] Compiling C object tests/common/libtestcomon.a.p/s1ap-build.c.o
[4556/4661] Compiling C object tests/common/libtestcomon.a.p/s1ap-handler.c.o
[4557/4661] Compiling C object tests/common/libtestcomon.a.p/s1ap-path.c.o
[4558/4661] Compiling C object tests/common/libtestcomon.a.p/emm-build.c.o
[4559/4661] Compiling C object tests/common/libtestcomon.a.p/emm-handler.c.o
[4560/4661] Compiling C object tests/common/libtestcomon.a.p/esm-build.c.o
[4561/4661] Compiling C object tests/common/libtestcomon.a.p/esm-handler.c.o
[4562/4661] Compiling C object tests/app/epc.p/.._.._src_main.c.o
[4563/4661] Compiling C object tests/common/libtestcomon.a.p/nas-encoder.c.o
[4564/4661] Compiling C object tests/common/libtestcomon.a.p/nas-path.c.o
[4565/4661] Compiling C object tests/app/5gc.p/.._.._src_main.c.o
[4566/4661] Compiling C object tests/common/libtestcomon.a.p/nas-security.c.o
[4567/4661] Compiling C object tests/common/libtestcomon.a.p/sgsap-build.c.o
[4568/4661] Compiling C object tests/app/app.p/.._.._src_main.c.o
[4569/4661] Linking static target tests/common/libtestcomon.a
[4570/4661] Compiling C object tests/app/libtestepc.a.p/epc-init.c.o
[4571/4661] Linking static target tests/app/libtestepc.a
[4572/4661] Linking target tests/app/epc
[4573/4661] Compiling C object tests/app/libtest5gc.a.p/5gc-init.c.o
[4574/4661] Linking static target tests/app/libtest5gc.a
[4575/4661] Linking target tests/app/5gc
[4576/4661] Compiling C object tests/app/libtestapp.a.p/app-init.c.o
[4577/4661] Linking static target tests/app/libtestapp.a
[4578/4661] Compiling C object tests/registration/registration.p/simple-test.c.o
[4579/4661] Compiling C object tests/registration/registration.p/abts-main.c.o
[4580/4661] Compiling C object tests/registration/registration.p/guti-test.c.o
[4581/4661] Linking target tests/app/app
[4582/4661] Compiling C object tests/registration/registration.p/auth-test.c.o
[4583/4661] Compiling C object tests/registration/registration.p/ecc-test.c.o
[4584/4661] Compiling C object tests/registration/registration.p/identity-test.c.o
[4585/4661] Compiling C object tests/registration/registration.p/idle-test.c.o
[4586/4661] Compiling C object tests/registration/registration.p/dereg-test.c.o
[4587/4661] Compiling C object tests/registration/registration.p/gmm-status-test.c.o
[4588/4661] Compiling C object tests/registration/registration.p/ue-context-test.c.o
[4589/4661] Compiling C object tests/registration/registration.p/reset-test.c.o
[4590/4661] Compiling C object tests/registration/registration.p/multi-ue-test.c.o
[4591/4661] Compiling C object tests/registration/registration.p/crash-test.c.o
[4592/4661] Compiling C object tests/vonr/vonr.p/abts-main.c.o
[4593/4661] Compiling C object tests/vonr/vonr.p/qos-flow-test.c.o
[4594/4661] Linking target tests/registration/registration
[4595/4661] Compiling C object tests/vonr/vonr.p/session-test.c.o
[4596/4661] Compiling C object tests/vonr/vonr.p/simple-test.c.o
[4597/4661] Compiling C object tests/vonr/vonr.p/video-test.c.o
[4598/4661] Compiling C object tests/slice/slice.p/abts-main.c.o
[4599/4661] Compiling C object tests/vonr/vonr.p/af-test.c.o
[4600/4661] Compiling C object tests/slice/slice.p/same-dnn-test.c.o
[4601/4661] Compiling C object tests/slice/slice.p/different-dnn-test.c.o
[4602/4661] Linking target tests/vonr/vonr
[4603/4661] Compiling C object tests/slice/slice.p/paging-test.c.o
[4604/4661] Linking target tests/slice/slice
[4605/4661] Compiling C object tests/attach/attach.p/abts-main.c.o
[4606/4661] Compiling C object tests/attach/attach.p/s1setup-test.c.o
[4607/4661] Compiling C object tests/attach/attach.p/simple-test.c.o
[4608/4661] Compiling C object tests/attach/attach.p/auth-test.c.o
[4609/4661] Compiling C object tests/attach/attach.p/guti-test.c.o
[4610/4661] Compiling C object tests/attach/attach.p/idle-test.c.o
[4611/4661] Compiling C object tests/attach/attach.p/emm-status-test.c.o
[4612/4661] Compiling C object tests/attach/attach.p/reset-test.c.o
[4613/4661] Compiling C object tests/attach/attach.p/ue-context-test.c.o
[4614/4661] Compiling C object tests/attach/attach.p/issues-test.c.o
[4615/4661] Compiling C object tests/attach/attach.p/crash-test.c.o
[4616/4661] Linking target tests/attach/attach
[4617/4661] Compiling C object tests/volte/volte.p/test-fd-path.c.o
[4618/4661] Compiling C object tests/volte/volte.p/diameter-cx-path.c.o
[4619/4661] Compiling C object tests/volte/volte.p/diameter-rx-path.c.o
[4620/4661] Compiling C object tests/volte/volte.p/abts-main.c.o
[4621/4661] Compiling C object tests/volte/volte.p/bearer-test.c.o
[4622/4661] Compiling C object tests/volte/volte.p/session-test.c.o
[4623/4661] Compiling C object tests/volte/volte.p/simple-test.c.o
[4624/4661] Compiling C object tests/volte/volte.p/video-test.c.o
[4625/4661] Compiling C object tests/volte/volte.p/rx-test.c.o
[4626/4661] Compiling C object tests/volte/volte.p/cx-test.c.o
[4627/4661] Linking target tests/volte/volte
[4628/4661] Compiling C object tests/csfb/csfb.p/abts-main.c.o
[4629/4661] Compiling C object tests/csfb/csfb.p/mo-idle-test.c.o
[4630/4661] Compiling C object tests/csfb/csfb.p/mt-idle-test.c.o
[4631/4661] Compiling C object tests/csfb/csfb.p/mo-active-test.c.o
[4632/4661] Compiling C object tests/csfb/csfb.p/mt-active-test.c.o
[4633/4661] Compiling C object tests/csfb/csfb.p/mo-sms-test.c.o
[4634/4661] Compiling C object tests/csfb/csfb.p/mt-sms-test.c.o
[4635/4661] Compiling C object tests/csfb/csfb.p/tau-test.c.o
[4636/4661] Compiling C object tests/csfb/csfb.p/crash-test.c.o
[4637/4661] Compiling C object tests/310014/310014.p/abts-main.c.o
[4638/4661] Compiling C object tests/310014/310014.p/epc-test.c.o
[4639/4661] Linking target tests/csfb/csfb
[4640/4661] Linking target tests/310014/310014
[4641/4661] Compiling C object tests/handover/handover.p/abts-main.c.o
[4642/4661] Compiling C object tests/handover/handover.p/epc-x2-test.c.o
[4643/4661] Compiling C object tests/handover/handover.p/epc-s1-test.c.o
[4644/4661] Compiling C object tests/handover/handover.p/5gc-xn-test.c.o
[4645/4661] Compiling C object tests/handover/handover.p/5gc-n2-test.c.o
[4646/4661] Compiling C object tests/non3gpp/non3gpp.p/test-fd-path.c.o
[4647/4661] Compiling C object tests/non3gpp/non3gpp.p/diameter-swx-path.c.o
[4648/4661] Compiling C object tests/non3gpp/non3gpp.p/diameter-s6b-path.c.o
[4649/4661] Linking target tests/handover/handover
[4650/4661] Compiling C object tests/non3gpp/non3gpp.p/gtp-path.c.o
[4651/4661] Compiling C object tests/non3gpp/non3gpp.p/s2b-build.c.o
[4652/4661] Compiling C object tests/non3gpp/non3gpp.p/s2b-handler.c.o
[4653/4661] Compiling C object tests/non3gpp/non3gpp.p/abts-main.c.o
[4654/4661] Compiling C object tests/non3gpp/non3gpp.p/epdg-test.c.o
[4655/4661] Compiling C object tests/transfer/transfer.p/abts-main.c.o
[4656/4661] Linking target tests/non3gpp/non3gpp
[4657/4661] Compiling C object tests/transfer/transfer.p/ue-context-transfer-test.c.o
[4658/4661] Compiling C object tests/transfer/transfer-error.p/abts-error-main.c.o
[4659/4661] Linking target tests/transfer/transfer
[4660/4661] Compiling C object tests/transfer/transfer-error.p/ue-context-transfer-error-case-test.c.o
[4661/4661] Linking target tests/transfer/transfer-error
ninja: Entering directory `build'
[0/1] Installing files.
Installing lib/core/libogscore.so.2.8.0 to /opt/model5g-baseline/lib/x86_64-linux-gnu
Installing lib/proto/libogsproto.so.2.8.0 to /opt/model5g-baseline/lib/x86_64-linux-gnu
Installing lib/dbi/libogsdbi.so.2.8.0 to /opt/model5g-baseline/lib/x86_64-linux-gnu
Installing lib/crypt/libogscrypt.so.2.8.0 to /opt/model5g-baseline/lib/x86_64-linux-gnu
Installing lib/ipfw/libogsipfw.so.2.8.0 to /opt/model5g-baseline/lib/x86_64-linux-gnu
Installing lib/tun/libogstun.so.2.8.0 to /opt/model5g-baseline/lib/x86_64-linux-gnu
Installing lib/app/libogsapp.so.2.8.0 to /opt/model5g-baseline/lib/x86_64-linux-gnu
Installing subprojects/prometheus-client-c/libprom.so to /opt/model5g-baseline/lib/x86_64-linux-gnu
Installing lib/metrics/libogsmetrics.so.2.8.0 to /opt/model5g-baseline/lib/x86_64-linux-gnu
Installing lib/sctp/libogssctp.so.2.8.0 to /opt/model5g-baseline/lib/x86_64-linux-gnu
Installing subprojects/freeDiameter/libfdproto/libfdproto.so.1.5.0 to /opt/model5g-baseline/lib/x86_64-linux-gnu
Installing subprojects/freeDiameter/libfdcore/libfdcore.so.1.5.0 to /opt/model5g-baseline/lib/x86_64-linux-gnu
Installing subprojects/freeDiameter/extensions/dbg_msg_dumps.fdx to /opt/model5g-baseline/lib/x86_64-linux-gnu/freeDiameter
Installing subprojects/freeDiameter/extensions/dict_rfc5777.fdx to /opt/model5g-baseline/lib/x86_64-linux-gnu/freeDiameter
Installing subprojects/freeDiameter/extensions/dict_mip6i.fdx to /opt/model5g-baseline/lib/x86_64-linux-gnu/freeDiameter
Installing subprojects/freeDiameter/extensions/dict_nasreq.fdx to /opt/model5g-baseline/lib/x86_64-linux-gnu/freeDiameter
Installing subprojects/freeDiameter/extensions/dict_nas_mipv6.fdx to /opt/model5g-baseline/lib/x86_64-linux-gnu/freeDiameter
Installing subprojects/freeDiameter/extensions/dict_dcca.fdx to /opt/model5g-baseline/lib/x86_64-linux-gnu/freeDiameter
Installing subprojects/freeDiameter/extensions/dict_dcca_3gpp/dict_dcca_3gpp.fdx to /opt/model5g-baseline/lib/x86_64-linux-gnu/freeDiameter
Installing subprojects/freeDiameter/extensions/acl_wl/acl_wl.fdx to /opt/model5g-baseline/lib/x86_64-linux-gnu/freeDiameter
Installing subprojects/freeDiameter/extensions/rt_redirect/rt_redirect.fdx to /opt/model5g-baseline/lib/x86_64-linux-gnu/freeDiameter
Installing subprojects/freeDiameter/extensions/rt_default/rt_default.fdx to /opt/model5g-baseline/lib/x86_64-linux-gnu/freeDiameter
Installing lib/diameter/common/libogsdiameter-common.so.2.8.0 to /opt/model5g-baseline/lib/x86_64-linux-gnu
Installing lib/diameter/gx/libogsdiameter-gx.so.2.8.0 to /opt/model5g-baseline/lib/x86_64-linux-gnu
Installing lib/diameter/gy/libogsdiameter-gy.so.2.8.0 to /opt/model5g-baseline/lib/x86_64-linux-gnu
Installing lib/diameter/rx/libogsdiameter-rx.so.2.8.0 to /opt/model5g-baseline/lib/x86_64-linux-gnu
Installing lib/diameter/s6a/libogsdiameter-s6a.so.2.8.0 to /opt/model5g-baseline/lib/x86_64-linux-gnu
Installing lib/diameter/cx/libogsdiameter-cx.so.2.8.0 to /opt/model5g-baseline/lib/x86_64-linux-gnu
Installing lib/diameter/swx/libogsdiameter-swx.so.2.8.0 to /opt/model5g-baseline/lib/x86_64-linux-gnu
Installing lib/diameter/s6b/libogsdiameter-s6b.so.2.8.0 to /opt/model5g-baseline/lib/x86_64-linux-gnu
Installing lib/asn1c/common/libogsasn1c-common.so.2.8.0 to /opt/model5g-baseline/lib/x86_64-linux-gnu
Installing lib/asn1c/util/libogsasn1c-util.so.2.8.0 to /opt/model5g-baseline/lib/x86_64-linux-gnu
Installing lib/asn1c/ngap/libogsasn1c-ngap.so.2.8.0 to /opt/model5g-baseline/lib/x86_64-linux-gnu
Installing lib/asn1c/s1ap/libogsasn1c-s1ap.so.2.8.0 to /opt/model5g-baseline/lib/x86_64-linux-gnu
Installing lib/ngap/libogsngap.so.2.8.0 to /opt/model5g-baseline/lib/x86_64-linux-gnu
Installing lib/s1ap/libogss1ap.so.2.8.0 to /opt/model5g-baseline/lib/x86_64-linux-gnu
Installing lib/nas/common/libogsnas-common.so.2.8.0 to /opt/model5g-baseline/lib/x86_64-linux-gnu
Installing lib/nas/5gs/libogsnas-5gs.so.2.8.0 to /opt/model5g-baseline/lib/x86_64-linux-gnu
Installing lib/nas/eps/libogsnas-eps.so.2.8.0 to /opt/model5g-baseline/lib/x86_64-linux-gnu
Installing lib/gtp/libogsgtp.so.2.8.0 to /opt/model5g-baseline/lib/x86_64-linux-gnu
Installing lib/pfcp/libogspfcp.so.2.8.0 to /opt/model5g-baseline/lib/x86_64-linux-gnu
Installing lib/sbi/openapi/libogssbi-openapi.so.2.8.0 to /opt/model5g-baseline/lib/x86_64-linux-gnu
Installing lib/sbi/libogssbi.so.2.8.0 to /opt/model5g-baseline/lib/x86_64-linux-gnu
Installing src/mme/open5gs-mmed to /opt/model5g-baseline/bin
Installing src/hss/open5gs-hssd to /opt/model5g-baseline/bin
Installing src/sgwc/open5gs-sgwcd to /opt/model5g-baseline/bin
Installing src/sgwu/open5gs-sgwud to /opt/model5g-baseline/bin
Installing src/pcrf/open5gs-pcrfd to /opt/model5g-baseline/bin
Installing src/nrf/open5gs-nrfd to /opt/model5g-baseline/bin
Installing src/scp/open5gs-scpd to /opt/model5g-baseline/bin
Installing src/sepp/open5gs-seppd to /opt/model5g-baseline/bin
Installing src/udr/open5gs-udrd to /opt/model5g-baseline/bin
Installing src/udm/open5gs-udmd to /opt/model5g-baseline/bin
Installing src/pcf/open5gs-pcfd to /opt/model5g-baseline/bin
Installing src/nssf/open5gs-nssfd to /opt/model5g-baseline/bin
Installing src/bsf/open5gs-bsfd to /opt/model5g-baseline/bin
Installing src/ausf/open5gs-ausfd to /opt/model5g-baseline/bin
Installing src/upf/open5gs-upfd to /opt/model5g-baseline/bin
Installing src/smf/open5gs-smfd to /opt/model5g-baseline/bin
Installing src/amf/open5gs-amfd to /opt/model5g-baseline/bin
Installing symlink pointing to libogscore.so.2.8.0 to /opt/model5g-baseline/lib/x86_64-linux-gnu/libogscore.so.2
Installing symlink pointing to libogscore.so.2 to /opt/model5g-baseline/lib/x86_64-linux-gnu/libogscore.so
Installing symlink pointing to libogsproto.so.2.8.0 to /opt/model5g-baseline/lib/x86_64-linux-gnu/libogsproto.so.2
Installing symlink pointing to libogsproto.so.2 to /opt/model5g-baseline/lib/x86_64-linux-gnu/libogsproto.so
Installing symlink pointing to libogsdbi.so.2.8.0 to /opt/model5g-baseline/lib/x86_64-linux-gnu/libogsdbi.so.2
Installing symlink pointing to libogsdbi.so.2 to /opt/model5g-baseline/lib/x86_64-linux-gnu/libogsdbi.so
Installing symlink pointing to libogscrypt.so.2.8.0 to /opt/model5g-baseline/lib/x86_64-linux-gnu/libogscrypt.so.2
Installing symlink pointing to libogscrypt.so.2 to /opt/model5g-baseline/lib/x86_64-linux-gnu/libogscrypt.so
Installing symlink pointing to libogsipfw.so.2.8.0 to /opt/model5g-baseline/lib/x86_64-linux-gnu/libogsipfw.so.2
Installing symlink pointing to libogsipfw.so.2 to /opt/model5g-baseline/lib/x86_64-linux-gnu/libogsipfw.so
Installing symlink pointing to libogstun.so.2.8.0 to /opt/model5g-baseline/lib/x86_64-linux-gnu/libogstun.so.2
Installing symlink pointing to libogstun.so.2 to /opt/model5g-baseline/lib/x86_64-linux-gnu/libogstun.so
Installing symlink pointing to libogsapp.so.2.8.0 to /opt/model5g-baseline/lib/x86_64-linux-gnu/libogsapp.so.2
Installing symlink pointing to libogsapp.so.2 to /opt/model5g-baseline/lib/x86_64-linux-gnu/libogsapp.so
Installing symlink pointing to libogsmetrics.so.2.8.0 to /opt/model5g-baseline/lib/x86_64-linux-gnu/libogsmetrics.so.2
Installing symlink pointing to libogsmetrics.so.2 to /opt/model5g-baseline/lib/x86_64-linux-gnu/libogsmetrics.so
Installing symlink pointing to libogssctp.so.2.8.0 to /opt/model5g-baseline/lib/x86_64-linux-gnu/libogssctp.so.2
Installing symlink pointing to libogssctp.so.2 to /opt/model5g-baseline/lib/x86_64-linux-gnu/libogssctp.so
Installing symlink pointing to libfdproto.so.1.5.0 to /opt/model5g-baseline/lib/x86_64-linux-gnu/libfdproto.so.7
Installing symlink pointing to libfdproto.so.7 to /opt/model5g-baseline/lib/x86_64-linux-gnu/libfdproto.so
Installing symlink pointing to libfdcore.so.1.5.0 to /opt/model5g-baseline/lib/x86_64-linux-gnu/libfdcore.so.7
Installing symlink pointing to libfdcore.so.7 to /opt/model5g-baseline/lib/x86_64-linux-gnu/libfdcore.so
Installing symlink pointing to libogsdiameter-common.so.2.8.0 to /opt/model5g-baseline/lib/x86_64-linux-gnu/libogsdiameter-common.so.2
Installing symlink pointing to libogsdiameter-common.so.2 to /opt/model5g-baseline/lib/x86_64-linux-gnu/libogsdiameter-common.so
Installing symlink pointing to libogsdiameter-gx.so.2.8.0 to /opt/model5g-baseline/lib/x86_64-linux-gnu/libogsdiameter-gx.so.2
Installing symlink pointing to libogsdiameter-gx.so.2 to /opt/model5g-baseline/lib/x86_64-linux-gnu/libogsdiameter-gx.so
Installing symlink pointing to libogsdiameter-gy.so.2.8.0 to /opt/model5g-baseline/lib/x86_64-linux-gnu/libogsdiameter-gy.so.2
Installing symlink pointing to libogsdiameter-gy.so.2 to /opt/model5g-baseline/lib/x86_64-linux-gnu/libogsdiameter-gy.so
Installing symlink pointing to libogsdiameter-rx.so.2.8.0 to /opt/model5g-baseline/lib/x86_64-linux-gnu/libogsdiameter-rx.so.2
Installing symlink pointing to libogsdiameter-rx.so.2 to /opt/model5g-baseline/lib/x86_64-linux-gnu/libogsdiameter-rx.so
Installing symlink pointing to libogsdiameter-s6a.so.2.8.0 to /opt/model5g-baseline/lib/x86_64-linux-gnu/libogsdiameter-s6a.so.2
Installing symlink pointing to libogsdiameter-s6a.so.2 to /opt/model5g-baseline/lib/x86_64-linux-gnu/libogsdiameter-s6a.so
Installing symlink pointing to libogsdiameter-cx.so.2.8.0 to /opt/model5g-baseline/lib/x86_64-linux-gnu/libogsdiameter-cx.so.2
Installing symlink pointing to libogsdiameter-cx.so.2 to /opt/model5g-baseline/lib/x86_64-linux-gnu/libogsdiameter-cx.so
Installing symlink pointing to libogsdiameter-swx.so.2.8.0 to /opt/model5g-baseline/lib/x86_64-linux-gnu/libogsdiameter-swx.so.2
Installing symlink pointing to libogsdiameter-swx.so.2 to /opt/model5g-baseline/lib/x86_64-linux-gnu/libogsdiameter-swx.so
Installing symlink pointing to libogsdiameter-s6b.so.2.8.0 to /opt/model5g-baseline/lib/x86_64-linux-gnu/libogsdiameter-s6b.so.2
Installing symlink pointing to libogsdiameter-s6b.so.2 to /opt/model5g-baseline/lib/x86_64-linux-gnu/libogsdiameter-s6b.so
Installing symlink pointing to libogsasn1c-common.so.2.8.0 to /opt/model5g-baseline/lib/x86_64-linux-gnu/libogsasn1c-common.so.2
Installing symlink pointing to libogsasn1c-common.so.2 to /opt/model5g-baseline/lib/x86_64-linux-gnu/libogsasn1c-common.so
Installing symlink pointing to libogsasn1c-util.so.2.8.0 to /opt/model5g-baseline/lib/x86_64-linux-gnu/libogsasn1c-util.so.2
Installing symlink pointing to libogsasn1c-util.so.2 to /opt/model5g-baseline/lib/x86_64-linux-gnu/libogsasn1c-util.so
Installing symlink pointing to libogsasn1c-ngap.so.2.8.0 to /opt/model5g-baseline/lib/x86_64-linux-gnu/libogsasn1c-ngap.so.2
Installing symlink pointing to libogsasn1c-ngap.so.2 to /opt/model5g-baseline/lib/x86_64-linux-gnu/libogsasn1c-ngap.so
Installing symlink pointing to libogsasn1c-s1ap.so.2.8.0 to /opt/model5g-baseline/lib/x86_64-linux-gnu/libogsasn1c-s1ap.so.2
Installing symlink pointing to libogsasn1c-s1ap.so.2 to /opt/model5g-baseline/lib/x86_64-linux-gnu/libogsasn1c-s1ap.so
Installing symlink pointing to libogsngap.so.2.8.0 to /opt/model5g-baseline/lib/x86_64-linux-gnu/libogsngap.so.2
Installing symlink pointing to libogsngap.so.2 to /opt/model5g-baseline/lib/x86_64-linux-gnu/libogsngap.so
Installing symlink pointing to libogss1ap.so.2.8.0 to /opt/model5g-baseline/lib/x86_64-linux-gnu/libogss1ap.so.2
Installing symlink pointing to libogss1ap.so.2 to /opt/model5g-baseline/lib/x86_64-linux-gnu/libogss1ap.so
Installing symlink pointing to libogsnas-common.so.2.8.0 to /opt/model5g-baseline/lib/x86_64-linux-gnu/libogsnas-common.so.2
Installing symlink pointing to libogsnas-common.so.2 to /opt/model5g-baseline/lib/x86_64-linux-gnu/libogsnas-common.so
Installing symlink pointing to libogsnas-5gs.so.2.8.0 to /opt/model5g-baseline/lib/x86_64-linux-gnu/libogsnas-5gs.so.2
Installing symlink pointing to libogsnas-5gs.so.2 to /opt/model5g-baseline/lib/x86_64-linux-gnu/libogsnas-5gs.so
Installing symlink pointing to libogsnas-eps.so.2.8.0 to /opt/model5g-baseline/lib/x86_64-linux-gnu/libogsnas-eps.so.2
Installing symlink pointing to libogsnas-eps.so.2 to /opt/model5g-baseline/lib/x86_64-linux-gnu/libogsnas-eps.so
Installing symlink pointing to libogsgtp.so.2.8.0 to /opt/model5g-baseline/lib/x86_64-linux-gnu/libogsgtp.so.2
Installing symlink pointing to libogsgtp.so.2 to /opt/model5g-baseline/lib/x86_64-linux-gnu/libogsgtp.so
Installing symlink pointing to libogspfcp.so.2.8.0 to /opt/model5g-baseline/lib/x86_64-linux-gnu/libogspfcp.so.2
Installing symlink pointing to libogspfcp.so.2 to /opt/model5g-baseline/lib/x86_64-linux-gnu/libogspfcp.so
Installing symlink pointing to libogssbi-openapi.so.2.8.0 to /opt/model5g-baseline/lib/x86_64-linux-gnu/libogssbi-openapi.so.2
Installing symlink pointing to libogssbi-openapi.so.2 to /opt/model5g-baseline/lib/x86_64-linux-gnu/libogssbi-openapi.so
Installing symlink pointing to libogssbi.so.2.8.0 to /opt/model5g-baseline/lib/x86_64-linux-gnu/libogssbi.so.2
Installing symlink pointing to libogssbi.so.2 to /opt/model5g-baseline/lib/x86_64-linux-gnu/libogssbi.so
Running custom install script '/opt/venv/bin/python3 -c import os; os.makedirs("/opt/model5g-baseline/var/log/open5gs/tls", exist_ok=True) if not os.environ.get("DESTDIR") else False;'
Running custom install script '/opt/venv/bin/python3 -c import os; os.makedirs("/opt/model5g-baseline/etc/open5gs", exist_ok=True) if not os.environ.get("DESTDIR") else False;'
Running custom install script '/opt/venv/bin/python3 -c import os; import shutil; shutil.copy("configs/open5gs/mme.yaml", "/opt/model5g-baseline/etc/open5gs") if not os.environ.get("DESTDIR") and not os.path.isfile(os.path.join("/opt/model5g-baseline/etc/open5gs", os.path.split("configs/open5gs/mme.yaml")[1])) else False;'
Running custom install script '/opt/venv/bin/python3 -c import os; import shutil; shutil.copy("configs/open5gs/sgwc.yaml", "/opt/model5g-baseline/etc/open5gs") if not os.environ.get("DESTDIR") and not os.path.isfile(os.path.join("/opt/model5g-baseline/etc/open5gs", os.path.split("configs/open5gs/sgwc.yaml")[1])) else False;'
Running custom install script '/opt/venv/bin/python3 -c import os; import shutil; shutil.copy("configs/open5gs/sgwu.yaml", "/opt/model5g-baseline/etc/open5gs") if not os.environ.get("DESTDIR") and not os.path.isfile(os.path.join("/opt/model5g-baseline/etc/open5gs", os.path.split("configs/open5gs/sgwu.yaml")[1])) else False;'
Running custom install script '/opt/venv/bin/python3 -c import os; import shutil; shutil.copy("configs/open5gs/smf.yaml", "/opt/model5g-baseline/etc/open5gs") if not os.environ.get("DESTDIR") and not os.path.isfile(os.path.join("/opt/model5g-baseline/etc/open5gs", os.path.split("configs/open5gs/smf.yaml")[1])) else False;'
Running custom install script '/opt/venv/bin/python3 -c import os; import shutil; shutil.copy("configs/open5gs/amf.yaml", "/opt/model5g-baseline/etc/open5gs") if not os.environ.get("DESTDIR") and not os.path.isfile(os.path.join("/opt/model5g-baseline/etc/open5gs", os.path.split("configs/open5gs/amf.yaml")[1])) else False;'
Running custom install script '/opt/venv/bin/python3 -c import os; import shutil; shutil.copy("configs/open5gs/upf.yaml", "/opt/model5g-baseline/etc/open5gs") if not os.environ.get("DESTDIR") and not os.path.isfile(os.path.join("/opt/model5g-baseline/etc/open5gs", os.path.split("configs/open5gs/upf.yaml")[1])) else False;'
Running custom install script '/opt/venv/bin/python3 -c import os; import shutil; shutil.copy("configs/open5gs/hss.yaml", "/opt/model5g-baseline/etc/open5gs") if not os.environ.get("DESTDIR") and not os.path.isfile(os.path.join("/opt/model5g-baseline/etc/open5gs", os.path.split("configs/open5gs/hss.yaml")[1])) else False;'
Running custom install script '/opt/venv/bin/python3 -c import os; import shutil; shutil.copy("configs/open5gs/pcrf.yaml", "/opt/model5g-baseline/etc/open5gs") if not os.environ.get("DESTDIR") and not os.path.isfile(os.path.join("/opt/model5g-baseline/etc/open5gs", os.path.split("configs/open5gs/pcrf.yaml")[1])) else False;'
Running custom install script '/opt/venv/bin/python3 -c import os; import shutil; shutil.copy("configs/open5gs/nrf.yaml", "/opt/model5g-baseline/etc/open5gs") if not os.environ.get("DESTDIR") and not os.path.isfile(os.path.join("/opt/model5g-baseline/etc/open5gs", os.path.split("configs/open5gs/nrf.yaml")[1])) else False;'
Running custom install script '/opt/venv/bin/python3 -c import os; import shutil; shutil.copy("configs/open5gs/scp.yaml", "/opt/model5g-baseline/etc/open5gs") if not os.environ.get("DESTDIR") and not os.path.isfile(os.path.join("/opt/model5g-baseline/etc/open5gs", os.path.split("configs/open5gs/scp.yaml")[1])) else False;'
Running custom install script '/opt/venv/bin/python3 -c import os; import shutil; shutil.copy("configs/open5gs/sepp1.yaml", "/opt/model5g-baseline/etc/open5gs") if not os.environ.get("DESTDIR") and not os.path.isfile(os.path.join("/opt/model5g-baseline/etc/open5gs", os.path.split("configs/open5gs/sepp1.yaml")[1])) else False;'
Running custom install script '/opt/venv/bin/python3 -c import os; import shutil; shutil.copy("configs/open5gs/sepp2.yaml", "/opt/model5g-baseline/etc/open5gs") if not os.environ.get("DESTDIR") and not os.path.isfile(os.path.join("/opt/model5g-baseline/etc/open5gs", os.path.split("configs/open5gs/sepp2.yaml")[1])) else False;'
Running custom install script '/opt/venv/bin/python3 -c import os; import shutil; shutil.copy("configs/open5gs/ausf.yaml", "/opt/model5g-baseline/etc/open5gs") if not os.environ.get("DESTDIR") and not os.path.isfile(os.path.join("/opt/model5g-baseline/etc/open5gs", os.path.split("configs/open5gs/ausf.yaml")[1])) else False;'
Running custom install script '/opt/venv/bin/python3 -c import os; import shutil; shutil.copy("configs/open5gs/udm.yaml", "/opt/model5g-baseline/etc/open5gs") if not os.environ.get("DESTDIR") and not os.path.isfile(os.path.join("/opt/model5g-baseline/etc/open5gs", os.path.split("configs/open5gs/udm.yaml")[1])) else False;'
Running custom install script '/opt/venv/bin/python3 -c import os; import shutil; shutil.copy("configs/open5gs/udr.yaml", "/opt/model5g-baseline/etc/open5gs") if not os.environ.get("DESTDIR") and not os.path.isfile(os.path.join("/opt/model5g-baseline/etc/open5gs", os.path.split("configs/open5gs/udr.yaml")[1])) else False;'
Running custom install script '/opt/venv/bin/python3 -c import os; import shutil; shutil.copy("configs/open5gs/pcf.yaml", "/opt/model5g-baseline/etc/open5gs") if not os.environ.get("DESTDIR") and not os.path.isfile(os.path.join("/opt/model5g-baseline/etc/open5gs", os.path.split("configs/open5gs/pcf.yaml")[1])) else False;'
Running custom install script '/opt/venv/bin/python3 -c import os; import shutil; shutil.copy("configs/open5gs/nssf.yaml", "/opt/model5g-baseline/etc/open5gs") if not os.environ.get("DESTDIR") and not os.path.isfile(os.path.join("/opt/model5g-baseline/etc/open5gs", os.path.split("configs/open5gs/nssf.yaml")[1])) else False;'
Running custom install script '/opt/venv/bin/python3 -c import os; import shutil; shutil.copy("configs/open5gs/bsf.yaml", "/opt/model5g-baseline/etc/open5gs") if not os.environ.get("DESTDIR") and not os.path.isfile(os.path.join("/opt/model5g-baseline/etc/open5gs", os.path.split("configs/open5gs/bsf.yaml")[1])) else False;'
Running custom install script '/opt/venv/bin/python3 -c import os; os.makedirs("/opt/model5g-baseline/etc/open5gs/tls", exist_ok=True) if not os.environ.get("DESTDIR") else False;'
Running custom install script '/opt/venv/bin/python3 -c import os; import shutil; shutil.copy("configs/open5gs/tls/ca.crt", "/opt/model5g-baseline/etc/open5gs/tls") if not os.environ.get("DESTDIR") and not os.path.isfile(os.path.join("/opt/model5g-baseline/etc/open5gs/tls", os.path.split("configs/open5gs/tls/ca.crt")[1])) else False;'
Running custom install script '/opt/venv/bin/python3 -c import os; import shutil; shutil.copy("configs/open5gs/tls/amf.key", "/opt/model5g-baseline/etc/open5gs/tls") if not os.environ.get("DESTDIR") and not os.path.isfile(os.path.join("/opt/model5g-baseline/etc/open5gs/tls", os.path.split("configs/open5gs/tls/amf.key")[1])) else False;'
Running custom install script '/opt/venv/bin/python3 -c import os; import shutil; shutil.copy("configs/open5gs/tls/ausf.key", "/opt/model5g-baseline/etc/open5gs/tls") if not os.environ.get("DESTDIR") and not os.path.isfile(os.path.join("/opt/model5g-baseline/etc/open5gs/tls", os.path.split("configs/open5gs/tls/ausf.key")[1])) else False;'
Running custom install script '/opt/venv/bin/python3 -c import os; import shutil; shutil.copy("configs/open5gs/tls/bsf.key", "/opt/model5g-baseline/etc/open5gs/tls") if not os.environ.get("DESTDIR") and not os.path.isfile(os.path.join("/opt/model5g-baseline/etc/open5gs/tls", os.path.split("configs/open5gs/tls/bsf.key")[1])) else False;'
Running custom install script '/opt/venv/bin/python3 -c import os; import shutil; shutil.copy("configs/open5gs/tls/hss.key", "/opt/model5g-baseline/etc/open5gs/tls") if not os.environ.get("DESTDIR") and not os.path.isfile(os.path.join("/opt/model5g-baseline/etc/open5gs/tls", os.path.split("configs/open5gs/tls/hss.key")[1])) else False;'
Running custom install script '/opt/venv/bin/python3 -c import os; import shutil; shutil.copy("configs/open5gs/tls/mme.key", "/opt/model5g-baseline/etc/open5gs/tls") if not os.environ.get("DESTDIR") and not os.path.isfile(os.path.join("/opt/model5g-baseline/etc/open5gs/tls", os.path.split("configs/open5gs/tls/mme.key")[1])) else False;'
Running custom install script '/opt/venv/bin/python3 -c import os; import shutil; shutil.copy("configs/open5gs/tls/nrf.key", "/opt/model5g-baseline/etc/open5gs/tls") if not os.environ.get("DESTDIR") and not os.path.isfile(os.path.join("/opt/model5g-baseline/etc/open5gs/tls", os.path.split("configs/open5gs/tls/nrf.key")[1])) else False;'
Running custom install script '/opt/venv/bin/python3 -c import os; import shutil; shutil.copy("configs/open5gs/tls/nssf.key", "/opt/model5g-baseline/etc/open5gs/tls") if not os.environ.get("DESTDIR") and not os.path.isfile(os.path.join("/opt/model5g-baseline/etc/open5gs/tls", os.path.split("configs/open5gs/tls/nssf.key")[1])) else False;'
Running custom install script '/opt/venv/bin/python3 -c import os; import shutil; shutil.copy("configs/open5gs/tls/pcf.key", "/opt/model5g-baseline/etc/open5gs/tls") if not os.environ.get("DESTDIR") and not os.path.isfile(os.path.join("/opt/model5g-baseline/etc/open5gs/tls", os.path.split("configs/open5gs/tls/pcf.key")[1])) else False;'
Running custom install script '/opt/venv/bin/python3 -c import os; import shutil; shutil.copy("configs/open5gs/tls/pcrf.key", "/opt/model5g-baseline/etc/open5gs/tls") if not os.environ.get("DESTDIR") and not os.path.isfile(os.path.join("/opt/model5g-baseline/etc/open5gs/tls", os.path.split("configs/open5gs/tls/pcrf.key")[1])) else False;'
Running custom install script '/opt/venv/bin/python3 -c import os; import shutil; shutil.copy("configs/open5gs/tls/scp.key", "/opt/model5g-baseline/etc/open5gs/tls") if not os.environ.get("DESTDIR") and not os.path.isfile(os.path.join("/opt/model5g-baseline/etc/open5gs/tls", os.path.split("configs/open5gs/tls/scp.key")[1])) else False;'
Running custom install script '/opt/venv/bin/python3 -c import os; import shutil; shutil.copy("configs/open5gs/tls/smf.key", "/opt/model5g-baseline/etc/open5gs/tls") if not os.environ.get("DESTDIR") and not os.path.isfile(os.path.join("/opt/model5g-baseline/etc/open5gs/tls", os.path.split("configs/open5gs/tls/smf.key")[1])) else False;'
Running custom install script '/opt/venv/bin/python3 -c import os; import shutil; shutil.copy("configs/open5gs/tls/udm.key", "/opt/model5g-baseline/etc/open5gs/tls") if not os.environ.get("DESTDIR") and not os.path.isfile(os.path.join("/opt/model5g-baseline/etc/open5gs/tls", os.path.split("configs/open5gs/tls/udm.key")[1])) else False;'
Running custom install script '/opt/venv/bin/python3 -c import os; import shutil; shutil.copy("configs/open5gs/tls/udr.key", "/opt/model5g-baseline/etc/open5gs/tls") if not os.environ.get("DESTDIR") and not os.path.isfile(os.path.join("/opt/model5g-baseline/etc/open5gs/tls", os.path.split("configs/open5gs/tls/udr.key")[1])) else False;'
Running custom install script '/opt/venv/bin/python3 -c import os; import shutil; shutil.copy("configs/open5gs/tls/amf.crt", "/opt/model5g-baseline/etc/open5gs/tls") if not os.environ.get("DESTDIR") and not os.path.isfile(os.path.join("/opt/model5g-baseline/etc/open5gs/tls", os.path.split("configs/open5gs/tls/amf.crt")[1])) else False;'
Running custom install script '/opt/venv/bin/python3 -c import os; import shutil; shutil.copy("configs/open5gs/tls/ausf.crt", "/opt/model5g-baseline/etc/open5gs/tls") if not os.environ.get("DESTDIR") and not os.path.isfile(os.path.join("/opt/model5g-baseline/etc/open5gs/tls", os.path.split("configs/open5gs/tls/ausf.crt")[1])) else False;'
Running custom install script '/opt/venv/bin/python3 -c import os; import shutil; shutil.copy("configs/open5gs/tls/bsf.crt", "/opt/model5g-baseline/etc/open5gs/tls") if not os.environ.get("DESTDIR") and not os.path.isfile(os.path.join("/opt/model5g-baseline/etc/open5gs/tls", os.path.split("configs/open5gs/tls/bsf.crt")[1])) else False;'
Running custom install script '/opt/venv/bin/python3 -c import os; import shutil; shutil.copy("configs/open5gs/tls/hss.crt", "/opt/model5g-baseline/etc/open5gs/tls") if not os.environ.get("DESTDIR") and not os.path.isfile(os.path.join("/opt/model5g-baseline/etc/open5gs/tls", os.path.split("configs/open5gs/tls/hss.crt")[1])) else False;'
Running custom install script '/opt/venv/bin/python3 -c import os; import shutil; shutil.copy("configs/open5gs/tls/mme.crt", "/opt/model5g-baseline/etc/open5gs/tls") if not os.environ.get("DESTDIR") and not os.path.isfile(os.path.join("/opt/model5g-baseline/etc/open5gs/tls", os.path.split("configs/open5gs/tls/mme.crt")[1])) else False;'
Running custom install script '/opt/venv/bin/python3 -c import os; import shutil; shutil.copy("configs/open5gs/tls/nrf.crt", "/opt/model5g-baseline/etc/open5gs/tls") if not os.environ.get("DESTDIR") and not os.path.isfile(os.path.join("/opt/model5g-baseline/etc/open5gs/tls", os.path.split("configs/open5gs/tls/nrf.crt")[1])) else False;'
Running custom install script '/opt/venv/bin/python3 -c import os; import shutil; shutil.copy("configs/open5gs/tls/nssf.crt", "/opt/model5g-baseline/etc/open5gs/tls") if not os.environ.get("DESTDIR") and not os.path.isfile(os.path.join("/opt/model5g-baseline/etc/open5gs/tls", os.path.split("configs/open5gs/tls/nssf.crt")[1])) else False;'
Running custom install script '/opt/venv/bin/python3 -c import os; import shutil; shutil.copy("configs/open5gs/tls/pcf.crt", "/opt/model5g-baseline/etc/open5gs/tls") if not os.environ.get("DESTDIR") and not os.path.isfile(os.path.join("/opt/model5g-baseline/etc/open5gs/tls", os.path.split("configs/open5gs/tls/pcf.crt")[1])) else False;'
Running custom install script '/opt/venv/bin/python3 -c import os; import shutil; shutil.copy("configs/open5gs/tls/pcrf.crt", "/opt/model5g-baseline/etc/open5gs/tls") if not os.environ.get("DESTDIR") and not os.path.isfile(os.path.join("/opt/model5g-baseline/etc/open5gs/tls", os.path.split("configs/open5gs/tls/pcrf.crt")[1])) else False;'
Running custom install script '/opt/venv/bin/python3 -c import os; import shutil; shutil.copy("configs/open5gs/tls/scp.crt", "/opt/model5g-baseline/etc/open5gs/tls") if not os.environ.get("DESTDIR") and not os.path.isfile(os.path.join("/opt/model5g-baseline/etc/open5gs/tls", os.path.split("configs/open5gs/tls/scp.crt")[1])) else False;'
Running custom install script '/opt/venv/bin/python3 -c import os; import shutil; shutil.copy("configs/open5gs/tls/smf.crt", "/opt/model5g-baseline/etc/open5gs/tls") if not os.environ.get("DESTDIR") and not os.path.isfile(os.path.join("/opt/model5g-baseline/etc/open5gs/tls", os.path.split("configs/open5gs/tls/smf.crt")[1])) else False;'
Running custom install script '/opt/venv/bin/python3 -c import os; import shutil; shutil.copy("configs/open5gs/tls/udm.crt", "/opt/model5g-baseline/etc/open5gs/tls") if not os.environ.get("DESTDIR") and not os.path.isfile(os.path.join("/opt/model5g-baseline/etc/open5gs/tls", os.path.split("configs/open5gs/tls/udm.crt")[1])) else False;'
Running custom install script '/opt/venv/bin/python3 -c import os; import shutil; shutil.copy("configs/open5gs/tls/udr.crt", "/opt/model5g-baseline/etc/open5gs/tls") if not os.environ.get("DESTDIR") and not os.path.isfile(os.path.join("/opt/model5g-baseline/etc/open5gs/tls", os.path.split("configs/open5gs/tls/udr.crt")[1])) else False;'
Running custom install script '/opt/venv/bin/python3 -c import os; import shutil; shutil.copy("configs/open5gs/tls/sepp1.key", "/opt/model5g-baseline/etc/open5gs/tls") if not os.environ.get("DESTDIR") and not os.path.isfile(os.path.join("/opt/model5g-baseline/etc/open5gs/tls", os.path.split("configs/open5gs/tls/sepp1.key")[1])) else False;'
Running custom install script '/opt/venv/bin/python3 -c import os; import shutil; shutil.copy("configs/open5gs/tls/sepp1.crt", "/opt/model5g-baseline/etc/open5gs/tls") if not os.environ.get("DESTDIR") and not os.path.isfile(os.path.join("/opt/model5g-baseline/etc/open5gs/tls", os.path.split("configs/open5gs/tls/sepp1.crt")[1])) else False;'
Running custom install script '/opt/venv/bin/python3 -c import os; import shutil; shutil.copy("configs/open5gs/tls/sepp2.key", "/opt/model5g-baseline/etc/open5gs/tls") if not os.environ.get("DESTDIR") and not os.path.isfile(os.path.join("/opt/model5g-baseline/etc/open5gs/tls", os.path.split("configs/open5gs/tls/sepp2.key")[1])) else False;'
Running custom install script '/opt/venv/bin/python3 -c import os; import shutil; shutil.copy("configs/open5gs/tls/sepp2.crt", "/opt/model5g-baseline/etc/open5gs/tls") if not os.environ.get("DESTDIR") and not os.path.isfile(os.path.join("/opt/model5g-baseline/etc/open5gs/tls", os.path.split("configs/open5gs/tls/sepp2.crt")[1])) else False;'
Running custom install script '/opt/venv/bin/python3 -c import os; import shutil; shutil.copy("configs/open5gs/tls/sepp3.key", "/opt/model5g-baseline/etc/open5gs/tls") if not os.environ.get("DESTDIR") and not os.path.isfile(os.path.join("/opt/model5g-baseline/etc/open5gs/tls", os.path.split("configs/open5gs/tls/sepp3.key")[1])) else False;'
Running custom install script '/opt/venv/bin/python3 -c import os; import shutil; shutil.copy("configs/open5gs/tls/sepp3.crt", "/opt/model5g-baseline/etc/open5gs/tls") if not os.environ.get("DESTDIR") and not os.path.isfile(os.path.join("/opt/model5g-baseline/etc/open5gs/tls", os.path.split("configs/open5gs/tls/sepp3.crt")[1])) else False;'
Running custom install script '/opt/venv/bin/python3 -c import os; os.makedirs("/opt/model5g-baseline/etc/open5gs/hnet", exist_ok=True) if not os.environ.get("DESTDIR") else False;'
Running custom install script '/opt/venv/bin/python3 -c import os; import shutil; shutil.copy("configs/open5gs/hnet/curve25519-1.key", "/opt/model5g-baseline/etc/open5gs/hnet") if not os.environ.get("DESTDIR") and not os.path.isfile(os.path.join("/opt/model5g-baseline/etc/open5gs/hnet", os.path.split("configs/open5gs/hnet/curve25519-1.key")[1])) else False;'
Running custom install script '/opt/venv/bin/python3 -c import os; import shutil; shutil.copy("configs/open5gs/hnet/secp256r1-2.key", "/opt/model5g-baseline/etc/open5gs/hnet") if not os.environ.get("DESTDIR") and not os.path.isfile(os.path.join("/opt/model5g-baseline/etc/open5gs/hnet", os.path.split("configs/open5gs/hnet/secp256r1-2.key")[1])) else False;'
Running custom install script '/opt/venv/bin/python3 -c import os; import shutil; shutil.copy("configs/open5gs/hnet/curve25519-3.key", "/opt/model5g-baseline/etc/open5gs/hnet") if not os.environ.get("DESTDIR") and not os.path.isfile(os.path.join("/opt/model5g-baseline/etc/open5gs/hnet", os.path.split("configs/open5gs/hnet/curve25519-3.key")[1])) else False;'
Running custom install script '/opt/venv/bin/python3 -c import os; import shutil; shutil.copy("configs/open5gs/hnet/secp256r1-4.key", "/opt/model5g-baseline/etc/open5gs/hnet") if not os.environ.get("DESTDIR") and not os.path.isfile(os.path.join("/opt/model5g-baseline/etc/open5gs/hnet", os.path.split("configs/open5gs/hnet/secp256r1-4.key")[1])) else False;'
Running custom install script '/opt/venv/bin/python3 -c import os; import shutil; shutil.copy("configs/open5gs/hnet/curve25519-5.key", "/opt/model5g-baseline/etc/open5gs/hnet") if not os.environ.get("DESTDIR") and not os.path.isfile(os.path.join("/opt/model5g-baseline/etc/open5gs/hnet", os.path.split("configs/open5gs/hnet/curve25519-5.key")[1])) else False;'
Running custom install script '/opt/venv/bin/python3 -c import os; import shutil; shutil.copy("configs/open5gs/hnet/secp256r1-6.key", "/opt/model5g-baseline/etc/open5gs/hnet") if not os.environ.get("DESTDIR") and not os.path.isfile(os.path.join("/opt/model5g-baseline/etc/open5gs/hnet", os.path.split("configs/open5gs/hnet/secp256r1-6.key")[1])) else False;'
Running custom install script '/opt/venv/bin/python3 -c import os; os.makedirs("/opt/model5g-baseline/etc/freeDiameter", exist_ok=True) if not os.environ.get("DESTDIR") else False;'
Running custom install script '/opt/venv/bin/python3 -c import os; import shutil; shutil.copy("configs/freeDiameter/mme.conf", "/opt/model5g-baseline/etc/freeDiameter") if not os.environ.get("DESTDIR") and not os.path.isfile(os.path.join("/opt/model5g-baseline/etc/freeDiameter", os.path.split("configs/freeDiameter/mme.conf")[1])) else False;'
Running custom install script '/opt/venv/bin/python3 -c import os; import shutil; shutil.copy("configs/freeDiameter/hss.conf", "/opt/model5g-baseline/etc/freeDiameter") if not os.environ.get("DESTDIR") and not os.path.isfile(os.path.join("/opt/model5g-baseline/etc/freeDiameter", os.path.split("configs/freeDiameter/hss.conf")[1])) else False;'
Running custom install script '/opt/venv/bin/python3 -c import os; import shutil; shutil.copy("configs/freeDiameter/smf.conf", "/opt/model5g-baseline/etc/freeDiameter") if not os.environ.get("DESTDIR") and not os.path.isfile(os.path.join("/opt/model5g-baseline/etc/freeDiameter", os.path.split("configs/freeDiameter/smf.conf")[1])) else False;'
Running custom install script '/opt/venv/bin/python3 -c import os; import shutil; shutil.copy("configs/freeDiameter/pcrf.conf", "/opt/model5g-baseline/etc/freeDiameter") if not os.environ.get("DESTDIR") and not os.path.isfile(os.path.join("/opt/model5g-baseline/etc/freeDiameter", os.path.split("configs/freeDiameter/pcrf.conf")[1])) else False;'
