UERANSIM v3.2.7
[2026-09-30 15:08:55.827] [999700000000012|nas] [info] UE switches to state [MM-DEREGISTERED/PLMN-SEARCH]
[2026-09-30 15:08:55.827] [999700000000011|nas] [info] UE switches to state [MM-DEREGISTERED/PLMN-SEARCH]
[2026-09-30 15:08:55.828] [999700000000011|rrc] [debug] New signal detected for cell[1], total [1] cells in coverage
[2026-09-30 15:08:55.828] [999700000000011|nas] [info] Selected plmn[999/70]
[2026-09-30 15:08:55.828] [999700000000011|rrc] [info] Selected cell plmn[999/70] tac[1] category[SUITABLE]
[2026-09-30 15:08:55.828] [999700000000011|nas] [info] UE switches to state [MM-DEREGISTERED/PS]
[2026-09-30 15:08:55.828] [999700000000011|nas] [info] UE switches to state [MM-DEREGISTERED/NORMAL-SERVICE]
[2026-09-30 15:08:55.828] [999700000000011|nas] [debug] Initial registration required due to [MM-DEREG-NORMAL-SERVICE]
[2026-09-30 15:08:55.828] [999700000000011|nas] [debug] UAC access attempt is allowed for identity[0], category[MO_sig]
[2026-09-30 15:08:55.828] [999700000000011|nas] [debug] Sending Initial Registration
[2026-09-30 15:08:55.828] [999700000000010|nas] [info] UE switches to state [MM-DEREGISTERED/PLMN-SEARCH]
[2026-09-30 15:08:55.828] [999700000000011|nas] [info] UE switches to state [MM-REGISTER-INITIATED]
[2026-09-30 15:08:55.828] [999700000000012|rrc] [debug] New signal detected for cell[1], total [1] cells in coverage
[2026-09-30 15:08:55.828] [999700000000011|rrc] [debug] Sending RRC Setup Request
[2026-09-30 15:08:55.828] [999700000000010|rrc] [debug] New signal detected for cell[1], total [1] cells in coverage
[2026-09-30 15:08:55.828] [999700000000012|nas] [info] Selected plmn[999/70]
[2026-09-30 15:08:55.828] [999700000000012|rrc] [info] Selected cell plmn[999/70] tac[1] category[SUITABLE]
[2026-09-30 15:08:55.828] [999700000000008|nas] [info] UE switches to state [MM-DEREGISTERED/PLMN-SEARCH]
[2026-09-30 15:08:55.828] [999700000000010|nas] [info] Selected plmn[999/70]
[2026-09-30 15:08:55.828] [999700000000012|nas] [info] UE switches to state [MM-DEREGISTERED/PS]
[2026-09-30 15:08:55.828] [999700000000012|nas] [info] UE switches to state [MM-DEREGISTERED/NORMAL-SERVICE]
[2026-09-30 15:08:55.828] [999700000000012|nas] [debug] Initial registration required due to [MM-DEREG-NORMAL-SERVICE]
[2026-09-30 15:08:55.828] [999700000000010|rrc] [info] Selected cell plmn[999/70] tac[1] category[SUITABLE]
[2026-09-30 15:08:55.828] [999700000000010|nas] [info] UE switches to state [MM-DEREGISTERED/PS]
[2026-09-30 15:08:55.828] [999700000000010|nas] [info] UE switches to state [MM-DEREGISTERED/NORMAL-SERVICE]
[2026-09-30 15:08:55.828] [999700000000010|nas] [debug] Initial registration required due to [MM-DEREG-NORMAL-SERVICE]
[2026-09-30 15:08:55.829] [999700000000010|nas] [debug] UAC access attempt is allowed for identity[0], category[MO_sig]
[2026-09-30 15:08:55.829] [999700000000010|nas] [debug] Sending Initial Registration
[2026-09-30 15:08:55.829] [999700000000010|nas] [info] UE switches to state [MM-REGISTER-INITIATED]
[2026-09-30 15:08:55.829] [999700000000010|rrc] [debug] Sending RRC Setup Request
[2026-09-30 15:08:55.829] [999700000000012|nas] [debug] UAC access attempt is allowed for identity[0], category[MO_sig]
[2026-09-30 15:08:55.829] [999700000000012|nas] [debug] Sending Initial Registration
[2026-09-30 15:08:55.829] [999700000000012|nas] [info] UE switches to state [MM-REGISTER-INITIATED]
[2026-09-30 15:08:55.829] [999700000000012|rrc] [debug] Sending RRC Setup Request
[2026-09-30 15:08:55.829] [999700000000009|nas] [info] UE switches to state [MM-DEREGISTERED/PLMN-SEARCH]
[2026-09-30 15:08:55.829] [999700000000007|nas] [info] UE switches to state [MM-DEREGISTERED/PLMN-SEARCH]
[2026-09-30 15:08:55.829] [999700000000008|rrc] [debug] New signal detected for cell[1], total [1] cells in coverage
[2026-09-30 15:08:55.829] [999700000000011|rrc] [info] RRC connection established
[2026-09-30 15:08:55.829] [999700000000011|rrc] [info] UE switches to state [RRC-CONNECTED]
[2026-09-30 15:08:55.829] [999700000000011|nas] [info] UE switches to state [CM-CONNECTED]
[2026-09-30 15:08:55.829] [999700000000012|rrc] [info] RRC connection established
[2026-09-30 15:08:55.829] [999700000000012|rrc] [info] UE switches to state [RRC-CONNECTED]
[2026-09-30 15:08:55.829] [999700000000012|nas] [info] UE switches to state [CM-CONNECTED]
[2026-09-30 15:08:55.829] [999700000000007|rrc] [debug] New signal detected for cell[1], total [1] cells in coverage
[2026-09-30 15:08:55.829] [999700000000008|nas] [info] Selected plmn[999/70]
[2026-09-30 15:08:55.829] [999700000000007|nas] [info] Selected plmn[999/70]
[2026-09-30 15:08:55.829] [999700000000007|rrc] [info] Selected cell plmn[999/70] tac[1] category[SUITABLE]
[2026-09-30 15:08:55.829] [999700000000010|rrc] [info] RRC connection established
[2026-09-30 15:08:55.829] [999700000000010|rrc] [info] UE switches to state [RRC-CONNECTED]
[2026-09-30 15:08:55.829] [999700000000010|nas] [info] UE switches to state [CM-CONNECTED]
[2026-09-30 15:08:55.829] [999700000000007|nas] [info] UE switches to state [MM-DEREGISTERED/PS]
[2026-09-30 15:08:55.829] [999700000000007|nas] [info] UE switches to state [MM-DEREGISTERED/NORMAL-SERVICE]
[2026-09-30 15:08:55.829] [999700000000007|nas] [debug] Initial registration required due to [MM-DEREG-NORMAL-SERVICE]
[2026-09-30 15:08:55.830] [999700000000007|nas] [debug] UAC access attempt is allowed for identity[0], category[MO_sig]
[2026-09-30 15:08:55.830] [999700000000007|nas] [debug] Sending Initial Registration
[2026-09-30 15:08:55.830] [999700000000007|nas] [info] UE switches to state [MM-REGISTER-INITIATED]
[2026-09-30 15:08:55.830] [999700000000007|rrc] [debug] Sending RRC Setup Request
[2026-09-30 15:08:55.830] [999700000000005|nas] [info] UE switches to state [MM-DEREGISTERED/PLMN-SEARCH]
[2026-09-30 15:08:55.830] [999700000000009|rrc] [debug] New signal detected for cell[1], total [1] cells in coverage
[2026-09-30 15:08:55.830] [999700000000004|nas] [info] UE switches to state [MM-DEREGISTERED/PLMN-SEARCH]
[2026-09-30 15:08:55.830] [999700000000009|nas] [info] Selected plmn[999/70]
[2026-09-30 15:08:55.830] [999700000000009|rrc] [info] Selected cell plmn[999/70] tac[1] category[SUITABLE]
[2026-09-30 15:08:55.830] [999700000000005|rrc] [debug] New signal detected for cell[1], total [1] cells in coverage
[2026-09-30 15:08:55.830] [999700000000009|nas] [info] UE switches to state [MM-DEREGISTERED/PS]
[2026-09-30 15:08:55.830] [999700000000009|nas] [info] UE switches to state [MM-DEREGISTERED/NORMAL-SERVICE]
[2026-09-30 15:08:55.830] [999700000000009|nas] [debug] Initial registration required due to [MM-DEREG-NORMAL-SERVICE]
[2026-09-30 15:08:55.830] [999700000000009|nas] [debug] UAC access attempt is allowed for identity[0], category[MO_sig]
[2026-09-30 15:08:55.830] [999700000000009|nas] [debug] Sending Initial Registration
[2026-09-30 15:08:55.830] [999700000000003|nas] [info] UE switches to state [MM-DEREGISTERED/PLMN-SEARCH]
[2026-09-30 15:08:55.830] [999700000000009|nas] [info] UE switches to state [MM-REGISTER-INITIATED]
[2026-09-30 15:08:55.830] [999700000000009|rrc] [debug] Sending RRC Setup Request
[2026-09-30 15:08:55.831] [999700000000007|rrc] [info] RRC connection established
[2026-09-30 15:08:55.831] [999700000000007|rrc] [info] UE switches to state [RRC-CONNECTED]
[2026-09-30 15:08:55.831] [999700000000004|rrc] [debug] New signal detected for cell[1], total [1] cells in coverage
[2026-09-30 15:08:55.831] [999700000000007|nas] [info] UE switches to state [CM-CONNECTED]
[2026-09-30 15:08:55.831] [999700000000004|nas] [info] Selected plmn[999/70]
[2026-09-30 15:08:55.831] [999700000000005|nas] [info] Selected plmn[999/70]
[2026-09-30 15:08:55.831] [999700000000004|rrc] [info] Selected cell plmn[999/70] tac[1] category[SUITABLE]
[2026-09-30 15:08:55.831] [999700000000005|rrc] [info] Selected cell plmn[999/70] tac[1] category[SUITABLE]
[2026-09-30 15:08:55.831] [999700000000002|nas] [info] UE switches to state [MM-DEREGISTERED/PLMN-SEARCH]
[2026-09-30 15:08:55.831] [999700000000004|nas] [info] UE switches to state [MM-DEREGISTERED/PS]
[2026-09-30 15:08:55.831] [999700000000004|nas] [info] UE switches to state [MM-DEREGISTERED/NORMAL-SERVICE]
[2026-09-30 15:08:55.831] [999700000000004|nas] [debug] Initial registration required due to [MM-DEREG-NORMAL-SERVICE]
[2026-09-30 15:08:55.831] [999700000000005|nas] [info] UE switches to state [MM-DEREGISTERED/PS]
[2026-09-30 15:08:55.831] [999700000000003|rrc] [debug] New signal detected for cell[1], total [1] cells in coverage
[2026-09-30 15:08:55.831] [999700000000004|nas] [debug] UAC access attempt is allowed for identity[0], category[MO_sig]
[2026-09-30 15:08:55.831] [999700000000004|nas] [debug] Sending Initial Registration
[2026-09-30 15:08:55.831] [999700000000005|nas] [info] UE switches to state [MM-DEREGISTERED/NORMAL-SERVICE]
[2026-09-30 15:08:55.831] [999700000000005|nas] [debug] Initial registration required due to [MM-DEREG-NORMAL-SERVICE]
[2026-09-30 15:08:55.831] [999700000000004|nas] [info] UE switches to state [MM-REGISTER-INITIATED]
[2026-09-30 15:08:55.831] [999700000000004|rrc] [debug] Sending RRC Setup Request
[2026-09-30 15:08:55.831] [999700000000009|rrc] [info] RRC connection established
[2026-09-30 15:08:55.831] [999700000000009|rrc] [info] UE switches to state [RRC-CONNECTED]
[2026-09-30 15:08:55.831] [999700000000009|nas] [info] UE switches to state [CM-CONNECTED]
[2026-09-30 15:08:55.831] [999700000000005|nas] [debug] UAC access attempt is allowed for identity[0], category[MO_sig]
[2026-09-30 15:08:55.831] [999700000000005|nas] [debug] Sending Initial Registration
[2026-09-30 15:08:55.831] [999700000000005|rrc] [debug] Sending RRC Setup Request
[2026-09-30 15:08:55.831] [999700000000005|nas] [info] UE switches to state [MM-REGISTER-INITIATED]
[2026-09-30 15:08:55.832] [999700000000003|nas] [info] Selected plmn[999/70]
[2026-09-30 15:08:55.832] [999700000000003|rrc] [info] Selected cell plmn[999/70] tac[1] category[SUITABLE]
[2026-09-30 15:08:55.832] [999700000000003|nas] [info] UE switches to state [MM-DEREGISTERED/PS]
[2026-09-30 15:08:55.832] [999700000000003|nas] [info] UE switches to state [MM-DEREGISTERED/NORMAL-SERVICE]
[2026-09-30 15:08:55.832] [999700000000003|nas] [debug] Initial registration required due to [MM-DEREG-NORMAL-SERVICE]
[2026-09-30 15:08:55.832] [999700000000002|rrc] [debug] New signal detected for cell[1], total [1] cells in coverage
[2026-09-30 15:08:55.832] [999700000000006|nas] [info] UE switches to state [MM-DEREGISTERED/PLMN-SEARCH]
[2026-09-30 15:08:55.832] [999700000000003|nas] [debug] UAC access attempt is allowed for identity[0], category[MO_sig]
[2026-09-30 15:08:55.832] [999700000000003|nas] [debug] Sending Initial Registration
[2026-09-30 15:08:55.832] [999700000000003|nas] [info] UE switches to state [MM-REGISTER-INITIATED]
[2026-09-30 15:08:55.832] [999700000000005|rrc] [info] RRC connection established
[2026-09-30 15:08:55.832] [999700000000003|rrc] [debug] Sending RRC Setup Request
[2026-09-30 15:08:55.832] [999700000000006|rrc] [debug] New signal detected for cell[1], total [1] cells in coverage
[2026-09-30 15:08:55.832] [999700000000002|nas] [info] Selected plmn[999/70]
[2026-09-30 15:08:55.832] [999700000000005|rrc] [info] UE switches to state [RRC-CONNECTED]
[2026-09-30 15:08:55.832] [999700000000005|nas] [info] UE switches to state [CM-CONNECTED]
[2026-09-30 15:08:55.832] [999700000000004|rrc] [info] RRC connection established
[2026-09-30 15:08:55.832] [999700000000004|rrc] [info] UE switches to state [RRC-CONNECTED]
[2026-09-30 15:08:55.832] [999700000000004|nas] [info] UE switches to state [CM-CONNECTED]
[2026-09-30 15:08:55.832] [999700000000002|rrc] [info] Selected cell plmn[999/70] tac[1] category[SUITABLE]
[2026-09-30 15:08:55.832] [999700000000002|nas] [info] UE switches to state [MM-DEREGISTERED/PS]
[2026-09-30 15:08:55.832] [999700000000002|nas] [info] UE switches to state [MM-DEREGISTERED/NORMAL-SERVICE]
[2026-09-30 15:08:55.832] [999700000000002|nas] [debug] Initial registration required due to [MM-DEREG-NORMAL-SERVICE]
[2026-09-30 15:08:55.832] [999700000000002|nas] [debug] UAC access attempt is allowed for identity[0], category[MO_sig]
[2026-09-30 15:08:55.832] [999700000000002|nas] [debug] Sending Initial Registration
[2026-09-30 15:08:55.832] [999700000000002|nas] [info] UE switches to state [MM-REGISTER-INITIATED]
[2026-09-30 15:08:55.832] [999700000000002|rrc] [debug] Sending RRC Setup Request
[2026-09-30 15:08:55.833] [999700000000006|nas] [info] Selected plmn[999/70]
[2026-09-30 15:08:55.833] [999700000000003|rrc] [info] RRC connection established
[2026-09-30 15:08:55.833] [999700000000003|rrc] [info] UE switches to state [RRC-CONNECTED]
[2026-09-30 15:08:55.833] [999700000000006|rrc] [info] Selected cell plmn[999/70] tac[1] category[SUITABLE]
[2026-09-30 15:08:55.833] [999700000000006|nas] [info] UE switches to state [MM-DEREGISTERED/PS]
[2026-09-30 15:08:55.833] [999700000000006|nas] [info] UE switches to state [MM-DEREGISTERED/NORMAL-SERVICE]
[2026-09-30 15:08:55.833] [999700000000006|nas] [debug] Initial registration required due to [MM-DEREG-NORMAL-SERVICE]
[2026-09-30 15:08:55.833] [999700000000003|nas] [info] UE switches to state [CM-CONNECTED]
[2026-09-30 15:08:55.833] [999700000000001|nas] [info] UE switches to state [MM-DEREGISTERED/PLMN-SEARCH]
[2026-09-30 15:08:55.833] [999700000000006|nas] [debug] UAC access attempt is allowed for identity[0], category[MO_sig]
[2026-09-30 15:08:55.833] [999700000000006|nas] [debug] Sending Initial Registration
[2026-09-30 15:08:55.833] [999700000000006|nas] [info] UE switches to state [MM-REGISTER-INITIATED]
[2026-09-30 15:08:55.833] [999700000000006|rrc] [debug] Sending RRC Setup Request
[2026-09-30 15:08:55.833] [999700000000002|rrc] [info] RRC connection established
[2026-09-30 15:08:55.833] [999700000000002|rrc] [info] UE switches to state [RRC-CONNECTED]
[2026-09-30 15:08:55.833] [999700000000002|nas] [info] UE switches to state [CM-CONNECTED]
[2026-09-30 15:08:55.833] [999700000000001|rrc] [debug] New signal detected for cell[1], total [1] cells in coverage
[2026-09-30 15:08:55.833] [999700000000006|rrc] [info] RRC connection established
[2026-09-30 15:08:55.833] [999700000000006|rrc] [info] UE switches to state [RRC-CONNECTED]
[2026-09-30 15:08:55.833] [999700000000006|nas] [info] UE switches to state [CM-CONNECTED]
[2026-09-30 15:08:55.833] [999700000000001|nas] [info] Selected plmn[999/70]
[2026-09-30 15:08:55.833] [999700000000001|rrc] [info] Selected cell plmn[999/70] tac[1] category[SUITABLE]
[2026-09-30 15:08:55.833] [999700000000001|nas] [info] UE switches to state [MM-DEREGISTERED/PS]
[2026-09-30 15:08:55.833] [999700000000001|nas] [info] UE switches to state [MM-DEREGISTERED/NORMAL-SERVICE]
[2026-09-30 15:08:55.833] [999700000000001|nas] [debug] Initial registration required due to [MM-DEREG-NORMAL-SERVICE]
[2026-09-30 15:08:55.834] [999700000000001|nas] [debug] UAC access attempt is allowed for identity[0], category[MO_sig]
[2026-09-30 15:08:55.834] [999700000000001|nas] [debug] Sending Initial Registration
[2026-09-30 15:08:55.834] [999700000000001|nas] [info] UE switches to state [MM-REGISTER-INITIATED]
[2026-09-30 15:08:55.834] [999700000000001|rrc] [debug] Sending RRC Setup Request
[2026-09-30 15:08:55.834] [999700000000001|rrc] [info] RRC connection established
[2026-09-30 15:08:55.834] [999700000000001|rrc] [info] UE switches to state [RRC-CONNECTED]
[2026-09-30 15:08:55.834] [999700000000001|nas] [info] UE switches to state [CM-CONNECTED]
[2026-09-30 15:08:55.835] [999700000000011|nas] [debug] Authentication Request received
[2026-09-30 15:08:55.835] [999700000000011|nas] [debug] Received SQN [000000000000]
[2026-09-30 15:08:55.835] [999700000000011|nas] [debug] SQN-MS [000000000000]
[2026-09-30 15:08:55.835] [999700000000011|nas] [debug] Sending Authentication Failure due to SQN out of range
[2026-09-30 15:08:55.840] [999700000000012|nas] [debug] Authentication Request received
[2026-09-30 15:08:55.840] [999700000000012|nas] [debug] Received SQN [000000000000]
[2026-09-30 15:08:55.840] [999700000000012|nas] [debug] SQN-MS [000000000000]
[2026-09-30 15:08:55.840] [999700000000012|nas] [debug] Sending Authentication Failure due to SQN out of range
[2026-09-30 15:08:55.841] [999700000000007|nas] [debug] Authentication Request received
[2026-09-30 15:08:55.841] [999700000000007|nas] [debug] Received SQN [000000000000]
[2026-09-30 15:08:55.841] [999700000000007|nas] [debug] SQN-MS [000000000000]
[2026-09-30 15:08:55.841] [999700000000007|nas] [debug] Sending Authentication Failure due to SQN out of range
[2026-09-30 15:08:55.842] [999700000000004|nas] [debug] Authentication Request received
[2026-09-30 15:08:55.842] [999700000000004|nas] [debug] Received SQN [000000000000]
[2026-09-30 15:08:55.842] [999700000000004|nas] [debug] SQN-MS [000000000000]
[2026-09-30 15:08:55.842] [999700000000004|nas] [debug] Sending Authentication Failure due to SQN out of range
[2026-09-30 15:08:55.842] [999700000000006|nas] [debug] Authentication Request received
[2026-09-30 15:08:55.842] [999700000000006|nas] [debug] Received SQN [000000000000]
[2026-09-30 15:08:55.842] [999700000000006|nas] [debug] SQN-MS [000000000000]
[2026-09-30 15:08:55.842] [999700000000006|nas] [debug] Sending Authentication Failure due to SQN out of range
[2026-09-30 15:08:55.842] [999700000000003|nas] [debug] Authentication Request received
[2026-09-30 15:08:55.842] [999700000000001|nas] [debug] Authentication Request received
[2026-09-30 15:08:55.842] [999700000000005|nas] [debug] Authentication Request received
[2026-09-30 15:08:55.842] [999700000000003|nas] [debug] Received SQN [000000000000]
[2026-09-30 15:08:55.842] [999700000000005|nas] [debug] Received SQN [000000000000]
[2026-09-30 15:08:55.842] [999700000000005|nas] [debug] SQN-MS [000000000000]
[2026-09-30 15:08:55.842] [999700000000005|nas] [debug] Sending Authentication Failure due to SQN out of range
[2026-09-30 15:08:55.842] [999700000000010|nas] [debug] Authentication Request received
[2026-09-30 15:08:55.842] [999700000000010|nas] [debug] Received SQN [000000000000]
[2026-09-30 15:08:55.842] [999700000000010|nas] [debug] SQN-MS [000000000000]
[2026-09-30 15:08:55.842] [999700000000010|nas] [debug] Sending Authentication Failure due to SQN out of range
[2026-09-30 15:08:55.842] [999700000000003|nas] [debug] SQN-MS [000000000000]
[2026-09-30 15:08:55.842] [999700000000003|nas] [debug] Sending Authentication Failure due to SQN out of range
[2026-09-30 15:08:55.842] [999700000000009|nas] [debug] Authentication Request received
[2026-09-30 15:08:55.842] [999700000000009|nas] [debug] Received SQN [000000000000]
[2026-09-30 15:08:55.842] [999700000000009|nas] [debug] SQN-MS [000000000000]
[2026-09-30 15:08:55.842] [999700000000009|nas] [debug] Sending Authentication Failure due to SQN out of range
[2026-09-30 15:08:55.842] [999700000000001|nas] [debug] Received SQN [000000000000]
[2026-09-30 15:08:55.842] [999700000000001|nas] [debug] SQN-MS [000000000000]
[2026-09-30 15:08:55.842] [999700000000001|nas] [debug] Sending Authentication Failure due to SQN out of range
[2026-09-30 15:08:55.842] [999700000000002|nas] [debug] Authentication Request received
[2026-09-30 15:08:55.842] [999700000000002|nas] [debug] Received SQN [000000000000]
[2026-09-30 15:08:55.842] [999700000000002|nas] [debug] SQN-MS [000000000000]
[2026-09-30 15:08:55.842] [999700000000002|nas] [debug] Sending Authentication Failure due to SQN out of range
[2026-09-30 15:08:55.844] [999700000000011|nas] [debug] Authentication Request received
[2026-09-30 15:08:55.844] [999700000000011|nas] [debug] Received SQN [000000000021]
[2026-09-30 15:08:55.844] [999700000000011|nas] [debug] SQN-MS [000000000000]
[2026-09-30 15:08:55.845] [999700000000012|nas] [debug] Authentication Request received
[2026-09-30 15:08:55.845] [999700000000012|nas] [debug] Received SQN [000000000021]
[2026-09-30 15:08:55.845] [999700000000012|nas] [debug] SQN-MS [000000000000]
[2026-09-30 15:08:55.852] [999700000000007|nas] [debug] Authentication Request received
[2026-09-30 15:08:55.852] [999700000000007|nas] [debug] Received SQN [000000000021]
[2026-09-30 15:08:55.852] [999700000000007|nas] [debug] SQN-MS [000000000000]
[2026-09-30 15:08:55.857] [999700000000001|nas] [debug] Authentication Request received
[2026-09-30 15:08:55.857] [999700000000001|nas] [debug] Received SQN [000000000021]
[2026-09-30 15:08:55.857] [999700000000001|nas] [debug] SQN-MS [000000000000]
[2026-09-30 15:08:55.857] [999700000000003|nas] [debug] Authentication Request received
[2026-09-30 15:08:55.857] [999700000000003|nas] [debug] Received SQN [000000000021]
[2026-09-30 15:08:55.857] [999700000000003|nas] [debug] SQN-MS [000000000000]
[2026-09-30 15:08:55.857] [999700000000009|nas] [debug] Authentication Request received
[2026-09-30 15:08:55.857] [999700000000009|nas] [debug] Received SQN [000000000021]
[2026-09-30 15:08:55.857] [999700000000009|nas] [debug] SQN-MS [000000000000]
[2026-09-30 15:08:55.857] [999700000000002|nas] [debug] Authentication Request received
[2026-09-30 15:08:55.858] [999700000000012|nas] [debug] Security Mode Command received
[2026-09-30 15:08:55.858] [999700000000012|nas] [debug] Selected integrity[2] ciphering[0]
[2026-09-30 15:08:55.858] [999700000000006|nas] [debug] Authentication Request received
[2026-09-30 15:08:55.858] [999700000000005|nas] [debug] Authentication Request received
[2026-09-30 15:08:55.858] [999700000000002|nas] [debug] Received SQN [000000000021]
[2026-09-30 15:08:55.858] [999700000000002|nas] [debug] SQN-MS [000000000000]
[2026-09-30 15:08:55.858] [999700000000005|nas] [debug] Received SQN [000000000021]
[2026-09-30 15:08:55.858] [999700000000005|nas] [debug] SQN-MS [000000000000]
[2026-09-30 15:08:55.858] [999700000000004|nas] [debug] Authentication Request received
[2026-09-30 15:08:55.858] [999700000000006|nas] [debug] Received SQN [000000000021]
[2026-09-30 15:08:55.858] [999700000000004|nas] [debug] Received SQN [000000000021]
[2026-09-30 15:08:55.858] [999700000000004|nas] [debug] SQN-MS [000000000000]
[2026-09-30 15:08:55.858] [999700000000010|nas] [debug] Authentication Request received
[2026-09-30 15:08:55.858] [999700000000010|nas] [debug] Received SQN [000000000021]
[2026-09-30 15:08:55.858] [999700000000010|nas] [debug] SQN-MS [000000000000]
[2026-09-30 15:08:55.858] [999700000000011|nas] [debug] Security Mode Command received
[2026-09-30 15:08:55.858] [999700000000006|nas] [debug] SQN-MS [000000000000]
[2026-09-30 15:08:55.858] [999700000000011|nas] [debug] Selected integrity[2] ciphering[0]
[2026-09-30 15:08:55.861] [999700000000007|nas] [debug] Security Mode Command received
[2026-09-30 15:08:55.861] [999700000000007|nas] [debug] Selected integrity[2] ciphering[0]
[2026-09-30 15:08:55.862] [999700000000001|nas] [debug] Security Mode Command received
[2026-09-30 15:08:55.862] [999700000000001|nas] [debug] Selected integrity[2] ciphering[0]
[2026-09-30 15:08:55.865] [999700000000003|nas] [debug] Security Mode Command received
[2026-09-30 15:08:55.865] [999700000000003|nas] [debug] Selected integrity[2] ciphering[0]
[2026-09-30 15:08:55.870] [999700000000009|nas] [debug] Security Mode Command received
[2026-09-30 15:08:55.870] [999700000000009|nas] [debug] Selected integrity[2] ciphering[0]
[2026-09-30 15:08:55.870] [999700000000005|nas] [debug] Security Mode Command received
[2026-09-30 15:08:55.870] [999700000000005|nas] [debug] Selected integrity[2] ciphering[0]
[2026-09-30 15:08:55.870] [999700000000002|nas] [debug] Security Mode Command received
[2026-09-30 15:08:55.870] [999700000000002|nas] [debug] Selected integrity[2] ciphering[0]
[2026-09-30 15:08:55.870] [999700000000010|nas] [debug] Security Mode Command received
[2026-09-30 15:08:55.870] [999700000000010|nas] [debug] Selected integrity[2] ciphering[0]
[2026-09-30 15:08:55.870] [999700000000006|nas] [debug] Security Mode Command received
[2026-09-30 15:08:55.870] [999700000000006|nas] [debug] Selected integrity[2] ciphering[0]
[2026-09-30 15:08:55.870] [999700000000004|nas] [debug] Security Mode Command received
[2026-09-30 15:08:55.870] [999700000000004|nas] [debug] Selected integrity[2] ciphering[0]
[2026-09-30 15:08:55.876] [999700000000012|nas] [debug] Registration accept received
[2026-09-30 15:08:55.876] [999700000000012|nas] [info] UE switches to state [MM-REGISTERED/NORMAL-SERVICE]
[2026-09-30 15:08:55.876] [999700000000012|nas] [debug] Sending Registration Complete
[2026-09-30 15:08:55.876] [999700000000012|nas] [info] Initial Registration is successful
[2026-09-30 15:08:55.881] [999700000000001|nas] [debug] Registration accept received
[2026-09-30 15:08:55.881] [999700000000001|nas] [info] UE switches to state [MM-REGISTERED/NORMAL-SERVICE]
[2026-09-30 15:08:55.881] [999700000000001|nas] [debug] Sending Registration Complete
[2026-09-30 15:08:55.881] [999700000000001|nas] [info] Initial Registration is successful
[2026-09-30 15:08:55.881] [999700000000011|nas] [debug] Registration accept received
[2026-09-30 15:08:55.881] [999700000000011|nas] [info] UE switches to state [MM-REGISTERED/NORMAL-SERVICE]
[2026-09-30 15:08:55.881] [999700000000011|nas] [debug] Sending Registration Complete
[2026-09-30 15:08:55.881] [999700000000011|nas] [info] Initial Registration is successful
[2026-09-30 15:08:55.882] [999700000000007|nas] [debug] Registration accept received
[2026-09-30 15:08:55.882] [999700000000007|nas] [info] UE switches to state [MM-REGISTERED/NORMAL-SERVICE]
[2026-09-30 15:08:55.882] [999700000000007|nas] [debug] Sending Registration Complete
[2026-09-30 15:08:55.882] [999700000000007|nas] [info] Initial Registration is successful
[2026-09-30 15:08:55.882] [999700000000012|nas] [debug] Configuration Update Command received
[2026-09-30 15:08:55.885] [999700000000001|nas] [debug] Configuration Update Command received
[2026-09-30 15:08:55.885] [999700000000009|nas] [debug] Registration accept received
[2026-09-30 15:08:55.885] [999700000000009|nas] [info] UE switches to state [MM-REGISTERED/NORMAL-SERVICE]
[2026-09-30 15:08:55.885] [999700000000009|nas] [debug] Sending Registration Complete
[2026-09-30 15:08:55.885] [999700000000009|nas] [info] Initial Registration is successful
[2026-09-30 15:08:55.885] [999700000000007|nas] [debug] Configuration Update Command received
[2026-09-30 15:08:55.885] [999700000000011|nas] [debug] Configuration Update Command received
[2026-09-30 15:08:55.885] [999700000000003|nas] [debug] Registration accept received
[2026-09-30 15:08:55.885] [999700000000003|nas] [info] UE switches to state [MM-REGISTERED/NORMAL-SERVICE]
[2026-09-30 15:08:55.885] [999700000000003|nas] [debug] Sending Registration Complete
[2026-09-30 15:08:55.885] [999700000000003|nas] [info] Initial Registration is successful
[2026-09-30 15:08:55.893] [999700000000004|nas] [debug] Registration accept received
[2026-09-30 15:08:55.893] [999700000000004|nas] [info] UE switches to state [MM-REGISTERED/NORMAL-SERVICE]
[2026-09-30 15:08:55.893] [999700000000004|nas] [debug] Sending Registration Complete
[2026-09-30 15:08:55.893] [999700000000004|nas] [info] Initial Registration is successful
[2026-09-30 15:08:55.893] [999700000000006|nas] [debug] Registration accept received
[2026-09-30 15:08:55.893] [999700000000006|nas] [info] UE switches to state [MM-REGISTERED/NORMAL-SERVICE]
[2026-09-30 15:08:55.893] [999700000000006|nas] [debug] Sending Registration Complete
[2026-09-30 15:08:55.893] [999700000000006|nas] [info] Initial Registration is successful
[2026-09-30 15:08:55.893] [999700000000005|nas] [debug] Registration accept received
[2026-09-30 15:08:55.893] [999700000000005|nas] [info] UE switches to state [MM-REGISTERED/NORMAL-SERVICE]
[2026-09-30 15:08:55.893] [999700000000005|nas] [debug] Sending Registration Complete
[2026-09-30 15:08:55.893] [999700000000005|nas] [info] Initial Registration is successful
[2026-09-30 15:08:55.893] [999700000000002|nas] [debug] Registration accept received
[2026-09-30 15:08:55.893] [999700000000002|nas] [info] UE switches to state [MM-REGISTERED/NORMAL-SERVICE]
[2026-09-30 15:08:55.893] [999700000000002|nas] [debug] Sending Registration Complete
[2026-09-30 15:08:55.893] [999700000000002|nas] [info] Initial Registration is successful
[2026-09-30 15:08:55.893] [999700000000003|nas] [debug] Configuration Update Command received
[2026-09-30 15:08:55.893] [999700000000009|nas] [debug] Configuration Update Command received
[2026-09-30 15:08:55.893] [999700000000010|nas] [debug] Registration accept received
[2026-09-30 15:08:55.893] [999700000000010|nas] [info] UE switches to state [MM-REGISTERED/NORMAL-SERVICE]
[2026-09-30 15:08:55.893] [999700000000010|nas] [debug] Sending Registration Complete
[2026-09-30 15:08:55.893] [999700000000010|nas] [info] Initial Registration is successful
[2026-09-30 15:08:56.099] [999700000000004|nas] [debug] Configuration Update Command received
[2026-09-30 15:08:56.099] [999700000000010|nas] [debug] Configuration Update Command received
[2026-09-30 15:08:56.099] [999700000000005|nas] [debug] Configuration Update Command received
[2026-09-30 15:08:56.099] [999700000000002|nas] [debug] Configuration Update Command received
[2026-09-30 15:08:56.099] [999700000000006|nas] [debug] Configuration Update Command received
[2026-09-30 15:08:58.329] [999700000000008|rrc] [info] Selected cell plmn[999/70] tac[1] category[SUITABLE]
[2026-09-30 15:08:58.329] [999700000000008|nas] [info] UE switches to state [MM-DEREGISTERED/PS]
[2026-09-30 15:08:58.329] [999700000000008|nas] [info] UE switches to state [MM-DEREGISTERED/NORMAL-SERVICE]
[2026-09-30 15:08:58.329] [999700000000008|nas] [debug] Initial registration required due to [MM-DEREG-NORMAL-SERVICE]
[2026-09-30 15:08:58.329] [999700000000008|nas] [debug] UAC access attempt is allowed for identity[0], category[MO_sig]
[2026-09-30 15:08:58.329] [999700000000008|nas] [debug] Sending Initial Registration
[2026-09-30 15:08:58.329] [999700000000008|nas] [info] UE switches to state [MM-REGISTER-INITIATED]
[2026-09-30 15:08:58.329] [999700000000008|rrc] [debug] Sending RRC Setup Request
[2026-09-30 15:08:58.329] [999700000000008|rrc] [info] RRC connection established
[2026-09-30 15:08:58.329] [999700000000008|rrc] [info] UE switches to state [RRC-CONNECTED]
[2026-09-30 15:08:58.329] [999700000000008|nas] [info] UE switches to state [CM-CONNECTED]
[2026-09-30 15:08:58.333] [999700000000008|nas] [debug] Authentication Request received
[2026-09-30 15:08:58.333] [999700000000008|nas] [debug] Received SQN [000000000000]
[2026-09-30 15:08:58.333] [999700000000008|nas] [debug] SQN-MS [000000000000]
[2026-09-30 15:08:58.333] [999700000000008|nas] [debug] Sending Authentication Failure due to SQN out of range
[2026-09-30 15:08:58.336] [999700000000008|nas] [debug] Authentication Request received
[2026-09-30 15:08:58.336] [999700000000008|nas] [debug] Received SQN [000000000021]
[2026-09-30 15:08:58.336] [999700000000008|nas] [debug] SQN-MS [000000000000]
[2026-09-30 15:08:58.338] [999700000000008|nas] [debug] Security Mode Command received
[2026-09-30 15:08:58.338] [999700000000008|nas] [debug] Selected integrity[2] ciphering[0]
[2026-09-30 15:08:58.342] [999700000000008|nas] [debug] Registration accept received
[2026-09-30 15:08:58.342] [999700000000008|nas] [info] UE switches to state [MM-REGISTERED/NORMAL-SERVICE]
[2026-09-30 15:08:58.342] [999700000000008|nas] [debug] Sending Registration Complete
[2026-09-30 15:08:58.342] [999700000000008|nas] [info] Initial Registration is successful
[2026-09-30 15:08:58.543] [999700000000008|nas] [debug] Configuration Update Command received
[2026-09-30 15:09:03.848] [999700000000001|nas] [debug] Sending PDU Session Establishment Request
[2026-09-30 15:09:03.848] [999700000000001|nas] [debug] UAC access attempt is allowed for identity[0], category[MO_sig]
[2026-09-30 15:09:03.856] [999700000000001|nas] [debug] PDU Session Establishment Accept received
[2026-09-30 15:09:03.856] [999700000000001|nas] [info] PDU Session establishment is successful PSI[1]
[2026-09-30 15:09:03.857] [999700000000001|app] [info] Connection setup for PDU session[1] is successful, TUN interface[uesimtun0, 10.45.3.2] is up.
[2026-09-30 15:09:03.891] [999700000000002|nas] [debug] Sending PDU Session Establishment Request
[2026-09-30 15:09:03.891] [999700000000002|nas] [debug] UAC access attempt is allowed for identity[0], category[MO_sig]
[2026-09-30 15:09:04.065] [999700000000002|nas] [debug] PDU Session Establishment Accept received
[2026-09-30 15:09:04.065] [999700000000002|nas] [info] PDU Session establishment is successful PSI[1]
[2026-09-30 15:09:04.066] [999700000000002|app] [info] Connection setup for PDU session[1] is successful, TUN interface[uesimtun1, 10.45.3.3] is up.
[2026-09-30 15:09:04.106] [999700000000003|nas] [debug] Sending PDU Session Establishment Request
[2026-09-30 15:09:04.107] [999700000000003|nas] [debug] UAC access attempt is allowed for identity[0], category[MO_sig]
[2026-09-30 15:09:04.273] [999700000000003|nas] [debug] PDU Session Establishment Accept received
[2026-09-30 15:09:04.273] [999700000000003|nas] [info] PDU Session establishment is successful PSI[1]
[2026-09-30 15:09:04.273] [999700000000003|app] [info] Connection setup for PDU session[1] is successful, TUN interface[uesimtun2, 10.45.3.4] is up.
[2026-09-30 15:09:07.313] [999700000000001|nas] [debug] Sending PDU Session Release Request for PSI[1]
[2026-09-30 15:09:07.315] [999700000000001|nas] [debug] PDU Session Release Command received
[2026-09-30 15:09:07.315] [999700000000001|nas] [debug] Performing local release of PDU session[1]
[2026-09-30 15:09:07.356] [999700000000005|nas] [debug] Sending PDU Session Establishment Request
[2026-09-30 15:09:07.356] [999700000000005|nas] [debug] UAC access attempt is allowed for identity[0], category[MO_sig]
[2026-09-30 15:09:07.526] [999700000000005|nas] [debug] PDU Session Establishment Accept received
[2026-09-30 15:09:07.526] [999700000000005|nas] [info] PDU Session establishment is successful PSI[1]
[2026-09-30 15:09:07.527] [999700000000005|app] [info] Connection setup for PDU session[1] is successful, TUN interface[uesimtun0, 10.45.3.5] is up.
[2026-09-30 15:09:07.561] [999700000000003|nas] [debug] Sending PDU Session Release Request for PSI[1]
[2026-09-30 15:09:07.732] [999700000000003|nas] [debug] PDU Session Release Command received
[2026-09-30 15:09:07.732] [999700000000003|nas] [debug] Performing local release of PDU session[1]
[2026-09-30 15:09:07.766] [999700000000006|nas] [debug] Sending PDU Session Establishment Request
[2026-09-30 15:09:07.766] [999700000000006|nas] [debug] UAC access attempt is allowed for identity[0], category[MO_sig]
[2026-09-30 15:09:07.941] [999700000000006|nas] [debug] PDU Session Establishment Accept received
[2026-09-30 15:09:07.941] [999700000000006|nas] [info] PDU Session establishment is successful PSI[1]
[2026-09-30 15:09:07.941] [999700000000006|app] [info] Connection setup for PDU session[1] is successful, TUN interface[uesimtun2, 10.45.3.6] is up.
[2026-09-30 15:09:07.981] [999700000000005|nas] [debug] Sending PDU Session Release Request for PSI[1]
[2026-09-30 15:09:08.144] [999700000000005|nas] [debug] PDU Session Release Command received
[2026-09-30 15:09:08.144] [999700000000005|nas] [debug] Performing local release of PDU session[1]
[2026-09-30 15:09:08.177] [999700000000001|nas] [debug] Sending PDU Session Establishment Request
[2026-09-30 15:09:08.177] [999700000000001|nas] [debug] UAC access attempt is allowed for identity[0], category[MO_sig]
[2026-09-30 15:09:08.352] [999700000000001|nas] [debug] PDU Session Establishment Accept received
[2026-09-30 15:09:08.352] [999700000000001|nas] [info] PDU Session establishment is successful PSI[1]
[2026-09-30 15:09:08.353] [999700000000001|app] [info] Connection setup for PDU session[1] is successful, TUN interface[uesimtun0, 10.45.3.7] is up.
[2026-09-30 15:09:08.392] [999700000000006|nas] [debug] Sending PDU Session Release Request for PSI[1]
[2026-09-30 15:09:08.556] [999700000000006|nas] [debug] PDU Session Release Command received
[2026-09-30 15:09:08.556] [999700000000006|nas] [debug] Performing local release of PDU session[1]
[2026-09-30 15:09:08.588] [999700000000012|nas] [debug] Sending PDU Session Establishment Request
[2026-09-30 15:09:08.588] [999700000000012|nas] [debug] UAC access attempt is allowed for identity[0], category[MO_sig]
[2026-09-30 15:09:08.766] [999700000000012|nas] [debug] PDU Session Establishment Accept received
[2026-09-30 15:09:08.766] [999700000000012|nas] [info] PDU Session establishment is successful PSI[1]
[2026-09-30 15:09:08.766] [999700000000012|app] [info] Connection setup for PDU session[1] is successful, TUN interface[uesimtun2, 10.45.3.8] is up.
[2026-09-30 15:09:08.804] [999700000000002|nas] [debug] Sending PDU Session Release Request for PSI[1]
[2026-09-30 15:09:08.968] [999700000000002|nas] [debug] PDU Session Release Command received
[2026-09-30 15:09:08.968] [999700000000002|nas] [debug] Performing local release of PDU session[1]
[2026-09-30 15:09:09.009] [999700000000007|nas] [debug] Sending PDU Session Establishment Request
[2026-09-30 15:09:09.009] [999700000000007|nas] [debug] UAC access attempt is allowed for identity[0], category[MO_sig]
[2026-09-30 15:09:09.181] [999700000000007|nas] [debug] PDU Session Establishment Accept received
[2026-09-30 15:09:09.181] [999700000000007|nas] [info] PDU Session establishment is successful PSI[1]
[2026-09-30 15:09:09.181] [999700000000007|app] [info] Connection setup for PDU session[1] is successful, TUN interface[uesimtun1, 10.45.3.9] is up.
[2026-09-30 15:09:09.215] [999700000000012|nas] [debug] Sending PDU Session Release Request for PSI[1]
[2026-09-30 15:09:09.385] [999700000000012|nas] [debug] PDU Session Release Command received
[2026-09-30 15:09:09.385] [999700000000012|nas] [debug] Performing local release of PDU session[1]
[2026-09-30 15:09:09.420] [999700000000004|nas] [debug] Sending PDU Session Establishment Request
[2026-09-30 15:09:09.420] [999700000000004|nas] [debug] UAC access attempt is allowed for identity[0], category[MO_sig]
[2026-09-30 15:09:09.601] [999700000000004|nas] [debug] PDU Session Establishment Accept received
[2026-09-30 15:09:09.601] [999700000000004|nas] [info] PDU Session establishment is successful PSI[1]
[2026-09-30 15:09:09.601] [999700000000004|app] [info] Connection setup for PDU session[1] is successful, TUN interface[uesimtun2, 10.45.3.10] is up.
[2026-09-30 15:09:09.636] [999700000000007|nas] [debug] Sending PDU Session Release Request for PSI[1]
[2026-09-30 15:09:09.804] [999700000000007|nas] [debug] PDU Session Release Command received
[2026-09-30 15:09:09.804] [999700000000007|nas] [debug] Performing local release of PDU session[1]
[2026-09-30 15:09:09.841] [999700000000006|nas] [debug] Sending PDU Session Establishment Request
[2026-09-30 15:09:09.841] [999700000000006|nas] [debug] UAC access attempt is allowed for identity[0], category[MO_sig]
[2026-09-30 15:09:10.014] [999700000000006|nas] [debug] PDU Session Establishment Accept received
[2026-09-30 15:09:10.014] [999700000000006|nas] [info] PDU Session establishment is successful PSI[1]
[2026-09-30 15:09:10.015] [999700000000006|app] [info] Connection setup for PDU session[1] is successful, TUN interface[uesimtun1, 10.45.3.11] is up.
[2026-09-30 15:09:10.056] [999700000000006|nas] [debug] Sending PDU Session Release Request for PSI[1]
[2026-09-30 15:09:10.220] [999700000000006|nas] [debug] PDU Session Release Command received
[2026-09-30 15:09:10.220] [999700000000006|nas] [debug] Performing local release of PDU session[1]
[2026-09-30 15:09:10.261] [999700000000008|nas] [debug] Sending PDU Session Establishment Request
[2026-09-30 15:09:10.261] [999700000000008|nas] [debug] UAC access attempt is allowed for identity[0], category[MO_sig]
[2026-09-30 15:09:10.429] [999700000000008|nas] [debug] PDU Session Establishment Accept received
[2026-09-30 15:09:10.429] [999700000000008|nas] [info] PDU Session establishment is successful PSI[1]
[2026-09-30 15:09:10.430] [999700000000008|app] [info] Connection setup for PDU session[1] is successful, TUN interface[uesimtun1, 10.45.3.12] is up.
[2026-09-30 15:09:10.466] [999700000000008|nas] [debug] Sending PDU Session Release Request for PSI[1]
[2026-09-30 15:09:10.632] [999700000000008|nas] [debug] PDU Session Release Command received
[2026-09-30 15:09:10.632] [999700000000008|nas] [debug] Performing local release of PDU session[1]
[2026-09-30 15:09:10.672] [999700000000007|nas] [debug] Sending PDU Session Establishment Request
[2026-09-30 15:09:10.672] [999700000000007|nas] [debug] UAC access attempt is allowed for identity[0], category[MO_sig]
[2026-09-30 15:09:10.845] [999700000000007|nas] [debug] PDU Session Establishment Accept received
[2026-09-30 15:09:10.845] [999700000000007|nas] [info] PDU Session establishment is successful PSI[1]
[2026-09-30 15:09:10.846] [999700000000007|app] [info] Connection setup for PDU session[1] is successful, TUN interface[uesimtun1, 10.45.3.13] is up.
[2026-09-30 15:09:10.877] [999700000000004|nas] [debug] Sending PDU Session Release Request for PSI[1]
[2026-09-30 15:09:11.048] [999700000000004|nas] [debug] PDU Session Release Command received
[2026-09-30 15:09:11.048] [999700000000004|nas] [debug] Performing local release of PDU session[1]
[2026-09-30 15:09:11.082] [999700000000003|nas] [debug] Sending PDU Session Establishment Request
[2026-09-30 15:09:11.082] [999700000000003|nas] [debug] UAC access attempt is allowed for identity[0], category[MO_sig]
[2026-09-30 15:09:11.256] [999700000000003|nas] [debug] PDU Session Establishment Accept received
[2026-09-30 15:09:11.256] [999700000000003|nas] [info] PDU Session establishment is successful PSI[1]
[2026-09-30 15:09:11.257] [999700000000003|app] [info] Connection setup for PDU session[1] is successful, TUN interface[uesimtun2, 10.45.3.14] is up.
[2026-09-30 15:09:11.298] [999700000000003|nas] [debug] Sending PDU Session Release Request for PSI[1]
[2026-09-30 15:09:11.461] [999700000000003|nas] [debug] PDU Session Release Command received
[2026-09-30 15:09:11.461] [999700000000003|nas] [debug] Performing local release of PDU session[1]
[2026-09-30 15:09:11.503] [999700000000010|nas] [debug] Sending PDU Session Establishment Request
[2026-09-30 15:09:11.503] [999700000000010|nas] [debug] UAC access attempt is allowed for identity[0], category[MO_sig]
[2026-09-30 15:09:11.670] [999700000000010|nas] [debug] PDU Session Establishment Accept received
[2026-09-30 15:09:11.670] [999700000000010|nas] [info] PDU Session establishment is successful PSI[1]
[2026-09-30 15:09:11.671] [999700000000010|app] [info] Connection setup for PDU session[1] is successful, TUN interface[uesimtun2, 10.45.3.15] is up.
[2026-09-30 15:09:11.708] [999700000000007|nas] [debug] Sending PDU Session Release Request for PSI[1]
[2026-09-30 15:09:11.876] [999700000000007|nas] [debug] PDU Session Release Command received
[2026-09-30 15:09:11.876] [999700000000007|nas] [debug] Performing local release of PDU session[1]
[2026-09-30 15:09:11.913] [999700000000009|nas] [debug] Sending PDU Session Establishment Request
[2026-09-30 15:09:11.913] [999700000000009|nas] [debug] UAC access attempt is allowed for identity[0], category[MO_sig]
[2026-09-30 15:09:12.085] [999700000000009|nas] [debug] PDU Session Establishment Accept received
[2026-09-30 15:09:12.085] [999700000000009|nas] [info] PDU Session establishment is successful PSI[1]
[2026-09-30 15:09:12.086] [999700000000009|app] [info] Connection setup for PDU session[1] is successful, TUN interface[uesimtun1, 10.45.3.16] is up.
[2026-09-30 15:09:12.119] [999700000000001|nas] [debug] Sending PDU Session Release Request for PSI[1]
[2026-09-30 15:09:12.288] [999700000000001|nas] [debug] PDU Session Release Command received
[2026-09-30 15:09:12.288] [999700000000001|nas] [debug] Performing local release of PDU session[1]
[2026-09-30 15:09:12.322] [999700000000011|nas] [debug] Sending PDU Session Establishment Request
[2026-09-30 15:09:12.322] [999700000000011|nas] [debug] UAC access attempt is allowed for identity[0], category[MO_sig]
[2026-09-30 15:09:12.497] [999700000000011|nas] [debug] PDU Session Establishment Accept received
[2026-09-30 15:09:12.497] [999700000000011|nas] [info] PDU Session establishment is successful PSI[1]
[2026-09-30 15:09:12.497] [999700000000011|app] [info] Connection setup for PDU session[1] is successful, TUN interface[uesimtun0, 10.45.3.17] is up.
[2026-09-30 15:09:12.538] [999700000000011|nas] [debug] Sending PDU Session Release Request for PSI[1]
[2026-09-30 15:09:12.702] [999700000000011|nas] [debug] PDU Session Release Command received
[2026-09-30 15:09:12.703] [999700000000011|nas] [debug] Performing local release of PDU session[1]
[2026-09-30 15:09:12.743] [999700000000001|nas] [debug] Sending PDU Session Establishment Request
[2026-09-30 15:09:12.743] [999700000000001|nas] [debug] UAC access attempt is allowed for identity[0], category[MO_sig]
[2026-09-30 15:09:12.911] [999700000000001|nas] [debug] PDU Session Establishment Accept received
[2026-09-30 15:09:12.911] [999700000000001|nas] [info] PDU Session establishment is successful PSI[1]
[2026-09-30 15:09:12.912] [999700000000001|app] [info] Connection setup for PDU session[1] is successful, TUN interface[uesimtun0, 10.45.3.18] is up.
[2026-09-30 15:09:12.948] [999700000000010|nas] [debug] Sending PDU Session Release Request for PSI[1]
[2026-09-30 15:09:13.115] [999700000000010|nas] [debug] PDU Session Release Command received
[2026-09-30 15:09:13.115] [999700000000010|nas] [debug] Performing local release of PDU session[1]
[2026-09-30 15:09:13.154] [999700000000003|nas] [debug] Sending PDU Session Establishment Request
[2026-09-30 15:09:13.154] [999700000000003|nas] [debug] UAC access attempt is allowed for identity[0], category[MO_sig]
[2026-09-30 15:09:13.324] [999700000000003|nas] [debug] PDU Session Establishment Accept received
[2026-09-30 15:09:13.324] [999700000000003|nas] [info] PDU Session establishment is successful PSI[1]
[2026-09-30 15:09:13.325] [999700000000003|app] [info] Connection setup for PDU session[1] is successful, TUN interface[uesimtun2, 10.45.3.19] is up.
[2026-09-30 15:09:13.359] [999700000000003|nas] [debug] Sending PDU Session Release Request for PSI[1]
[2026-09-30 15:09:13.527] [999700000000003|nas] [debug] PDU Session Release Command received
[2026-09-30 15:09:13.527] [999700000000003|nas] [debug] Performing local release of PDU session[1]
[2026-09-30 15:09:13.564] [999700000000006|nas] [debug] Sending PDU Session Establishment Request
[2026-09-30 15:09:13.564] [999700000000006|nas] [debug] UAC access attempt is allowed for identity[0], category[MO_sig]
[2026-09-30 15:09:13.737] [999700000000006|nas] [debug] PDU Session Establishment Accept received
[2026-09-30 15:09:13.737] [999700000000006|nas] [info] PDU Session establishment is successful PSI[1]
[2026-09-30 15:09:13.738] [999700000000006|app] [info] Connection setup for PDU session[1] is successful, TUN interface[uesimtun2, 10.45.3.20] is up.
[2026-09-30 15:09:13.769] [999700000000001|nas] [debug] Sending PDU Session Release Request for PSI[1]
[2026-09-30 15:09:13.943] [999700000000001|nas] [debug] PDU Session Release Command received
[2026-09-30 15:09:13.943] [999700000000001|nas] [debug] Performing local release of PDU session[1]
[2026-09-30 15:09:13.975] [999700000000005|nas] [debug] Sending PDU Session Establishment Request
[2026-09-30 15:09:13.975] [999700000000005|nas] [debug] UAC access attempt is allowed for identity[0], category[MO_sig]
[2026-09-30 15:09:14.153] [999700000000005|nas] [debug] PDU Session Establishment Accept received
[2026-09-30 15:09:14.153] [999700000000005|nas] [info] PDU Session establishment is successful PSI[1]
[2026-09-30 15:09:14.153] [999700000000005|app] [info] Connection setup for PDU session[1] is successful, TUN interface[uesimtun0, 10.45.3.21] is up.
[2026-09-30 15:09:14.191] [999700000000005|nas] [debug] Sending PDU Session Release Request for PSI[1]
[2026-09-30 15:09:14.354] [999700000000005|nas] [debug] PDU Session Release Command received
[2026-09-30 15:09:14.354] [999700000000005|nas] [debug] Performing local release of PDU session[1]
[2026-09-30 15:09:14.396] [999700000000004|nas] [debug] Sending PDU Session Establishment Request
[2026-09-30 15:09:14.396] [999700000000004|nas] [debug] UAC access attempt is allowed for identity[0], category[MO_sig]
[2026-09-30 15:09:14.563] [999700000000004|nas] [debug] PDU Session Establishment Accept received
[2026-09-30 15:09:14.563] [999700000000004|nas] [info] PDU Session establishment is successful PSI[1]
[2026-09-30 15:09:14.563] [999700000000004|app] [info] Connection setup for PDU session[1] is successful, TUN interface[uesimtun0, 10.45.3.22] is up.
[2026-09-30 15:09:14.602] [999700000000006|nas] [debug] Sending PDU Session Release Request for PSI[1]
[2026-09-30 15:09:14.766] [999700000000006|nas] [debug] PDU Session Release Command received
[2026-09-30 15:09:14.766] [999700000000006|nas] [debug] Performing local release of PDU session[1]
[2026-09-30 15:09:14.808] [999700000000001|nas] [debug] Sending PDU Session Establishment Request
[2026-09-30 15:09:14.808] [999700000000001|nas] [debug] UAC access attempt is allowed for identity[0], category[MO_sig]
[2026-09-30 15:09:14.976] [999700000000001|nas] [debug] PDU Session Establishment Accept received
[2026-09-30 15:09:14.976] [999700000000001|nas] [info] PDU Session establishment is successful PSI[1]
[2026-09-30 15:09:14.976] [999700000000001|app] [info] Connection setup for PDU session[1] is successful, TUN interface[uesimtun2, 10.45.3.23] is up.
[2026-09-30 15:09:15.012] [999700000000001|nas] [debug] Sending PDU Session Release Request for PSI[1]
[2026-09-30 15:09:15.179] [999700000000001|nas] [debug] PDU Session Release Command received
[2026-09-30 15:09:15.179] [999700000000001|nas] [debug] Performing local release of PDU session[1]
[2026-09-30 15:09:15.218] [999700000000007|nas] [debug] Sending PDU Session Establishment Request
[2026-09-30 15:09:15.218] [999700000000007|nas] [debug] UAC access attempt is allowed for identity[0], category[MO_sig]
[2026-09-30 15:09:15.392] [999700000000007|nas] [debug] PDU Session Establishment Accept received
[2026-09-30 15:09:15.392] [999700000000007|nas] [info] PDU Session establishment is successful PSI[1]
[2026-09-30 15:09:15.392] [999700000000007|app] [info] Connection setup for PDU session[1] is successful, TUN interface[uesimtun2, 10.45.3.24] is up.
[2026-09-30 15:09:15.434] [999700000000004|nas] [debug] Sending PDU Session Release Request for PSI[1]
[2026-09-30 15:09:15.598] [999700000000004|nas] [debug] PDU Session Release Command received
[2026-09-30 15:09:15.598] [999700000000004|nas] [debug] Performing local release of PDU session[1]
[2026-09-30 15:09:15.639] [999700000000011|nas] [debug] Sending PDU Session Establishment Request
[2026-09-30 15:09:15.640] [999700000000011|nas] [debug] UAC access attempt is allowed for identity[0], category[MO_sig]
[2026-09-30 15:09:15.810] [999700000000011|nas] [debug] PDU Session Establishment Accept received
[2026-09-30 15:09:15.810] [999700000000011|nas] [info] PDU Session establishment is successful PSI[1]
[2026-09-30 15:09:15.810] [999700000000011|app] [info] Connection setup for PDU session[1] is successful, TUN interface[uesimtun0, 10.45.3.25] is up.
[2026-09-30 15:09:15.845] [999700000000011|nas] [debug] Sending PDU Session Release Request for PSI[1]
[2026-09-30 15:09:16.015] [999700000000011|nas] [debug] PDU Session Release Command received
[2026-09-30 15:09:16.015] [999700000000011|nas] [debug] Performing local release of PDU session[1]
[2026-09-30 15:09:16.050] [999700000000010|nas] [debug] Sending PDU Session Establishment Request
[2026-09-30 15:09:16.050] [999700000000010|nas] [debug] UAC access attempt is allowed for identity[0], category[MO_sig]
[2026-09-30 15:09:16.225] [999700000000010|nas] [debug] PDU Session Establishment Accept received
[2026-09-30 15:09:16.225] [999700000000010|nas] [info] PDU Session establishment is successful PSI[1]
[2026-09-30 15:09:16.225] [999700000000010|app] [info] Connection setup for PDU session[1] is successful, TUN interface[uesimtun0, 10.45.3.26] is up.
[2026-09-30 15:09:16.266] [999700000000007|nas] [debug] Sending PDU Session Release Request for PSI[1]
[2026-09-30 15:09:16.427] [999700000000007|nas] [debug] PDU Session Release Command received
[2026-09-30 15:09:16.427] [999700000000007|nas] [debug] Performing local release of PDU session[1]
[2026-09-30 15:09:16.461] [999700000000005|nas] [debug] Sending PDU Session Establishment Request
[2026-09-30 15:09:16.461] [999700000000005|nas] [debug] UAC access attempt is allowed for identity[0], category[MO_sig]
[2026-09-30 15:09:16.643] [999700000000005|nas] [debug] PDU Session Establishment Accept received
[2026-09-30 15:09:16.643] [999700000000005|nas] [info] PDU Session establishment is successful PSI[1]
[2026-09-30 15:09:16.643] [999700000000005|app] [info] Connection setup for PDU session[1] is successful, TUN interface[uesimtun2, 10.45.3.27] is up.
[2026-09-30 15:09:16.677] [999700000000009|nas] [debug] Sending PDU Session Release Request for PSI[1]
[2026-09-30 15:09:16.850] [999700000000009|nas] [debug] PDU Session Release Command received
[2026-09-30 15:09:16.850] [999700000000009|nas] [debug] Performing local release of PDU session[1]
[2026-09-30 15:09:16.893] [999700000000004|nas] [debug] Sending PDU Session Establishment Request
[2026-09-30 15:09:16.893] [999700000000004|nas] [debug] UAC access attempt is allowed for identity[0], category[MO_sig]
[2026-09-30 15:09:17.060] [999700000000004|nas] [debug] PDU Session Establishment Accept received
[2026-09-30 15:09:17.060] [999700000000004|nas] [info] PDU Session establishment is successful PSI[1]
[2026-09-30 15:09:17.061] [999700000000004|app] [info] Connection setup for PDU session[1] is successful, TUN interface[uesimtun1, 10.45.3.28] is up.
[2026-09-30 15:09:17.099] [999700000000004|nas] [debug] Sending PDU Session Release Request for PSI[1]
[2026-09-30 15:09:17.263] [999700000000004|nas] [debug] PDU Session Release Command received
[2026-09-30 15:09:17.263] [999700000000004|nas] [debug] Performing local release of PDU session[1]
[2026-09-30 15:09:17.304] [999700000000012|nas] [debug] Sending PDU Session Establishment Request
[2026-09-30 15:09:17.304] [999700000000012|nas] [debug] UAC access attempt is allowed for identity[0], category[MO_sig]
[2026-09-30 15:09:17.472] [999700000000012|nas] [debug] PDU Session Establishment Accept received
[2026-09-30 15:09:17.472] [999700000000012|nas] [info] PDU Session establishment is successful PSI[1]
[2026-09-30 15:09:17.473] [999700000000012|app] [info] Connection setup for PDU session[1] is successful, TUN interface[uesimtun1, 10.45.3.29] is up.
[2026-09-30 15:09:17.509] [999700000000010|nas] [debug] Sending PDU Session Release Request for PSI[1]
[2026-09-30 15:09:17.675] [999700000000010|nas] [debug] PDU Session Release Command received
[2026-09-30 15:09:17.675] [999700000000010|nas] [debug] Performing local release of PDU session[1]
[2026-09-30 15:09:17.714] [999700000000001|nas] [debug] Sending PDU Session Establishment Request
[2026-09-30 15:09:17.714] [999700000000001|nas] [debug] UAC access attempt is allowed for identity[0], category[MO_sig]
[2026-09-30 15:09:17.883] [999700000000001|nas] [debug] PDU Session Establishment Accept received
[2026-09-30 15:09:17.883] [999700000000001|nas] [info] PDU Session establishment is successful PSI[1]
[2026-09-30 15:09:17.884] [999700000000001|app] [info] Connection setup for PDU session[1] is successful, TUN interface[uesimtun0, 10.45.3.30] is up.
[2026-09-30 15:09:17.919] [999700000000005|nas] [debug] Sending PDU Session Release Request for PSI[1]
[2026-09-30 15:09:18.088] [999700000000005|nas] [debug] PDU Session Release Command received
[2026-09-30 15:09:18.088] [999700000000005|nas] [debug] Performing local release of PDU session[1]
[2026-09-30 15:09:18.125] [999700000000007|nas] [debug] Sending PDU Session Establishment Request
[2026-09-30 15:09:18.125] [999700000000007|nas] [debug] UAC access attempt is allowed for identity[0], category[MO_sig]
[2026-09-30 15:09:18.296] [999700000000007|nas] [debug] PDU Session Establishment Accept received
[2026-09-30 15:09:18.296] [999700000000007|nas] [info] PDU Session establishment is successful PSI[1]
[2026-09-30 15:09:18.296] [999700000000007|app] [info] Connection setup for PDU session[1] is successful, TUN interface[uesimtun2, 10.45.3.31] is up.
[2026-09-30 15:09:18.330] [999700000000007|nas] [debug] Sending PDU Session Release Request for PSI[1]
[2026-09-30 15:09:18.499] [999700000000007|nas] [debug] PDU Session Release Command received
[2026-09-30 15:09:18.499] [999700000000007|nas] [debug] Performing local release of PDU session[1]
[2026-09-30 15:09:18.535] [999700000000005|nas] [debug] Sending PDU Session Establishment Request
[2026-09-30 15:09:18.535] [999700000000005|nas] [debug] UAC access attempt is allowed for identity[0], category[MO_sig]
[2026-09-30 15:09:18.708] [999700000000005|nas] [debug] PDU Session Establishment Accept received
[2026-09-30 15:09:18.708] [999700000000005|nas] [info] PDU Session establishment is successful PSI[1]
[2026-09-30 15:09:18.709] [999700000000005|app] [info] Connection setup for PDU session[1] is successful, TUN interface[uesimtun2, 10.45.3.32] is up.
[2026-09-30 15:09:18.741] [999700000000001|nas] [debug] Sending PDU Session Release Request for PSI[1]
[2026-09-30 15:09:18.911] [999700000000001|nas] [debug] PDU Session Release Command received
[2026-09-30 15:09:18.911] [999700000000001|nas] [debug] Performing local release of PDU session[1]
[2026-09-30 15:09:18.946] [999700000000007|nas] [debug] Sending PDU Session Establishment Request
[2026-09-30 15:09:18.946] [999700000000007|nas] [debug] UAC access attempt is allowed for identity[0], category[MO_sig]
[2026-09-30 15:09:19.121] [999700000000007|nas] [debug] PDU Session Establishment Accept received
[2026-09-30 15:09:19.121] [999700000000007|nas] [info] PDU Session establishment is successful PSI[1]
[2026-09-30 15:09:19.121] [999700000000007|app] [info] Connection setup for PDU session[1] is successful, TUN interface[uesimtun0, 10.45.3.33] is up.
[2026-09-30 15:09:19.161] [999700000000007|nas] [debug] Sending PDU Session Release Request for PSI[1]
[2026-09-30 15:09:19.328] [999700000000007|nas] [debug] PDU Session Release Command received
[2026-09-30 15:09:19.328] [999700000000007|nas] [debug] Performing local release of PDU session[1]
[2026-09-30 15:09:19.367] [999700000000006|nas] [debug] Sending PDU Session Establishment Request
[2026-09-30 15:09:19.368] [999700000000006|nas] [debug] UAC access attempt is allowed for identity[0], category[MO_sig]
[2026-09-30 15:09:19.540] [999700000000006|nas] [debug] PDU Session Establishment Accept received
[2026-09-30 15:09:19.540] [999700000000006|nas] [info] PDU Session establishment is successful PSI[1]
[2026-09-30 15:09:19.540] [999700000000006|app] [info] Connection setup for PDU session[1] is successful, TUN interface[uesimtun0, 10.45.3.34] is up.
[2026-09-30 15:09:19.574] [999700000000005|nas] [debug] Sending PDU Session Release Request for PSI[1]
[2026-09-30 15:09:19.743] [999700000000005|nas] [debug] PDU Session Release Command received
[2026-09-30 15:09:19.743] [999700000000005|nas] [debug] Performing local release of PDU session[1]
[2026-09-30 15:09:19.780] [999700000000009|nas] [debug] Sending PDU Session Establishment Request
[2026-09-30 15:09:19.780] [999700000000009|nas] [debug] UAC access attempt is allowed for identity[0], category[MO_sig]
[2026-09-30 15:09:19.952] [999700000000009|nas] [debug] PDU Session Establishment Accept received
[2026-09-30 15:09:19.952] [999700000000009|nas] [info] PDU Session establishment is successful PSI[1]
[2026-09-30 15:09:19.953] [999700000000009|app] [info] Connection setup for PDU session[1] is successful, TUN interface[uesimtun2, 10.45.3.35] is up.
[2026-09-30 15:09:19.985] [999700000000009|nas] [debug] Sending PDU Session Release Request for PSI[1]
[2026-09-30 15:09:20.155] [999700000000009|nas] [debug] PDU Session Release Command received
[2026-09-30 15:09:20.155] [999700000000009|nas] [debug] Performing local release of PDU session[1]
[2026-09-30 15:09:20.191] [999700000000007|nas] [debug] Sending PDU Session Establishment Request
[2026-09-30 15:09:20.191] [999700000000007|nas] [debug] UAC access attempt is allowed for identity[0], category[MO_sig]
[2026-09-30 15:09:20.364] [999700000000007|nas] [debug] PDU Session Establishment Accept received
[2026-09-30 15:09:20.364] [999700000000007|nas] [info] PDU Session establishment is successful PSI[1]
[2026-09-30 15:09:20.364] [999700000000007|app] [info] Connection setup for PDU session[1] is successful, TUN interface[uesimtun2, 10.45.3.36] is up.
[2026-09-30 15:09:20.397] [999700000000007|nas] [debug] Sending PDU Session Release Request for PSI[1]
[2026-09-30 15:09:20.571] [999700000000007|nas] [debug] PDU Session Release Command received
[2026-09-30 15:09:20.571] [999700000000007|nas] [debug] Performing local release of PDU session[1]
[2026-09-30 15:09:20.612] [999700000000001|nas] [debug] Sending PDU Session Establishment Request
[2026-09-30 15:09:20.612] [999700000000001|nas] [debug] UAC access attempt is allowed for identity[0], category[MO_sig]
[2026-09-30 15:09:20.781] [999700000000001|nas] [debug] PDU Session Establishment Accept received
[2026-09-30 15:09:20.781] [999700000000001|nas] [info] PDU Session establishment is successful PSI[1]
[2026-09-30 15:09:20.782] [999700000000001|app] [info] Connection setup for PDU session[1] is successful, TUN interface[uesimtun2, 10.45.3.37] is up.
[2026-09-30 15:09:20.817] [999700000000001|nas] [debug] Sending PDU Session Release Request for PSI[1]
[2026-09-30 15:09:20.987] [999700000000001|nas] [debug] PDU Session Release Command received
[2026-09-30 15:09:20.987] [999700000000001|nas] [debug] Performing local release of PDU session[1]
[2026-09-30 15:09:21.022] [999700000000002|nas] [debug] Sending PDU Session Establishment Request
[2026-09-30 15:09:21.022] [999700000000002|nas] [debug] UAC access attempt is allowed for identity[0], category[MO_sig]
[2026-09-30 15:09:21.197] [999700000000002|nas] [debug] PDU Session Establishment Accept received
[2026-09-30 15:09:21.197] [999700000000002|nas] [info] PDU Session establishment is successful PSI[1]
[2026-09-30 15:09:21.198] [999700000000002|app] [info] Connection setup for PDU session[1] is successful, TUN interface[uesimtun2, 10.45.3.38] is up.
[2026-09-30 15:09:21.237] [999700000000006|nas] [debug] Sending PDU Session Release Request for PSI[1]
[2026-09-30 15:09:21.399] [999700000000006|nas] [debug] PDU Session Release Command received
[2026-09-30 15:09:21.399] [999700000000006|nas] [debug] Performing local release of PDU session[1]
[2026-09-30 15:09:21.433] [999700000000004|nas] [debug] Sending PDU Session Establishment Request
[2026-09-30 15:09:21.433] [999700000000004|nas] [debug] UAC access attempt is allowed for identity[0], category[MO_sig]
[2026-09-30 15:09:21.612] [999700000000004|nas] [debug] PDU Session Establishment Accept received
[2026-09-30 15:09:21.612] [999700000000004|nas] [info] PDU Session establishment is successful PSI[1]
[2026-09-30 15:09:21.613] [999700000000004|app] [info] Connection setup for PDU session[1] is successful, TUN interface[uesimtun0, 10.45.3.39] is up.
[2026-09-30 15:09:21.648] [999700000000004|nas] [debug] Sending PDU Session Release Request for PSI[1]
[2026-09-30 15:09:21.814] [999700000000004|nas] [debug] PDU Session Release Command received
[2026-09-30 15:09:21.814] [999700000000004|nas] [debug] Performing local release of PDU session[1]
[2026-09-30 15:09:21.854] [999700000000007|nas] [debug] Sending PDU Session Establishment Request
[2026-09-30 15:09:21.854] [999700000000007|nas] [debug] UAC access attempt is allowed for identity[0], category[MO_sig]
[2026-09-30 15:09:22.024] [999700000000007|nas] [debug] PDU Session Establishment Accept received
[2026-09-30 15:09:22.024] [999700000000007|nas] [info] PDU Session establishment is successful PSI[1]
[2026-09-30 15:09:22.024] [999700000000007|app] [info] Connection setup for PDU session[1] is successful, TUN interface[uesimtun0, 10.45.3.40] is up.
[2026-09-30 15:09:22.059] [999700000000002|nas] [debug] Sending PDU Session Release Request for PSI[1]
[2026-09-30 15:09:22.227] [999700000000002|nas] [debug] PDU Session Release Command received
[2026-09-30 15:09:22.227] [999700000000002|nas] [debug] Performing local release of PDU session[1]
[2026-09-30 15:09:22.264] [999700000000011|nas] [debug] Sending PDU Session Establishment Request
[2026-09-30 15:09:22.264] [999700000000011|nas] [debug] UAC access attempt is allowed for identity[0], category[MO_sig]
[2026-09-30 15:09:22.440] [999700000000011|nas] [debug] PDU Session Establishment Accept received
[2026-09-30 15:09:22.440] [999700000000011|nas] [info] PDU Session establishment is successful PSI[1]
[2026-09-30 15:09:22.440] [999700000000011|app] [info] Connection setup for PDU session[1] is successful, TUN interface[uesimtun2, 10.45.3.41] is up.
[2026-09-30 15:09:22.479] [999700000000007|nas] [debug] Sending PDU Session Release Request for PSI[1]
[2026-09-30 15:09:22.643] [999700000000007|nas] [debug] PDU Session Release Command received
[2026-09-30 15:09:22.643] [999700000000007|nas] [debug] Performing local release of PDU session[1]
[2026-09-30 15:09:22.685] [999700000000002|nas] [debug] Sending PDU Session Establishment Request
[2026-09-30 15:09:22.685] [999700000000002|nas] [debug] UAC access attempt is allowed for identity[0], category[MO_sig]
[2026-09-30 15:09:22.852] [999700000000002|nas] [debug] PDU Session Establishment Accept received
[2026-09-30 15:09:22.852] [999700000000002|nas] [info] PDU Session establishment is successful PSI[1]
[2026-09-30 15:09:22.852] [999700000000002|app] [info] Connection setup for PDU session[1] is successful, TUN interface[uesimtun0, 10.45.3.42] is up.
[2026-09-30 15:09:22.890] [999700000000002|nas] [debug] Sending PDU Session Release Request for PSI[1]
[2026-09-30 15:09:23.055] [999700000000002|nas] [debug] PDU Session Release Command received
[2026-09-30 15:09:23.055] [999700000000002|nas] [debug] Performing local release of PDU session[1]
[2026-09-30 15:09:23.096] [999700000000001|nas] [debug] Sending PDU Session Establishment Request
[2026-09-30 15:09:23.096] [999700000000001|nas] [debug] UAC access attempt is allowed for identity[0], category[MO_sig]
[2026-09-30 15:09:23.264] [999700000000001|nas] [debug] PDU Session Establishment Accept received
[2026-09-30 15:09:23.264] [999700000000001|nas] [info] PDU Session establishment is successful PSI[1]
[2026-09-30 15:09:23.265] [999700000000001|app] [info] Connection setup for PDU session[1] is successful, TUN interface[uesimtun0, 10.45.3.43] is up.
[2026-09-30 15:09:23.302] [999700000000012|nas] [debug] Sending PDU Session Release Request for PSI[1]
[2026-09-30 15:09:23.467] [999700000000012|nas] [debug] PDU Session Release Command received
[2026-09-30 15:09:23.467] [999700000000012|nas] [debug] Performing local release of PDU session[1]
[2026-09-30 15:09:23.507] [999700000000007|nas] [debug] Sending PDU Session Establishment Request
[2026-09-30 15:09:23.508] [999700000000007|nas] [debug] UAC access attempt is allowed for identity[0], category[MO_sig]
[2026-09-30 15:09:23.677] [999700000000007|nas] [debug] PDU Session Establishment Accept received
[2026-09-30 15:09:23.677] [999700000000007|nas] [info] PDU Session establishment is successful PSI[1]
[2026-09-30 15:09:23.677] [999700000000007|app] [info] Connection setup for PDU session[1] is successful, TUN interface[uesimtun1, 10.45.3.44] is up.
[2026-09-30 15:09:23.712] [999700000000007|nas] [debug] Sending PDU Session Release Request for PSI[1]
[2026-09-30 15:09:23.880] [999700000000007|nas] [debug] PDU Session Release Command received
[2026-09-30 15:09:23.880] [999700000000007|nas] [debug] Performing local release of PDU session[1]
[2026-09-30 15:09:23.918] [999700000000012|nas] [debug] Sending PDU Session Establishment Request
[2026-09-30 15:09:23.918] [999700000000012|nas] [debug] UAC access attempt is allowed for identity[0], category[MO_sig]
[2026-09-30 15:09:24.089] [999700000000012|nas] [debug] PDU Session Establishment Accept received
[2026-09-30 15:09:24.089] [999700000000012|nas] [info] PDU Session establishment is successful PSI[1]
[2026-09-30 15:09:24.090] [999700000000012|app] [info] Connection setup for PDU session[1] is successful, TUN interface[uesimtun1, 10.45.3.45] is up.
[2026-09-30 15:09:24.123] [999700000000011|nas] [debug] Sending PDU Session Release Request for PSI[1]
[2026-09-30 15:09:24.295] [999700000000011|nas] [debug] PDU Session Release Command received
[2026-09-30 15:09:24.295] [999700000000011|nas] [debug] Performing local release of PDU session[1]
[2026-09-30 15:09:24.329] [999700000000010|nas] [debug] Sending PDU Session Establishment Request
[2026-09-30 15:09:24.329] [999700000000010|nas] [debug] UAC access attempt is allowed for identity[0], category[MO_sig]
[2026-09-30 15:09:24.506] [999700000000010|nas] [debug] PDU Session Establishment Accept received
[2026-09-30 15:09:24.506] [999700000000010|nas] [info] PDU Session establishment is successful PSI[1]
[2026-09-30 15:09:24.506] [999700000000010|app] [info] Connection setup for PDU session[1] is successful, TUN interface[uesimtun2, 10.45.3.46] is up.
[2026-09-30 15:09:24.544] [999700000000010|nas] [debug] Sending PDU Session Release Request for PSI[1]
[2026-09-30 15:09:24.711] [999700000000010|nas] [debug] PDU Session Release Command received
[2026-09-30 15:09:24.711] [999700000000010|nas] [debug] Performing local release of PDU session[1]
[2026-09-30 15:09:24.750] [999700000000002|nas] [debug] Sending PDU Session Establishment Request
[2026-09-30 15:09:24.750] [999700000000002|nas] [debug] UAC access attempt is allowed for identity[0], category[MO_sig]
[2026-09-30 15:09:24.921] [999700000000002|nas] [debug] PDU Session Establishment Accept received
[2026-09-30 15:09:24.921] [999700000000002|nas] [info] PDU Session establishment is successful PSI[1]
[2026-09-30 15:09:24.921] [999700000000002|app] [info] Connection setup for PDU session[1] is successful, TUN interface[uesimtun2, 10.45.3.47] is up.
[2026-09-30 15:09:24.955] [999700000000012|nas] [debug] Sending PDU Session Release Request for PSI[1]
[2026-09-30 15:09:25.123] [999700000000012|nas] [debug] PDU Session Release Command received
[2026-09-30 15:09:25.123] [999700000000012|nas] [debug] Performing local release of PDU session[1]
[2026-09-30 15:09:25.161] [999700000000011|nas] [debug] Sending PDU Session Establishment Request
[2026-09-30 15:09:25.161] [999700000000011|nas] [debug] UAC access attempt is allowed for identity[0], category[MO_sig]
[2026-09-30 15:09:25.336] [999700000000011|nas] [debug] PDU Session Establishment Accept received
[2026-09-30 15:09:25.336] [999700000000011|nas] [info] PDU Session establishment is successful PSI[1]
[2026-09-30 15:09:25.337] [999700000000011|app] [info] Connection setup for PDU session[1] is successful, TUN interface[uesimtun1, 10.45.3.48] is up.
[2026-09-30 15:09:25.376] [999700000000011|nas] [debug] Sending PDU Session Release Request for PSI[1]
[2026-09-30 15:09:25.543] [999700000000011|nas] [debug] PDU Session Release Command received
[2026-09-30 15:09:25.543] [999700000000011|nas] [debug] Performing local release of PDU session[1]
[2026-09-30 15:09:25.581] [999700000000008|nas] [debug] Sending PDU Session Establishment Request
[2026-09-30 15:09:25.581] [999700000000008|nas] [debug] UAC access attempt is allowed for identity[0], category[MO_sig]
[2026-09-30 15:09:25.752] [999700000000008|nas] [debug] PDU Session Establishment Accept received
[2026-09-30 15:09:25.752] [999700000000008|nas] [info] PDU Session establishment is successful PSI[1]
[2026-09-30 15:09:25.752] [999700000000008|app] [info] Connection setup for PDU session[1] is successful, TUN interface[uesimtun1, 10.45.3.49] is up.
[2026-09-30 15:09:25.786] [999700000000002|nas] [debug] Sending PDU Session Release Request for PSI[1]
[2026-09-30 15:09:25.955] [999700000000002|nas] [debug] PDU Session Release Command received
[2026-09-30 15:09:25.955] [999700000000002|nas] [debug] Performing local release of PDU session[1]
[2026-09-30 15:09:25.992] [999700000000003|nas] [debug] Sending PDU Session Establishment Request
[2026-09-30 15:09:25.992] [999700000000003|nas] [debug] UAC access attempt is allowed for identity[0], category[MO_sig]
[2026-09-30 15:09:26.165] [999700000000003|nas] [debug] PDU Session Establishment Accept received
[2026-09-30 15:09:26.165] [999700000000003|nas] [info] PDU Session establishment is successful PSI[1]
[2026-09-30 15:09:26.166] [999700000000003|app] [info] Connection setup for PDU session[1] is successful, TUN interface[uesimtun2, 10.45.3.50] is up.
[2026-09-30 15:09:26.198] [999700000000008|nas] [debug] Sending PDU Session Release Request for PSI[1]
[2026-09-30 15:09:26.367] [999700000000008|nas] [debug] PDU Session Release Command received
[2026-09-30 15:09:26.367] [999700000000008|nas] [debug] Performing local release of PDU session[1]
[2026-09-30 15:09:26.403] [999700000000012|nas] [debug] Sending PDU Session Establishment Request
[2026-09-30 15:09:26.403] [999700000000012|nas] [debug] UAC access attempt is allowed for identity[0], category[MO_sig]
[2026-09-30 15:09:26.576] [999700000000012|nas] [debug] PDU Session Establishment Accept received
[2026-09-30 15:09:26.576] [999700000000012|nas] [info] PDU Session establishment is successful PSI[1]
[2026-09-30 15:09:26.577] [999700000000012|app] [info] Connection setup for PDU session[1] is successful, TUN interface[uesimtun1, 10.45.3.51] is up.
[2026-09-30 15:09:26.610] [999700000000012|nas] [debug] Sending PDU Session Release Request for PSI[1]
[2026-09-30 15:09:26.779] [999700000000012|nas] [debug] PDU Session Release Command received
[2026-09-30 15:09:26.779] [999700000000012|nas] [debug] Performing local release of PDU session[1]
[2026-09-30 15:09:26.815] [999700000000006|nas] [debug] Sending PDU Session Establishment Request
[2026-09-30 15:09:26.815] [999700000000006|nas] [debug] UAC access attempt is allowed for identity[0], category[MO_sig]
[2026-09-30 15:09:26.988] [999700000000006|nas] [debug] PDU Session Establishment Accept received
[2026-09-30 15:09:26.988] [999700000000006|nas] [info] PDU Session establishment is successful PSI[1]
[2026-09-30 15:09:26.989] [999700000000006|app] [info] Connection setup for PDU session[1] is successful, TUN interface[uesimtun1, 10.45.3.52] is up.
[2026-09-30 15:09:27.030] [999700000000001|nas] [debug] Sending PDU Session Release Request for PSI[1]
[2026-09-30 15:09:27.191] [999700000000001|nas] [debug] PDU Session Release Command received
[2026-09-30 15:09:27.191] [999700000000001|nas] [debug] Performing local release of PDU session[1]
[2026-09-30 15:09:27.225] [999700000000012|nas] [debug] Sending PDU Session Establishment Request
[2026-09-30 15:09:27.225] [999700000000012|nas] [debug] UAC access attempt is allowed for identity[0], category[MO_sig]
[2026-09-30 15:09:27.402] [999700000000012|nas] [debug] PDU Session Establishment Accept received
[2026-09-30 15:09:27.402] [999700000000012|nas] [info] PDU Session establishment is successful PSI[1]
[2026-09-30 15:09:27.402] [999700000000012|app] [info] Connection setup for PDU session[1] is successful, TUN interface[uesimtun0, 10.45.3.53] is up.
[2026-09-30 15:09:27.440] [999700000000003|nas] [debug] Sending PDU Session Release Request for PSI[1]
[2026-09-30 15:09:27.607] [999700000000003|nas] [debug] PDU Session Release Command received
[2026-09-30 15:09:27.607] [999700000000003|nas] [debug] Performing local release of PDU session[1]
[2026-09-30 15:09:27.646] [999700000000005|nas] [debug] Sending PDU Session Establishment Request
[2026-09-30 15:09:27.646] [999700000000005|nas] [debug] UAC access attempt is allowed for identity[0], category[MO_sig]
[2026-09-30 15:09:27.815] [999700000000005|nas] [debug] PDU Session Establishment Accept received
[2026-09-30 15:09:27.815] [999700000000005|nas] [info] PDU Session establishment is successful PSI[1]
[2026-09-30 15:09:27.816] [999700000000005|app] [info] Connection setup for PDU session[1] is successful, TUN interface[uesimtun2, 10.45.3.54] is up.
[2026-09-30 15:09:27.850] [999700000000006|nas] [debug] Sending PDU Session Release Request for PSI[1]
[2026-09-30 15:09:28.023] [999700000000006|nas] [debug] PDU Session Release Command received
[2026-09-30 15:09:28.023] [999700000000006|nas] [debug] Performing local release of PDU session[1]
[2026-09-30 15:09:28.066] [999700000000003|nas] [debug] Sending PDU Session Establishment Request
[2026-09-30 15:09:28.066] [999700000000003|nas] [debug] UAC access attempt is allowed for identity[0], category[MO_sig]
[2026-09-30 15:09:28.236] [999700000000003|nas] [debug] PDU Session Establishment Accept received
[2026-09-30 15:09:28.236] [999700000000003|nas] [info] PDU Session establishment is successful PSI[1]
[2026-09-30 15:09:28.237] [999700000000003|app] [info] Connection setup for PDU session[1] is successful, TUN interface[uesimtun1, 10.45.3.55] is up.
[2026-09-30 15:09:28.272] [999700000000003|nas] [debug] Sending PDU Session Release Request for PSI[1]
[2026-09-30 15:09:28.439] [999700000000003|nas] [debug] PDU Session Release Command received
[2026-09-30 15:09:28.439] [999700000000003|nas] [debug] Performing local release of PDU session[1]
[2026-09-30 15:09:28.478] [999700000000010|nas] [debug] Sending PDU Session Establishment Request
[2026-09-30 15:09:28.478] [999700000000010|nas] [debug] UAC access attempt is allowed for identity[0], category[MO_sig]
[2026-09-30 15:09:28.648] [999700000000010|nas] [debug] PDU Session Establishment Accept received
[2026-09-30 15:09:28.648] [999700000000010|nas] [info] PDU Session establishment is successful PSI[1]
[2026-09-30 15:09:28.648] [999700000000010|app] [info] Connection setup for PDU session[1] is successful, TUN interface[uesimtun1, 10.45.3.56] is up.
[2026-09-30 15:09:28.684] [999700000000005|nas] [debug] Sending PDU Session Release Request for PSI[1]
[2026-09-30 15:09:28.854] [999700000000005|nas] [debug] PDU Session Release Command received
[2026-09-30 15:09:28.854] [999700000000005|nas] [debug] Performing local release of PDU session[1]
[2026-09-30 15:09:28.889] [999700000000003|nas] [debug] Sending PDU Session Establishment Request
[2026-09-30 15:09:28.889] [999700000000003|nas] [debug] UAC access attempt is allowed for identity[0], category[MO_sig]
[2026-09-30 15:09:29.063] [999700000000003|nas] [debug] PDU Session Establishment Accept received
[2026-09-30 15:09:29.063] [999700000000003|nas] [info] PDU Session establishment is successful PSI[1]
[2026-09-30 15:09:29.063] [999700000000003|app] [info] Connection setup for PDU session[1] is successful, TUN interface[uesimtun2, 10.45.3.57] is up.
[2026-09-30 15:09:29.104] [999700000000010|nas] [debug] Sending PDU Session Release Request for PSI[1]
[2026-09-30 15:09:29.267] [999700000000010|nas] [debug] PDU Session Release Command received
[2026-09-30 15:09:29.267] [999700000000010|nas] [debug] Performing local release of PDU session[1]
[2026-09-30 15:09:29.299] [999700000000008|nas] [debug] Sending PDU Session Establishment Request
[2026-09-30 15:09:29.300] [999700000000008|nas] [debug] UAC access attempt is allowed for identity[0], category[MO_sig]
[2026-09-30 15:09:29.480] [999700000000008|nas] [debug] PDU Session Establishment Accept received
[2026-09-30 15:09:29.480] [999700000000008|nas] [info] PDU Session establishment is successful PSI[1]
[2026-09-30 15:09:29.480] [999700000000008|app] [info] Connection setup for PDU session[1] is successful, TUN interface[uesimtun1, 10.45.3.58] is up.
[2026-09-30 15:09:29.514] [999700000000003|nas] [debug] Sending PDU Session Release Request for PSI[1]
[2026-09-30 15:09:29.683] [999700000000003|nas] [debug] PDU Session Release Command received
[2026-09-30 15:09:29.683] [999700000000003|nas] [debug] Performing local release of PDU session[1]
[2026-09-30 15:09:29.721] [999700000000002|nas] [debug] Sending PDU Session Establishment Request
[2026-09-30 15:09:29.721] [999700000000002|nas] [debug] UAC access attempt is allowed for identity[0], category[MO_sig]
[2026-09-30 15:09:29.891] [999700000000002|nas] [debug] PDU Session Establishment Accept received
[2026-09-30 15:09:29.891] [999700000000002|nas] [info] PDU Session establishment is successful PSI[1]
[2026-09-30 15:09:29.892] [999700000000002|app] [info] Connection setup for PDU session[1] is successful, TUN interface[uesimtun2, 10.45.3.59] is up.
[2026-09-30 15:09:29.927] [999700000000002|nas] [debug] Sending PDU Session Release Request for PSI[1]
[2026-09-30 15:09:30.099] [999700000000002|nas] [debug] PDU Session Release Command received
[2026-09-30 15:09:30.099] [999700000000002|nas] [debug] Performing local release of PDU session[1]
[2026-09-30 15:09:30.131] [999700000000003|nas] [debug] Sending PDU Session Establishment Request
[2026-09-30 15:09:30.132] [999700000000003|nas] [debug] UAC access attempt is allowed for identity[0], category[MO_sig]
[2026-09-30 15:09:30.308] [999700000000003|nas] [debug] PDU Session Establishment Accept received
[2026-09-30 15:09:30.308] [999700000000003|nas] [info] PDU Session establishment is successful PSI[1]
[2026-09-30 15:09:30.309] [999700000000003|app] [info] Connection setup for PDU session[1] is successful, TUN interface[uesimtun2, 10.45.3.60] is up.
[2026-09-30 15:09:30.348] [999700000000003|nas] [debug] Sending PDU Session Release Request for PSI[1]
[2026-09-30 15:09:30.511] [999700000000003|nas] [debug] PDU Session Release Command received
[2026-09-30 15:09:30.511] [999700000000003|nas] [debug] Performing local release of PDU session[1]
[2026-09-30 15:09:30.543] [999700000000009|nas] [debug] Sending PDU Session Establishment Request
[2026-09-30 15:09:30.543] [999700000000009|nas] [debug] UAC access attempt is allowed for identity[0], category[MO_sig]
[2026-09-30 15:09:30.720] [999700000000009|nas] [debug] PDU Session Establishment Accept received
[2026-09-30 15:09:30.720] [999700000000009|nas] [info] PDU Session establishment is successful PSI[1]
[2026-09-30 15:09:30.721] [999700000000009|app] [info] Connection setup for PDU session[1] is successful, TUN interface[uesimtun2, 10.45.3.61] is up.
[2026-09-30 15:09:30.759] [999700000000008|nas] [debug] Sending PDU Session Release Request for PSI[1]
[2026-09-30 15:09:30.923] [999700000000008|nas] [debug] PDU Session Release Command received
[2026-09-30 15:09:30.923] [999700000000008|nas] [debug] Performing local release of PDU session[1]
[2026-09-30 15:09:30.964] [999700000000003|nas] [debug] Sending PDU Session Establishment Request
[2026-09-30 15:09:30.964] [999700000000003|nas] [debug] UAC access attempt is allowed for identity[0], category[MO_sig]
[2026-09-30 15:09:31.132] [999700000000003|nas] [debug] PDU Session Establishment Accept received
[2026-09-30 15:09:31.132] [999700000000003|nas] [info] PDU Session establishment is successful PSI[1]
[2026-09-30 15:09:31.132] [999700000000003|app] [info] Connection setup for PDU session[1] is successful, TUN interface[uesimtun1, 10.45.3.62] is up.
[2026-09-30 15:09:31.169] [999700000000012|nas] [debug] Sending PDU Session Release Request for PSI[1]
[2026-09-30 15:09:31.335] [999700000000012|nas] [debug] PDU Session Release Command received
[2026-09-30 15:09:31.335] [999700000000012|nas] [debug] Performing local release of PDU session[1]
[2026-09-30 15:09:31.374] [999700000000008|nas] [debug] Sending PDU Session Establishment Request
[2026-09-30 15:09:31.374] [999700000000008|nas] [debug] UAC access attempt is allowed for identity[0], category[MO_sig]
[2026-09-30 15:09:31.547] [999700000000008|nas] [debug] PDU Session Establishment Accept received
[2026-09-30 15:09:31.547] [999700000000008|nas] [info] PDU Session establishment is successful PSI[1]
[2026-09-30 15:09:31.548] [999700000000008|app] [info] Connection setup for PDU session[1] is successful, TUN interface[uesimtun0, 10.45.3.63] is up.
[2026-09-30 15:09:31.579] [999700000000008|nas] [debug] Sending PDU Session Release Request for PSI[1]
[2026-09-30 15:09:31.751] [999700000000008|nas] [debug] PDU Session Release Command received
[2026-09-30 15:09:31.751] [999700000000008|nas] [debug] Performing local release of PDU session[1]
[2026-09-30 15:09:31.784] [999700000000001|nas] [debug] Sending PDU Session Establishment Request
[2026-09-30 15:09:31.784] [999700000000001|nas] [debug] UAC access attempt is allowed for identity[0], category[MO_sig]
[2026-09-30 15:09:31.961] [999700000000001|nas] [debug] PDU Session Establishment Accept received
[2026-09-30 15:09:31.961] [999700000000001|nas] [info] PDU Session establishment is successful PSI[1]
[2026-09-30 15:09:31.961] [999700000000001|app] [info] Connection setup for PDU session[1] is successful, TUN interface[uesimtun0, 10.45.3.64] is up.
[2026-09-30 15:09:32.000] [999700000000003|nas] [debug] Sending PDU Session Release Request for PSI[1]
[2026-09-30 15:09:32.167] [999700000000003|nas] [debug] PDU Session Release Command received
[2026-09-30 15:09:32.167] [999700000000003|nas] [debug] Performing local release of PDU session[1]
[2026-09-30 15:09:32.205] [999700000000004|nas] [debug] Sending PDU Session Establishment Request
[2026-09-30 15:09:32.205] [999700000000004|nas] [debug] UAC access attempt is allowed for identity[0], category[MO_sig]
[2026-09-30 15:09:32.377] [999700000000004|nas] [debug] PDU Session Establishment Accept received
[2026-09-30 15:09:32.377] [999700000000004|nas] [info] PDU Session establishment is successful PSI[1]
[2026-09-30 15:09:32.378] [999700000000004|app] [info] Connection setup for PDU session[1] is successful, TUN interface[uesimtun1, 10.45.3.65] is up.
[2026-09-30 15:09:32.410] [999700000000001|nas] [debug] Sending PDU Session Release Request for PSI[1]
[2026-09-30 15:09:32.582] [999700000000001|nas] [debug] PDU Session Release Command received
[2026-09-30 15:09:32.582] [999700000000001|nas] [debug] Performing local release of PDU session[1]
[2026-09-30 15:09:32.615] [999700000000002|nas] [debug] Sending PDU Session Establishment Request
[2026-09-30 15:09:32.615] [999700000000002|nas] [debug] UAC access attempt is allowed for identity[0], category[MO_sig]
[2026-09-30 15:09:32.793] [999700000000002|nas] [debug] PDU Session Establishment Accept received
[2026-09-30 15:09:32.793] [999700000000002|nas] [info] PDU Session establishment is successful PSI[1]
[2026-09-30 15:09:32.794] [999700000000002|app] [info] Connection setup for PDU session[1] is successful, TUN interface[uesimtun0, 10.45.3.66] is up.
[2026-09-30 15:09:32.830] [999700000000002|nas] [debug] Sending PDU Session Release Request for PSI[1]
[2026-09-30 15:09:32.999] [999700000000002|nas] [debug] PDU Session Release Command received
[2026-09-30 15:09:32.999] [999700000000002|nas] [debug] Performing local release of PDU session[1]
[2026-09-30 15:09:33.036] [999700000000001|nas] [debug] Sending PDU Session Establishment Request
[2026-09-30 15:09:33.036] [999700000000001|nas] [debug] UAC access attempt is allowed for identity[0], category[MO_sig]
[2026-09-30 15:09:33.209] [999700000000001|nas] [debug] PDU Session Establishment Accept received
[2026-09-30 15:09:33.209] [999700000000001|nas] [info] PDU Session establishment is successful PSI[1]
[2026-09-30 15:09:33.209] [999700000000001|app] [info] Connection setup for PDU session[1] is successful, TUN interface[uesimtun0, 10.45.3.67] is up.
[2026-09-30 15:09:33.241] [999700000000009|nas] [debug] Sending PDU Session Release Request for PSI[1]
[2026-09-30 15:09:33.411] [999700000000009|nas] [debug] PDU Session Release Command received
[2026-09-30 15:09:33.411] [999700000000009|nas] [debug] Performing local release of PDU session[1]
[2026-09-30 15:09:33.447] [999700000000002|nas] [debug] Sending PDU Session Establishment Request
[2026-09-30 15:09:33.447] [999700000000002|nas] [debug] UAC access attempt is allowed for identity[0], category[MO_sig]
[2026-09-30 15:09:33.623] [999700000000002|nas] [debug] PDU Session Establishment Accept received
[2026-09-30 15:09:33.623] [999700000000002|nas] [info] PDU Session establishment is successful PSI[1]
[2026-09-30 15:09:33.623] [999700000000002|app] [info] Connection setup for PDU session[1] is successful, TUN interface[uesimtun2, 10.45.3.68] is up.
[2026-09-30 15:09:33.662] [999700000000001|nas] [debug] Sending PDU Session Release Request for PSI[1]
[2026-09-30 15:09:33.826] [999700000000001|nas] [debug] PDU Session Release Command received
[2026-09-30 15:09:33.827] [999700000000001|nas] [debug] Performing local release of PDU session[1]
[2026-09-30 15:09:33.868] [999700000000003|nas] [debug] Sending PDU Session Establishment Request
[2026-09-30 15:09:33.868] [999700000000003|nas] [debug] UAC access attempt is allowed for identity[0], category[MO_sig]
[2026-09-30 15:09:34.040] [999700000000003|nas] [debug] PDU Session Establishment Accept received
[2026-09-30 15:09:34.040] [999700000000003|nas] [info] PDU Session establishment is successful PSI[1]
[2026-09-30 15:09:34.040] [999700000000003|app] [info] Connection setup for PDU session[1] is successful, TUN interface[uesimtun0, 10.45.3.69] is up.
[2026-09-30 15:09:34.072] [999700000000002|nas] [debug] Sending PDU Session Release Request for PSI[1]
[2026-09-30 15:09:34.243] [999700000000002|nas] [debug] PDU Session Release Command received
[2026-09-30 15:09:34.243] [999700000000002|nas] [debug] Performing local release of PDU session[1]
[2026-09-30 15:09:34.278] [999700000000008|nas] [debug] Sending PDU Session Establishment Request
[2026-09-30 15:09:34.279] [999700000000008|nas] [debug] UAC access attempt is allowed for identity[0], category[MO_sig]
[2026-09-30 15:09:34.452] [999700000000008|nas] [debug] PDU Session Establishment Accept received
[2026-09-30 15:09:34.452] [999700000000008|nas] [info] PDU Session establishment is successful PSI[1]
[2026-09-30 15:09:34.453] [999700000000008|app] [info] Connection setup for PDU session[1] is successful, TUN interface[uesimtun2, 10.45.3.70] is up.
[2026-09-30 15:09:34.495] [999700000000003|nas] [debug] Sending PDU Session Release Request for PSI[1]
[2026-09-30 15:09:34.655] [999700000000003|nas] [debug] PDU Session Release Command received
[2026-09-30 15:09:34.655] [999700000000003|nas] [debug] Performing local release of PDU session[1]
[2026-09-30 15:09:34.690] [999700000000007|nas] [debug] Sending PDU Session Establishment Request
[2026-09-30 15:09:34.690] [999700000000007|nas] [debug] UAC access attempt is allowed for identity[0], category[MO_sig]
[2026-09-30 15:09:34.863] [999700000000007|nas] [debug] PDU Session Establishment Accept received
[2026-09-30 15:09:34.863] [999700000000007|nas] [info] PDU Session establishment is successful PSI[1]
[2026-09-30 15:09:34.863] [999700000000007|app] [info] Connection setup for PDU session[1] is successful, TUN interface[uesimtun0, 10.45.3.71] is up.
[2026-09-30 15:09:34.895] [999700000000007|nas] [debug] Sending PDU Session Release Request for PSI[1]
[2026-09-30 15:09:35.067] [999700000000007|nas] [debug] PDU Session Release Command received
[2026-09-30 15:09:35.067] [999700000000007|nas] [debug] Performing local release of PDU session[1]
[2026-09-30 15:09:35.100] [999700000000003|nas] [debug] Sending PDU Session Establishment Request
[2026-09-30 15:09:35.100] [999700000000003|nas] [debug] UAC access attempt is allowed for identity[0], category[MO_sig]
[2026-09-30 15:09:35.276] [999700000000003|nas] [debug] PDU Session Establishment Accept received
[2026-09-30 15:09:35.276] [999700000000003|nas] [info] PDU Session establishment is successful PSI[1]
[2026-09-30 15:09:35.276] [999700000000003|app] [info] Connection setup for PDU session[1] is successful, TUN interface[uesimtun0, 10.45.3.72] is up.
[2026-09-30 15:09:35.316] [999700000000003|nas] [debug] Sending PDU Session Release Request for PSI[1]
[2026-09-30 15:09:35.479] [999700000000003|nas] [debug] PDU Session Release Command received
[2026-09-30 15:09:35.479] [999700000000003|nas] [debug] Performing local release of PDU session[1]
[2026-09-30 15:09:35.521] [999700000000009|nas] [debug] Sending PDU Session Establishment Request
[2026-09-30 15:09:35.521] [999700000000009|nas] [debug] UAC access attempt is allowed for identity[0], category[MO_sig]
[2026-09-30 15:09:35.689] [999700000000009|nas] [debug] PDU Session Establishment Accept received
[2026-09-30 15:09:35.689] [999700000000009|nas] [info] PDU Session establishment is successful PSI[1]
[2026-09-30 15:09:35.690] [999700000000009|app] [info] Connection setup for PDU session[1] is successful, TUN interface[uesimtun0, 10.45.3.73] is up.
[2026-09-30 15:09:35.726] [999700000000008|nas] [debug] Sending PDU Session Release Request for PSI[1]
[2026-09-30 15:09:35.895] [999700000000008|nas] [debug] PDU Session Release Command received
[2026-09-30 15:09:35.895] [999700000000008|nas] [debug] Performing local release of PDU session[1]
[2026-09-30 15:09:35.931] [999700000000011|nas] [debug] Sending PDU Session Establishment Request
[2026-09-30 15:09:35.931] [999700000000011|nas] [debug] UAC access attempt is allowed for identity[0], category[MO_sig]
[2026-09-30 15:09:36.109] [999700000000011|nas] [debug] PDU Session Establishment Accept received
[2026-09-30 15:09:36.109] [999700000000011|nas] [info] PDU Session establishment is successful PSI[1]
[2026-09-30 15:09:36.109] [999700000000011|app] [info] Connection setup for PDU session[1] is successful, TUN interface[uesimtun2, 10.45.3.74] is up.
[2026-09-30 15:09:36.148] [999700000000004|nas] [debug] Sending PDU Session Release Request for PSI[1]
[2026-09-30 15:09:36.311] [999700000000004|nas] [debug] PDU Session Release Command received
[2026-09-30 15:09:36.311] [999700000000004|nas] [debug] Performing local release of PDU session[1]
[2026-09-30 15:09:36.343] [999700000000010|nas] [debug] Sending PDU Session Establishment Request
[2026-09-30 15:09:36.343] [999700000000010|nas] [debug] UAC access attempt is allowed for identity[0], category[MO_sig]
[2026-09-30 15:09:36.520] [999700000000010|nas] [debug] PDU Session Establishment Accept received
[2026-09-30 15:09:36.520] [999700000000010|nas] [info] PDU Session establishment is successful PSI[1]
[2026-09-30 15:09:36.521] [999700000000010|app] [info] Connection setup for PDU session[1] is successful, TUN interface[uesimtun1, 10.45.3.75] is up.
[2026-09-30 15:09:36.560] [999700000000010|nas] [debug] Sending PDU Session Release Request for PSI[1]
[2026-09-30 15:09:36.723] [999700000000010|nas] [debug] PDU Session Release Command received
[2026-09-30 15:09:36.723] [999700000000010|nas] [debug] Performing local release of PDU session[1]
[2026-09-30 15:09:36.765] [999700000000012|nas] [debug] Sending PDU Session Establishment Request
[2026-09-30 15:09:36.765] [999700000000012|nas] [debug] UAC access attempt is allowed for identity[0], category[MO_sig]
[2026-09-30 15:09:36.935] [999700000000012|nas] [debug] PDU Session Establishment Accept received
[2026-09-30 15:09:36.935] [999700000000012|nas] [info] PDU Session establishment is successful PSI[1]
[2026-09-30 15:09:36.935] [999700000000012|app] [info] Connection setup for PDU session[1] is successful, TUN interface[uesimtun1, 10.45.3.76] is up.
[2026-09-30 15:09:36.970] [999700000000009|nas] [debug] Sending PDU Session Release Request for PSI[1]
[2026-09-30 15:09:37.138] [999700000000009|nas] [debug] PDU Session Release Command received
[2026-09-30 15:09:37.138] [999700000000009|nas] [debug] Performing local release of PDU session[1]
[2026-09-30 15:09:37.175] [999700000000010|nas] [debug] Sending PDU Session Establishment Request
[2026-09-30 15:09:37.175] [999700000000010|nas] [debug] UAC access attempt is allowed for identity[0], category[MO_sig]
[2026-09-30 15:09:37.348] [999700000000010|nas] [debug] PDU Session Establishment Accept received
[2026-09-30 15:09:37.348] [999700000000010|nas] [info] PDU Session establishment is successful PSI[1]
[2026-09-30 15:09:37.348] [999700000000010|app] [info] Connection setup for PDU session[1] is successful, TUN interface[uesimtun0, 10.45.3.77] is up.
[2026-09-30 15:09:37.381] [999700000000012|nas] [debug] Sending PDU Session Release Request for PSI[1]
[2026-09-30 15:09:37.551] [999700000000012|nas] [debug] PDU Session Release Command received
[2026-09-30 15:09:37.551] [999700000000012|nas] [debug] Performing local release of PDU session[1]
[2026-09-30 15:09:37.586] [999700000000006|nas] [debug] Sending PDU Session Establishment Request
[2026-09-30 15:09:37.586] [999700000000006|nas] [debug] UAC access attempt is allowed for identity[0], category[MO_sig]
[2026-09-30 15:09:37.762] [999700000000006|nas] [debug] PDU Session Establishment Accept received
[2026-09-30 15:09:37.762] [999700000000006|nas] [info] PDU Session establishment is successful PSI[1]
[2026-09-30 15:09:37.763] [999700000000006|app] [info] Connection setup for PDU session[1] is successful, TUN interface[uesimtun1, 10.45.3.78] is up.
[2026-09-30 15:09:37.802] [999700000000006|nas] [debug] Sending PDU Session Release Request for PSI[1]
[2026-09-30 15:09:37.967] [999700000000006|nas] [debug] PDU Session Release Command received
[2026-09-30 15:09:37.967] [999700000000006|nas] [debug] Performing local release of PDU session[1]
[2026-09-30 15:09:38.007] [999700000000001|nas] [debug] Sending PDU Session Establishment Request
[2026-09-30 15:09:38.007] [999700000000001|nas] [debug] UAC access attempt is allowed for identity[0], category[MO_sig]
[2026-09-30 15:09:38.178] [999700000000001|nas] [debug] PDU Session Establishment Accept received
[2026-09-30 15:09:38.178] [999700000000001|nas] [info] PDU Session establishment is successful PSI[1]
[2026-09-30 15:09:38.178] [999700000000001|app] [info] Connection setup for PDU session[1] is successful, TUN interface[uesimtun1, 10.45.3.79] is up.
[2026-09-30 15:09:38.212] [999700000000011|nas] [debug] Sending PDU Session Release Request for PSI[1]
[2026-09-30 15:09:38.383] [999700000000011|nas] [debug] PDU Session Release Command received
[2026-09-30 15:09:38.383] [999700000000011|nas] [debug] Performing local release of PDU session[1]
[2026-09-30 15:09:38.417] [999700000000005|nas] [debug] Sending PDU Session Establishment Request
[2026-09-30 15:09:38.417] [999700000000005|nas] [debug] UAC access attempt is allowed for identity[0], category[MO_sig]
[2026-09-30 15:09:38.591] [999700000000005|nas] [debug] PDU Session Establishment Accept received
[2026-09-30 15:09:38.591] [999700000000005|nas] [info] PDU Session establishment is successful PSI[1]
[2026-09-30 15:09:38.591] [999700000000005|app] [info] Connection setup for PDU session[1] is successful, TUN interface[uesimtun2, 10.45.3.80] is up.
[2026-09-30 15:09:38.633] [999700000000001|nas] [debug] Sending PDU Session Release Request for PSI[1]
[2026-09-30 15:09:38.795] [999700000000001|nas] [debug] PDU Session Release Command received
[2026-09-30 15:09:38.795] [999700000000001|nas] [debug] Performing local release of PDU session[1]
[2026-09-30 15:09:38.828] [999700000000002|nas] [debug] Sending PDU Session Establishment Request
[2026-09-30 15:09:38.828] [999700000000002|nas] [debug] UAC access attempt is allowed for identity[0], category[MO_sig]
[2026-09-30 15:09:39.009] [999700000000002|nas] [debug] PDU Session Establishment Accept received
[2026-09-30 15:09:39.009] [999700000000002|nas] [info] PDU Session establishment is successful PSI[1]
[2026-09-30 15:09:39.009] [999700000000002|app] [info] Connection setup for PDU session[1] is successful, TUN interface[uesimtun1, 10.45.3.81] is up.
[2026-09-30 15:09:39.043] [999700000000005|nas] [debug] Sending PDU Session Release Request for PSI[1]
[2026-09-30 15:09:39.211] [999700000000005|nas] [debug] PDU Session Release Command received
[2026-09-30 15:09:39.211] [999700000000005|nas] [debug] Performing local release of PDU session[1]
[2026-09-30 15:09:39.248] [999700000000004|nas] [debug] Sending PDU Session Establishment Request
[2026-09-30 15:09:39.248] [999700000000004|nas] [debug] UAC access attempt is allowed for identity[0], category[MO_sig]
[2026-09-30 15:09:39.420] [999700000000004|nas] [debug] PDU Session Establishment Accept received
[2026-09-30 15:09:39.420] [999700000000004|nas] [info] PDU Session establishment is successful PSI[1]
[2026-09-30 15:09:39.420] [999700000000004|app] [info] Connection setup for PDU session[1] is successful, TUN interface[uesimtun2, 10.45.3.82] is up.
[2026-09-30 15:09:39.453] [999700000000002|nas] [debug] Sending PDU Session Release Request for PSI[1]
[2026-09-30 15:09:39.623] [999700000000002|nas] [debug] PDU Session Release Command received
[2026-09-30 15:09:39.623] [999700000000002|nas] [debug] Performing local release of PDU session[1]
[2026-09-30 15:09:39.658] [999700000000003|nas] [debug] Sending PDU Session Establishment Request
[2026-09-30 15:09:39.658] [999700000000003|nas] [debug] UAC access attempt is allowed for identity[0], category[MO_sig]
[2026-09-30 15:09:39.832] [999700000000003|nas] [debug] PDU Session Establishment Accept received
[2026-09-30 15:09:39.832] [999700000000003|nas] [info] PDU Session establishment is successful PSI[1]
[2026-09-30 15:09:39.832] [999700000000003|app] [info] Connection setup for PDU session[1] is successful, TUN interface[uesimtun1, 10.45.3.83] is up.
[2026-09-30 15:09:39.873] [999700000000003|nas] [debug] Sending PDU Session Release Request for PSI[1]
[2026-09-30 15:09:40.035] [999700000000003|nas] [debug] PDU Session Release Command received
[2026-09-30 15:09:40.035] [999700000000003|nas] [debug] Performing local release of PDU session[1]
[2026-09-30 15:09:40.069] [999700000000009|nas] [debug] Sending PDU Session Establishment Request
[2026-09-30 15:09:40.069] [999700000000009|nas] [debug] UAC access attempt is allowed for identity[0], category[MO_sig]
[2026-09-30 15:09:40.244] [999700000000009|nas] [debug] PDU Session Establishment Accept received
[2026-09-30 15:09:40.244] [999700000000009|nas] [info] PDU Session establishment is successful PSI[1]
[2026-09-30 15:09:40.244] [999700000000009|app] [info] Connection setup for PDU session[1] is successful, TUN interface[uesimtun1, 10.45.3.84] is up.
[2026-09-30 15:09:40.284] [999700000000004|nas] [debug] Sending PDU Session Release Request for PSI[1]
[2026-09-30 15:09:40.447] [999700000000004|nas] [debug] PDU Session Release Command received
[2026-09-30 15:09:40.447] [999700000000004|nas] [debug] Performing local release of PDU session[1]
[2026-09-30 15:09:40.489] [999700000000011|nas] [debug] Sending PDU Session Establishment Request
[2026-09-30 15:09:40.489] [999700000000011|nas] [debug] UAC access attempt is allowed for identity[0], category[MO_sig]
[2026-09-30 15:09:40.658] [999700000000011|nas] [debug] PDU Session Establishment Accept received
[2026-09-30 15:09:40.658] [999700000000011|nas] [info] PDU Session establishment is successful PSI[1]
[2026-09-30 15:09:40.659] [999700000000011|app] [info] Connection setup for PDU session[1] is successful, TUN interface[uesimtun2, 10.45.3.85] is up.
[2026-09-30 15:09:40.695] [999700000000010|nas] [debug] Sending PDU Session Release Request for PSI[1]
[2026-09-30 15:09:40.862] [999700000000010|nas] [debug] PDU Session Release Command received
[2026-09-30 15:09:40.862] [999700000000010|nas] [debug] Performing local release of PDU session[1]
[2026-09-30 15:09:40.900] [999700000000012|nas] [debug] Sending PDU Session Establishment Request
[2026-09-30 15:09:40.900] [999700000000012|nas] [debug] UAC access attempt is allowed for identity[0], category[MO_sig]
[2026-09-30 15:09:41.072] [999700000000012|nas] [debug] PDU Session Establishment Accept received
[2026-09-30 15:09:41.072] [999700000000012|nas] [info] PDU Session establishment is successful PSI[1]
[2026-09-30 15:09:41.072] [999700000000012|app] [info] Connection setup for PDU session[1] is successful, TUN interface[uesimtun0, 10.45.3.86] is up.
[2026-09-30 15:09:41.105] [999700000000009|nas] [debug] Sending PDU Session Release Request for PSI[1]
[2026-09-30 15:09:41.279] [999700000000009|nas] [debug] PDU Session Release Command received
[2026-09-30 15:09:41.279] [999700000000009|nas] [debug] Performing local release of PDU session[1]
[2026-09-30 15:09:41.321] [999700000000005|nas] [debug] Sending PDU Session Establishment Request
[2026-09-30 15:09:41.322] [999700000000005|nas] [debug] UAC access attempt is allowed for identity[0], category[MO_sig]
[2026-09-30 15:09:41.487] [999700000000005|nas] [debug] PDU Session Establishment Accept received
[2026-09-30 15:09:41.487] [999700000000005|nas] [info] PDU Session establishment is successful PSI[1]
[2026-09-30 15:09:41.488] [999700000000005|app] [info] Connection setup for PDU session[1] is successful, TUN interface[uesimtun1, 10.45.3.87] is up.
[2026-09-30 15:09:41.527] [999700000000005|nas] [debug] Sending PDU Session Release Request for PSI[1]
[2026-09-30 15:09:41.691] [999700000000005|nas] [debug] PDU Session Release Command received
[2026-09-30 15:09:41.691] [999700000000005|nas] [debug] Performing local release of PDU session[1]
[2026-09-30 15:09:41.732] [999700000000006|nas] [debug] Sending PDU Session Establishment Request
[2026-09-30 15:09:41.732] [999700000000006|nas] [debug] UAC access attempt is allowed for identity[0], category[MO_sig]
[2026-09-30 15:09:41.901] [999700000000006|nas] [debug] PDU Session Establishment Accept received
[2026-09-30 15:09:41.901] [999700000000006|nas] [info] PDU Session establishment is successful PSI[1]
[2026-09-30 15:09:41.902] [999700000000006|app] [info] Connection setup for PDU session[1] is successful, TUN interface[uesimtun1, 10.45.3.88] is up.
[2026-09-30 15:09:41.937] [999700000000006|nas] [debug] Sending PDU Session Release Request for PSI[1]
[2026-09-30 15:09:42.107] [999700000000006|nas] [debug] PDU Session Release Command received
[2026-09-30 15:09:42.107] [999700000000006|nas] [debug] Performing local release of PDU session[1]
[2026-09-30 15:09:42.142] [999700000000003|nas] [debug] Sending PDU Session Establishment Request
[2026-09-30 15:09:42.143] [999700000000003|nas] [debug] UAC access attempt is allowed for identity[0], category[MO_sig]
[2026-09-30 15:09:42.316] [999700000000003|nas] [debug] PDU Session Establishment Accept received
[2026-09-30 15:09:42.316] [999700000000003|nas] [info] PDU Session establishment is successful PSI[1]
[2026-09-30 15:09:42.317] [999700000000003|app] [info] Connection setup for PDU session[1] is successful, TUN interface[uesimtun1, 10.45.3.89] is up.
[2026-09-30 15:09:42.356] [999700000000003|nas] [debug] Sending PDU Session Release Request for PSI[1]
[2026-09-30 15:09:42.517] [999700000000003|nas] [debug] PDU Session Release Command received
[2026-09-30 15:09:42.517] [999700000000003|nas] [debug] Performing local release of PDU session[1]
[2026-09-30 15:09:42.551] [999700000000004|nas] [debug] Sending PDU Session Establishment Request
[2026-09-30 15:09:42.552] [999700000000004|nas] [debug] UAC access attempt is allowed for identity[0], category[MO_sig]
[2026-09-30 15:09:42.726] [999700000000004|nas] [debug] PDU Session Establishment Accept received
[2026-09-30 15:09:42.726] [999700000000004|nas] [info] PDU Session establishment is successful PSI[1]
[2026-09-30 15:09:42.727] [999700000000004|app] [info] Connection setup for PDU session[1] is successful, TUN interface[uesimtun1, 10.45.3.90] is up.
[2026-09-30 15:09:42.767] [999700000000012|nas] [debug] Sending PDU Session Release Request for PSI[1]
[2026-09-30 15:09:42.930] [999700000000012|nas] [debug] PDU Session Release Command received
[2026-09-30 15:09:42.930] [999700000000012|nas] [debug] Performing local release of PDU session[1]
[2026-09-30 15:09:42.962] [999700000000009|nas] [debug] Sending PDU Session Establishment Request
[2026-09-30 15:09:42.962] [999700000000009|nas] [debug] UAC access attempt is allowed for identity[0], category[MO_sig]
[2026-09-30 15:09:43.139] [999700000000009|nas] [debug] PDU Session Establishment Accept received
[2026-09-30 15:09:43.139] [999700000000009|nas] [info] PDU Session establishment is successful PSI[1]
[2026-09-30 15:09:43.139] [999700000000009|app] [info] Connection setup for PDU session[1] is successful, TUN interface[uesimtun0, 10.45.3.91] is up.
[2026-09-30 15:09:43.177] [999700000000004|nas] [debug] Sending PDU Session Release Request for PSI[1]
[2026-09-30 15:09:43.341] [999700000000004|nas] [debug] PDU Session Release Command received
[2026-09-30 15:09:43.341] [999700000000004|nas] [debug] Performing local release of PDU session[1]
[2026-09-30 15:09:43.382] [999700000000003|nas] [debug] Sending PDU Session Establishment Request
[2026-09-30 15:09:43.382] [999700000000003|nas] [debug] UAC access attempt is allowed for identity[0], category[MO_sig]
[2026-09-30 15:09:43.550] [999700000000003|nas] [debug] PDU Session Establishment Accept received
[2026-09-30 15:09:43.550] [999700000000003|nas] [info] PDU Session establishment is successful PSI[1]
[2026-09-30 15:09:43.551] [999700000000003|app] [info] Connection setup for PDU session[1] is successful, TUN interface[uesimtun1, 10.45.3.92] is up.
[2026-09-30 15:09:43.588] [999700000000011|nas] [debug] Sending PDU Session Release Request for PSI[1]
[2026-09-30 15:09:43.754] [999700000000011|nas] [debug] PDU Session Release Command received
[2026-09-30 15:09:43.754] [999700000000011|nas] [debug] Performing local release of PDU session[1]
[2026-09-30 15:09:43.793] [999700000000007|nas] [debug] Sending PDU Session Establishment Request
[2026-09-30 15:09:43.793] [999700000000007|nas] [debug] UAC access attempt is allowed for identity[0], category[MO_sig]
[2026-09-30 15:09:43.964] [999700000000007|nas] [debug] PDU Session Establishment Accept received
[2026-09-30 15:09:43.964] [999700000000007|nas] [info] PDU Session establishment is successful PSI[1]
[2026-09-30 15:09:43.965] [999700000000007|app] [info] Connection setup for PDU session[1] is successful, TUN interface[uesimtun2, 10.45.3.93] is up.
[2026-09-30 15:09:43.998] [999700000000003|nas] [debug] Sending PDU Session Release Request for PSI[1]
[2026-09-30 15:09:44.173] [999700000000003|nas] [debug] PDU Session Release Command received
[2026-09-30 15:09:44.173] [999700000000003|nas] [debug] Performing local release of PDU session[1]
[2026-09-30 15:09:44.214] [999700000000012|nas] [debug] Sending PDU Session Establishment Request
[2026-09-30 15:09:44.214] [999700000000012|nas] [debug] UAC access attempt is allowed for identity[0], category[MO_sig]
[2026-09-30 15:09:44.382] [999700000000012|nas] [debug] PDU Session Establishment Accept received
[2026-09-30 15:09:44.382] [999700000000012|nas] [info] PDU Session establishment is successful PSI[1]
[2026-09-30 15:09:44.382] [999700000000012|app] [info] Connection setup for PDU session[1] is successful, TUN interface[uesimtun1, 10.45.3.94] is up.
[2026-09-30 15:09:44.420] [999700000000007|nas] [debug] Sending PDU Session Release Request for PSI[1]
[2026-09-30 15:09:44.585] [999700000000007|nas] [debug] PDU Session Release Command received
[2026-09-30 15:09:44.585] [999700000000007|nas] [debug] Performing local release of PDU session[1]
[2026-09-30 15:09:44.625] [999700000000004|nas] [debug] Sending PDU Session Establishment Request
[2026-09-30 15:09:44.625] [999700000000004|nas] [debug] UAC access attempt is allowed for identity[0], category[MO_sig]
[2026-09-30 15:09:44.799] [999700000000004|nas] [debug] PDU Session Establishment Accept received
[2026-09-30 15:09:44.799] [999700000000004|nas] [info] PDU Session establishment is successful PSI[1]
[2026-09-30 15:09:44.800] [999700000000004|app] [info] Connection setup for PDU session[1] is successful, TUN interface[uesimtun2, 10.45.3.95] is up.
[2026-09-30 15:09:44.840] [999700000000009|nas] [debug] Sending PDU Session Release Request for PSI[1]
[2026-09-30 15:09:45.002] [999700000000009|nas] [debug] PDU Session Release Command received
[2026-09-30 15:09:45.002] [999700000000009|nas] [debug] Performing local release of PDU session[1]
[2026-09-30 15:09:45.035] [999700000000005|nas] [debug] Sending PDU Session Establishment Request
[2026-09-30 15:09:45.035] [999700000000005|nas] [debug] UAC access attempt is allowed for identity[0], category[MO_sig]
[2026-09-30 15:09:45.210] [999700000000005|nas] [debug] PDU Session Establishment Accept received
[2026-09-30 15:09:45.210] [999700000000005|nas] [info] PDU Session establishment is successful PSI[1]
[2026-09-30 15:09:45.210] [999700000000005|app] [info] Connection setup for PDU session[1] is successful, TUN interface[uesimtun0, 10.45.3.96] is up.
[2026-09-30 15:09:45.251] [999700000000012|nas] [debug] Sending PDU Session Release Request for PSI[1]
[2026-09-30 15:09:45.413] [999700000000012|nas] [debug] PDU Session Release Command received
[2026-09-30 15:09:45.413] [999700000000012|nas] [debug] Performing local release of PDU session[1]
[2026-09-30 15:09:45.445] [999700000000006|nas] [debug] Sending PDU Session Establishment Request
[2026-09-30 15:09:45.445] [999700000000006|nas] [debug] UAC access attempt is allowed for identity[0], category[MO_sig]
[2026-09-30 15:09:45.622] [999700000000006|nas] [debug] PDU Session Establishment Accept received
[2026-09-30 15:09:45.622] [999700000000006|nas] [info] PDU Session establishment is successful PSI[1]
[2026-09-30 15:09:45.623] [999700000000006|app] [info] Connection setup for PDU session[1] is successful, TUN interface[uesimtun1, 10.45.3.97] is up.
[2026-09-30 15:09:45.661] [999700000000006|nas] [debug] Sending PDU Session Release Request for PSI[1]
[2026-09-30 15:09:45.825] [999700000000006|nas] [debug] PDU Session Release Command received
[2026-09-30 15:09:45.825] [999700000000006|nas] [debug] Performing local release of PDU session[1]
[2026-09-30 15:09:45.866] [999700000000012|nas] [debug] Sending PDU Session Establishment Request
[2026-09-30 15:09:45.866] [999700000000012|nas] [debug] UAC access attempt is allowed for identity[0], category[MO_sig]
[2026-09-30 15:09:46.042] [999700000000012|nas] [debug] PDU Session Establishment Accept received
[2026-09-30 15:09:46.042] [999700000000012|nas] [info] PDU Session establishment is successful PSI[1]
[2026-09-30 15:09:46.042] [999700000000012|app] [info] Connection setup for PDU session[1] is successful, TUN interface[uesimtun1, 10.45.3.98] is up.
[2026-09-30 15:09:46.081] [999700000000004|nas] [debug] Sending PDU Session Release Request for PSI[1]
[2026-09-30 15:09:46.246] [999700000000004|nas] [debug] PDU Session Release Command received
[2026-09-30 15:09:46.246] [999700000000004|nas] [debug] Performing local release of PDU session[1]
[2026-09-30 15:09:46.287] [999700000000007|nas] [debug] Sending PDU Session Establishment Request
[2026-09-30 15:09:46.287] [999700000000007|nas] [debug] UAC access attempt is allowed for identity[0], category[MO_sig]
[2026-09-30 15:09:46.454] [999700000000007|nas] [debug] PDU Session Establishment Accept received
[2026-09-30 15:09:46.454] [999700000000007|nas] [info] PDU Session establishment is successful PSI[1]
[2026-09-30 15:09:46.455] [999700000000007|app] [info] Connection setup for PDU session[1] is successful, TUN interface[uesimtun2, 10.45.3.99] is up.
[2026-09-30 15:09:46.492] [999700000000005|nas] [debug] Sending PDU Session Release Request for PSI[1]
[2026-09-30 15:09:46.657] [999700000000005|nas] [debug] PDU Session Release Command received
[2026-09-30 15:09:46.657] [999700000000005|nas] [debug] Performing local release of PDU session[1]
[2026-09-30 15:09:46.697] [999700000000010|nas] [debug] Sending PDU Session Establishment Request
[2026-09-30 15:09:46.697] [999700000000010|nas] [debug] UAC access attempt is allowed for identity[0], category[MO_sig]
[2026-09-30 15:09:46.868] [999700000000010|nas] [debug] PDU Session Establishment Accept received
[2026-09-30 15:09:46.868] [999700000000010|nas] [info] PDU Session establishment is successful PSI[1]
[2026-09-30 15:09:46.868] [999700000000010|app] [info] Connection setup for PDU session[1] is successful, TUN interface[uesimtun0, 10.45.3.100] is up.
[2026-09-30 15:09:46.902] [999700000000012|nas] [debug] Sending PDU Session Release Request for PSI[1]
[2026-09-30 15:09:47.074] [999700000000012|nas] [debug] PDU Session Release Command received
[2026-09-30 15:09:47.074] [999700000000012|nas] [debug] Performing local release of PDU session[1]
[2026-09-30 15:09:47.107] [999700000000006|nas] [debug] Sending PDU Session Establishment Request
[2026-09-30 15:09:47.107] [999700000000006|nas] [debug] UAC access attempt is allowed for identity[0], category[MO_sig]
[2026-09-30 15:09:47.288] [999700000000006|nas] [debug] PDU Session Establishment Accept received
[2026-09-30 15:09:47.288] [999700000000006|nas] [info] PDU Session establishment is successful PSI[1]
[2026-09-30 15:09:47.288] [999700000000006|app] [info] Connection setup for PDU session[1] is successful, TUN interface[uesimtun1, 10.45.3.101] is up.
[2026-09-30 15:09:47.322] [999700000000007|nas] [debug] Sending PDU Session Release Request for PSI[1]
[2026-09-30 15:09:47.493] [999700000000007|nas] [debug] PDU Session Release Command received
[2026-09-30 15:09:47.493] [999700000000007|nas] [debug] Performing local release of PDU session[1]
[2026-09-30 15:09:47.528] [999700000000008|nas] [debug] Sending PDU Session Establishment Request
[2026-09-30 15:09:47.528] [999700000000008|nas] [debug] UAC access attempt is allowed for identity[0], category[MO_sig]
[2026-09-30 15:09:47.704] [999700000000008|nas] [debug] PDU Session Establishment Accept received
[2026-09-30 15:09:47.704] [999700000000008|nas] [info] PDU Session establishment is successful PSI[1]
[2026-09-30 15:09:47.705] [999700000000008|app] [info] Connection setup for PDU session[1] is successful, TUN interface[uesimtun2, 10.45.3.102] is up.
[2026-09-30 15:09:47.743] [999700000000008|nas] [debug] Sending PDU Session Release Request for PSI[1]
[2026-09-30 15:09:47.910] [999700000000008|nas] [debug] PDU Session Release Command received
[2026-09-30 15:09:47.910] [999700000000008|nas] [debug] Performing local release of PDU session[1]
[2026-09-30 15:09:47.948] [999700000000011|nas] [debug] Sending PDU Session Establishment Request
[2026-09-30 15:09:47.948] [999700000000011|nas] [debug] UAC access attempt is allowed for identity[0], category[MO_sig]
[2026-09-30 15:09:48.119] [999700000000011|nas] [debug] PDU Session Establishment Accept received
[2026-09-30 15:09:48.119] [999700000000011|nas] [info] PDU Session establishment is successful PSI[1]
[2026-09-30 15:09:48.119] [999700000000011|app] [info] Connection setup for PDU session[1] is successful, TUN interface[uesimtun2, 10.45.3.103] is up.
[2026-09-30 15:09:48.153] [999700000000006|nas] [debug] Sending PDU Session Release Request for PSI[1]
[2026-09-30 15:09:48.322] [999700000000006|nas] [debug] PDU Session Release Command received
[2026-09-30 15:09:48.322] [999700000000006|nas] [debug] Performing local release of PDU session[1]
[2026-09-30 15:09:48.359] [999700000000008|nas] [debug] Sending PDU Session Establishment Request
[2026-09-30 15:09:48.359] [999700000000008|nas] [debug] UAC access attempt is allowed for identity[0], category[MO_sig]
[2026-09-30 15:09:48.530] [999700000000008|nas] [debug] PDU Session Establishment Accept received
[2026-09-30 15:09:48.530] [999700000000008|nas] [info] PDU Session establishment is successful PSI[1]
[2026-09-30 15:09:48.530] [999700000000008|app] [info] Connection setup for PDU session[1] is successful, TUN interface[uesimtun1, 10.45.3.104] is up.
[2026-09-30 15:09:48.564] [999700000000008|nas] [debug] Sending PDU Session Release Request for PSI[1]
[2026-09-30 15:09:48.733] [999700000000008|nas] [debug] PDU Session Release Command received
[2026-09-30 15:09:48.733] [999700000000008|nas] [debug] Performing local release of PDU session[1]
[2026-09-30 15:09:48.770] [999700000000012|nas] [debug] Sending PDU Session Establishment Request
[2026-09-30 15:09:48.770] [999700000000012|nas] [debug] UAC access attempt is allowed for identity[0], category[MO_sig]
[2026-09-30 15:09:48.942] [999700000000012|nas] [debug] PDU Session Establishment Accept received
[2026-09-30 15:09:48.942] [999700000000012|nas] [info] PDU Session establishment is successful PSI[1]
[2026-09-30 15:09:48.943] [999700000000012|app] [info] Connection setup for PDU session[1] is successful, TUN interface[uesimtun1, 10.45.3.105] is up.
[2026-09-30 15:09:48.975] [999700000000012|nas] [debug] Sending PDU Session Release Request for PSI[1]
[2026-09-30 15:09:49.145] [999700000000012|nas] [debug] PDU Session Release Command received
[2026-09-30 15:09:49.145] [999700000000012|nas] [debug] Performing local release of PDU session[1]
[2026-09-30 15:09:49.180] [999700000000009|nas] [debug] Sending PDU Session Establishment Request
[2026-09-30 15:09:49.180] [999700000000009|nas] [debug] UAC access attempt is allowed for identity[0], category[MO_sig]
[2026-09-30 15:09:49.354] [999700000000009|nas] [debug] PDU Session Establishment Accept received
[2026-09-30 15:09:49.354] [999700000000009|nas] [info] PDU Session establishment is successful PSI[1]
[2026-09-30 15:09:49.354] [999700000000009|app] [info] Connection setup for PDU session[1] is successful, TUN interface[uesimtun1, 10.45.3.106] is up.
[2026-09-30 15:09:49.395] [999700000000009|nas] [debug] Sending PDU Session Release Request for PSI[1]
[2026-09-30 15:09:49.558] [999700000000009|nas] [debug] PDU Session Release Command received
[2026-09-30 15:09:49.558] [999700000000009|nas] [debug] Performing local release of PDU session[1]
[2026-09-30 15:09:49.590] [999700000000012|nas] [debug] Sending PDU Session Establishment Request
[2026-09-30 15:09:49.590] [999700000000012|nas] [debug] UAC access attempt is allowed for identity[0], category[MO_sig]
[2026-09-30 15:09:49.767] [999700000000012|nas] [debug] PDU Session Establishment Accept received
[2026-09-30 15:09:49.767] [999700000000012|nas] [info] PDU Session establishment is successful PSI[1]
[2026-09-30 15:09:49.768] [999700000000012|app] [info] Connection setup for PDU session[1] is successful, TUN interface[uesimtun1, 10.45.3.107] is up.
[2026-09-30 15:09:49.805] [999700000000011|nas] [debug] Sending PDU Session Release Request for PSI[1]
[2026-09-30 15:09:49.973] [999700000000011|nas] [debug] PDU Session Release Command received
[2026-09-30 15:09:49.973] [999700000000011|nas] [debug] Performing local release of PDU session[1]
[2026-09-30 15:09:50.010] [999700000000004|nas] [debug] Sending PDU Session Establishment Request
[2026-09-30 15:09:50.010] [999700000000004|nas] [debug] UAC access attempt is allowed for identity[0], category[MO_sig]
[2026-09-30 15:09:50.183] [999700000000004|nas] [debug] PDU Session Establishment Accept received
[2026-09-30 15:09:50.183] [999700000000004|nas] [info] PDU Session establishment is successful PSI[1]
[2026-09-30 15:09:50.184] [999700000000004|app] [info] Connection setup for PDU session[1] is successful, TUN interface[uesimtun2, 10.45.3.108] is up.
[2026-09-30 15:09:50.216] [999700000000004|nas] [debug] Sending PDU Session Release Request for PSI[1]
[2026-09-30 15:09:50.385] [999700000000004|nas] [debug] PDU Session Release Command received
[2026-09-30 15:09:50.385] [999700000000004|nas] [debug] Performing local release of PDU session[1]
[2026-09-30 15:09:50.421] [999700000000001|nas] [debug] Sending PDU Session Establishment Request
[2026-09-30 15:09:50.421] [999700000000001|nas] [debug] UAC access attempt is allowed for identity[0], category[MO_sig]
[2026-09-30 15:09:50.600] [999700000000001|nas] [debug] PDU Session Establishment Accept received
[2026-09-30 15:09:50.600] [999700000000001|nas] [info] PDU Session establishment is successful PSI[1]
[2026-09-30 15:09:50.600] [999700000000001|app] [info] Connection setup for PDU session[1] is successful, TUN interface[uesimtun2, 10.45.3.109] is up.
[2026-09-30 15:09:50.636] [999700000000012|nas] [debug] Sending PDU Session Release Request for PSI[1]
[2026-09-30 15:09:50.809] [999700000000012|nas] [debug] PDU Session Release Command received
[2026-09-30 15:09:50.809] [999700000000012|nas] [debug] Performing local release of PDU session[1]
[2026-09-30 15:09:50.842] [999700000000008|nas] [debug] Sending PDU Session Establishment Request
[2026-09-30 15:09:50.842] [999700000000008|nas] [debug] UAC access attempt is allowed for identity[0], category[MO_sig]
[2026-09-30 15:09:51.022] [999700000000008|nas] [debug] PDU Session Establishment Accept received
[2026-09-30 15:09:51.022] [999700000000008|nas] [info] PDU Session establishment is successful PSI[1]
[2026-09-30 15:09:51.023] [999700000000008|app] [info] Connection setup for PDU session[1] is successful, TUN interface[uesimtun1, 10.45.3.110] is up.
[2026-09-30 15:09:51.057] [999700000000008|nas] [debug] Sending PDU Session Release Request for PSI[1]
[2026-09-30 15:09:51.226] [999700000000008|nas] [debug] PDU Session Release Command received
[2026-09-30 15:09:51.226] [999700000000008|nas] [debug] Performing local release of PDU session[1]
[2026-09-30 15:09:51.262] [999700000000011|nas] [debug] Sending PDU Session Establishment Request
[2026-09-30 15:09:51.262] [999700000000011|nas] [debug] UAC access attempt is allowed for identity[0], category[MO_sig]
[2026-09-30 15:09:51.434] [999700000000011|nas] [debug] PDU Session Establishment Accept received
[2026-09-30 15:09:51.434] [999700000000011|nas] [info] PDU Session establishment is successful PSI[1]
[2026-09-30 15:09:51.434] [999700000000011|app] [info] Connection setup for PDU session[1] is successful, TUN interface[uesimtun1, 10.45.3.111] is up.
[2026-09-30 15:09:51.468] [999700000000010|nas] [debug] Sending PDU Session Release Request for PSI[1]
[2026-09-30 15:09:51.637] [999700000000010|nas] [debug] PDU Session Release Command received
[2026-09-30 15:09:51.637] [999700000000010|nas] [debug] Performing local release of PDU session[1]
[2026-09-30 15:09:51.672] [999700000000006|nas] [debug] Sending PDU Session Establishment Request
[2026-09-30 15:09:51.672] [999700000000006|nas] [debug] UAC access attempt is allowed for identity[0], category[MO_sig]
[2026-09-30 15:09:51.846] [999700000000006|nas] [debug] PDU Session Establishment Accept received
[2026-09-30 15:09:51.846] [999700000000006|nas] [info] PDU Session establishment is successful PSI[1]
[2026-09-30 15:09:51.847] [999700000000006|app] [info] Connection setup for PDU session[1] is successful, TUN interface[uesimtun0, 10.45.3.112] is up.
[2026-09-30 15:09:51.887] [999700000000001|nas] [debug] Sending PDU Session Release Request for PSI[1]
[2026-09-30 15:09:52.049] [999700000000001|nas] [debug] PDU Session Release Command received
[2026-09-30 15:09:52.049] [999700000000001|nas] [debug] Performing local release of PDU session[1]
[2026-09-30 15:09:52.082] [999700000000007|nas] [debug] Sending PDU Session Establishment Request
[2026-09-30 15:09:52.082] [999700000000007|nas] [debug] UAC access attempt is allowed for identity[0], category[MO_sig]
[2026-09-30 15:09:52.259] [999700000000007|nas] [debug] PDU Session Establishment Accept received
[2026-09-30 15:09:52.259] [999700000000007|nas] [info] PDU Session establishment is successful PSI[1]
[2026-09-30 15:09:52.260] [999700000000007|app] [info] Connection setup for PDU session[1] is successful, TUN interface[uesimtun2, 10.45.3.113] is up.
[2026-09-30 15:09:52.298] [999700000000011|nas] [debug] Sending PDU Session Release Request for PSI[1]
[2026-09-30 15:09:52.462] [999700000000011|nas] [debug] PDU Session Release Command received
[2026-09-30 15:09:52.462] [999700000000011|nas] [debug] Performing local release of PDU session[1]
[2026-09-30 15:09:52.502] [999700000000004|nas] [debug] Sending PDU Session Establishment Request
[2026-09-30 15:09:52.502] [999700000000004|nas] [debug] UAC access attempt is allowed for identity[0], category[MO_sig]
[2026-09-30 15:09:52.674] [999700000000004|nas] [debug] PDU Session Establishment Accept received
[2026-09-30 15:09:52.674] [999700000000004|nas] [info] PDU Session establishment is successful PSI[1]
[2026-09-30 15:09:52.674] [999700000000004|app] [info] Connection setup for PDU session[1] is successful, TUN interface[uesimtun1, 10.45.3.114] is up.
[2026-09-30 15:09:52.708] [999700000000006|nas] [debug] Sending PDU Session Release Request for PSI[1]
[2026-09-30 15:09:52.877] [999700000000006|nas] [debug] PDU Session Release Command received
[2026-09-30 15:09:52.877] [999700000000006|nas] [debug] Performing local release of PDU session[1]
[2026-09-30 15:09:52.913] [999700000000003|nas] [debug] Sending PDU Session Establishment Request
[2026-09-30 15:09:52.914] [999700000000003|nas] [debug] UAC access attempt is allowed for identity[0], category[MO_sig]
[2026-09-30 15:09:53.086] [999700000000003|nas] [debug] PDU Session Establishment Accept received
[2026-09-30 15:09:53.086] [999700000000003|nas] [info] PDU Session establishment is successful PSI[1]
[2026-09-30 15:09:53.086] [999700000000003|app] [info] Connection setup for PDU session[1] is successful, TUN interface[uesimtun0, 10.45.3.115] is up.
[2026-09-30 15:09:53.120] [999700000000004|nas] [debug] Sending PDU Session Release Request for PSI[1]
[2026-09-30 15:09:53.289] [999700000000004|nas] [debug] PDU Session Release Command received
[2026-09-30 15:09:53.289] [999700000000004|nas] [debug] Performing local release of PDU session[1]
[2026-09-30 15:09:53.326] [999700000000008|nas] [debug] Sending PDU Session Establishment Request
[2026-09-30 15:09:53.326] [999700000000008|nas] [debug] UAC access attempt is allowed for identity[0], category[MO_sig]
[2026-09-30 15:09:53.504] [999700000000008|nas] [debug] PDU Session Establishment Accept received
[2026-09-30 15:09:53.504] [999700000000008|nas] [info] PDU Session establishment is successful PSI[1]
[2026-09-30 15:09:53.505] [999700000000008|app] [info] Connection setup for PDU session[1] is successful, TUN interface[uesimtun1, 10.45.3.116] is up.
[2026-09-30 15:09:53.541] [999700000000008|nas] [debug] Sending PDU Session Release Request for PSI[1]
[2026-09-30 15:09:53.710] [999700000000008|nas] [debug] PDU Session Release Command received
[2026-09-30 15:09:53.710] [999700000000008|nas] [debug] Performing local release of PDU session[1]
[2026-09-30 15:09:53.746] [999700000000009|nas] [debug] Sending PDU Session Establishment Request
[2026-09-30 15:09:53.747] [999700000000009|nas] [debug] UAC access attempt is allowed for identity[0], category[MO_sig]
[2026-09-30 15:09:53.919] [999700000000009|nas] [debug] PDU Session Establishment Accept received
[2026-09-30 15:09:53.919] [999700000000009|nas] [info] PDU Session establishment is successful PSI[1]
[2026-09-30 15:09:53.919] [999700000000009|app] [info] Connection setup for PDU session[1] is successful, TUN interface[uesimtun1, 10.45.3.117] is up.
[2026-09-30 15:09:53.953] [999700000000003|nas] [debug] Sending PDU Session Release Request for PSI[1]
[2026-09-30 15:09:54.125] [999700000000003|nas] [debug] PDU Session Release Command received
[2026-09-30 15:09:54.125] [999700000000003|nas] [debug] Performing local release of PDU session[1]
[2026-09-30 15:09:54.158] [999700000000001|nas] [debug] Sending PDU Session Establishment Request
[2026-09-30 15:09:54.158] [999700000000001|nas] [debug] UAC access attempt is allowed for identity[0], category[MO_sig]
[2026-09-30 15:09:54.339] [999700000000001|nas] [debug] PDU Session Establishment Accept received
[2026-09-30 15:09:54.339] [999700000000001|nas] [info] PDU Session establishment is successful PSI[1]
[2026-09-30 15:09:54.340] [999700000000001|app] [info] Connection setup for PDU session[1] is successful, TUN interface[uesimtun0, 10.45.3.118] is up.
[2026-09-30 15:09:54.373] [999700000000007|nas] [debug] Sending PDU Session Release Request for PSI[1]
[2026-09-30 15:09:54.541] [999700000000007|nas] [debug] PDU Session Release Command received
[2026-09-30 15:09:54.541] [999700000000007|nas] [debug] Performing local release of PDU session[1]
[2026-09-30 15:09:54.579] [999700000000002|nas] [debug] Sending PDU Session Establishment Request
[2026-09-30 15:09:54.579] [999700000000002|nas] [debug] UAC access attempt is allowed for identity[0], category[MO_sig]
[2026-09-30 15:09:54.754] [999700000000002|nas] [debug] PDU Session Establishment Accept received
[2026-09-30 15:09:54.754] [999700000000002|nas] [info] PDU Session establishment is successful PSI[1]
[2026-09-30 15:09:54.754] [999700000000002|app] [info] Connection setup for PDU session[1] is successful, TUN interface[uesimtun2, 10.45.3.119] is up.
[2026-09-30 15:09:54.795] [999700000000002|nas] [debug] Sending PDU Session Release Request for PSI[1]
[2026-09-30 15:09:54.957] [999700000000002|nas] [debug] PDU Session Release Command received
[2026-09-30 15:09:54.957] [999700000000002|nas] [debug] Performing local release of PDU session[1]
[2026-09-30 15:09:54.990] [999700000000005|nas] [debug] Sending PDU Session Establishment Request
[2026-09-30 15:09:54.990] [999700000000005|nas] [debug] UAC access attempt is allowed for identity[0], category[MO_sig]
[2026-09-30 15:09:55.168] [999700000000005|nas] [debug] PDU Session Establishment Accept received
[2026-09-30 15:09:55.168] [999700000000005|nas] [info] PDU Session establishment is successful PSI[1]
[2026-09-30 15:09:55.169] [999700000000005|app] [info] Connection setup for PDU session[1] is successful, TUN interface[uesimtun2, 10.45.3.120] is up.
[2026-09-30 15:09:55.205] [999700000000005|nas] [debug] Sending PDU Session Release Request for PSI[1]
[2026-09-30 15:09:55.373] [999700000000005|nas] [debug] PDU Session Release Command received
[2026-09-30 15:09:55.373] [999700000000005|nas] [debug] Performing local release of PDU session[1]
[2026-09-30 15:09:55.410] [999700000000006|nas] [debug] Sending PDU Session Establishment Request
[2026-09-30 15:09:55.410] [999700000000006|nas] [debug] UAC access attempt is allowed for identity[0], category[MO_sig]
[2026-09-30 15:09:55.585] [999700000000006|nas] [debug] PDU Session Establishment Accept received
[2026-09-30 15:09:55.585] [999700000000006|nas] [info] PDU Session establishment is successful PSI[1]
[2026-09-30 15:09:55.585] [999700000000006|app] [info] Connection setup for PDU session[1] is successful, TUN interface[uesimtun2, 10.45.3.121] is up.
[2026-09-30 15:09:55.626] [999700000000006|nas] [debug] Sending PDU Session Release Request for PSI[1]
[2026-09-30 15:09:55.794] [999700000000006|nas] [debug] PDU Session Release Command received
[2026-09-30 15:09:55.794] [999700000000006|nas] [debug] Performing local release of PDU session[1]
[2026-09-30 15:09:55.831] [999700000000002|nas] [debug] Sending PDU Session Establishment Request
[2026-09-30 15:09:55.831] [999700000000002|nas] [debug] UAC access attempt is allowed for identity[0], category[MO_sig]
[2026-09-30 15:09:56.005] [999700000000002|nas] [debug] PDU Session Establishment Accept received
[2026-09-30 15:09:56.005] [999700000000002|nas] [info] PDU Session establishment is successful PSI[1]
[2026-09-30 15:09:56.005] [999700000000002|app] [info] Connection setup for PDU session[1] is successful, TUN interface[uesimtun2, 10.45.3.122] is up.
[2026-09-30 15:09:56.046] [999700000000009|nas] [debug] Sending PDU Session Release Request for PSI[1]
[2026-09-30 15:09:56.210] [999700000000009|nas] [debug] PDU Session Release Command received
[2026-09-30 15:09:56.210] [999700000000009|nas] [debug] Performing local release of PDU session[1]
[2026-09-30 15:09:56.252] [999700000000006|nas] [debug] Sending PDU Session Establishment Request
[2026-09-30 15:09:56.252] [999700000000006|nas] [debug] UAC access attempt is allowed for identity[0], category[MO_sig]
[2026-09-30 15:09:56.419] [999700000000006|nas] [debug] PDU Session Establishment Accept received
[2026-09-30 15:09:56.419] [999700000000006|nas] [info] PDU Session establishment is successful PSI[1]
[2026-09-30 15:09:56.419] [999700000000006|app] [info] Connection setup for PDU session[1] is successful, TUN interface[uesimtun1, 10.45.3.123] is up.
[2026-09-30 15:09:56.457] [999700000000001|nas] [debug] Sending PDU Session Release Request for PSI[1]
[2026-09-30 15:09:56.621] [999700000000001|nas] [debug] PDU Session Release Command received
[2026-09-30 15:09:56.621] [999700000000001|nas] [debug] Performing local release of PDU session[1]
[2026-09-30 15:09:56.662] [999700000000007|nas] [debug] Sending PDU Session Establishment Request
[2026-09-30 15:09:56.662] [999700000000007|nas] [debug] UAC access attempt is allowed for identity[0], category[MO_sig]
[2026-09-30 15:09:56.833] [999700000000007|nas] [debug] PDU Session Establishment Accept received
[2026-09-30 15:09:56.833] [999700000000007|nas] [info] PDU Session establishment is successful PSI[1]
[2026-09-30 15:09:56.833] [999700000000007|app] [info] Connection setup for PDU session[1] is successful, TUN interface[uesimtun0, 10.45.3.124] is up.
[2026-09-30 15:09:56.866] [999700000000002|nas] [debug] Sending PDU Session Release Request for PSI[1]
[2026-09-30 15:09:57.037] [999700000000002|nas] [debug] PDU Session Release Command received
[2026-09-30 15:09:57.037] [999700000000002|nas] [debug] Performing local release of PDU session[1]
[2026-09-30 15:09:57.071] [999700000000003|nas] [debug] Sending PDU Session Establishment Request
[2026-09-30 15:09:57.071] [999700000000003|nas] [debug] UAC access attempt is allowed for identity[0], category[MO_sig]
[2026-09-30 15:09:57.254] [999700000000003|nas] [debug] PDU Session Establishment Accept received
[2026-09-30 15:09:57.254] [999700000000003|nas] [info] PDU Session establishment is successful PSI[1]
[2026-09-30 15:09:57.254] [999700000000003|app] [info] Connection setup for PDU session[1] is successful, TUN interface[uesimtun2, 10.45.3.125] is up.
[2026-09-30 15:09:57.288] [999700000000006|nas] [debug] Sending PDU Session Release Request for PSI[1]
[2026-09-30 15:09:57.458] [999700000000006|nas] [debug] PDU Session Release Command received
[2026-09-30 15:09:57.458] [999700000000006|nas] [debug] Performing local release of PDU session[1]
[2026-09-30 15:09:57.493] [999700000000004|nas] [debug] Sending PDU Session Establishment Request
[2026-09-30 15:09:57.493] [999700000000004|nas] [debug] UAC access attempt is allowed for identity[0], category[MO_sig]
[2026-09-30 15:09:57.671] [999700000000004|nas] [debug] PDU Session Establishment Accept received
[2026-09-30 15:09:57.671] [999700000000004|nas] [info] PDU Session establishment is successful PSI[1]
[2026-09-30 15:09:57.672] [999700000000004|app] [info] Connection setup for PDU session[1] is successful, TUN interface[uesimtun1, 10.45.3.126] is up.
[2026-09-30 15:09:57.709] [999700000000004|nas] [debug] Sending PDU Session Release Request for PSI[1]
[2026-09-30 15:09:57.878] [999700000000004|nas] [debug] PDU Session Release Command received
[2026-09-30 15:09:57.878] [999700000000004|nas] [debug] Performing local release of PDU session[1]
[2026-09-30 15:09:57.914] [999700000000001|nas] [debug] Sending PDU Session Establishment Request
[2026-09-30 15:09:57.914] [999700000000001|nas] [debug] UAC access attempt is allowed for identity[0], category[MO_sig]
[2026-09-30 15:09:58.088] [999700000000001|nas] [debug] PDU Session Establishment Accept received
[2026-09-30 15:09:58.088] [999700000000001|nas] [info] PDU Session establishment is successful PSI[1]
[2026-09-30 15:09:58.089] [999700000000001|app] [info] Connection setup for PDU session[1] is successful, TUN interface[uesimtun1, 10.45.3.127] is up.
[2026-09-30 15:09:58.130] [999700000000001|nas] [debug] Sending PDU Session Release Request for PSI[1]
[2026-09-30 15:09:58.294] [999700000000001|nas] [debug] PDU Session Release Command received
[2026-09-30 15:09:58.294] [999700000000001|nas] [debug] Performing local release of PDU session[1]
[2026-09-30 15:09:58.335] [999700000000008|nas] [debug] Sending PDU Session Establishment Request
[2026-09-30 15:09:58.335] [999700000000008|nas] [debug] UAC access attempt is allowed for identity[0], category[MO_sig]
[2026-09-30 15:09:58.503] [999700000000008|nas] [debug] PDU Session Establishment Accept received
[2026-09-30 15:09:58.503] [999700000000008|nas] [info] PDU Session establishment is successful PSI[1]
[2026-09-30 15:09:58.503] [999700000000008|app] [info] Connection setup for PDU session[1] is successful, TUN interface[uesimtun1, 10.45.3.128] is up.
[2026-09-30 15:09:58.541] [999700000000003|nas] [debug] Sending PDU Session Release Request for PSI[1]
[2026-09-30 15:09:58.706] [999700000000003|nas] [debug] PDU Session Release Command received
[2026-09-30 15:09:58.706] [999700000000003|nas] [debug] Performing local release of PDU session[1]
[2026-09-30 15:09:58.746] [999700000000010|nas] [debug] Sending PDU Session Establishment Request
[2026-09-30 15:09:58.746] [999700000000010|nas] [debug] UAC access attempt is allowed for identity[0], category[MO_sig]
[2026-09-30 15:09:58.914] [999700000000010|nas] [debug] PDU Session Establishment Accept received
[2026-09-30 15:09:58.914] [999700000000010|nas] [info] PDU Session establishment is successful PSI[1]
[2026-09-30 15:09:58.915] [999700000000010|app] [info] Connection setup for PDU session[1] is successful, TUN interface[uesimtun2, 10.45.3.129] is up.
[2026-09-30 15:09:58.951] [999700000000010|nas] [debug] Sending PDU Session Release Request for PSI[1]
[2026-09-30 15:09:59.118] [999700000000010|nas] [debug] PDU Session Release Command received
[2026-09-30 15:09:59.118] [999700000000010|nas] [debug] Performing local release of PDU session[1]
[2026-09-30 15:09:59.157] [999700000000004|nas] [debug] Sending PDU Session Establishment Request
[2026-09-30 15:09:59.157] [999700000000004|nas] [debug] UAC access attempt is allowed for identity[0], category[MO_sig]
[2026-09-30 15:09:59.327] [999700000000004|nas] [debug] PDU Session Establishment Accept received
[2026-09-30 15:09:59.327] [999700000000004|nas] [info] PDU Session establishment is successful PSI[1]
[2026-09-30 15:09:59.327] [999700000000004|app] [info] Connection setup for PDU session[1] is successful, TUN interface[uesimtun2, 10.45.3.130] is up.
[2026-09-30 15:09:59.362] [999700000000008|nas] [debug] Sending PDU Session Release Request for PSI[1]
[2026-09-30 15:09:59.530] [999700000000008|nas] [debug] PDU Session Release Command received
[2026-09-30 15:09:59.530] [999700000000008|nas] [debug] Performing local release of PDU session[1]
[2026-09-30 15:09:59.567] [999700000000010|nas] [debug] Sending PDU Session Establishment Request
[2026-09-30 15:09:59.567] [999700000000010|nas] [debug] UAC access attempt is allowed for identity[0], category[MO_sig]
[2026-09-30 15:09:59.742] [999700000000010|nas] [debug] PDU Session Establishment Accept received
[2026-09-30 15:09:59.742] [999700000000010|nas] [info] PDU Session establishment is successful PSI[1]
[2026-09-30 15:09:59.744] [999700000000010|app] [info] Connection setup for PDU session[1] is successful, TUN interface[uesimtun1, 10.45.3.131] is up.
[2026-09-30 15:09:59.783] [999700000000004|nas] [debug] Sending PDU Session Release Request for PSI[1]
[2026-09-30 15:09:59.949] [999700000000004|nas] [debug] PDU Session Release Command received
[2026-09-30 15:09:59.950] [999700000000004|nas] [debug] Performing local release of PDU session[1]
[2026-09-30 15:09:59.988] [999700000000012|nas] [debug] Sending PDU Session Establishment Request
[2026-09-30 15:09:59.988] [999700000000012|nas] [debug] UAC access attempt is allowed for identity[0], category[MO_sig]
[2026-09-30 15:10:00.159] [999700000000012|nas] [debug] PDU Session Establishment Accept received
[2026-09-30 15:10:00.159] [999700000000012|nas] [info] PDU Session establishment is successful PSI[1]
[2026-09-30 15:10:00.160] [999700000000012|app] [info] Connection setup for PDU session[1] is successful, TUN interface[uesimtun2, 10.45.3.132] is up.
[2026-09-30 15:10:00.193] [999700000000010|nas] [debug] Sending PDU Session Release Request for PSI[1]
[2026-09-30 15:10:00.365] [999700000000010|nas] [debug] PDU Session Release Command received
[2026-09-30 15:10:00.365] [999700000000010|nas] [debug] Performing local release of PDU session[1]
[2026-09-30 15:10:00.399] [999700000000003|nas] [debug] Sending PDU Session Establishment Request
[2026-09-30 15:10:00.399] [999700000000003|nas] [debug] UAC access attempt is allowed for identity[0], category[MO_sig]
[2026-09-30 15:10:00.576] [999700000000003|nas] [debug] PDU Session Establishment Accept received
[2026-09-30 15:10:00.576] [999700000000003|nas] [info] PDU Session establishment is successful PSI[1]
[2026-09-30 15:10:00.576] [999700000000003|app] [info] Connection setup for PDU session[1] is successful, TUN interface[uesimtun1, 10.45.3.133] is up.
[2026-09-30 15:10:00.614] [999700000000012|nas] [debug] Sending PDU Session Release Request for PSI[1]
[2026-09-30 15:10:00.781] [999700000000012|nas] [debug] PDU Session Release Command received
[2026-09-30 15:10:00.781] [999700000000012|nas] [debug] Performing local release of PDU session[1]
[2026-09-30 15:10:00.819] [999700000000011|nas] [debug] Sending PDU Session Establishment Request
[2026-09-30 15:10:00.820] [999700000000011|nas] [debug] UAC access attempt is allowed for identity[0], category[MO_sig]
[2026-09-30 15:10:00.995] [999700000000011|nas] [debug] PDU Session Establishment Accept received
[2026-09-30 15:10:00.995] [999700000000011|nas] [info] PDU Session establishment is successful PSI[1]
[2026-09-30 15:10:00.996] [999700000000011|app] [info] Connection setup for PDU session[1] is successful, TUN interface[uesimtun2, 10.45.3.134] is up.
[2026-09-30 15:10:01.035] [999700000000007|nas] [debug] Sending PDU Session Release Request for PSI[1]
[2026-09-30 15:10:01.197] [999700000000007|nas] [debug] PDU Session Release Command received
[2026-09-30 15:10:01.197] [999700000000007|nas] [debug] Performing local release of PDU session[1]
[2026-09-30 15:10:01.230] [999700000000006|nas] [debug] Sending PDU Session Establishment Request
[2026-09-30 15:10:01.230] [999700000000006|nas] [debug] UAC access attempt is allowed for identity[0], category[MO_sig]
[2026-09-30 15:10:01.407] [999700000000006|nas] [debug] PDU Session Establishment Accept received
[2026-09-30 15:10:01.407] [999700000000006|nas] [info] PDU Session establishment is successful PSI[1]
[2026-09-30 15:10:01.407] [999700000000006|app] [info] Connection setup for PDU session[1] is successful, TUN interface[uesimtun0, 10.45.3.135] is up.
[2026-09-30 15:10:01.445] [999700000000011|nas] [debug] Sending PDU Session Release Request for PSI[1]
[2026-09-30 15:10:01.609] [999700000000011|nas] [debug] PDU Session Release Command received
[2026-09-30 15:10:01.609] [999700000000011|nas] [debug] Performing local release of PDU session[1]
[2026-09-30 15:10:01.650] [999700000000002|nas] [debug] Sending PDU Session Establishment Request
[2026-09-30 15:10:01.650] [999700000000002|nas] [debug] UAC access attempt is allowed for identity[0], category[MO_sig]
[2026-09-30 15:10:01.822] [999700000000002|nas] [debug] PDU Session Establishment Accept received
[2026-09-30 15:10:01.822] [999700000000002|nas] [info] PDU Session establishment is successful PSI[1]
[2026-09-30 15:10:01.823] [999700000000002|app] [info] Connection setup for PDU session[1] is successful, TUN interface[uesimtun2, 10.45.3.136] is up.
[2026-09-30 15:10:01.855] [999700000000006|nas] [debug] Sending PDU Session Release Request for PSI[1]
[2026-09-30 15:10:02.025] [999700000000006|nas] [debug] PDU Session Release Command received
[2026-09-30 15:10:02.025] [999700000000006|nas] [debug] Performing local release of PDU session[1]
[2026-09-30 15:10:02.060] [999700000000012|nas] [debug] Sending PDU Session Establishment Request
[2026-09-30 15:10:02.060] [999700000000012|nas] [debug] UAC access attempt is allowed for identity[0], category[MO_sig]
[2026-09-30 15:10:02.240] [999700000000012|nas] [debug] PDU Session Establishment Accept received
[2026-09-30 15:10:02.240] [999700000000012|nas] [info] PDU Session establishment is successful PSI[1]
[2026-09-30 15:10:02.240] [999700000000012|app] [info] Connection setup for PDU session[1] is successful, TUN interface[uesimtun0, 10.45.3.137] is up.
[2026-09-30 15:10:02.276] [999700000000003|nas] [debug] Sending PDU Session Release Request for PSI[1]
[2026-09-30 15:10:02.445] [999700000000003|nas] [debug] PDU Session Release Command received
[2026-09-30 15:10:02.445] [999700000000003|nas] [debug] Performing local release of PDU session[1]
[2026-09-30 15:10:02.481] [999700000000004|nas] [debug] Sending PDU Session Establishment Request
[2026-09-30 15:10:02.482] [999700000000004|nas] [debug] UAC access attempt is allowed for identity[0], category[MO_sig]
[2026-09-30 15:10:02.654] [999700000000004|nas] [debug] PDU Session Establishment Accept received
[2026-09-30 15:10:02.654] [999700000000004|nas] [info] PDU Session establishment is successful PSI[1]
[2026-09-30 15:10:02.655] [999700000000004|app] [info] Connection setup for PDU session[1] is successful, TUN interface[uesimtun1, 10.45.3.138] is up.
[2026-09-30 15:10:02.687] [999700000000004|nas] [debug] Sending PDU Session Release Request for PSI[1]
[2026-09-30 15:10:02.857] [999700000000004|nas] [debug] PDU Session Release Command received
[2026-09-30 15:10:02.857] [999700000000004|nas] [debug] Performing local release of PDU session[1]
[2026-09-30 15:10:02.892] [999700000000009|nas] [debug] Sending PDU Session Establishment Request
[2026-09-30 15:10:02.892] [999700000000009|nas] [debug] UAC access attempt is allowed for identity[0], category[MO_sig]
[2026-09-30 15:10:03.069] [999700000000009|nas] [debug] PDU Session Establishment Accept received
[2026-09-30 15:10:03.069] [999700000000009|nas] [info] PDU Session establishment is successful PSI[1]
[2026-09-30 15:10:03.069] [999700000000009|app] [info] Connection setup for PDU session[1] is successful, TUN interface[uesimtun1, 10.45.3.139] is up.
[2026-09-30 15:10:03.108] [999700000000012|nas] [debug] Sending PDU Session Release Request for PSI[1]
[2026-09-30 15:10:03.273] [999700000000012|nas] [debug] PDU Session Release Command received
[2026-09-30 15:10:03.273] [999700000000012|nas] [debug] Performing local release of PDU session[1]
[2026-09-30 15:10:03.314] [999700000000004|nas] [debug] Sending PDU Session Establishment Request
[2026-09-30 15:10:03.314] [999700000000004|nas] [debug] UAC access attempt is allowed for identity[0], category[MO_sig]
[2026-09-30 15:10:03.484] [999700000000004|nas] [debug] PDU Session Establishment Accept received
[2026-09-30 15:10:03.484] [999700000000004|nas] [info] PDU Session establishment is successful PSI[1]
[2026-09-30 15:10:03.484] [999700000000004|app] [info] Connection setup for PDU session[1] is successful, TUN interface[uesimtun0, 10.45.3.140] is up.
[2026-09-30 15:10:03.520] [999700000000009|nas] [debug] Sending PDU Session Release Request for PSI[1]
[2026-09-30 15:10:03.690] [999700000000009|nas] [debug] PDU Session Release Command received
[2026-09-30 15:10:03.690] [999700000000009|nas] [debug] Performing local release of PDU session[1]
[2026-09-30 15:10:03.725] [999700000000012|nas] [debug] Sending PDU Session Establishment Request
[2026-09-30 15:10:03.725] [999700000000012|nas] [debug] UAC access attempt is allowed for identity[0], category[MO_sig]
[2026-09-30 15:10:03.899] [999700000000012|nas] [debug] PDU Session Establishment Accept received
[2026-09-30 15:10:03.899] [999700000000012|nas] [info] PDU Session establishment is successful PSI[1]
[2026-09-30 15:10:03.900] [999700000000012|app] [info] Connection setup for PDU session[1] is successful, TUN interface[uesimtun1, 10.45.3.141] is up.
[2026-09-30 15:10:03.941] [999700000000004|nas] [debug] Sending PDU Session Release Request for PSI[1]
[2026-09-30 15:10:04.102] [999700000000004|nas] [debug] PDU Session Release Command received
[2026-09-30 15:10:04.102] [999700000000004|nas] [debug] Performing local release of PDU session[1]
[2026-09-30 15:10:04.136] [999700000000009|nas] [debug] Sending PDU Session Establishment Request
[2026-09-30 15:10:04.136] [999700000000009|nas] [debug] UAC access attempt is allowed for identity[0], category[MO_sig]
[2026-09-30 15:10:04.316] [999700000000009|nas] [debug] PDU Session Establishment Accept received
[2026-09-30 15:10:04.316] [999700000000009|nas] [info] PDU Session establishment is successful PSI[1]
[2026-09-30 15:10:04.316] [999700000000009|app] [info] Connection setup for PDU session[1] is successful, TUN interface[uesimtun0, 10.45.3.142] is up.
[2026-09-30 15:10:04.352] [999700000000002|nas] [debug] Sending PDU Session Release Request for PSI[1]
[2026-09-30 15:10:04.522] [999700000000002|nas] [debug] PDU Session Release Command received
[2026-09-30 15:10:04.522] [999700000000002|nas] [debug] Performing local release of PDU session[1]
[2026-09-30 15:10:04.558] [999700000000001|nas] [debug] Sending PDU Session Establishment Request
[2026-09-30 15:10:04.558] [999700000000001|nas] [debug] UAC access attempt is allowed for identity[0], category[MO_sig]
[2026-09-30 15:10:04.730] [999700000000001|nas] [debug] PDU Session Establishment Accept received
[2026-09-30 15:10:04.730] [999700000000001|nas] [info] PDU Session establishment is successful PSI[1]
[2026-09-30 15:10:04.730] [999700000000001|app] [info] Connection setup for PDU session[1] is successful, TUN interface[uesimtun2, 10.45.3.143] is up.
[2026-09-30 15:10:04.763] [999700000000001|nas] [debug] Sending PDU Session Release Request for PSI[1]
[2026-09-30 15:10:04.938] [999700000000001|nas] [debug] PDU Session Release Command received
[2026-09-30 15:10:04.938] [999700000000001|nas] [debug] Performing local release of PDU session[1]
[2026-09-30 15:10:04.978] [999700000000005|nas] [debug] Sending PDU Session Establishment Request
[2026-09-30 15:10:04.978] [999700000000005|nas] [debug] UAC access attempt is allowed for identity[0], category[MO_sig]
[2026-09-30 15:10:05.151] [999700000000005|nas] [debug] PDU Session Establishment Accept received
[2026-09-30 15:10:05.151] [999700000000005|nas] [info] PDU Session establishment is successful PSI[1]
[2026-09-30 15:10:05.152] [999700000000005|app] [info] Connection setup for PDU session[1] is successful, TUN interface[uesimtun2, 10.45.3.144] is up.
[2026-09-30 15:10:05.183] [999700000000012|nas] [debug] Sending PDU Session Release Request for PSI[1]
[2026-09-30 15:10:05.353] [999700000000012|nas] [debug] PDU Session Release Command received
[2026-09-30 15:10:05.353] [999700000000012|nas] [debug] Performing local release of PDU session[1]
[2026-09-30 15:10:05.388] [999700000000007|nas] [debug] Sending PDU Session Establishment Request
[2026-09-30 15:10:05.389] [999700000000007|nas] [debug] UAC access attempt is allowed for identity[0], category[MO_sig]
[2026-09-30 15:10:05.569] [999700000000007|nas] [debug] PDU Session Establishment Accept received
[2026-09-30 15:10:05.569] [999700000000007|nas] [info] PDU Session establishment is successful PSI[1]
[2026-09-30 15:10:05.569] [999700000000007|app] [info] Connection setup for PDU session[1] is successful, TUN interface[uesimtun1, 10.45.3.145] is up.
[2026-09-30 15:10:05.605] [999700000000009|nas] [debug] Sending PDU Session Release Request for PSI[1]
[2026-09-30 15:10:05.777] [999700000000009|nas] [debug] PDU Session Release Command received
[2026-09-30 15:10:05.777] [999700000000009|nas] [debug] Performing local release of PDU session[1]
[2026-09-30 15:10:05.811] [999700000000011|nas] [debug] Sending PDU Session Establishment Request
[2026-09-30 15:10:05.811] [999700000000011|nas] [debug] UAC access attempt is allowed for identity[0], category[MO_sig]
[2026-09-30 15:10:05.988] [999700000000011|nas] [debug] PDU Session Establishment Accept received
[2026-09-30 15:10:05.988] [999700000000011|nas] [info] PDU Session establishment is successful PSI[1]
[2026-09-30 15:10:05.988] [999700000000011|app] [info] Connection setup for PDU session[1] is successful, TUN interface[uesimtun0, 10.45.3.146] is up.
[2026-09-30 15:10:06.027] [999700000000011|nas] [debug] Sending PDU Session Release Request for PSI[1]
[2026-09-30 15:10:06.193] [999700000000011|nas] [debug] PDU Session Release Command received
[2026-09-30 15:10:06.193] [999700000000011|nas] [debug] Performing local release of PDU session[1]
[2026-09-30 15:10:06.232] [999700000000003|nas] [debug] Sending PDU Session Establishment Request
[2026-09-30 15:10:06.232] [999700000000003|nas] [debug] UAC access attempt is allowed for identity[0], category[MO_sig]
[2026-09-30 15:10:06.408] [999700000000003|nas] [debug] PDU Session Establishment Accept received
[2026-09-30 15:10:06.408] [999700000000003|nas] [info] PDU Session establishment is successful PSI[1]
[2026-09-30 15:10:06.409] [999700000000003|app] [info] Connection setup for PDU session[1] is successful, TUN interface[uesimtun0, 10.45.3.147] is up.
[2026-09-30 15:10:06.447] [999700000000007|nas] [debug] Sending PDU Session Release Request for PSI[1]
[2026-09-30 15:10:06.614] [999700000000007|nas] [debug] PDU Session Release Command received
[2026-09-30 15:10:06.614] [999700000000007|nas] [debug] Performing local release of PDU session[1]
[2026-09-30 15:10:06.653] [999700000000001|nas] [debug] Sending PDU Session Establishment Request
[2026-09-30 15:10:06.654] [999700000000001|nas] [debug] UAC access attempt is allowed for identity[0], category[MO_sig]
[2026-09-30 15:10:06.824] [999700000000001|nas] [debug] PDU Session Establishment Accept received
[2026-09-30 15:10:06.824] [999700000000001|nas] [info] PDU Session establishment is successful PSI[1]
[2026-09-30 15:10:06.824] [999700000000001|app] [info] Connection setup for PDU session[1] is successful, TUN interface[uesimtun1, 10.45.3.148] is up.
[2026-09-30 15:10:06.860] [999700000000001|nas] [debug] Sending PDU Session Release Request for PSI[1]
[2026-09-30 15:10:07.029] [999700000000001|nas] [debug] PDU Session Release Command received
[2026-09-30 15:10:07.029] [999700000000001|nas] [debug] Performing local release of PDU session[1]
[2026-09-30 15:10:07.065] [999700000000007|nas] [debug] Sending PDU Session Establishment Request
[2026-09-30 15:10:07.065] [999700000000007|nas] [debug] UAC access attempt is allowed for identity[0], category[MO_sig]
[2026-09-30 15:10:07.240] [999700000000007|nas] [debug] PDU Session Establishment Accept received
[2026-09-30 15:10:07.240] [999700000000007|nas] [info] PDU Session establishment is successful PSI[1]
[2026-09-30 15:10:07.241] [999700000000007|app] [info] Connection setup for PDU session[1] is successful, TUN interface[uesimtun1, 10.45.3.149] is up.
[2026-09-30 15:10:07.281] [999700000000003|nas] [debug] Sending PDU Session Release Request for PSI[1]
[2026-09-30 15:10:07.449] [999700000000003|nas] [debug] PDU Session Release Command received
[2026-09-30 15:10:07.449] [999700000000003|nas] [debug] Performing local release of PDU session[1]
[2026-09-30 15:10:07.486] [999700000000012|nas] [debug] Sending PDU Session Establishment Request
[2026-09-30 15:10:07.486] [999700000000012|nas] [debug] UAC access attempt is allowed for identity[0], category[MO_sig]
[2026-09-30 15:10:07.658] [999700000000012|nas] [debug] PDU Session Establishment Accept received
[2026-09-30 15:10:07.658] [999700000000012|nas] [info] PDU Session establishment is successful PSI[1]
[2026-09-30 15:10:07.658] [999700000000012|app] [info] Connection setup for PDU session[1] is successful, TUN interface[uesimtun0, 10.45.3.150] is up.
[2026-09-30 15:10:07.691] [999700000000007|nas] [debug] Sending PDU Session Release Request for PSI[1]
[2026-09-30 15:10:07.865] [999700000000007|nas] [debug] PDU Session Release Command received
[2026-09-30 15:10:07.865] [999700000000007|nas] [debug] Performing local release of PDU session[1]
[2026-09-30 15:10:07.907] [999700000000009|nas] [debug] Sending PDU Session Establishment Request
[2026-09-30 15:10:07.907] [999700000000009|nas] [debug] UAC access attempt is allowed for identity[0], category[MO_sig]
[2026-09-30 15:10:08.076] [999700000000009|nas] [debug] PDU Session Establishment Accept received
[2026-09-30 15:10:08.076] [999700000000009|nas] [info] PDU Session establishment is successful PSI[1]
[2026-09-30 15:10:08.077] [999700000000009|app] [info] Connection setup for PDU session[1] is successful, TUN interface[uesimtun1, 10.45.3.151] is up.
[2026-09-30 15:10:08.112] [999700000000005|nas] [debug] Sending PDU Session Release Request for PSI[1]
[2026-09-30 15:10:08.281] [999700000000005|nas] [debug] PDU Session Release Command received
[2026-09-30 15:10:08.281] [999700000000005|nas] [debug] Performing local release of PDU session[1]
[2026-09-30 15:10:08.317] [999700000000002|nas] [debug] Sending PDU Session Establishment Request
[2026-09-30 15:10:08.317] [999700000000002|nas] [debug] UAC access attempt is allowed for identity[0], category[MO_sig]
[2026-09-30 15:10:08.494] [999700000000002|nas] [debug] PDU Session Establishment Accept received
[2026-09-30 15:10:08.494] [999700000000002|nas] [info] PDU Session establishment is successful PSI[1]
[2026-09-30 15:10:08.495] [999700000000002|app] [info] Connection setup for PDU session[1] is successful, TUN interface[uesimtun2, 10.45.3.152] is up.
[2026-09-30 15:10:08.532] [999700000000012|nas] [debug] Sending PDU Session Release Request for PSI[1]
[2026-09-30 15:10:08.697] [999700000000012|nas] [debug] PDU Session Release Command received
[2026-09-30 15:10:08.697] [999700000000012|nas] [debug] Performing local release of PDU session[1]
[2026-09-30 15:10:08.738] [999700000000007|nas] [debug] Sending PDU Session Establishment Request
[2026-09-30 15:10:08.738] [999700000000007|nas] [debug] UAC access attempt is allowed for identity[0], category[MO_sig]
[2026-09-30 15:10:08.906] [999700000000007|nas] [debug] PDU Session Establishment Accept received
[2026-09-30 15:10:08.906] [999700000000007|nas] [info] PDU Session establishment is successful PSI[1]
[2026-09-30 15:10:08.906] [999700000000007|app] [info] Connection setup for PDU session[1] is successful, TUN interface[uesimtun0, 10.45.3.153] is up.
[2026-09-30 15:10:08.943] [999700000000009|nas] [debug] Sending PDU Session Release Request for PSI[1]
[2026-09-30 15:10:09.110] [999700000000009|nas] [debug] PDU Session Release Command received
[2026-09-30 15:10:09.110] [999700000000009|nas] [debug] Performing local release of PDU session[1]
[2026-09-30 15:10:09.149] [999700000000012|nas] [debug] Sending PDU Session Establishment Request
[2026-09-30 15:10:09.149] [999700000000012|nas] [debug] UAC access attempt is allowed for identity[0], category[MO_sig]
[2026-09-30 15:10:09.318] [999700000000012|nas] [debug] PDU Session Establishment Accept received
[2026-09-30 15:10:09.318] [999700000000012|nas] [info] PDU Session establishment is successful PSI[1]
[2026-09-30 15:10:09.319] [999700000000012|app] [info] Connection setup for PDU session[1] is successful, TUN interface[uesimtun1, 10.45.3.154] is up.
[2026-09-30 15:10:09.355] [999700000000002|nas] [debug] Sending PDU Session Release Request for PSI[1]
[2026-09-30 15:10:09.523] [999700000000002|nas] [debug] PDU Session Release Command received
[2026-09-30 15:10:09.523] [999700000000002|nas] [debug] Performing local release of PDU session[1]
[2026-09-30 15:10:09.561] [999700000000001|nas] [debug] Sending PDU Session Establishment Request
[2026-09-30 15:10:09.562] [999700000000001|nas] [debug] UAC access attempt is allowed for identity[0], category[MO_sig]
[2026-09-30 15:10:09.734] [999700000000001|nas] [debug] PDU Session Establishment Accept received
[2026-09-30 15:10:09.734] [999700000000001|nas] [info] PDU Session establishment is successful PSI[1]
[2026-09-30 15:10:09.735] [999700000000001|app] [info] Connection setup for PDU session[1] is successful, TUN interface[uesimtun2, 10.45.3.155] is up.
[2026-09-30 15:10:09.767] [999700000000007|nas] [debug] Sending PDU Session Release Request for PSI[1]
[2026-09-30 15:10:09.939] [999700000000007|nas] [debug] PDU Session Release Command received
[2026-09-30 15:10:09.939] [999700000000007|nas] [debug] Performing local release of PDU session[1]
[2026-09-30 15:10:09.973] [999700000000005|nas] [debug] Sending PDU Session Establishment Request
[2026-09-30 15:10:09.973] [999700000000005|nas] [debug] UAC access attempt is allowed for identity[0], category[MO_sig]
[2026-09-30 15:10:10.155] [999700000000005|nas] [debug] PDU Session Establishment Accept received
[2026-09-30 15:10:10.155] [999700000000005|nas] [info] PDU Session establishment is successful PSI[1]
[2026-09-30 15:10:10.155] [999700000000005|app] [info] Connection setup for PDU session[1] is successful, TUN interface[uesimtun0, 10.45.3.156] is up.
[2026-09-30 15:10:10.190] [999700000000012|nas] [debug] Sending PDU Session Release Request for PSI[1]
[2026-09-30 15:10:10.358] [999700000000012|nas] [debug] PDU Session Release Command received
[2026-09-30 15:10:10.358] [999700000000012|nas] [debug] Performing local release of PDU session[1]
[2026-09-30 15:10:10.396] [999700000000009|nas] [debug] Sending PDU Session Establishment Request
[2026-09-30 15:10:10.396] [999700000000009|nas] [debug] UAC access attempt is allowed for identity[0], category[MO_sig]
[2026-09-30 15:10:10.567] [999700000000009|nas] [debug] PDU Session Establishment Accept received
[2026-09-30 15:10:10.567] [999700000000009|nas] [info] PDU Session establishment is successful PSI[1]
[2026-09-30 15:10:10.568] [999700000000009|app] [info] Connection setup for PDU session[1] is successful, TUN interface[uesimtun1, 10.45.3.157] is up.
[2026-09-30 15:10:10.602] [999700000000001|nas] [debug] Sending PDU Session Release Request for PSI[1]
[2026-09-30 15:10:10.769] [999700000000001|nas] [debug] PDU Session Release Command received
[2026-09-30 15:10:10.769] [999700000000001|nas] [debug] Performing local release of PDU session[1]
[2026-09-30 15:10:10.807] [999700000000006|nas] [debug] Sending PDU Session Establishment Request
[2026-09-30 15:10:10.808] [999700000000006|nas] [debug] UAC access attempt is allowed for identity[0], category[MO_sig]
[2026-09-30 15:10:10.981] [999700000000006|nas] [debug] PDU Session Establishment Accept received
[2026-09-30 15:10:10.981] [999700000000006|nas] [info] PDU Session establishment is successful PSI[1]
[2026-09-30 15:10:10.981] [999700000000006|app] [info] Connection setup for PDU session[1] is successful, TUN interface[uesimtun2, 10.45.3.158] is up.
[2026-09-30 15:10:11.023] [999700000000009|nas] [debug] Sending PDU Session Release Request for PSI[1]
[2026-09-30 15:10:11.186] [999700000000009|nas] [debug] PDU Session Release Command received
[2026-09-30 15:10:11.186] [999700000000009|nas] [debug] Performing local release of PDU session[1]
[2026-09-30 15:10:11.218] [999700000000010|nas] [debug] Sending PDU Session Establishment Request
[2026-09-30 15:10:11.218] [999700000000010|nas] [debug] UAC access attempt is allowed for identity[0], category[MO_sig]
[2026-09-30 15:10:11.396] [999700000000010|nas] [debug] PDU Session Establishment Accept received
[2026-09-30 15:10:11.396] [999700000000010|nas] [info] PDU Session establishment is successful PSI[1]
[2026-09-30 15:10:11.397] [999700000000010|app] [info] Connection setup for PDU session[1] is successful, TUN interface[uesimtun1, 10.45.3.159] is up.
[2026-09-30 15:10:11.433] [999700000000010|nas] [debug] Sending PDU Session Release Request for PSI[1]
[2026-09-30 15:10:11.601] [999700000000010|nas] [debug] PDU Session Release Command received
[2026-09-30 15:10:11.601] [999700000000010|nas] [debug] Performing local release of PDU session[1]
[2026-09-30 15:10:11.638] [999700000000012|nas] [debug] Sending PDU Session Establishment Request
[2026-09-30 15:10:11.638] [999700000000012|nas] [debug] UAC access attempt is allowed for identity[0], category[MO_sig]
[2026-09-30 15:10:11.812] [999700000000012|nas] [debug] PDU Session Establishment Accept received
[2026-09-30 15:10:11.812] [999700000000012|nas] [info] PDU Session establishment is successful PSI[1]
[2026-09-30 15:10:11.813] [999700000000012|app] [info] Connection setup for PDU session[1] is successful, TUN interface[uesimtun1, 10.45.3.160] is up.
[2026-09-30 15:10:11.852] [999700000000005|nas] [debug] Sending PDU Session Release Request for PSI[1]
[2026-09-30 15:10:12.021] [999700000000005|nas] [debug] PDU Session Release Command received
[2026-09-30 15:10:12.021] [999700000000005|nas] [debug] Performing local release of PDU session[1]
[2026-09-30 15:10:12.058] [999700000000010|nas] [debug] Sending PDU Session Establishment Request
[2026-09-30 15:10:12.058] [999700000000010|nas] [debug] UAC access attempt is allowed for identity[0], category[MO_sig]
[2026-09-30 15:10:12.232] [999700000000010|nas] [debug] PDU Session Establishment Accept received
[2026-09-30 15:10:12.232] [999700000000010|nas] [info] PDU Session establishment is successful PSI[1]
[2026-09-30 15:10:12.232] [999700000000010|app] [info] Connection setup for PDU session[1] is successful, TUN interface[uesimtun0, 10.45.3.161] is up.
[2026-09-30 15:10:12.274] [999700000000006|nas] [debug] Sending PDU Session Release Request for PSI[1]
[2026-09-30 15:10:12.436] [999700000000006|nas] [debug] PDU Session Release Command received
[2026-09-30 15:10:12.436] [999700000000006|nas] [debug] Performing local release of PDU session[1]
[2026-09-30 15:10:12.478] [999700000000004|nas] [debug] Sending PDU Session Establishment Request
[2026-09-30 15:10:12.478] [999700000000004|nas] [debug] UAC access attempt is allowed for identity[0], category[MO_sig]
[2026-09-30 15:10:12.645] [999700000000004|nas] [debug] PDU Session Establishment Accept received
[2026-09-30 15:10:12.645] [999700000000004|nas] [info] PDU Session establishment is successful PSI[1]
[2026-09-30 15:10:12.646] [999700000000004|app] [info] Connection setup for PDU session[1] is successful, TUN interface[uesimtun2, 10.45.3.162] is up.
[2026-09-30 15:10:12.683] [999700000000010|nas] [debug] Sending PDU Session Release Request for PSI[1]
[2026-09-30 15:10:12.852] [999700000000010|nas] [debug] PDU Session Release Command received
[2026-09-30 15:10:12.852] [999700000000010|nas] [debug] Performing local release of PDU session[1]
[2026-09-30 15:10:12.888] [999700000000001|nas] [debug] Sending PDU Session Establishment Request
[2026-09-30 15:10:12.888] [999700000000001|nas] [debug] UAC access attempt is allowed for identity[0], category[MO_sig]
[2026-09-30 15:10:13.064] [999700000000001|nas] [debug] PDU Session Establishment Accept received
[2026-09-30 15:10:13.064] [999700000000001|nas] [info] PDU Session establishment is successful PSI[1]
[2026-09-30 15:10:13.065] [999700000000001|app] [info] Connection setup for PDU session[1] is successful, TUN interface[uesimtun0, 10.45.3.163] is up.
[2026-09-30 15:10:13.103] [999700000000004|nas] [debug] Sending PDU Session Release Request for PSI[1]
[2026-09-30 15:10:13.269] [999700000000004|nas] [debug] PDU Session Release Command received
[2026-09-30 15:10:13.269] [999700000000004|nas] [debug] Performing local release of PDU session[1]
[2026-09-30 15:10:13.309] [999700000000010|nas] [debug] Sending PDU Session Establishment Request
[2026-09-30 15:10:13.309] [999700000000010|nas] [debug] UAC access attempt is allowed for identity[0], category[MO_sig]
[2026-09-30 15:10:13.478] [999700000000010|nas] [debug] PDU Session Establishment Accept received
[2026-09-30 15:10:13.478] [999700000000010|nas] [info] PDU Session establishment is successful PSI[1]
[2026-09-30 15:10:13.478] [999700000000010|app] [info] Connection setup for PDU session[1] is successful, TUN interface[uesimtun2, 10.45.3.164] is up.
[2026-09-30 15:10:13.514] [999700000000012|nas] [debug] Sending PDU Session Release Request for PSI[1]
[2026-09-30 15:10:13.684] [999700000000012|nas] [debug] PDU Session Release Command received
[2026-09-30 15:10:13.684] [999700000000012|nas] [debug] Performing local release of PDU session[1]
[2026-09-30 15:10:13.719] [999700000000006|nas] [debug] Sending PDU Session Establishment Request
[2026-09-30 15:10:13.719] [999700000000006|nas] [debug] UAC access attempt is allowed for identity[0], category[MO_sig]
[2026-09-30 15:10:13.895] [999700000000006|nas] [debug] PDU Session Establishment Accept received
[2026-09-30 15:10:13.895] [999700000000006|nas] [info] PDU Session establishment is successful PSI[1]
[2026-09-30 15:10:13.895] [999700000000006|app] [info] Connection setup for PDU session[1] is successful, TUN interface[uesimtun1, 10.45.3.165] is up.
[2026-09-30 15:10:13.935] [999700000000010|nas] [debug] Sending PDU Session Release Request for PSI[1]
[2026-09-30 15:10:14.101] [999700000000010|nas] [debug] PDU Session Release Command received
[2026-09-30 15:10:14.101] [999700000000010|nas] [debug] Performing local release of PDU session[1]
[2026-09-30 15:10:14.141] [999700000000011|nas] [debug] Sending PDU Session Establishment Request
[2026-09-30 15:10:14.141] [999700000000011|nas] [debug] UAC access attempt is allowed for identity[0], category[MO_sig]
[2026-09-30 15:10:14.308] [999700000000011|nas] [debug] PDU Session Establishment Accept received
[2026-09-30 15:10:14.308] [999700000000011|nas] [info] PDU Session establishment is successful PSI[1]
[2026-09-30 15:10:14.309] [999700000000011|app] [info] Connection setup for PDU session[1] is successful, TUN interface[uesimtun2, 10.45.3.166] is up.
[2026-09-30 15:10:14.345] [999700000000001|nas] [debug] Sending PDU Session Release Request for PSI[1]
[2026-09-30 15:10:14.512] [999700000000001|nas] [debug] PDU Session Release Command received
[2026-09-30 15:10:14.512] [999700000000001|nas] [debug] Performing local release of PDU session[1]
[2026-09-30 15:10:14.550] [999700000000009|nas] [debug] Sending PDU Session Establishment Request
[2026-09-30 15:10:14.550] [999700000000009|nas] [debug] UAC access attempt is allowed for identity[0], category[MO_sig]
[2026-09-30 15:10:14.721] [999700000000009|nas] [debug] PDU Session Establishment Accept received
[2026-09-30 15:10:14.721] [999700000000009|nas] [info] PDU Session establishment is successful PSI[1]
[2026-09-30 15:10:14.721] [999700000000009|app] [info] Connection setup for PDU session[1] is successful, TUN interface[uesimtun0, 10.45.3.167] is up.
[2026-09-30 15:10:14.754] [999700000000006|nas] [debug] Sending PDU Session Release Request for PSI[1]
[2026-09-30 15:10:14.924] [999700000000006|nas] [debug] PDU Session Release Command received
[2026-09-30 15:10:14.924] [999700000000006|nas] [debug] Performing local release of PDU session[1]
[2026-09-30 15:10:14.959] [999700000000008|nas] [debug] Sending PDU Session Establishment Request
[2026-09-30 15:10:14.959] [999700000000008|nas] [debug] UAC access attempt is allowed for identity[0], category[MO_sig]
[2026-09-30 15:10:15.133] [999700000000008|nas] [debug] PDU Session Establishment Accept received
[2026-09-30 15:10:15.133] [999700000000008|nas] [info] PDU Session establishment is successful PSI[1]
[2026-09-30 15:10:15.133] [999700000000008|app] [info] Connection setup for PDU session[1] is successful, TUN interface[uesimtun1, 10.45.3.168] is up.
[2026-09-30 15:10:15.165] [999700000000011|nas] [debug] Sending PDU Session Release Request for PSI[1]
[2026-09-30 15:10:15.335] [999700000000011|nas] [debug] PDU Session Release Command received
[2026-09-30 15:10:15.335] [999700000000011|nas] [debug] Performing local release of PDU session[1]
[2026-09-30 15:10:15.369] [999700000000010|nas] [debug] Sending PDU Session Establishment Request
[2026-09-30 15:10:15.369] [999700000000010|nas] [debug] UAC access attempt is allowed for identity[0], category[MO_sig]
[2026-09-30 15:10:15.547] [999700000000010|nas] [debug] PDU Session Establishment Accept received
[2026-09-30 15:10:15.547] [999700000000010|nas] [info] PDU Session establishment is successful PSI[1]
[2026-09-30 15:10:15.548] [999700000000010|app] [info] Connection setup for PDU session[1] is successful, TUN interface[uesimtun2, 10.45.3.169] is up.
[2026-09-30 15:10:15.584] [999700000000009|nas] [debug] Sending PDU Session Release Request for PSI[1]
[2026-09-30 15:10:15.753] [999700000000009|nas] [debug] PDU Session Release Command received
[2026-09-30 15:10:15.753] [999700000000009|nas] [debug] Performing local release of PDU session[1]
[2026-09-30 15:10:15.789] [999700000000003|nas] [debug] Sending PDU Session Establishment Request
[2026-09-30 15:10:15.789] [999700000000003|nas] [debug] UAC access attempt is allowed for identity[0], category[MO_sig]
[2026-09-30 15:10:15.964] [999700000000003|nas] [debug] PDU Session Establishment Accept received
[2026-09-30 15:10:15.964] [999700000000003|nas] [info] PDU Session establishment is successful PSI[1]
[2026-09-30 15:10:15.964] [999700000000003|app] [info] Connection setup for PDU session[1] is successful, TUN interface[uesimtun0, 10.45.3.170] is up.
[2026-09-30 15:10:16.004] [999700000000008|nas] [debug] Sending PDU Session Release Request for PSI[1]
[2026-09-30 15:10:16.169] [999700000000008|nas] [debug] PDU Session Release Command received
[2026-09-30 15:10:16.169] [999700000000008|nas] [debug] Performing local release of PDU session[1]
[2026-09-30 15:10:16.210] [999700000000004|nas] [debug] Sending PDU Session Establishment Request
[2026-09-30 15:10:16.210] [999700000000004|nas] [debug] UAC access attempt is allowed for identity[0], category[MO_sig]
[2026-09-30 15:10:16.380] [999700000000004|nas] [debug] PDU Session Establishment Accept received
[2026-09-30 15:10:16.380] [999700000000004|nas] [info] PDU Session establishment is successful PSI[1]
[2026-09-30 15:10:16.381] [999700000000004|app] [info] Connection setup for PDU session[1] is successful, TUN interface[uesimtun1, 10.45.3.171] is up.
[2026-09-30 15:10:16.416] [999700000000004|nas] [debug] Sending PDU Session Release Request for PSI[1]
[2026-09-30 15:10:16.584] [999700000000004|nas] [debug] PDU Session Release Command received
[2026-09-30 15:10:16.584] [999700000000004|nas] [debug] Performing local release of PDU session[1]
[2026-09-30 15:10:16.621] [999700000000011|nas] [debug] Sending PDU Session Establishment Request
[2026-09-30 15:10:16.622] [999700000000011|nas] [debug] UAC access attempt is allowed for identity[0], category[MO_sig]
[2026-09-30 15:10:16.795] [999700000000011|nas] [debug] PDU Session Establishment Accept received
[2026-09-30 15:10:16.795] [999700000000011|nas] [info] PDU Session establishment is successful PSI[1]
[2026-09-30 15:10:16.795] [999700000000011|app] [info] Connection setup for PDU session[1] is successful, TUN interface[uesimtun1, 10.45.3.172] is up.
[2026-09-30 15:10:16.827] [999700000000010|nas] [debug] Sending PDU Session Release Request for PSI[1]
[2026-09-30 15:10:17.002] [999700000000010|nas] [debug] PDU Session Release Command received
[2026-09-30 15:10:17.002] [999700000000010|nas] [debug] Performing local release of PDU session[1]
[2026-09-30 15:10:17.043] [999700000000007|nas] [debug] Sending PDU Session Establishment Request
[2026-09-30 15:10:17.043] [999700000000007|nas] [debug] UAC access attempt is allowed for identity[0], category[MO_sig]
[2026-09-30 15:10:17.209] [999700000000007|nas] [debug] PDU Session Establishment Accept received
[2026-09-30 15:10:17.209] [999700000000007|nas] [info] PDU Session establishment is successful PSI[1]
[2026-09-30 15:10:17.210] [999700000000007|app] [info] Connection setup for PDU session[1] is successful, TUN interface[uesimtun2, 10.45.3.173] is up.
[2026-09-30 15:10:17.250] [999700000000011|nas] [debug] Sending PDU Session Release Request for PSI[1]
[2026-09-30 15:10:17.416] [999700000000011|nas] [debug] PDU Session Release Command received
[2026-09-30 15:10:17.416] [999700000000011|nas] [debug] Performing local release of PDU session[1]
[2026-09-30 15:10:17.457] [999700000000012|nas] [debug] Sending PDU Session Establishment Request
[2026-09-30 15:10:17.457] [999700000000012|nas] [debug] UAC access attempt is allowed for identity[0], category[MO_sig]
[2026-09-30 15:10:17.624] [999700000000012|nas] [debug] PDU Session Establishment Accept received
[2026-09-30 15:10:17.624] [999700000000012|nas] [info] PDU Session establishment is successful PSI[1]
[2026-09-30 15:10:17.624] [999700000000012|app] [info] Connection setup for PDU session[1] is successful, TUN interface[uesimtun1, 10.45.3.174] is up.
[2026-09-30 15:10:17.663] [999700000000012|nas] [debug] Sending PDU Session Release Request for PSI[1]
[2026-09-30 15:10:17.828] [999700000000012|nas] [debug] PDU Session Release Command received
[2026-09-30 15:10:17.828] [999700000000012|nas] [debug] Performing local release of PDU session[1]
[2026-09-30 15:10:17.870] [999700000000006|nas] [debug] Sending PDU Session Establishment Request
[2026-09-30 15:10:17.870] [999700000000006|nas] [debug] UAC access attempt is allowed for identity[0], category[MO_sig]
[2026-09-30 15:10:18.041] [999700000000006|nas] [debug] PDU Session Establishment Accept received
[2026-09-30 15:10:18.041] [999700000000006|nas] [info] PDU Session establishment is successful PSI[1]
[2026-09-30 15:10:18.041] [999700000000006|app] [info] Connection setup for PDU session[1] is successful, TUN interface[uesimtun1, 10.45.3.175] is up.
[2026-09-30 15:10:18.075] [999700000000003|nas] [debug] Sending PDU Session Release Request for PSI[1]
[2026-09-30 15:10:18.243] [999700000000003|nas] [debug] PDU Session Release Command received
[2026-09-30 15:10:18.243] [999700000000003|nas] [debug] Performing local release of PDU session[1]
[2026-09-30 15:10:18.284] [999700000000005|nas] [debug] Sending PDU Session Establishment Request
[2026-09-30 15:10:18.284] [999700000000005|nas] [debug] UAC access attempt is allowed for identity[0], category[MO_sig]
[2026-09-30 15:10:18.452] [999700000000005|nas] [debug] PDU Session Establishment Accept received
[2026-09-30 15:10:18.452] [999700000000005|nas] [info] PDU Session establishment is successful PSI[1]
[2026-09-30 15:10:18.453] [999700000000005|app] [info] Connection setup for PDU session[1] is successful, TUN interface[uesimtun0, 10.45.3.176] is up.
[2026-09-30 15:10:18.491] [999700000000006|nas] [debug] Sending PDU Session Release Request for PSI[1]
[2026-09-30 15:10:18.656] [999700000000006|nas] [debug] PDU Session Release Command received
[2026-09-30 15:10:18.656] [999700000000006|nas] [debug] Performing local release of PDU session[1]
[2026-09-30 15:10:18.697] [999700000000011|nas] [debug] Sending PDU Session Establishment Request
[2026-09-30 15:10:18.697] [999700000000011|nas] [debug] UAC access attempt is allowed for identity[0], category[MO_sig]
[2026-09-30 15:10:18.868] [999700000000011|nas] [debug] PDU Session Establishment Accept received
[2026-09-30 15:10:18.868] [999700000000011|nas] [info] PDU Session establishment is successful PSI[1]
[2026-09-30 15:10:18.868] [999700000000011|app] [info] Connection setup for PDU session[1] is successful, TUN interface[uesimtun1, 10.45.3.177] is up.
[2026-09-30 15:10:18.905] [999700000000011|nas] [debug] Sending PDU Session Release Request for PSI[1]
[2026-09-30 15:10:19.073] [999700000000011|nas] [debug] PDU Session Release Command received
[2026-09-30 15:10:19.073] [999700000000011|nas] [debug] Performing local release of PDU session[1]
[2026-09-30 15:10:19.111] [999700000000004|nas] [debug] Sending PDU Session Establishment Request
[2026-09-30 15:10:19.111] [999700000000004|nas] [debug] UAC access attempt is allowed for identity[0], category[MO_sig]
[2026-09-30 15:10:19.281] [999700000000004|nas] [debug] PDU Session Establishment Accept received
[2026-09-30 15:10:19.281] [999700000000004|nas] [info] PDU Session establishment is successful PSI[1]
[2026-09-30 15:10:19.282] [999700000000004|app] [info] Connection setup for PDU session[1] is successful, TUN interface[uesimtun1, 10.45.3.178] is up.
[2026-09-30 15:10:19.317] [999700000000004|nas] [debug] Sending PDU Session Release Request for PSI[1]
[2026-09-30 15:10:19.483] [999700000000004|nas] [debug] PDU Session Release Command received
[2026-09-30 15:10:19.483] [999700000000004|nas] [debug] Performing local release of PDU session[1]
[2026-09-30 15:10:19.522] [999700000000010|nas] [debug] Sending PDU Session Establishment Request
[2026-09-30 15:10:19.522] [999700000000010|nas] [debug] UAC access attempt is allowed for identity[0], category[MO_sig]
[2026-09-30 15:10:19.698] [999700000000010|nas] [debug] PDU Session Establishment Accept received
[2026-09-30 15:10:19.698] [999700000000010|nas] [info] PDU Session establishment is successful PSI[1]
[2026-09-30 15:10:19.698] [999700000000010|app] [info] Connection setup for PDU session[1] is successful, TUN interface[uesimtun1, 10.45.3.179] is up.
[2026-09-30 15:10:19.738] [999700000000010|nas] [debug] Sending PDU Session Release Request for PSI[1]
[2026-09-30 15:10:19.904] [999700000000010|nas] [debug] PDU Session Release Command received
[2026-09-30 15:10:19.904] [999700000000010|nas] [debug] Performing local release of PDU session[1]
[2026-09-30 15:10:19.935] [999700000000011|nas] [debug] Sending PDU Session Establishment Request
[2026-09-30 15:10:19.935] [999700000000011|nas] [debug] UAC access attempt is allowed for identity[0], category[MO_sig]
[2026-09-30 15:10:20.113] [999700000000011|nas] [debug] PDU Session Establishment Accept received
[2026-09-30 15:10:20.113] [999700000000011|nas] [info] PDU Session establishment is successful PSI[1]
[2026-09-30 15:10:20.113] [999700000000011|app] [info] Connection setup for PDU session[1] is successful, TUN interface[uesimtun1, 10.45.3.180] is up.
[2026-09-30 15:10:20.151] [999700000000005|nas] [debug] Sending PDU Session Release Request for PSI[1]
[2026-09-30 15:10:20.316] [999700000000005|nas] [debug] PDU Session Release Command received
[2026-09-30 15:10:20.316] [999700000000005|nas] [debug] Performing local release of PDU session[1]
[2026-09-30 15:10:20.348] [999700000000001|nas] [debug] Sending PDU Session Establishment Request
[2026-09-30 15:10:20.348] [999700000000001|nas] [debug] UAC access attempt is allowed for identity[0], category[MO_sig]
[2026-09-30 15:10:20.525] [999700000000001|nas] [debug] PDU Session Establishment Accept received
[2026-09-30 15:10:20.525] [999700000000001|nas] [info] PDU Session establishment is successful PSI[1]
[2026-09-30 15:10:20.525] [999700000000001|app] [info] Connection setup for PDU session[1] is successful, TUN interface[uesimtun0, 10.45.3.181] is up.
[2026-09-30 15:10:20.563] [999700000000007|nas] [debug] Sending PDU Session Release Request for PSI[1]
[2026-09-30 15:10:20.727] [999700000000007|nas] [debug] PDU Session Release Command received
[2026-09-30 15:10:20.727] [999700000000007|nas] [debug] Performing local release of PDU session[1]
[2026-09-30 15:10:20.768] [999700000000006|nas] [debug] Sending PDU Session Establishment Request
[2026-09-30 15:10:20.768] [999700000000006|nas] [debug] UAC access attempt is allowed for identity[0], category[MO_sig]
[2026-09-30 15:10:20.942] [999700000000006|nas] [debug] PDU Session Establishment Accept received
[2026-09-30 15:10:20.942] [999700000000006|nas] [info] PDU Session establishment is successful PSI[1]
[2026-09-30 15:10:20.942] [999700000000006|app] [info] Connection setup for PDU session[1] is successful, TUN interface[uesimtun2, 10.45.3.182] is up.
[2026-09-30 15:10:20.983] [999700000000011|nas] [debug] Sending PDU Session Release Request for PSI[1]
[2026-09-30 15:10:21.147] [999700000000011|nas] [debug] PDU Session Release Command received
[2026-09-30 15:10:21.147] [999700000000011|nas] [debug] Performing local release of PDU session[1]
[2026-09-30 15:10:21.188] [999700000000002|nas] [debug] Sending PDU Session Establishment Request
[2026-09-30 15:10:21.188] [999700000000002|nas] [debug] UAC access attempt is allowed for identity[0], category[MO_sig]
[2026-09-30 15:10:21.357] [999700000000002|nas] [debug] PDU Session Establishment Accept received
[2026-09-30 15:10:21.357] [999700000000002|nas] [info] PDU Session establishment is successful PSI[1]
[2026-09-30 15:10:21.357] [999700000000002|app] [info] Connection setup for PDU session[1] is successful, TUN interface[uesimtun1, 10.45.3.183] is up.
[2026-09-30 15:10:21.392] [999700000000001|nas] [debug] Sending PDU Session Release Request for PSI[1]
[2026-09-30 15:10:21.560] [999700000000001|nas] [debug] PDU Session Release Command received
[2026-09-30 15:10:21.560] [999700000000001|nas] [debug] Performing local release of PDU session[1]
[2026-09-30 15:10:21.598] [999700000000004|nas] [debug] Sending PDU Session Establishment Request
[2026-09-30 15:10:21.598] [999700000000004|nas] [debug] UAC access attempt is allowed for identity[0], category[MO_sig]
[2026-09-30 15:10:21.773] [999700000000004|nas] [debug] PDU Session Establishment Accept received
[2026-09-30 15:10:21.773] [999700000000004|nas] [info] PDU Session establishment is successful PSI[1]
[2026-09-30 15:10:21.774] [999700000000004|app] [info] Connection setup for PDU session[1] is successful, TUN interface[uesimtun0, 10.45.3.184] is up.
[2026-09-30 15:10:21.813] [999700000000004|nas] [debug] Sending PDU Session Release Request for PSI[1]
[2026-09-30 15:10:21.975] [999700000000004|nas] [debug] PDU Session Release Command received
[2026-09-30 15:10:21.975] [999700000000004|nas] [debug] Performing local release of PDU session[1]
[2026-09-30 15:10:22.008] [999700000000005|nas] [debug] Sending PDU Session Establishment Request
[2026-09-30 15:10:22.008] [999700000000005|nas] [debug] UAC access attempt is allowed for identity[0], category[MO_sig]
[2026-09-30 15:10:22.185] [999700000000005|nas] [debug] PDU Session Establishment Accept received
[2026-09-30 15:10:22.185] [999700000000005|nas] [info] PDU Session establishment is successful PSI[1]
[2026-09-30 15:10:22.186] [999700000000005|app] [info] Connection setup for PDU session[1] is successful, TUN interface[uesimtun0, 10.45.3.185] is up.
[2026-09-30 15:10:22.223] [999700000000002|nas] [debug] Sending PDU Session Release Request for PSI[1]
[2026-09-30 15:10:22.387] [999700000000002|nas] [debug] PDU Session Release Command received
[2026-09-30 15:10:22.387] [999700000000002|nas] [debug] Performing local release of PDU session[1]
[2026-09-30 15:10:22.427] [999700000000011|nas] [debug] Sending PDU Session Establishment Request
[2026-09-30 15:10:22.427] [999700000000011|nas] [debug] UAC access attempt is allowed for identity[0], category[MO_sig]
[2026-09-30 15:10:22.599] [999700000000011|nas] [debug] PDU Session Establishment Accept received
[2026-09-30 15:10:22.599] [999700000000011|nas] [info] PDU Session establishment is successful PSI[1]
[2026-09-30 15:10:22.599] [999700000000011|app] [info] Connection setup for PDU session[1] is successful, TUN interface[uesimtun1, 10.45.3.186] is up.
[2026-09-30 15:10:22.632] [999700000000005|nas] [debug] Sending PDU Session Release Request for PSI[1]
[2026-09-30 15:10:22.804] [999700000000005|nas] [debug] PDU Session Release Command received
[2026-09-30 15:10:22.804] [999700000000005|nas] [debug] Performing local release of PDU session[1]
[2026-09-30 15:10:22.838] [999700000000001|nas] [debug] Sending PDU Session Establishment Request
[2026-09-30 15:10:22.838] [999700000000001|nas] [debug] UAC access attempt is allowed for identity[0], category[MO_sig]
[2026-09-30 15:10:23.013] [999700000000001|nas] [debug] PDU Session Establishment Accept received
[2026-09-30 15:10:23.013] [999700000000001|nas] [info] PDU Session establishment is successful PSI[1]
[2026-09-30 15:10:23.014] [999700000000001|app] [info] Connection setup for PDU session[1] is successful, TUN interface[uesimtun0, 10.45.3.187] is up.
[2026-09-30 15:10:23.053] [999700000000006|nas] [debug] Sending PDU Session Release Request for PSI[1]
[2026-09-30 15:10:23.216] [999700000000006|nas] [debug] PDU Session Release Command received
[2026-09-30 15:10:23.216] [999700000000006|nas] [debug] Performing local release of PDU session[1]
[2026-09-30 15:10:23.248] [999700000000008|nas] [debug] Sending PDU Session Establishment Request
[2026-09-30 15:10:23.249] [999700000000008|nas] [debug] UAC access attempt is allowed for identity[0], category[MO_sig]
[2026-09-30 15:10:23.429] [999700000000008|nas] [debug] PDU Session Establishment Accept received
[2026-09-30 15:10:23.429] [999700000000008|nas] [info] PDU Session establishment is successful PSI[1]
[2026-09-30 15:10:23.430] [999700000000008|app] [info] Connection setup for PDU session[1] is successful, TUN interface[uesimtun2, 10.45.3.188] is up.
[2026-09-30 15:10:23.464] [999700000000001|nas] [debug] Sending PDU Session Release Request for PSI[1]
[2026-09-30 15:10:23.632] [999700000000001|nas] [debug] PDU Session Release Command received
[2026-09-30 15:10:23.632] [999700000000001|nas] [debug] Performing local release of PDU session[1]
[2026-09-30 15:10:23.669] [999700000000005|nas] [debug] Sending PDU Session Establishment Request
[2026-09-30 15:10:23.670] [999700000000005|nas] [debug] UAC access attempt is allowed for identity[0], category[MO_sig]
[2026-09-30 15:10:23.843] [999700000000005|nas] [debug] PDU Session Establishment Accept received
[2026-09-30 15:10:23.843] [999700000000005|nas] [info] PDU Session establishment is successful PSI[1]
[2026-09-30 15:10:23.843] [999700000000005|app] [info] Connection setup for PDU session[1] is successful, TUN interface[uesimtun0, 10.45.3.189] is up.
[2026-09-30 15:10:23.875] [999700000000011|nas] [debug] Sending PDU Session Release Request for PSI[1]
[2026-09-30 15:10:24.048] [999700000000011|nas] [debug] PDU Session Release Command received
[2026-09-30 15:10:24.048] [999700000000011|nas] [debug] Performing local release of PDU session[1]
[2026-09-30 15:10:24.081] [999700000000007|nas] [debug] Sending PDU Session Establishment Request
[2026-09-30 15:10:24.082] [999700000000007|nas] [debug] UAC access attempt is allowed for identity[0], category[MO_sig]
[2026-09-30 15:10:24.257] [999700000000007|nas] [debug] PDU Session Establishment Accept received
[2026-09-30 15:10:24.257] [999700000000007|nas] [info] PDU Session establishment is successful PSI[1]
[2026-09-30 15:10:24.257] [999700000000007|app] [info] Connection setup for PDU session[1] is successful, TUN interface[uesimtun1, 10.45.3.190] is up.
[2026-09-30 15:10:24.298] [999700000000008|nas] [debug] Sending PDU Session Release Request for PSI[1]
[2026-09-30 15:10:24.459] [999700000000008|nas] [debug] PDU Session Release Command received
[2026-09-30 15:10:24.459] [999700000000008|nas] [debug] Performing local release of PDU session[1]
[2026-09-30 15:10:24.493] [999700000000011|nas] [debug] Sending PDU Session Establishment Request
[2026-09-30 15:10:24.493] [999700000000011|nas] [debug] UAC access attempt is allowed for identity[0], category[MO_sig]
[2026-09-30 15:10:24.669] [999700000000011|nas] [debug] PDU Session Establishment Accept received
[2026-09-30 15:10:24.669] [999700000000011|nas] [info] PDU Session establishment is successful PSI[1]
[2026-09-30 15:10:24.669] [999700000000011|app] [info] Connection setup for PDU session[1] is successful, TUN interface[uesimtun2, 10.45.3.191] is up.
[2026-09-30 15:10:24.708] [999700000000011|nas] [debug] Sending PDU Session Release Request for PSI[1]
[2026-09-30 15:10:24.872] [999700000000011|nas] [debug] PDU Session Release Command received
[2026-09-30 15:10:24.872] [999700000000011|nas] [debug] Performing local release of PDU session[1]
[2026-09-30 15:10:24.913] [999700000000001|nas] [debug] Sending PDU Session Establishment Request
[2026-09-30 15:10:24.913] [999700000000001|nas] [debug] UAC access attempt is allowed for identity[0], category[MO_sig]
[2026-09-30 15:10:25.082] [999700000000001|nas] [debug] PDU Session Establishment Accept received
[2026-09-30 15:10:25.082] [999700000000001|nas] [info] PDU Session establishment is successful PSI[1]
[2026-09-30 15:10:25.082] [999700000000001|app] [info] Connection setup for PDU session[1] is successful, TUN interface[uesimtun2, 10.45.3.192] is up.
[2026-09-30 15:10:25.118] [999700000000001|nas] [debug] Sending PDU Session Release Request for PSI[1]
[2026-09-30 15:10:25.284] [999700000000001|nas] [debug] PDU Session Release Command received
[2026-09-30 15:10:25.284] [999700000000001|nas] [debug] Performing local release of PDU session[1]
[2026-09-30 15:10:25.324] [999700000000002|nas] [debug] Sending PDU Session Establishment Request
[2026-09-30 15:10:25.324] [999700000000002|nas] [debug] UAC access attempt is allowed for identity[0], category[MO_sig]
[2026-09-30 15:10:25.496] [999700000000002|nas] [debug] PDU Session Establishment Accept received
[2026-09-30 15:10:25.496] [999700000000002|nas] [info] PDU Session establishment is successful PSI[1]
[2026-09-30 15:10:25.496] [999700000000002|app] [info] Connection setup for PDU session[1] is successful, TUN interface[uesimtun2, 10.45.3.193] is up.
[2026-09-30 15:10:25.529] [999700000000007|nas] [debug] Sending PDU Session Release Request for PSI[1]
[2026-09-30 15:10:25.700] [999700000000007|nas] [debug] PDU Session Release Command received
[2026-09-30 15:10:25.700] [999700000000007|nas] [debug] Performing local release of PDU session[1]
[2026-09-30 15:10:25.735] [999700000000003|nas] [debug] Sending PDU Session Establishment Request
[2026-09-30 15:10:25.735] [999700000000003|nas] [debug] UAC access attempt is allowed for identity[0], category[MO_sig]
[2026-09-30 15:10:25.911] [999700000000003|nas] [debug] PDU Session Establishment Accept received
[2026-09-30 15:10:25.911] [999700000000003|nas] [info] PDU Session establishment is successful PSI[1]
[2026-09-30 15:10:25.911] [999700000000003|app] [info] Connection setup for PDU session[1] is successful, TUN interface[uesimtun1, 10.45.3.194] is up.
[2026-09-30 15:10:25.950] [999700000000003|nas] [debug] Sending PDU Session Release Request for PSI[1]
[2026-09-30 15:10:26.120] [999700000000003|nas] [debug] PDU Session Release Command received
[2026-09-30 15:10:26.120] [999700000000003|nas] [debug] Performing local release of PDU session[1]
[2026-09-30 15:10:26.156] [999700000000004|nas] [debug] Sending PDU Session Establishment Request
[2026-09-30 15:10:26.156] [999700000000004|nas] [debug] UAC access attempt is allowed for identity[0], category[MO_sig]
[2026-09-30 15:10:26.331] [999700000000004|nas] [debug] PDU Session Establishment Accept received
[2026-09-30 15:10:26.331] [999700000000004|nas] [info] PDU Session establishment is successful PSI[1]
[2026-09-30 15:10:26.331] [999700000000004|app] [info] Connection setup for PDU session[1] is successful, TUN interface[uesimtun1, 10.45.3.195] is up.
[2026-09-30 15:10:26.371] [999700000000002|nas] [debug] Sending PDU Session Release Request for PSI[1]
[2026-09-30 15:10:26.540] [999700000000002|nas] [debug] PDU Session Release Command received
[2026-09-30 15:10:26.540] [999700000000002|nas] [debug] Performing local release of PDU session[1]
[2026-09-30 15:10:26.578] [999700000000006|nas] [debug] Sending PDU Session Establishment Request
[2026-09-30 15:10:26.578] [999700000000006|nas] [debug] UAC access attempt is allowed for identity[0], category[MO_sig]
[2026-09-30 15:10:26.748] [999700000000006|nas] [debug] PDU Session Establishment Accept received
[2026-09-30 15:10:26.748] [999700000000006|nas] [info] PDU Session establishment is successful PSI[1]
[2026-09-30 15:10:26.749] [999700000000006|app] [info] Connection setup for PDU session[1] is successful, TUN interface[uesimtun2, 10.45.3.196] is up.
[2026-09-30 15:10:26.784] [999700000000005|nas] [debug] Sending PDU Session Release Request for PSI[1]
[2026-09-30 15:10:26.951] [999700000000005|nas] [debug] PDU Session Release Command received
[2026-09-30 15:10:26.951] [999700000000005|nas] [debug] Performing local release of PDU session[1]
[2026-09-30 15:10:26.989] [999700000000001|nas] [debug] Sending PDU Session Establishment Request
[2026-09-30 15:10:26.989] [999700000000001|nas] [debug] UAC access attempt is allowed for identity[0], category[MO_sig]
[2026-09-30 15:10:27.163] [999700000000001|nas] [debug] PDU Session Establishment Accept received
[2026-09-30 15:10:27.163] [999700000000001|nas] [info] PDU Session establishment is successful PSI[1]
[2026-09-30 15:10:27.163] [999700000000001|app] [info] Connection setup for PDU session[1] is successful, TUN interface[uesimtun0, 10.45.3.197] is up.
[2026-09-30 15:10:27.204] [999700000000004|nas] [debug] Sending PDU Session Release Request for PSI[1]
[2026-09-30 15:10:27.371] [999700000000004|nas] [debug] PDU Session Release Command received
[2026-09-30 15:10:27.371] [999700000000004|nas] [debug] Performing local release of PDU session[1]
[2026-09-30 15:10:27.410] [999700000000011|nas] [debug] Sending PDU Session Establishment Request
[2026-09-30 15:10:27.410] [999700000000011|nas] [debug] UAC access attempt is allowed for identity[0], category[MO_sig]
[2026-09-30 15:10:27.586] [999700000000011|nas] [debug] PDU Session Establishment Accept received
[2026-09-30 15:10:27.586] [999700000000011|nas] [info] PDU Session establishment is successful PSI[1]
[2026-09-30 15:10:27.586] [999700000000011|app] [info] Connection setup for PDU session[1] is successful, TUN interface[uesimtun1, 10.45.3.198] is up.
[2026-09-30 15:10:27.625] [999700000000006|nas] [debug] Sending PDU Session Release Request for PSI[1]
[2026-09-30 15:10:27.788] [999700000000006|nas] [debug] PDU Session Release Command received
[2026-09-30 15:10:27.788] [999700000000006|nas] [debug] Performing local release of PDU session[1]
[2026-09-30 15:10:27.821] [999700000000005|nas] [debug] Sending PDU Session Establishment Request
[2026-09-30 15:10:27.821] [999700000000005|nas] [debug] UAC access attempt is allowed for identity[0], category[MO_sig]
[2026-09-30 15:10:27.998] [999700000000005|nas] [debug] PDU Session Establishment Accept received
[2026-09-30 15:10:27.998] [999700000000005|nas] [info] PDU Session establishment is successful PSI[1]
[2026-09-30 15:10:27.999] [999700000000005|app] [info] Connection setup for PDU session[1] is successful, TUN interface[uesimtun2, 10.45.3.199] is up.
[2026-09-30 15:10:28.037] [999700000000001|nas] [debug] Sending PDU Session Release Request for PSI[1]
[2026-09-30 15:10:28.204] [999700000000001|nas] [debug] PDU Session Release Command received
[2026-09-30 15:10:28.204] [999700000000001|nas] [debug] Performing local release of PDU session[1]
[2026-09-30 15:10:28.242] [999700000000003|nas] [debug] Sending PDU Session Establishment Request
[2026-09-30 15:10:28.242] [999700000000003|nas] [debug] UAC access attempt is allowed for identity[0], category[MO_sig]
[2026-09-30 15:10:28.414] [999700000000003|nas] [debug] PDU Session Establishment Accept received
[2026-09-30 15:10:28.414] [999700000000003|nas] [info] PDU Session establishment is successful PSI[1]
[2026-09-30 15:10:28.414] [999700000000003|app] [info] Connection setup for PDU session[1] is successful, TUN interface[uesimtun0, 10.45.3.200] is up.
[2026-09-30 15:10:28.447] [999700000000011|nas] [debug] Sending PDU Session Release Request for PSI[1]
[2026-09-30 15:10:28.616] [999700000000011|nas] [debug] PDU Session Release Command received
[2026-09-30 15:10:28.616] [999700000000011|nas] [debug] Performing local release of PDU session[1]
[2026-09-30 15:10:28.653] [999700000000004|nas] [debug] Sending PDU Session Establishment Request
[2026-09-30 15:10:28.653] [999700000000004|nas] [debug] UAC access attempt is allowed for identity[0], category[MO_sig]
[2026-09-30 15:10:28.829] [999700000000004|nas] [debug] PDU Session Establishment Accept received
[2026-09-30 15:10:28.830] [999700000000004|nas] [info] PDU Session establishment is successful PSI[1]
[2026-09-30 15:10:28.830] [999700000000004|app] [info] Connection setup for PDU session[1] is successful, TUN interface[uesimtun1, 10.45.3.201] is up.
[2026-09-30 15:10:28.869] [999700000000003|nas] [debug] Sending PDU Session Release Request for PSI[1]
[2026-09-30 15:10:29.036] [999700000000003|nas] [debug] PDU Session Release Command received
[2026-09-30 15:10:29.036] [999700000000003|nas] [debug] Performing local release of PDU session[1]
[2026-09-30 15:10:29.074] [999700000000009|nas] [debug] Sending PDU Session Establishment Request
[2026-09-30 15:10:29.074] [999700000000009|nas] [debug] UAC access attempt is allowed for identity[0], category[MO_sig]
[2026-09-30 15:10:29.245] [999700000000009|nas] [debug] PDU Session Establishment Accept received
[2026-09-30 15:10:29.245] [999700000000009|nas] [info] PDU Session establishment is successful PSI[1]
[2026-09-30 15:10:29.245] [999700000000009|app] [info] Connection setup for PDU session[1] is successful, TUN interface[uesimtun0, 10.45.3.202] is up.
[2026-09-30 15:10:29.279] [999700000000004|nas] [debug] Sending PDU Session Release Request for PSI[1]
[2026-09-30 15:10:29.452] [999700000000004|nas] [debug] PDU Session Release Command received
[2026-09-30 15:10:29.452] [999700000000004|nas] [debug] Performing local release of PDU session[1]
[2026-09-30 15:10:29.484] [999700000000008|nas] [debug] Sending PDU Session Establishment Request
[2026-09-30 15:10:29.484] [999700000000008|nas] [debug] UAC access attempt is allowed for identity[0], category[MO_sig]
[2026-09-30 15:10:29.661] [999700000000008|nas] [debug] PDU Session Establishment Accept received
[2026-09-30 15:10:29.661] [999700000000008|nas] [info] PDU Session establishment is successful PSI[1]
[2026-09-30 15:10:29.662] [999700000000008|app] [info] Connection setup for PDU session[1] is successful, TUN interface[uesimtun1, 10.45.3.203] is up.
[2026-09-30 15:10:29.700] [999700000000009|nas] [debug] Sending PDU Session Release Request for PSI[1]
[2026-09-30 15:10:29.867] [999700000000009|nas] [debug] PDU Session Release Command received
[2026-09-30 15:10:29.867] [999700000000009|nas] [debug] Performing local release of PDU session[1]
[2026-09-30 15:10:29.905] [999700000000006|nas] [debug] Sending PDU Session Establishment Request
[2026-09-30 15:10:29.905] [999700000000006|nas] [debug] UAC access attempt is allowed for identity[0], category[MO_sig]
[2026-09-30 15:10:30.077] [999700000000006|nas] [debug] PDU Session Establishment Accept received
[2026-09-30 15:10:30.077] [999700000000006|nas] [info] PDU Session establishment is successful PSI[1]
[2026-09-30 15:10:30.077] [999700000000006|app] [info] Connection setup for PDU session[1] is successful, TUN interface[uesimtun0, 10.45.3.204] is up.
[2026-09-30 15:10:30.111] [999700000000005|nas] [debug] Sending PDU Session Release Request for PSI[1]
[2026-09-30 15:10:30.279] [999700000000005|nas] [debug] PDU Session Release Command received
[2026-09-30 15:10:30.279] [999700000000005|nas] [debug] Performing local release of PDU session[1]
[2026-09-30 15:10:30.316] [999700000000011|nas] [debug] Sending PDU Session Establishment Request
[2026-09-30 15:10:30.316] [999700000000011|nas] [debug] UAC access attempt is allowed for identity[0], category[MO_sig]
[2026-09-30 15:10:30.491] [999700000000011|nas] [debug] PDU Session Establishment Accept received
[2026-09-30 15:10:30.491] [999700000000011|nas] [info] PDU Session establishment is successful PSI[1]
[2026-09-30 15:10:30.491] [999700000000011|app] [info] Connection setup for PDU session[1] is successful, TUN interface[uesimtun2, 10.45.3.205] is up.
[2026-09-30 15:10:30.531] [999700000000008|nas] [debug] Sending PDU Session Release Request for PSI[1]
[2026-09-30 15:10:30.696] [999700000000008|nas] [debug] PDU Session Release Command received
[2026-09-30 15:10:30.696] [999700000000008|nas] [debug] Performing local release of PDU session[1]
[2026-09-30 15:10:30.736] [999700000000005|nas] [debug] Sending PDU Session Establishment Request
[2026-09-30 15:10:30.736] [999700000000005|nas] [debug] UAC access attempt is allowed for identity[0], category[MO_sig]
[2026-09-30 15:10:30.906] [999700000000005|nas] [debug] PDU Session Establishment Accept received
[2026-09-30 15:10:30.906] [999700000000005|nas] [info] PDU Session establishment is successful PSI[1]
[2026-09-30 15:10:30.906] [999700000000005|app] [info] Connection setup for PDU session[1] is successful, TUN interface[uesimtun1, 10.45.3.206] is up.
[2026-09-30 15:10:30.942] [999700000000005|nas] [debug] Sending PDU Session Release Request for PSI[1]
[2026-09-30 15:10:31.116] [999700000000005|nas] [debug] PDU Session Release Command received
[2026-09-30 15:10:31.116] [999700000000005|nas] [debug] Performing local release of PDU session[1]
[2026-09-30 15:10:31.157] [999700000000010|nas] [debug] Sending PDU Session Establishment Request
[2026-09-30 15:10:31.157] [999700000000010|nas] [debug] UAC access attempt is allowed for identity[0], category[MO_sig]
[2026-09-30 15:10:31.332] [999700000000010|nas] [debug] PDU Session Establishment Accept received
[2026-09-30 15:10:31.332] [999700000000010|nas] [info] PDU Session establishment is successful PSI[1]
[2026-09-30 15:10:31.333] [999700000000010|app] [info] Connection setup for PDU session[1] is successful, TUN interface[uesimtun1, 10.45.3.207] is up.
[2026-09-30 15:10:31.374] [999700000000006|nas] [debug] Sending PDU Session Release Request for PSI[1]
[2026-09-30 15:10:31.536] [999700000000006|nas] [debug] PDU Session Release Command received
[2026-09-30 15:10:31.537] [999700000000006|nas] [debug] Performing local release of PDU session[1]
[2026-09-30 15:10:31.573] [999700000000001|nas] [debug] Sending PDU Session Establishment Request
[2026-09-30 15:10:31.573] [999700000000001|nas] [debug] UAC access attempt is allowed for identity[0], category[MO_sig]
[2026-09-30 15:10:31.745] [999700000000001|nas] [debug] PDU Session Establishment Accept received
[2026-09-30 15:10:31.745] [999700000000001|nas] [info] PDU Session establishment is successful PSI[1]
[2026-09-30 15:10:31.745] [999700000000001|app] [info] Connection setup for PDU session[1] is successful, TUN interface[uesimtun0, 10.45.3.208] is up.
[2026-09-30 15:10:31.779] [999700000000011|nas] [debug] Sending PDU Session Release Request for PSI[1]
[2026-09-30 15:10:31.949] [999700000000011|nas] [debug] PDU Session Release Command received
[2026-09-30 15:10:31.949] [999700000000011|nas] [debug] Performing local release of PDU session[1]
[2026-09-30 15:10:31.985] [999700000000003|nas] [debug] Sending PDU Session Establishment Request
[2026-09-30 15:10:31.985] [999700000000003|nas] [debug] UAC access attempt is allowed for identity[0], category[MO_sig]
[2026-09-30 15:10:32.161] [999700000000003|nas] [debug] PDU Session Establishment Accept received
[2026-09-30 15:10:32.161] [999700000000003|nas] [info] PDU Session establishment is successful PSI[1]
[2026-09-30 15:10:32.161] [999700000000003|app] [info] Connection setup for PDU session[1] is successful, TUN interface[uesimtun2, 10.45.3.209] is up.
[2026-09-30 15:10:32.200] [999700000000001|nas] [debug] Sending PDU Session Release Request for PSI[1]
[2026-09-30 15:10:32.364] [999700000000001|nas] [debug] PDU Session Release Command received
[2026-09-30 15:10:32.364] [999700000000001|nas] [debug] Performing local release of PDU session[1]
[2026-09-30 15:10:32.406] [999700000000007|nas] [debug] Sending PDU Session Establishment Request
[2026-09-30 15:10:32.406] [999700000000007|nas] [debug] UAC access attempt is allowed for identity[0], category[MO_sig]
[2026-09-30 15:10:32.573] [999700000000007|nas] [debug] PDU Session Establishment Accept received
[2026-09-30 15:10:32.573] [999700000000007|nas] [info] PDU Session establishment is successful PSI[1]
[2026-09-30 15:10:32.574] [999700000000007|app] [info] Connection setup for PDU session[1] is successful, TUN interface[uesimtun0, 10.45.3.210] is up.
[2026-09-30 15:10:32.611] [999700000000003|nas] [debug] Sending PDU Session Release Request for PSI[1]
[2026-09-30 15:10:32.777] [999700000000003|nas] [debug] PDU Session Release Command received
[2026-09-30 15:10:32.777] [999700000000003|nas] [debug] Performing local release of PDU session[1]
[2026-09-30 15:10:32.816] [999700000000001|nas] [debug] Sending PDU Session Establishment Request
[2026-09-30 15:10:32.816] [999700000000001|nas] [debug] UAC access attempt is allowed for identity[0], category[MO_sig]
[2026-09-30 15:10:32.987] [999700000000001|nas] [debug] PDU Session Establishment Accept received
[2026-09-30 15:10:32.987] [999700000000001|nas] [info] PDU Session establishment is successful PSI[1]
[2026-09-30 15:10:32.988] [999700000000001|app] [info] Connection setup for PDU session[1] is successful, TUN interface[uesimtun2, 10.45.3.211] is up.
[2026-09-30 15:10:33.021] [999700000000010|nas] [debug] Sending PDU Session Release Request for PSI[1]
[2026-09-30 15:10:33.192] [999700000000010|nas] [debug] PDU Session Release Command received
[2026-09-30 15:10:33.192] [999700000000010|nas] [debug] Performing local release of PDU session[1]
[2026-09-30 15:10:33.226] [999700000000002|nas] [debug] Sending PDU Session Establishment Request
[2026-09-30 15:10:33.226] [999700000000002|nas] [debug] UAC access attempt is allowed for identity[0], category[MO_sig]
[2026-09-30 15:10:33.400] [999700000000002|nas] [debug] PDU Session Establishment Accept received
[2026-09-30 15:10:33.400] [999700000000002|nas] [info] PDU Session establishment is successful PSI[1]
[2026-09-30 15:10:33.401] [999700000000002|app] [info] Connection setup for PDU session[1] is successful, TUN interface[uesimtun1, 10.45.3.212] is up.
[2026-09-30 15:10:33.442] [999700000000007|nas] [debug] Sending PDU Session Release Request for PSI[1]
[2026-09-30 15:10:33.604] [999700000000007|nas] [debug] PDU Session Release Command received
[2026-09-30 15:10:33.604] [999700000000007|nas] [debug] Performing local release of PDU session[1]
[2026-09-30 15:10:33.636] [999700000000012|nas] [debug] Sending PDU Session Establishment Request
[2026-09-30 15:10:33.636] [999700000000012|nas] [debug] UAC access attempt is allowed for identity[0], category[MO_sig]
[2026-09-30 15:10:33.813] [999700000000012|nas] [debug] PDU Session Establishment Accept received
[2026-09-30 15:10:33.813] [999700000000012|nas] [info] PDU Session establishment is successful PSI[1]
[2026-09-30 15:10:33.813] [999700000000012|app] [info] Connection setup for PDU session[1] is successful, TUN interface[uesimtun0, 10.45.3.213] is up.
[2026-09-30 15:10:33.852] [999700000000002|nas] [debug] Sending PDU Session Release Request for PSI[1]
[2026-09-30 15:10:34.016] [999700000000002|nas] [debug] PDU Session Release Command received
[2026-09-30 15:10:34.016] [999700000000002|nas] [debug] Performing local release of PDU session[1]
[2026-09-30 15:10:34.057] [999700000000011|nas] [debug] Sending PDU Session Establishment Request
[2026-09-30 15:10:34.057] [999700000000011|nas] [debug] UAC access attempt is allowed for identity[0], category[MO_sig]
[2026-09-30 15:10:34.230] [999700000000011|nas] [debug] PDU Session Establishment Accept received
[2026-09-30 15:10:34.230] [999700000000011|nas] [info] PDU Session establishment is successful PSI[1]
[2026-09-30 15:10:34.231] [999700000000011|app] [info] Connection setup for PDU session[1] is successful, TUN interface[uesimtun1, 10.45.3.214] is up.
[2026-09-30 15:10:34.263] [999700000000012|nas] [debug] Sending PDU Session Release Request for PSI[1]
[2026-09-30 15:10:34.441] [999700000000012|nas] [debug] PDU Session Release Command received
[2026-09-30 15:10:34.441] [999700000000012|nas] [debug] Performing local release of PDU session[1]
[2026-09-30 15:10:34.480] [999700000000007|nas] [debug] Sending PDU Session Establishment Request
[2026-09-30 15:10:34.480] [999700000000007|nas] [debug] UAC access attempt is allowed for identity[0], category[MO_sig]
[2026-09-30 15:10:34.652] [999700000000007|nas] [debug] PDU Session Establishment Accept received
[2026-09-30 15:10:34.652] [999700000000007|nas] [info] PDU Session establishment is successful PSI[1]
[2026-09-30 15:10:34.653] [999700000000007|app] [info] Connection setup for PDU session[1] is successful, TUN interface[uesimtun0, 10.45.3.215] is up.
[2026-09-30 15:10:34.686] [999700000000001|nas] [debug] Sending PDU Session Release Request for PSI[1]
[2026-09-30 15:10:34.857] [999700000000001|nas] [debug] PDU Session Release Command received
[2026-09-30 15:10:34.857] [999700000000001|nas] [debug] Performing local release of PDU session[1]
[2026-09-30 15:10:34.894] [999700000000009|nas] [debug] Sending PDU Session Establishment Request
[2026-09-30 15:10:34.894] [999700000000009|nas] [debug] UAC access attempt is allowed for identity[0], category[MO_sig]
[2026-09-30 15:10:35.065] [999700000000009|nas] [debug] PDU Session Establishment Accept received
[2026-09-30 15:10:35.065] [999700000000009|nas] [info] PDU Session establishment is successful PSI[1]
[2026-09-30 15:10:35.066] [999700000000009|app] [info] Connection setup for PDU session[1] is successful, TUN interface[uesimtun2, 10.45.3.216] is up.
[2026-09-30 15:10:35.099] [999700000000009|nas] [debug] Sending PDU Session Release Request for PSI[1]
[2026-09-30 15:10:35.267] [999700000000009|nas] [debug] PDU Session Release Command received
[2026-09-30 15:10:35.267] [999700000000009|nas] [debug] Performing local release of PDU session[1]
[2026-09-30 15:10:35.303] [999700000000010|nas] [debug] Sending PDU Session Establishment Request
[2026-09-30 15:10:35.303] [999700000000010|nas] [debug] UAC access attempt is allowed for identity[0], category[MO_sig]
[2026-09-30 15:10:35.482] [999700000000010|nas] [debug] PDU Session Establishment Accept received
[2026-09-30 15:10:35.484] [999700000000010|nas] [info] PDU Session establishment is successful PSI[1]
[2026-09-30 15:10:35.484] [999700000000010|app] [info] Connection setup for PDU session[1] is successful, TUN interface[uesimtun2, 10.45.3.217] is up.
[2026-09-30 15:10:35.518] [999700000000011|nas] [debug] Sending PDU Session Release Request for PSI[1]
[2026-09-30 15:10:35.688] [999700000000011|nas] [debug] PDU Session Release Command received
[2026-09-30 15:10:35.688] [999700000000011|nas] [debug] Performing local release of PDU session[1]
[2026-09-30 15:10:35.722] [999700000000009|nas] [debug] Sending PDU Session Establishment Request
[2026-09-30 15:10:35.722] [999700000000009|nas] [debug] UAC access attempt is allowed for identity[0], category[MO_sig]
[2026-09-30 15:10:35.897] [999700000000009|nas] [debug] PDU Session Establishment Accept received
[2026-09-30 15:10:35.897] [999700000000009|nas] [info] PDU Session establishment is successful PSI[1]
[2026-09-30 15:10:35.897] [999700000000009|app] [info] Connection setup for PDU session[1] is successful, TUN interface[uesimtun1, 10.45.3.218] is up.
[2026-09-30 15:10:35.937] [999700000000009|nas] [debug] Sending PDU Session Release Request for PSI[1]
[2026-09-30 15:10:36.100] [999700000000009|nas] [debug] PDU Session Release Command received
[2026-09-30 15:10:36.100] [999700000000009|nas] [debug] Performing local release of PDU session[1]
[2026-09-30 15:10:36.141] [999700000000005|nas] [debug] Sending PDU Session Establishment Request
[2026-09-30 15:10:36.142] [999700000000005|nas] [debug] UAC access attempt is allowed for identity[0], category[MO_sig]
[2026-09-30 15:10:36.314] [999700000000005|nas] [debug] PDU Session Establishment Accept received
[2026-09-30 15:10:36.314] [999700000000005|nas] [info] PDU Session establishment is successful PSI[1]
[2026-09-30 15:10:36.315] [999700000000005|app] [info] Connection setup for PDU session[1] is successful, TUN interface[uesimtun1, 10.45.3.219] is up.
[2026-09-30 15:10:36.347] [999700000000007|nas] [debug] Sending PDU Session Release Request for PSI[1]
[2026-09-30 15:10:36.515] [999700000000007|nas] [debug] PDU Session Release Command received
[2026-09-30 15:10:36.515] [999700000000007|nas] [debug] Performing local release of PDU session[1]
[2026-09-30 15:10:36.551] [999700000000006|nas] [debug] Sending PDU Session Establishment Request
[2026-09-30 15:10:36.551] [999700000000006|nas] [debug] UAC access attempt is allowed for identity[0], category[MO_sig]
[2026-09-30 15:10:36.725] [999700000000006|nas] [debug] PDU Session Establishment Accept received
[2026-09-30 15:10:36.725] [999700000000006|nas] [info] PDU Session establishment is successful PSI[1]
[2026-09-30 15:10:36.726] [999700000000006|app] [info] Connection setup for PDU session[1] is successful, TUN interface[uesimtun0, 10.45.3.220] is up.
[2026-09-30 15:10:36.765] [999700000000010|nas] [debug] Sending PDU Session Release Request for PSI[1]
[2026-09-30 15:10:36.932] [999700000000010|nas] [debug] PDU Session Release Command received
[2026-09-30 15:10:36.932] [999700000000010|nas] [debug] Performing local release of PDU session[1]
[2026-09-30 15:10:36.970] [999700000000001|nas] [debug] Sending PDU Session Establishment Request
[2026-09-30 15:10:36.970] [999700000000001|nas] [debug] UAC access attempt is allowed for identity[0], category[MO_sig]
[2026-09-30 15:10:37.145] [999700000000001|nas] [debug] PDU Session Establishment Accept received
[2026-09-30 15:10:37.145] [999700000000001|nas] [info] PDU Session establishment is successful PSI[1]
[2026-09-30 15:10:37.145] [999700000000001|app] [info] Connection setup for PDU session[1] is successful, TUN interface[uesimtun2, 10.45.3.221] is up.
[2026-09-30 15:10:37.185] [999700000000006|nas] [debug] Sending PDU Session Release Request for PSI[1]
[2026-09-30 15:10:37.347] [999700000000006|nas] [debug] PDU Session Release Command received
[2026-09-30 15:10:37.347] [999700000000006|nas] [debug] Performing local release of PDU session[1]
[2026-09-30 15:10:37.380] [999700000000008|nas] [debug] Sending PDU Session Establishment Request
[2026-09-30 15:10:37.380] [999700000000008|nas] [debug] UAC access attempt is allowed for identity[0], category[MO_sig]
[2026-09-30 15:10:37.559] [999700000000008|nas] [debug] PDU Session Establishment Accept received
[2026-09-30 15:10:37.559] [999700000000008|nas] [info] PDU Session establishment is successful PSI[1]
[2026-09-30 15:10:37.559] [999700000000008|app] [info] Connection setup for PDU session[1] is successful, TUN interface[uesimtun0, 10.45.3.222] is up.
[2026-09-30 15:10:37.594] [999700000000008|nas] [debug] Sending PDU Session Release Request for PSI[1]
[2026-09-30 15:10:37.763] [999700000000008|nas] [debug] PDU Session Release Command received
[2026-09-30 15:10:37.763] [999700000000008|nas] [debug] Performing local release of PDU session[1]
[2026-09-30 15:10:37.798] [999700000000006|nas] [debug] Sending PDU Session Establishment Request
[2026-09-30 15:10:37.798] [999700000000006|nas] [debug] UAC access attempt is allowed for identity[0], category[MO_sig]
[2026-09-30 15:10:37.972] [999700000000006|nas] [debug] PDU Session Establishment Accept received
[2026-09-30 15:10:37.972] [999700000000006|nas] [info] PDU Session establishment is successful PSI[1]
[2026-09-30 15:10:37.973] [999700000000006|app] [info] Connection setup for PDU session[1] is successful, TUN interface[uesimtun0, 10.45.3.223] is up.
[2026-09-30 15:10:38.013] [999700000000006|nas] [debug] Sending PDU Session Release Request for PSI[1]
[2026-09-30 15:10:38.175] [999700000000006|nas] [debug] PDU Session Release Command received
[2026-09-30 15:10:38.175] [999700000000006|nas] [debug] Performing local release of PDU session[1]
[2026-09-30 15:10:38.217] [999700000000011|nas] [debug] Sending PDU Session Establishment Request
[2026-09-30 15:10:38.217] [999700000000011|nas] [debug] UAC access attempt is allowed for identity[0], category[MO_sig]
[2026-09-30 15:10:38.388] [999700000000011|nas] [debug] PDU Session Establishment Accept received
[2026-09-30 15:10:38.388] [999700000000011|nas] [info] PDU Session establishment is successful PSI[1]
[2026-09-30 15:10:38.389] [999700000000011|app] [info] Connection setup for PDU session[1] is successful, TUN interface[uesimtun0, 10.45.3.224] is up.
[2026-09-30 15:10:38.421] [999700000000005|nas] [debug] Sending PDU Session Release Request for PSI[1]
[2026-09-30 15:10:38.591] [999700000000005|nas] [debug] PDU Session Release Command received
[2026-09-30 15:10:38.591] [999700000000005|nas] [debug] Performing local release of PDU session[1]
[2026-09-30 15:10:38.625] [999700000000012|nas] [debug] Sending PDU Session Establishment Request
[2026-09-30 15:10:38.625] [999700000000012|nas] [debug] UAC access attempt is allowed for identity[0], category[MO_sig]
[2026-09-30 15:10:38.800] [999700000000012|nas] [debug] PDU Session Establishment Accept received
[2026-09-30 15:10:38.800] [999700000000012|nas] [info] PDU Session establishment is successful PSI[1]
[2026-09-30 15:10:38.801] [999700000000012|app] [info] Connection setup for PDU session[1] is successful, TUN interface[uesimtun1, 10.45.3.225] is up.
[2026-09-30 15:10:38.840] [999700000000001|nas] [debug] Sending PDU Session Release Request for PSI[1]
[2026-09-30 15:10:39.003] [999700000000001|nas] [debug] PDU Session Release Command received
[2026-09-30 15:10:39.003] [999700000000001|nas] [debug] Performing local release of PDU session[1]
[2026-09-30 15:10:39.044] [999700000000005|nas] [debug] Sending PDU Session Establishment Request
[2026-09-30 15:10:39.044] [999700000000005|nas] [debug] UAC access attempt is allowed for identity[0], category[MO_sig]
[2026-09-30 15:10:39.213] [999700000000005|nas] [debug] PDU Session Establishment Accept received
[2026-09-30 15:10:39.213] [999700000000005|nas] [info] PDU Session establishment is successful PSI[1]
[2026-09-30 15:10:39.214] [999700000000005|app] [info] Connection setup for PDU session[1] is successful, TUN interface[uesimtun2, 10.45.3.226] is up.
[2026-09-30 15:10:39.248] [999700000000005|nas] [debug] Sending PDU Session Release Request for PSI[1]
[2026-09-30 15:10:39.415] [999700000000005|nas] [debug] PDU Session Release Command received
[2026-09-30 15:10:39.415] [999700000000005|nas] [debug] Performing local release of PDU session[1]
[2026-09-30 15:10:39.452] [999700000000004|nas] [debug] Sending PDU Session Establishment Request
[2026-09-30 15:10:39.452] [999700000000004|nas] [debug] UAC access attempt is allowed for identity[0], category[MO_sig]
[2026-09-30 15:10:39.626] [999700000000004|nas] [debug] PDU Session Establishment Accept received
[2026-09-30 15:10:39.626] [999700000000004|nas] [info] PDU Session establishment is successful PSI[1]
[2026-09-30 15:10:39.627] [999700000000004|app] [info] Connection setup for PDU session[1] is successful, TUN interface[uesimtun2, 10.45.3.227] is up.
[2026-09-30 15:10:39.667] [999700000000012|nas] [debug] Sending PDU Session Release Request for PSI[1]
[2026-09-30 15:10:39.828] [999700000000012|nas] [debug] PDU Session Release Command received
[2026-09-30 15:10:39.828] [999700000000012|nas] [debug] Performing local release of PDU session[1]
[2026-09-30 15:10:39.862] [999700000000005|nas] [debug] Sending PDU Session Establishment Request
[2026-09-30 15:10:39.863] [999700000000005|nas] [debug] UAC access attempt is allowed for identity[0], category[MO_sig]
[2026-09-30 15:10:40.038] [999700000000005|nas] [debug] PDU Session Establishment Accept received
[2026-09-30 15:10:40.038] [999700000000005|nas] [info] PDU Session establishment is successful PSI[1]
[2026-09-30 15:10:40.039] [999700000000005|app] [info] Connection setup for PDU session[1] is successful, TUN interface[uesimtun1, 10.45.3.228] is up.
[2026-09-30 15:10:40.078] [999700000000005|nas] [debug] Sending PDU Session Release Request for PSI[1]
[2026-09-30 15:10:40.244] [999700000000005|nas] [debug] PDU Session Release Command received
[2026-09-30 15:10:40.244] [999700000000005|nas] [debug] Performing local release of PDU session[1]
[2026-09-30 15:10:40.283] [999700000000007|nas] [debug] Sending PDU Session Establishment Request
[2026-09-30 15:10:40.283] [999700000000007|nas] [debug] UAC access attempt is allowed for identity[0], category[MO_sig]
[2026-09-30 15:10:40.452] [999700000000007|nas] [debug] PDU Session Establishment Accept received
[2026-09-30 15:10:40.452] [999700000000007|nas] [info] PDU Session establishment is successful PSI[1]
[2026-09-30 15:10:40.453] [999700000000007|app] [info] Connection setup for PDU session[1] is successful, TUN interface[uesimtun1, 10.45.3.229] is up.
[2026-09-30 15:10:40.488] [999700000000011|nas] [debug] Sending PDU Session Release Request for PSI[1]
[2026-09-30 15:10:40.656] [999700000000011|nas] [debug] PDU Session Release Command received
[2026-09-30 15:10:40.656] [999700000000011|nas] [debug] Performing local release of PDU session[1]
[2026-09-30 15:10:40.693] [999700000000008|nas] [debug] Sending PDU Session Establishment Request
[2026-09-30 15:10:40.693] [999700000000008|nas] [debug] UAC access attempt is allowed for identity[0], category[MO_sig]
[2026-09-30 15:10:40.864] [999700000000008|nas] [debug] PDU Session Establishment Accept received
[2026-09-30 15:10:40.864] [999700000000008|nas] [info] PDU Session establishment is successful PSI[1]
[2026-09-30 15:10:40.865] [999700000000008|app] [info] Connection setup for PDU session[1] is successful, TUN interface[uesimtun0, 10.45.3.230] is up.
[2026-09-30 15:10:40.898] [999700000000007|nas] [debug] Sending PDU Session Release Request for PSI[1]
[2026-09-30 15:10:41.068] [999700000000007|nas] [debug] PDU Session Release Command received
[2026-09-30 15:10:41.068] [999700000000007|nas] [debug] Performing local release of PDU session[1]
[2026-09-30 15:10:41.103] [999700000000011|nas] [debug] Sending PDU Session Establishment Request
[2026-09-30 15:10:41.103] [999700000000011|nas] [debug] UAC access attempt is allowed for identity[0], category[MO_sig]
[2026-09-30 15:10:41.283] [999700000000011|nas] [debug] PDU Session Establishment Accept received
[2026-09-30 15:10:41.283] [999700000000011|nas] [info] PDU Session establishment is successful PSI[1]
[2026-09-30 15:10:41.283] [999700000000011|app] [info] Connection setup for PDU session[1] is successful, TUN interface[uesimtun1, 10.45.3.231] is up.
[2026-09-30 15:10:41.318] [999700000000004|nas] [debug] Sending PDU Session Release Request for PSI[1]
[2026-09-30 15:10:41.488] [999700000000004|nas] [debug] PDU Session Release Command received
[2026-09-30 15:10:41.488] [999700000000004|nas] [debug] Performing local release of PDU session[1]
[2026-09-30 15:10:41.524] [999700000000003|nas] [debug] Sending PDU Session Establishment Request
[2026-09-30 15:10:41.525] [999700000000003|nas] [debug] UAC access attempt is allowed for identity[0], category[MO_sig]
[2026-09-30 15:10:41.697] [999700000000003|nas] [debug] PDU Session Establishment Accept received
[2026-09-30 15:10:41.697] [999700000000003|nas] [info] PDU Session establishment is successful PSI[1]
[2026-09-30 15:10:41.697] [999700000000003|app] [info] Connection setup for PDU session[1] is successful, TUN interface[uesimtun2, 10.45.3.232] is up.
[2026-09-30 15:10:41.729] [999700000000003|nas] [debug] Sending PDU Session Release Request for PSI[1]
[2026-09-30 15:10:41.901] [999700000000003|nas] [debug] PDU Session Release Command received
[2026-09-30 15:10:41.901] [999700000000003|nas] [debug] Performing local release of PDU session[1]
[2026-09-30 15:10:41.934] [999700000000006|nas] [debug] Sending PDU Session Establishment Request
[2026-09-30 15:10:41.934] [999700000000006|nas] [debug] UAC access attempt is allowed for identity[0], category[MO_sig]
[2026-09-30 15:10:42.113] [999700000000006|nas] [debug] PDU Session Establishment Accept received
[2026-09-30 15:10:42.113] [999700000000006|nas] [info] PDU Session establishment is successful PSI[1]
[2026-09-30 15:10:42.114] [999700000000006|app] [info] Connection setup for PDU session[1] is successful, TUN interface[uesimtun2, 10.45.3.233] is up.
[2026-09-30 15:10:42.150] [999700000000011|nas] [debug] Sending PDU Session Release Request for PSI[1]
[2026-09-30 15:10:42.316] [999700000000011|nas] [debug] PDU Session Release Command received
[2026-09-30 15:10:42.316] [999700000000011|nas] [debug] Performing local release of PDU session[1]
[2026-09-30 15:10:42.353] [999700000000009|nas] [debug] Sending PDU Session Establishment Request
[2026-09-30 15:10:42.353] [999700000000009|nas] [debug] UAC access attempt is allowed for identity[0], category[MO_sig]
[2026-09-30 15:10:42.524] [999700000000009|nas] [debug] PDU Session Establishment Accept received
[2026-09-30 15:10:42.524] [999700000000009|nas] [info] PDU Session establishment is successful PSI[1]
[2026-09-30 15:10:42.525] [999700000000009|app] [info] Connection setup for PDU session[1] is successful, TUN interface[uesimtun1, 10.45.3.234] is up.
[2026-09-30 15:10:42.558] [999700000000009|nas] [debug] Sending PDU Session Release Request for PSI[1]
[2026-09-30 15:10:42.726] [999700000000009|nas] [debug] PDU Session Release Command received
[2026-09-30 15:10:42.726] [999700000000009|nas] [debug] Performing local release of PDU session[1]
[2026-09-30 15:10:42.763] [999700000000003|nas] [debug] Sending PDU Session Establishment Request
[2026-09-30 15:10:42.763] [999700000000003|nas] [debug] UAC access attempt is allowed for identity[0], category[MO_sig]
[2026-09-30 15:10:42.936] [999700000000003|nas] [debug] PDU Session Establishment Accept received
[2026-09-30 15:10:42.936] [999700000000003|nas] [info] PDU Session establishment is successful PSI[1]
[2026-09-30 15:10:42.937] [999700000000003|app] [info] Connection setup for PDU session[1] is successful, TUN interface[uesimtun1, 10.45.3.235] is up.
[2026-09-30 15:10:42.978] [999700000000006|nas] [debug] Sending PDU Session Release Request for PSI[1]
[2026-09-30 15:10:43.143] [999700000000006|nas] [debug] PDU Session Release Command received
[2026-09-30 15:10:43.143] [999700000000006|nas] [debug] Performing local release of PDU session[1]
[2026-09-30 15:10:43.183] [999700000000009|nas] [debug] Sending PDU Session Establishment Request
[2026-09-30 15:10:43.184] [999700000000009|nas] [debug] UAC access attempt is allowed for identity[0], category[MO_sig]
[2026-09-30 15:10:43.354] [999700000000009|nas] [debug] PDU Session Establishment Accept received
[2026-09-30 15:10:43.354] [999700000000009|nas] [info] PDU Session establishment is successful PSI[1]
[2026-09-30 15:10:43.354] [999700000000009|app] [info] Connection setup for PDU session[1] is successful, TUN interface[uesimtun2, 10.45.3.236] is up.
[2026-09-30 15:10:43.389] [999700000000003|nas] [debug] Sending PDU Session Release Request for PSI[1]
[2026-09-30 15:10:43.558] [999700000000003|nas] [debug] PDU Session Release Command received
[2026-09-30 15:10:43.558] [999700000000003|nas] [debug] Performing local release of PDU session[1]
[2026-09-30 15:10:43.595] [999700000000006|nas] [debug] Sending PDU Session Establishment Request
[2026-09-30 15:10:43.596] [999700000000006|nas] [debug] UAC access attempt is allowed for identity[0], category[MO_sig]
[2026-09-30 15:10:43.766] [999700000000006|nas] [debug] PDU Session Establishment Accept received
[2026-09-30 15:10:43.766] [999700000000006|nas] [info] PDU Session establishment is successful PSI[1]
[2026-09-30 15:10:43.767] [999700000000006|app] [info] Connection setup for PDU session[1] is successful, TUN interface[uesimtun1, 10.45.3.237] is up.
[2026-09-30 15:10:43.801] [999700000000009|nas] [debug] Sending PDU Session Release Request for PSI[1]
[2026-09-30 15:10:43.971] [999700000000009|nas] [debug] PDU Session Release Command received
[2026-09-30 15:10:43.971] [999700000000009|nas] [debug] Performing local release of PDU session[1]
[2026-09-30 15:10:44.007] [999700000000003|nas] [debug] Sending PDU Session Establishment Request
[2026-09-30 15:10:44.007] [999700000000003|nas] [debug] UAC access attempt is allowed for identity[0], category[MO_sig]
[2026-09-30 15:10:44.179] [999700000000003|nas] [debug] PDU Session Establishment Accept received
[2026-09-30 15:10:44.180] [999700000000003|nas] [info] PDU Session establishment is successful PSI[1]
[2026-09-30 15:10:44.180] [999700000000003|app] [info] Connection setup for PDU session[1] is successful, TUN interface[uesimtun2, 10.45.3.238] is up.
[2026-09-30 15:10:44.211] [999700000000006|nas] [debug] Sending PDU Session Release Request for PSI[1]
[2026-09-30 15:10:44.381] [999700000000006|nas] [debug] PDU Session Release Command received
[2026-09-30 15:10:44.381] [999700000000006|nas] [debug] Performing local release of PDU session[1]
[2026-09-30 15:10:44.417] [999700000000002|nas] [debug] Sending PDU Session Establishment Request
[2026-09-30 15:10:44.417] [999700000000002|nas] [debug] UAC access attempt is allowed for identity[0], category[MO_sig]
[2026-09-30 15:10:44.591] [999700000000002|nas] [debug] PDU Session Establishment Accept received
[2026-09-30 15:10:44.591] [999700000000002|nas] [info] PDU Session establishment is successful PSI[1]
[2026-09-30 15:10:44.591] [999700000000002|app] [info] Connection setup for PDU session[1] is successful, TUN interface[uesimtun1, 10.45.3.239] is up.
[2026-09-30 15:10:44.631] [999700000000003|nas] [debug] Sending PDU Session Release Request for PSI[1]
[2026-09-30 15:10:44.794] [999700000000003|nas] [debug] PDU Session Release Command received
[2026-09-30 15:10:44.794] [999700000000003|nas] [debug] Performing local release of PDU session[1]
[2026-09-30 15:10:44.836] [999700000000004|nas] [debug] Sending PDU Session Establishment Request
[2026-09-30 15:10:44.836] [999700000000004|nas] [debug] UAC access attempt is allowed for identity[0], category[MO_sig]
[2026-09-30 15:10:45.004] [999700000000004|nas] [debug] PDU Session Establishment Accept received
[2026-09-30 15:10:45.004] [999700000000004|nas] [info] PDU Session establishment is successful PSI[1]
[2026-09-30 15:10:45.005] [999700000000004|app] [info] Connection setup for PDU session[1] is successful, TUN interface[uesimtun2, 10.45.3.240] is up.
[2026-09-30 15:10:45.040] [999700000000008|nas] [debug] Sending PDU Session Release Request for PSI[1]
[2026-09-30 15:10:45.206] [999700000000008|nas] [debug] PDU Session Release Command received
[2026-09-30 15:10:45.206] [999700000000008|nas] [debug] Performing local release of PDU session[1]
[2026-09-30 15:10:45.246] [999700000000007|nas] [debug] Sending PDU Session Establishment Request
[2026-09-30 15:10:45.246] [999700000000007|nas] [debug] UAC access attempt is allowed for identity[0], category[MO_sig]
[2026-09-30 15:10:45.416] [999700000000007|nas] [debug] PDU Session Establishment Accept received
[2026-09-30 15:10:45.416] [999700000000007|nas] [info] PDU Session establishment is successful PSI[1]
[2026-09-30 15:10:45.416] [999700000000007|app] [info] Connection setup for PDU session[1] is successful, TUN interface[uesimtun0, 10.45.3.241] is up.
[2026-09-30 15:10:45.451] [999700000000004|nas] [debug] Sending PDU Session Release Request for PSI[1]
[2026-09-30 15:10:45.618] [999700000000004|nas] [debug] PDU Session Release Command received
[2026-09-30 15:10:45.618] [999700000000004|nas] [debug] Performing local release of PDU session[1]
[2026-09-30 15:10:45.656] [999700000000010|nas] [debug] Sending PDU Session Establishment Request
[2026-09-30 15:10:45.656] [999700000000010|nas] [debug] UAC access attempt is allowed for identity[0], category[MO_sig]
[2026-09-30 15:10:45.829] [999700000000010|nas] [debug] PDU Session Establishment Accept received
[2026-09-30 15:10:45.829] [999700000000010|nas] [info] PDU Session establishment is successful PSI[1]
[2026-09-30 15:10:45.829] [999700000000010|app] [info] Connection setup for PDU session[1] is successful, TUN interface[uesimtun2, 10.45.3.242] is up.
[2026-09-30 15:10:45.861] [999700000000010|nas] [debug] Sending PDU Session Release Request for PSI[1]
[2026-09-30 15:10:46.034] [999700000000010|nas] [debug] PDU Session Release Command received
[2026-09-30 15:10:46.034] [999700000000010|nas] [debug] Performing local release of PDU session[1]
[2026-09-30 15:10:46.066] [999700000000003|nas] [debug] Sending PDU Session Establishment Request
[2026-09-30 15:10:46.066] [999700000000003|nas] [debug] UAC access attempt is allowed for identity[0], category[MO_sig]
[2026-09-30 15:10:46.246] [999700000000003|nas] [debug] PDU Session Establishment Accept received
[2026-09-30 15:10:46.246] [999700000000003|nas] [info] PDU Session establishment is successful PSI[1]
[2026-09-30 15:10:46.246] [999700000000003|app] [info] Connection setup for PDU session[1] is successful, TUN interface[uesimtun2, 10.45.3.243] is up.
[2026-09-30 15:10:46.282] [999700000000003|nas] [debug] Sending PDU Session Release Request for PSI[1]
[2026-09-30 15:10:46.450] [999700000000003|nas] [debug] PDU Session Release Command received
[2026-09-30 15:10:46.450] [999700000000003|nas] [debug] Performing local release of PDU session[1]
[2026-09-30 15:10:46.488] [999700000000001|nas] [debug] Sending PDU Session Establishment Request
[2026-09-30 15:10:46.488] [999700000000001|nas] [debug] UAC access attempt is allowed for identity[0], category[MO_sig]
[2026-09-30 15:10:46.660] [999700000000001|nas] [debug] PDU Session Establishment Accept received
[2026-09-30 15:10:46.660] [999700000000001|nas] [info] PDU Session establishment is successful PSI[1]
[2026-09-30 15:10:46.661] [999700000000001|app] [info] Connection setup for PDU session[1] is successful, TUN interface[uesimtun2, 10.45.3.244] is up.
[2026-09-30 15:10:46.693] [999700000000002|nas] [debug] Sending PDU Session Release Request for PSI[1]
[2026-09-30 15:10:46.871] [999700000000002|nas] [debug] PDU Session Release Command received
[2026-09-30 15:10:46.871] [999700000000002|nas] [debug] Performing local release of PDU session[1]
[2026-09-30 15:10:46.908] [999700000000008|nas] [debug] Sending PDU Session Establishment Request
[2026-09-30 15:10:46.909] [999700000000008|nas] [debug] UAC access attempt is allowed for identity[0], category[MO_sig]
[2026-09-30 15:10:47.081] [999700000000008|nas] [debug] PDU Session Establishment Accept received
[2026-09-30 15:10:47.081] [999700000000008|nas] [info] PDU Session establishment is successful PSI[1]
[2026-09-30 15:10:47.081] [999700000000008|app] [info] Connection setup for PDU session[1] is successful, TUN interface[uesimtun1, 10.45.3.245] is up.
[2026-09-30 15:10:47.114] [999700000000008|nas] [debug] Sending PDU Session Release Request for PSI[1]
[2026-09-30 15:10:47.287] [999700000000008|nas] [debug] PDU Session Release Command received
[2026-09-30 15:10:47.287] [999700000000008|nas] [debug] Performing local release of PDU session[1]
[2026-09-30 15:10:47.330] [999700000000011|nas] [debug] Sending PDU Session Establishment Request
[2026-09-30 15:10:47.331] [999700000000011|nas] [debug] UAC access attempt is allowed for identity[0], category[MO_sig]
[2026-09-30 15:10:47.499] [999700000000011|nas] [debug] PDU Session Establishment Accept received
[2026-09-30 15:10:47.499] [999700000000011|nas] [info] PDU Session establishment is successful PSI[1]
[2026-09-30 15:10:47.499] [999700000000011|app] [info] Connection setup for PDU session[1] is successful, TUN interface[uesimtun1, 10.45.3.246] is up.
[2026-09-30 15:10:47.537] [999700000000011|nas] [debug] Sending PDU Session Release Request for PSI[1]
[2026-09-30 15:10:47.702] [999700000000011|nas] [debug] PDU Session Release Command received
[2026-09-30 15:10:47.702] [999700000000011|nas] [debug] Performing local release of PDU session[1]
[2026-09-30 15:10:47.743] [999700000000009|nas] [debug] Sending PDU Session Establishment Request
[2026-09-30 15:10:47.743] [999700000000009|nas] [debug] UAC access attempt is allowed for identity[0], category[MO_sig]
[2026-09-30 15:10:47.916] [999700000000009|nas] [debug] PDU Session Establishment Accept received
[2026-09-30 15:10:47.916] [999700000000009|nas] [info] PDU Session establishment is successful PSI[1]
[2026-09-30 15:10:47.917] [999700000000009|app] [info] Connection setup for PDU session[1] is successful, TUN interface[uesimtun1, 10.45.3.247] is up.
[2026-09-30 15:10:47.958] [999700000000007|nas] [debug] Sending PDU Session Release Request for PSI[1]
[2026-09-30 15:10:48.123] [999700000000007|nas] [debug] PDU Session Release Command received
[2026-09-30 15:10:48.123] [999700000000007|nas] [debug] Performing local release of PDU session[1]
[2026-09-30 15:10:48.162] [999700000000010|nas] [debug] Sending PDU Session Establishment Request
[2026-09-30 15:10:48.162] [999700000000010|nas] [debug] UAC access attempt is allowed for identity[0], category[MO_sig]
[2026-09-30 15:10:48.334] [999700000000010|nas] [debug] PDU Session Establishment Accept received
[2026-09-30 15:10:48.334] [999700000000010|nas] [info] PDU Session establishment is successful PSI[1]
[2026-09-30 15:10:48.334] [999700000000010|app] [info] Connection setup for PDU session[1] is successful, TUN interface[uesimtun0, 10.45.3.248] is up.
[2026-09-30 15:10:48.368] [999700000000009|nas] [debug] Sending PDU Session Release Request for PSI[1]
[2026-09-30 15:10:48.539] [999700000000009|nas] [debug] PDU Session Release Command received
[2026-09-30 15:10:48.539] [999700000000009|nas] [debug] Performing local release of PDU session[1]
[2026-09-30 15:10:48.575] [999700000000008|nas] [debug] Sending PDU Session Establishment Request
[2026-09-30 15:10:48.575] [999700000000008|nas] [debug] UAC access attempt is allowed for identity[0], category[MO_sig]
[2026-09-30 15:10:48.747] [999700000000008|nas] [debug] PDU Session Establishment Accept received
[2026-09-30 15:10:48.747] [999700000000008|nas] [info] PDU Session establishment is successful PSI[1]
[2026-09-30 15:10:48.747] [999700000000008|app] [info] Connection setup for PDU session[1] is successful, TUN interface[uesimtun1, 10.45.3.249] is up.
[2026-09-30 15:10:48.780] [999700000000008|nas] [debug] Sending PDU Session Release Request for PSI[1]
[2026-09-30 15:10:48.950] [999700000000008|nas] [debug] PDU Session Release Command received
[2026-09-30 15:10:48.950] [999700000000008|nas] [debug] Performing local release of PDU session[1]
[2026-09-30 15:10:48.985] [999700000000011|nas] [debug] Sending PDU Session Establishment Request
[2026-09-30 15:10:48.985] [999700000000011|nas] [debug] UAC access attempt is allowed for identity[0], category[MO_sig]
[2026-09-30 15:10:49.159] [999700000000011|nas] [debug] PDU Session Establishment Accept received
[2026-09-30 15:10:49.159] [999700000000011|nas] [info] PDU Session establishment is successful PSI[1]
[2026-09-30 15:10:49.159] [999700000000011|app] [info] Connection setup for PDU session[1] is successful, TUN interface[uesimtun1, 10.45.3.250] is up.
[2026-09-30 15:10:49.200] [999700000000001|nas] [debug] Sending PDU Session Release Request for PSI[1]
[2026-09-30 15:10:49.362] [999700000000001|nas] [debug] PDU Session Release Command received
[2026-09-30 15:10:49.362] [999700000000001|nas] [debug] Performing local release of PDU session[1]
[2026-09-30 15:10:49.394] [999700000000005|nas] [debug] Sending PDU Session Establishment Request
[2026-09-30 15:10:49.394] [999700000000005|nas] [debug] UAC access attempt is allowed for identity[0], category[MO_sig]
[2026-09-30 15:10:49.571] [999700000000005|nas] [debug] PDU Session Establishment Accept received
[2026-09-30 15:10:49.571] [999700000000005|nas] [info] PDU Session establishment is successful PSI[1]
[2026-09-30 15:10:49.571] [999700000000005|app] [info] Connection setup for PDU session[1] is successful, TUN interface[uesimtun2, 10.45.3.251] is up.
[2026-09-30 15:10:49.609] [999700000000010|nas] [debug] Sending PDU Session Release Request for PSI[1]
[2026-09-30 15:10:49.774] [999700000000010|nas] [debug] PDU Session Release Command received
[2026-09-30 15:10:49.774] [999700000000010|nas] [debug] Performing local release of PDU session[1]
[2026-09-30 15:10:49.816] [999700000000008|nas] [debug] Sending PDU Session Establishment Request
[2026-09-30 15:10:49.816] [999700000000008|nas] [debug] UAC access attempt is allowed for identity[0], category[MO_sig]
[2026-09-30 15:10:49.983] [999700000000008|nas] [debug] PDU Session Establishment Accept received
[2026-09-30 15:10:49.983] [999700000000008|nas] [info] PDU Session establishment is successful PSI[1]
[2026-09-30 15:10:49.983] [999700000000008|app] [info] Connection setup for PDU session[1] is successful, TUN interface[uesimtun0, 10.45.3.252] is up.
[2026-09-30 15:10:50.022] [999700000000011|nas] [debug] Sending PDU Session Release Request for PSI[1]
[2026-09-30 15:10:50.186] [999700000000011|nas] [debug] PDU Session Release Command received
[2026-09-30 15:10:50.186] [999700000000011|nas] [debug] Performing local release of PDU session[1]
[2026-09-30 15:10:50.228] [999700000000004|nas] [debug] Sending PDU Session Establishment Request
[2026-09-30 15:10:50.228] [999700000000004|nas] [debug] UAC access attempt is allowed for identity[0], category[MO_sig]
[2026-09-30 15:10:50.397] [999700000000004|nas] [debug] PDU Session Establishment Accept received
[2026-09-30 15:10:50.397] [999700000000004|nas] [info] PDU Session establishment is successful PSI[1]
[2026-09-30 15:10:50.398] [999700000000004|app] [info] Connection setup for PDU session[1] is successful, TUN interface[uesimtun1, 10.45.3.253] is up.
[2026-09-30 15:10:50.433] [999700000000004|nas] [debug] Sending PDU Session Release Request for PSI[1]
[2026-09-30 15:10:50.606] [999700000000004|nas] [debug] PDU Session Release Command received
[2026-09-30 15:10:50.606] [999700000000004|nas] [debug] Performing local release of PDU session[1]
[2026-09-30 15:10:50.638] [999700000000009|nas] [debug] Sending PDU Session Establishment Request
[2026-09-30 15:10:50.639] [999700000000009|nas] [debug] UAC access attempt is allowed for identity[0], category[MO_sig]
[2026-09-30 15:10:50.817] [999700000000009|nas] [debug] PDU Session Establishment Accept received
[2026-09-30 15:10:50.817] [999700000000009|nas] [info] PDU Session establishment is successful PSI[1]
[2026-09-30 15:10:50.818] [999700000000009|app] [info] Connection setup for PDU session[1] is successful, TUN interface[uesimtun1, 10.45.3.254] is up.
[2026-09-30 15:10:50.854] [999700000000009|nas] [debug] Sending PDU Session Release Request for PSI[1]
[2026-09-30 15:10:51.022] [999700000000009|nas] [debug] PDU Session Release Command received
[2026-09-30 15:10:51.022] [999700000000009|nas] [debug] Performing local release of PDU session[1]
[2026-09-30 15:10:51.059] [999700000000011|nas] [debug] Sending PDU Session Establishment Request
[2026-09-30 15:10:51.059] [999700000000011|nas] [debug] UAC access attempt is allowed for identity[0], category[MO_sig]
[2026-09-30 15:10:51.231] [999700000000011|nas] [debug] PDU Session Establishment Accept received
[2026-09-30 15:10:51.231] [999700000000011|nas] [info] PDU Session establishment is successful PSI[1]
[2026-09-30 15:10:51.231] [999700000000011|app] [info] Connection setup for PDU session[1] is successful, TUN interface[uesimtun1, 10.45.3.2] is up.
[2026-09-30 15:10:51.264] [999700000000011|nas] [debug] Sending PDU Session Release Request for PSI[1]
[2026-09-30 15:10:51.435] [999700000000011|nas] [debug] PDU Session Release Command received
[2026-09-30 15:10:51.435] [999700000000011|nas] [debug] Performing local release of PDU session[1]
[2026-09-30 15:10:51.470] [999700000000002|nas] [debug] Sending PDU Session Establishment Request
[2026-09-30 15:10:51.470] [999700000000002|nas] [debug] UAC access attempt is allowed for identity[0], category[MO_sig]
[2026-09-30 15:10:51.648] [999700000000002|nas] [debug] PDU Session Establishment Accept received
[2026-09-30 15:10:51.648] [999700000000002|nas] [info] PDU Session establishment is successful PSI[1]
[2026-09-30 15:10:51.649] [999700000000002|app] [info] Connection setup for PDU session[1] is successful, TUN interface[uesimtun1, 10.45.3.4] is up.
[2026-09-30 15:10:51.685] [999700000000005|nas] [debug] Sending PDU Session Release Request for PSI[1]
[2026-09-30 15:10:51.854] [999700000000005|nas] [debug] PDU Session Release Command received
[2026-09-30 15:10:51.854] [999700000000005|nas] [debug] Performing local release of PDU session[1]
[2026-09-30 15:10:51.891] [999700000000010|nas] [debug] Sending PDU Session Establishment Request
[2026-09-30 15:10:51.891] [999700000000010|nas] [debug] UAC access attempt is allowed for identity[0], category[MO_sig]
[2026-09-30 15:10:52.067] [999700000000010|nas] [debug] PDU Session Establishment Accept received
[2026-09-30 15:10:52.067] [999700000000010|nas] [info] PDU Session establishment is successful PSI[1]
[2026-09-30 15:10:52.068] [999700000000010|app] [info] Connection setup for PDU session[1] is successful, TUN interface[uesimtun2, 10.45.3.5] is up.
[2026-09-30 15:10:52.106] [999700000000002|nas] [debug] Sending PDU Session Release Request for PSI[1]
[2026-09-30 15:10:52.271] [999700000000002|nas] [debug] PDU Session Release Command received
[2026-09-30 15:10:52.271] [999700000000002|nas] [debug] Performing local release of PDU session[1]
[2026-09-30 15:10:52.312] [999700000000011|nas] [debug] Sending PDU Session Establishment Request
[2026-09-30 15:10:52.312] [999700000000011|nas] [debug] UAC access attempt is allowed for identity[0], category[MO_sig]
[2026-09-30 15:10:52.479] [999700000000011|nas] [debug] PDU Session Establishment Accept received
[2026-09-30 15:10:52.480] [999700000000011|nas] [info] PDU Session establishment is successful PSI[1]
[2026-09-30 15:10:52.480] [999700000000011|app] [info] Connection setup for PDU session[1] is successful, TUN interface[uesimtun1, 10.45.3.6] is up.
[2026-09-30 15:10:52.517] [999700000000008|nas] [debug] Sending PDU Session Release Request for PSI[1]
[2026-09-30 15:10:52.683] [999700000000008|nas] [debug] PDU Session Release Command received
[2026-09-30 15:10:52.683] [999700000000008|nas] [debug] Performing local release of PDU session[1]
[2026-09-30 15:10:52.722] [999700000000009|nas] [debug] Sending PDU Session Establishment Request
[2026-09-30 15:10:52.722] [999700000000009|nas] [debug] UAC access attempt is allowed for identity[0], category[MO_sig]
[2026-09-30 15:10:52.894] [999700000000009|nas] [debug] PDU Session Establishment Accept received
[2026-09-30 15:10:52.894] [999700000000009|nas] [info] PDU Session establishment is successful PSI[1]
[2026-09-30 15:10:52.895] [999700000000009|app] [info] Connection setup for PDU session[1] is successful, TUN interface[uesimtun0, 10.45.3.3] is up.
[2026-09-30 15:10:52.928] [999700000000011|nas] [debug] Sending PDU Session Release Request for PSI[1]
[2026-09-30 15:10:53.099] [999700000000011|nas] [debug] PDU Session Release Command received
[2026-09-30 15:10:53.099] [999700000000011|nas] [debug] Performing local release of PDU session[1]
[2026-09-30 15:10:53.133] [999700000000008|nas] [debug] Sending PDU Session Establishment Request
[2026-09-30 15:10:53.133] [999700000000008|nas] [debug] UAC access attempt is allowed for identity[0], category[MO_sig]
[2026-09-30 15:10:53.308] [999700000000008|nas] [debug] PDU Session Establishment Accept received
[2026-09-30 15:10:53.308] [999700000000008|nas] [info] PDU Session establishment is successful PSI[1]
[2026-09-30 15:10:53.308] [999700000000008|app] [info] Connection setup for PDU session[1] is successful, TUN interface[uesimtun1, 10.45.3.8] is up.
[2026-09-30 15:10:53.349] [999700000000008|nas] [debug] Sending PDU Session Release Request for PSI[1]
[2026-09-30 15:10:53.510] [999700000000008|nas] [debug] PDU Session Release Command received
[2026-09-30 15:10:53.510] [999700000000008|nas] [debug] Performing local release of PDU session[1]
[2026-09-30 15:10:53.544] [999700000000001|nas] [debug] Sending PDU Session Establishment Request
[2026-09-30 15:10:53.544] [999700000000001|nas] [debug] UAC access attempt is allowed for identity[0], category[MO_sig]
[2026-09-30 15:10:53.719] [999700000000001|nas] [debug] PDU Session Establishment Accept received
[2026-09-30 15:10:53.719] [999700000000001|nas] [info] PDU Session establishment is successful PSI[1]
[2026-09-30 15:10:53.720] [999700000000001|app] [info] Connection setup for PDU session[1] is successful, TUN interface[uesimtun1, 10.45.3.9] is up.
[2026-09-30 15:10:53.761] [999700000000001|nas] [debug] Sending PDU Session Release Request for PSI[1]
[2026-09-30 15:10:53.922] [999700000000001|nas] [debug] PDU Session Release Command received
[2026-09-30 15:10:53.922] [999700000000001|nas] [debug] Performing local release of PDU session[1]
[2026-09-30 15:10:53.956] [999700000000007|nas] [debug] Sending PDU Session Establishment Request
[2026-09-30 15:10:53.956] [999700000000007|nas] [debug] UAC access attempt is allowed for identity[0], category[MO_sig]
[2026-09-30 15:10:54.131] [999700000000007|nas] [debug] PDU Session Establishment Accept received
[2026-09-30 15:10:54.131] [999700000000007|nas] [info] PDU Session establishment is successful PSI[1]
[2026-09-30 15:10:54.132] [999700000000007|app] [info] Connection setup for PDU session[1] is successful, TUN interface[uesimtun1, 10.45.3.11] is up.
[2026-09-30 15:10:54.172] [999700000000010|nas] [debug] Sending PDU Session Release Request for PSI[1]
[2026-09-30 15:10:54.338] [999700000000010|nas] [debug] PDU Session Release Command received
[2026-09-30 15:10:54.338] [999700000000010|nas] [debug] Performing local release of PDU session[1]
[2026-09-30 15:10:54.378] [999700000000006|nas] [debug] Sending PDU Session Establishment Request
[2026-09-30 15:10:54.378] [999700000000006|nas] [debug] UAC access attempt is allowed for identity[0], category[MO_sig]
[2026-09-30 15:10:54.551] [999700000000006|nas] [debug] PDU Session Establishment Accept received
[2026-09-30 15:10:54.551] [999700000000006|nas] [info] PDU Session establishment is successful PSI[1]
[2026-09-30 15:10:54.552] [999700000000006|app] [info] Connection setup for PDU session[1] is successful, TUN interface[uesimtun2, 10.45.3.12] is up.
[2026-09-30 15:10:54.593] [999700000000006|nas] [debug] Sending PDU Session Release Request for PSI[1]
[2026-09-30 15:10:54.754] [999700000000006|nas] [debug] PDU Session Release Command received
[2026-09-30 15:10:54.754] [999700000000006|nas] [debug] Performing local release of PDU session[1]
[2026-09-30 15:10:54.788] [999700000000011|nas] [debug] Sending PDU Session Establishment Request
[2026-09-30 15:10:54.788] [999700000000011|nas] [debug] UAC access attempt is allowed for identity[0], category[MO_sig]
[2026-09-30 15:10:54.964] [999700000000011|nas] [debug] PDU Session Establishment Accept received
[2026-09-30 15:10:54.964] [999700000000011|nas] [info] PDU Session establishment is successful PSI[1]
[2026-09-30 15:10:54.964] [999700000000011|app] [info] Connection setup for PDU session[1] is successful, TUN interface[uesimtun2, 10.45.3.10] is up.
[2026-09-30 15:10:55.005] [999700000000009|nas] [debug] Sending PDU Session Release Request for PSI[1]
[2026-09-30 15:10:55.166] [999700000000009|nas] [debug] PDU Session Release Command received
[2026-09-30 15:10:55.166] [999700000000009|nas] [debug] Performing local release of PDU session[1]
[2026-09-30 15:10:55.200] [999700000000006|nas] [debug] Sending PDU Session Establishment Request
[2026-09-30 15:10:55.200] [999700000000006|nas] [debug] UAC access attempt is allowed for identity[0], category[MO_sig]
[2026-09-30 15:10:55.379] [999700000000006|nas] [debug] PDU Session Establishment Accept received
[2026-09-30 15:10:55.379] [999700000000006|nas] [info] PDU Session establishment is successful PSI[1]
[2026-09-30 15:10:55.379] [999700000000006|app] [info] Connection setup for PDU session[1] is successful, TUN interface[uesimtun0, 10.45.3.14] is up.
[2026-09-30 15:10:55.415] [999700000000007|nas] [debug] Sending PDU Session Release Request for PSI[1]
[2026-09-30 15:10:55.582] [999700000000007|nas] [debug] PDU Session Release Command received
[2026-09-30 15:10:55.582] [999700000000007|nas] [debug] Performing local release of PDU session[1]
[2026-09-30 15:10:55.622] [999700000000002|nas] [debug] Sending PDU Session Establishment Request
[2026-09-30 15:10:55.622] [999700000000002|nas] [debug] UAC access attempt is allowed for identity[0], category[MO_sig]
[2026-09-30 15:10:55.792] [999700000000002|nas] [debug] PDU Session Establishment Accept received
[2026-09-30 15:10:55.792] [999700000000002|nas] [info] PDU Session establishment is successful PSI[1]
[2026-09-30 15:10:55.793] [999700000000002|app] [info] Connection setup for PDU session[1] is successful, TUN interface[uesimtun1, 10.45.3.13] is up.
[2026-09-30 15:10:55.827] [999700000000006|nas] [debug] Sending PDU Session Release Request for PSI[1]
[2026-09-30 15:10:55.995] [999700000000006|nas] [debug] PDU Session Release Command received
[2026-09-30 15:10:55.995] [999700000000006|nas] [debug] Performing local release of PDU session[1]
[2026-09-30 15:10:56.033] [999700000000008|nas] [debug] Sending PDU Session Establishment Request
[2026-09-30 15:10:56.034] [999700000000008|nas] [debug] UAC access attempt is allowed for identity[0], category[MO_sig]
[2026-09-30 15:10:56.203] [999700000000008|nas] [debug] PDU Session Establishment Accept received
[2026-09-30 15:10:56.203] [999700000000008|nas] [info] PDU Session establishment is successful PSI[1]
[2026-09-30 15:10:56.203] [999700000000008|app] [info] Connection setup for PDU session[1] is successful, TUN interface[uesimtun0, 10.45.3.7] is up.
[2026-09-30 15:10:56.239] [999700000000008|nas] [debug] Sending PDU Session Release Request for PSI[1]
[2026-09-30 15:10:56.406] [999700000000008|nas] [debug] PDU Session Release Command received
[2026-09-30 15:10:56.406] [999700000000008|nas] [debug] Performing local release of PDU session[1]
[2026-09-30 15:10:56.445] [999700000000010|nas] [debug] Sending PDU Session Establishment Request
[2026-09-30 15:10:56.445] [999700000000010|nas] [debug] UAC access attempt is allowed for identity[0], category[MO_sig]
[2026-09-30 15:10:56.618] [999700000000010|nas] [debug] PDU Session Establishment Accept received
[2026-09-30 15:10:56.618] [999700000000010|nas] [info] PDU Session establishment is successful PSI[1]
[2026-09-30 15:10:56.618] [999700000000010|app] [info] Connection setup for PDU session[1] is successful, TUN interface[uesimtun0, 10.45.3.17] is up.
[2026-09-30 15:10:56.651] [999700000000011|nas] [debug] Sending PDU Session Release Request for PSI[1]
[2026-09-30 15:10:56.822] [999700000000011|nas] [debug] PDU Session Release Command received
[2026-09-30 15:10:56.822] [999700000000011|nas] [debug] Performing local release of PDU session[1]
[2026-09-30 15:10:56.856] [999700000000006|nas] [debug] Sending PDU Session Establishment Request
[2026-09-30 15:10:56.856] [999700000000006|nas] [debug] UAC access attempt is allowed for identity[0], category[MO_sig]
[2026-09-30 15:10:57.032] [999700000000006|nas] [debug] PDU Session Establishment Accept received
[2026-09-30 15:10:57.032] [999700000000006|nas] [info] PDU Session establishment is successful PSI[1]
[2026-09-30 15:10:57.032] [999700000000006|app] [info] Connection setup for PDU session[1] is successful, TUN interface[uesimtun2, 10.45.3.15] is up.
[2026-09-30 15:10:57.071] [999700000000006|nas] [debug] Sending PDU Session Release Request for PSI[1]
[2026-09-30 15:10:57.235] [999700000000006|nas] [debug] PDU Session Release Command received
[2026-09-30 15:10:57.235] [999700000000006|nas] [debug] Performing local release of PDU session[1]
[2026-09-30 15:10:57.278] [999700000000003|nas] [debug] Sending PDU Session Establishment Request
[2026-09-30 15:10:57.278] [999700000000003|nas] [debug] UAC access attempt is allowed for identity[0], category[MO_sig]
[2026-09-30 15:10:57.443] [999700000000003|nas] [debug] PDU Session Establishment Accept received
[2026-09-30 15:10:57.443] [999700000000003|nas] [info] PDU Session establishment is successful PSI[1]
[2026-09-30 15:10:57.444] [999700000000003|app] [info] Connection setup for PDU session[1] is successful, TUN interface[uesimtun2, 10.45.3.19] is up.
[2026-09-30 15:10:57.483] [999700000000002|nas] [debug] Sending PDU Session Release Request for PSI[1]
[2026-09-30 15:10:57.646] [999700000000002|nas] [debug] PDU Session Release Command received
[2026-09-30 15:10:57.646] [999700000000002|nas] [debug] Performing local release of PDU session[1]
[2026-09-30 15:10:57.678] [999700000000006|nas] [debug] Sending PDU Session Establishment Request
[2026-09-30 15:10:57.678] [999700000000006|nas] [debug] UAC access attempt is allowed for identity[0], category[MO_sig]
[2026-09-30 15:10:57.859] [999700000000006|nas] [debug] PDU Session Establishment Accept received
[2026-09-30 15:10:57.859] [999700000000006|nas] [info] PDU Session establishment is successful PSI[1]
[2026-09-30 15:10:57.859] [999700000000006|app] [info] Connection setup for PDU session[1] is successful, TUN interface[uesimtun1, 10.45.3.18] is up.
[2026-09-30 15:10:57.893] [999700000000006|nas] [debug] Sending PDU Session Release Request for PSI[1]
[2026-09-30 15:10:58.062] [999700000000006|nas] [debug] PDU Session Release Command received
[2026-09-30 15:10:58.062] [999700000000006|nas] [debug] Performing local release of PDU session[1]
[2026-09-30 15:10:58.099] [999700000000008|nas] [debug] Sending PDU Session Establishment Request
[2026-09-30 15:10:58.099] [999700000000008|nas] [debug] UAC access attempt is allowed for identity[0], category[MO_sig]
[2026-09-30 15:10:58.271] [999700000000008|nas] [debug] PDU Session Establishment Accept received
[2026-09-30 15:10:58.271] [999700000000008|nas] [info] PDU Session establishment is successful PSI[1]
[2026-09-30 15:10:58.271] [999700000000008|app] [info] Connection setup for PDU session[1] is successful, TUN interface[uesimtun1, 10.45.3.21] is up.
[2026-09-30 15:10:58.304] [999700000000010|nas] [debug] Sending PDU Session Release Request for PSI[1]
[2026-09-30 15:10:58.474] [999700000000010|nas] [debug] PDU Session Release Command received
[2026-09-30 15:10:58.474] [999700000000010|nas] [debug] Performing local release of PDU session[1]
[2026-09-30 15:10:58.510] [999700000000005|nas] [debug] Sending PDU Session Establishment Request
[2026-09-30 15:10:58.510] [999700000000005|nas] [debug] UAC access attempt is allowed for identity[0], category[MO_sig]
[2026-09-30 15:10:58.688] [999700000000005|nas] [debug] PDU Session Establishment Accept received
[2026-09-30 15:10:58.688] [999700000000005|nas] [info] PDU Session establishment is successful PSI[1]
[2026-09-30 15:10:58.689] [999700000000005|app] [info] Connection setup for PDU session[1] is successful, TUN interface[uesimtun0, 10.45.3.20] is up.
[2026-09-30 15:10:58.727] [999700000000008|nas] [debug] Sending PDU Session Release Request for PSI[1]
[2026-09-30 15:10:58.898] [999700000000008|nas] [debug] PDU Session Release Command received
[2026-09-30 15:10:58.898] [999700000000008|nas] [debug] Performing local release of PDU session[1]
[2026-09-30 15:10:58.932] [999700000000002|nas] [debug] Sending PDU Session Establishment Request
[2026-09-30 15:10:58.932] [999700000000002|nas] [debug] UAC access attempt is allowed for identity[0], category[MO_sig]
[2026-09-30 15:10:59.108] [999700000000002|nas] [debug] PDU Session Establishment Accept received
[2026-09-30 15:10:59.108] [999700000000002|nas] [info] PDU Session establishment is successful PSI[1]
[2026-09-30 15:10:59.109] [999700000000002|app] [info] Connection setup for PDU session[1] is successful, TUN interface[uesimtun1, 10.45.3.23] is up.
[2026-09-30 15:10:59.147] [999700000000003|nas] [debug] Sending PDU Session Release Request for PSI[1]
[2026-09-30 15:10:59.312] [999700000000003|nas] [debug] PDU Session Release Command received
[2026-09-30 15:10:59.312] [999700000000003|nas] [debug] Performing local release of PDU session[1]
[2026-09-30 15:10:59.353] [999700000000012|nas] [debug] Sending PDU Session Establishment Request
[2026-09-30 15:10:59.354] [999700000000012|nas] [debug] UAC access attempt is allowed for identity[0], category[MO_sig]
[2026-09-30 15:10:59.520] [999700000000012|nas] [debug] PDU Session Establishment Accept received
[2026-09-30 15:10:59.520] [999700000000012|nas] [info] PDU Session establishment is successful PSI[1]
[2026-09-30 15:10:59.521] [999700000000012|app] [info] Connection setup for PDU session[1] is successful, TUN interface[uesimtun2, 10.45.3.22] is up.
[2026-09-30 15:10:59.561] [999700000000002|nas] [debug] Sending PDU Session Release Request for PSI[1]
[2026-09-30 15:10:59.727] [999700000000002|nas] [debug] PDU Session Release Command received
[2026-09-30 15:10:59.727] [999700000000002|nas] [debug] Performing local release of PDU session[1]
[2026-09-30 15:10:59.770] [999700000000010|nas] [debug] Sending PDU Session Establishment Request
[2026-09-30 15:10:59.770] [999700000000010|nas] [debug] UAC access attempt is allowed for identity[0], category[MO_sig]
[2026-09-30 15:10:59.942] [999700000000010|nas] [debug] PDU Session Establishment Accept received
[2026-09-30 15:10:59.942] [999700000000010|nas] [info] PDU Session establishment is successful PSI[1]
[2026-09-30 15:10:59.943] [999700000000010|app] [info] Connection setup for PDU session[1] is successful, TUN interface[uesimtun1, 10.45.3.25] is up.
[2026-09-30 15:10:59.980] [999700000000010|nas] [debug] Sending PDU Session Release Request for PSI[1]
[2026-09-30 15:11:00.146] [999700000000010|nas] [debug] PDU Session Release Command received
[2026-09-30 15:11:00.146] [999700000000010|nas] [debug] Performing local release of PDU session[1]
[2026-09-30 15:11:00.187] [999700000000006|nas] [debug] Sending PDU Session Establishment Request
[2026-09-30 15:11:00.188] [999700000000006|nas] [debug] UAC access attempt is allowed for identity[0], category[MO_sig]
[2026-09-30 15:11:00.357] [999700000000006|nas] [debug] PDU Session Establishment Accept received
[2026-09-30 15:11:00.357] [999700000000006|nas] [info] PDU Session establishment is successful PSI[1]
[2026-09-30 15:11:00.357] [999700000000006|app] [info] Connection setup for PDU session[1] is successful, TUN interface[uesimtun1, 10.45.3.24] is up.
[2026-09-30 15:11:00.394] [999700000000012|nas] [debug] Sending PDU Session Release Request for PSI[1]
[2026-09-30 15:11:00.562] [999700000000012|nas] [debug] PDU Session Release Command received
[2026-09-30 15:11:00.562] [999700000000012|nas] [debug] Performing local release of PDU session[1]
[2026-09-30 15:11:00.599] [999700000000010|nas] [debug] Sending PDU Session Establishment Request
[2026-09-30 15:11:00.599] [999700000000010|nas] [debug] UAC access attempt is allowed for identity[0], category[MO_sig]
[2026-09-30 15:11:00.772] [999700000000010|nas] [debug] PDU Session Establishment Accept received
[2026-09-30 15:11:00.772] [999700000000010|nas] [info] PDU Session establishment is successful PSI[1]
[2026-09-30 15:11:00.772] [999700000000010|app] [info] Connection setup for PDU session[1] is successful, TUN interface[uesimtun2, 10.45.3.16] is up.
[2026-09-30 15:11:00.804] [999700000000005|nas] [debug] Sending PDU Session Release Request for PSI[1]
[2026-09-30 15:11:00.974] [999700000000005|nas] [debug] PDU Session Release Command received
[2026-09-30 15:11:00.974] [999700000000005|nas] [debug] Performing local release of PDU session[1]
[2026-09-30 15:11:01.009] [999700000000012|nas] [debug] Sending PDU Session Establishment Request
[2026-09-30 15:11:01.009] [999700000000012|nas] [debug] UAC access attempt is allowed for identity[0], category[MO_sig]
[2026-09-30 15:11:01.184] [999700000000012|nas] [debug] PDU Session Establishment Accept received
[2026-09-30 15:11:01.184] [999700000000012|nas] [info] PDU Session establishment is successful PSI[1]
[2026-09-30 15:11:01.184] [999700000000012|app] [info] Connection setup for PDU session[1] is successful, TUN interface[uesimtun0, 10.45.3.28] is up.
[2026-09-30 15:11:01.225] [999700000000012|nas] [debug] Sending PDU Session Release Request for PSI[1]
[2026-09-30 15:11:01.387] [999700000000012|nas] [debug] PDU Session Release Command received
[2026-09-30 15:11:01.387] [999700000000012|nas] [debug] Performing local release of PDU session[1]
[2026-09-30 15:11:01.421] [999700000000004|nas] [debug] Sending PDU Session Establishment Request
[2026-09-30 15:11:01.421] [999700000000004|nas] [debug] UAC access attempt is allowed for identity[0], category[MO_sig]
[2026-09-30 15:11:01.595] [999700000000004|nas] [debug] PDU Session Establishment Accept received
[2026-09-30 15:11:01.595] [999700000000004|nas] [info] PDU Session establishment is successful PSI[1]
[2026-09-30 15:11:01.596] [999700000000004|app] [info] Connection setup for PDU session[1] is successful, TUN interface[uesimtun0, 10.45.3.26] is up.
[2026-09-30 15:11:01.637] [999700000000004|nas] [debug] Sending PDU Session Release Request for PSI[1]
[2026-09-30 15:11:01.798] [999700000000004|nas] [debug] PDU Session Release Command received
[2026-09-30 15:11:01.798] [999700000000004|nas] [debug] Performing local release of PDU session[1]
[2026-09-30 15:11:01.832] [999700000000009|nas] [debug] Sending PDU Session Establishment Request
[2026-09-30 15:11:01.832] [999700000000009|nas] [debug] UAC access attempt is allowed for identity[0], category[MO_sig]
[2026-09-30 15:11:02.012] [999700000000009|nas] [debug] PDU Session Establishment Accept received
[2026-09-30 15:11:02.012] [999700000000009|nas] [info] PDU Session establishment is successful PSI[1]
[2026-09-30 15:11:02.013] [999700000000009|app] [info] Connection setup for PDU session[1] is successful, TUN interface[uesimtun0, 10.45.3.27] is up.
[2026-09-30 15:11:02.049] [999700000000010|nas] [debug] Sending PDU Session Release Request for PSI[1]
[2026-09-30 15:11:02.223] [999700000000010|nas] [debug] PDU Session Release Command received
[2026-09-30 15:11:02.223] [999700000000010|nas] [debug] Performing local release of PDU session[1]
[2026-09-30 15:11:02.264] [999700000000007|nas] [debug] Sending PDU Session Establishment Request
[2026-09-30 15:11:02.264] [999700000000007|nas] [debug] UAC access attempt is allowed for identity[0], category[MO_sig]
[2026-09-30 15:11:02.432] [999700000000007|nas] [debug] PDU Session Establishment Accept received
[2026-09-30 15:11:02.432] [999700000000007|nas] [info] PDU Session establishment is successful PSI[1]
[2026-09-30 15:11:02.432] [999700000000007|app] [info] Connection setup for PDU session[1] is successful, TUN interface[uesimtun2, 10.45.3.31] is up.
[2026-09-30 15:11:02.470] [999700000000009|nas] [debug] Sending PDU Session Release Request for PSI[1]
[2026-09-30 15:11:02.634] [999700000000009|nas] [debug] PDU Session Release Command received
[2026-09-30 15:11:02.634] [999700000000009|nas] [debug] Performing local release of PDU session[1]
[2026-09-30 15:11:02.675] [999700000000011|nas] [debug] Sending PDU Session Establishment Request
[2026-09-30 15:11:02.676] [999700000000011|nas] [debug] UAC access attempt is allowed for identity[0], category[MO_sig]
[2026-09-30 15:11:02.848] [999700000000011|nas] [debug] PDU Session Establishment Accept received
[2026-09-30 15:11:02.848] [999700000000011|nas] [info] PDU Session establishment is successful PSI[1]
[2026-09-30 15:11:02.848] [999700000000011|app] [info] Connection setup for PDU session[1] is successful, TUN interface[uesimtun0, 10.45.3.30] is up.
[2026-09-30 15:11:02.880] [999700000000006|nas] [debug] Sending PDU Session Release Request for PSI[1]
[2026-09-30 15:11:03.050] [999700000000006|nas] [debug] PDU Session Release Command received
[2026-09-30 15:11:03.050] [999700000000006|nas] [debug] Performing local release of PDU session[1]
[2026-09-30 15:11:03.086] [999700000000008|nas] [debug] Sending PDU Session Establishment Request
[2026-09-30 15:11:03.086] [999700000000008|nas] [debug] UAC access attempt is allowed for identity[0], category[MO_sig]
[2026-09-30 15:11:03.264] [999700000000008|nas] [debug] PDU Session Establishment Accept received
[2026-09-30 15:11:03.264] [999700000000008|nas] [info] PDU Session establishment is successful PSI[1]
[2026-09-30 15:11:03.265] [999700000000008|app] [info] Connection setup for PDU session[1] is successful, TUN interface[uesimtun1, 10.45.3.33] is up.
[2026-09-30 15:11:03.304] [999700000000011|nas] [debug] Sending PDU Session Release Request for PSI[1]
[2026-09-30 15:11:03.466] [999700000000011|nas] [debug] PDU Session Release Command received
[2026-09-30 15:11:03.466] [999700000000011|nas] [debug] Performing local release of PDU session[1]
[2026-09-30 15:11:03.502] [999700000000005|nas] [debug] Sending PDU Session Establishment Request
[2026-09-30 15:11:03.502] [999700000000005|nas] [debug] UAC access attempt is allowed for identity[0], category[MO_sig]
[2026-09-30 15:11:03.676] [999700000000005|nas] [debug] PDU Session Establishment Accept received
[2026-09-30 15:11:03.676] [999700000000005|nas] [info] PDU Session establishment is successful PSI[1]
[2026-09-30 15:11:03.676] [999700000000005|app] [info] Connection setup for PDU session[1] is successful, TUN interface[uesimtun0, 10.45.3.32] is up.
[2026-09-30 15:11:03.717] [999700000000008|nas] [debug] Sending PDU Session Release Request for PSI[1]
[2026-09-30 15:11:03.879] [999700000000008|nas] [debug] PDU Session Release Command received
[2026-09-30 15:11:03.879] [999700000000008|nas] [debug] Performing local release of PDU session[1]
[2026-09-30 15:11:03.913] [999700000000009|nas] [debug] Sending PDU Session Establishment Request
[2026-09-30 15:11:03.913] [999700000000009|nas] [debug] UAC access attempt is allowed for identity[0], category[MO_sig]
[2026-09-30 15:11:04.089] [999700000000009|nas] [debug] PDU Session Establishment Accept received
[2026-09-30 15:11:04.089] [999700000000009|nas] [info] PDU Session establishment is successful PSI[1]
[2026-09-30 15:11:04.090] [999700000000009|app] [info] Connection setup for PDU session[1] is successful, TUN interface[uesimtun1, 10.45.3.35] is up.
[2026-09-30 15:11:04.130] [999700000000005|nas] [debug] Sending PDU Session Release Request for PSI[1]
[2026-09-30 15:11:04.294] [999700000000005|nas] [debug] PDU Session Release Command received
[2026-09-30 15:11:04.294] [999700000000005|nas] [debug] Performing local release of PDU session[1]
[2026-09-30 15:11:04.337] [999700000000002|nas] [debug] Sending PDU Session Establishment Request
[2026-09-30 15:11:04.337] [999700000000002|nas] [debug] UAC access attempt is allowed for identity[0], category[MO_sig]
[2026-09-30 15:11:04.510] [999700000000002|nas] [debug] PDU Session Establishment Accept received
[2026-09-30 15:11:04.510] [999700000000002|nas] [info] PDU Session establishment is successful PSI[1]
[2026-09-30 15:11:04.511] [999700000000002|app] [info] Connection setup for PDU session[1] is successful, TUN interface[uesimtun0, 10.45.3.36] is up.
[2026-09-30 15:11:04.544] [999700000000009|nas] [debug] Sending PDU Session Release Request for PSI[1]
[2026-09-30 15:11:04.715] [999700000000009|nas] [debug] PDU Session Release Command received
[2026-09-30 15:11:04.715] [999700000000009|nas] [debug] Performing local release of PDU session[1]
[2026-09-30 15:11:04.751] [999700000000008|nas] [debug] Sending PDU Session Establishment Request
[2026-09-30 15:11:04.751] [999700000000008|nas] [debug] UAC access attempt is allowed for identity[0], category[MO_sig]
[2026-09-30 15:11:04.923] [999700000000008|nas] [debug] PDU Session Establishment Accept received
[2026-09-30 15:11:04.923] [999700000000008|nas] [info] PDU Session establishment is successful PSI[1]
[2026-09-30 15:11:04.923] [999700000000008|app] [info] Connection setup for PDU session[1] is successful, TUN interface[uesimtun1, 10.45.3.37] is up.
[2026-09-30 15:11:04.956] [999700000000007|nas] [debug] Sending PDU Session Release Request for PSI[1]
[2026-09-30 15:11:05.127] [999700000000007|nas] [debug] PDU Session Release Command received
[2026-09-30 15:11:05.127] [999700000000007|nas] [debug] Performing local release of PDU session[1]
[2026-09-30 15:11:05.162] [999700000000005|nas] [debug] Sending PDU Session Establishment Request
[2026-09-30 15:11:05.162] [999700000000005|nas] [debug] UAC access attempt is allowed for identity[0], category[MO_sig]
[2026-09-30 15:11:05.335] [999700000000005|nas] [debug] PDU Session Establishment Accept received
[2026-09-30 15:11:05.335] [999700000000005|nas] [info] PDU Session establishment is successful PSI[1]
[2026-09-30 15:11:05.335] [999700000000005|app] [info] Connection setup for PDU session[1] is successful, TUN interface[uesimtun2, 10.45.3.34] is up.
[2026-09-30 15:11:05.370] [999700000000002|nas] [debug] Sending PDU Session Release Request for PSI[1]
[2026-09-30 15:11:05.538] [999700000000002|nas] [debug] PDU Session Release Command received
[2026-09-30 15:11:05.538] [999700000000002|nas] [debug] Performing local release of PDU session[1]
[2026-09-30 15:11:05.578] [999700000000003|nas] [debug] Sending PDU Session Establishment Request
[2026-09-30 15:11:05.578] [999700000000003|nas] [debug] UAC access attempt is allowed for identity[0], category[MO_sig]
[2026-09-30 15:11:05.748] [999700000000003|nas] [debug] PDU Session Establishment Accept received
[2026-09-30 15:11:05.748] [999700000000003|nas] [info] PDU Session establishment is successful PSI[1]
[2026-09-30 15:11:05.749] [999700000000003|app] [info] Connection setup for PDU session[1] is successful, TUN interface[uesimtun0, 10.45.3.39] is up.
[2026-09-30 15:11:05.785] [999700000000005|nas] [debug] Sending PDU Session Release Request for PSI[1]
[2026-09-30 15:11:05.958] [999700000000005|nas] [debug] PDU Session Release Command received
[2026-09-30 15:11:05.958] [999700000000005|nas] [debug] Performing local release of PDU session[1]
[2026-09-30 15:11:05.991] [999700000000002|nas] [debug] Sending PDU Session Establishment Request
[2026-09-30 15:11:05.992] [999700000000002|nas] [debug] UAC access attempt is allowed for identity[0], category[MO_sig]
[2026-09-30 15:11:06.174] [999700000000002|nas] [debug] PDU Session Establishment Accept received
[2026-09-30 15:11:06.174] [999700000000002|nas] [info] PDU Session establishment is successful PSI[1]
[2026-09-30 15:11:06.174] [999700000000002|app] [info] Connection setup for PDU session[1] is successful, TUN interface[uesimtun2, 10.45.3.38] is up.
[2026-09-30 15:11:06.206] [999700000000003|nas] [debug] Sending PDU Session Release Request for PSI[1]
[2026-09-30 15:11:06.379] [999700000000003|nas] [debug] PDU Session Release Command received
[2026-09-30 15:11:06.379] [999700000000003|nas] [debug] Performing local release of PDU session[1]
[2026-09-30 15:11:06.415] [999700000000012|nas] [debug] Sending PDU Session Establishment Request
[2026-09-30 15:11:06.415] [999700000000012|nas] [debug] UAC access attempt is allowed for identity[0], category[MO_sig]
[2026-09-30 15:11:06.590] [999700000000012|nas] [debug] PDU Session Establishment Accept received
[2026-09-30 15:11:06.590] [999700000000012|nas] [info] PDU Session establishment is successful PSI[1]
[2026-09-30 15:11:06.591] [999700000000012|app] [info] Connection setup for PDU session[1] is successful, TUN interface[uesimtun0, 10.45.3.40] is up.
[2026-09-30 15:11:06.631] [999700000000012|nas] [debug] Sending PDU Session Release Request for PSI[1]
[2026-09-30 15:11:06.795] [999700000000012|nas] [debug] PDU Session Release Command received
[2026-09-30 15:11:06.795] [999700000000012|nas] [debug] Performing local release of PDU session[1]
[2026-09-30 15:11:06.828] [999700000000011|nas] [debug] Sending PDU Session Establishment Request
[2026-09-30 15:11:06.828] [999700000000011|nas] [debug] UAC access attempt is allowed for identity[0], category[MO_sig]
[2026-09-30 15:11:07.004] [999700000000011|nas] [debug] PDU Session Establishment Accept received
[2026-09-30 15:11:07.004] [999700000000011|nas] [info] PDU Session establishment is successful PSI[1]
[2026-09-30 15:11:07.005] [999700000000011|app] [info] Connection setup for PDU session[1] is successful, TUN interface[uesimtun0, 10.45.3.42] is up.
[2026-09-30 15:11:07.044] [999700000000002|nas] [debug] Sending PDU Session Release Request for PSI[1]
[2026-09-30 15:11:07.215] [999700000000002|nas] [debug] PDU Session Release Command received
[2026-09-30 15:11:07.215] [999700000000002|nas] [debug] Performing local release of PDU session[1]
[2026-09-30 15:11:07.250] [999700000000006|nas] [debug] Sending PDU Session Establishment Request
[2026-09-30 15:11:07.250] [999700000000006|nas] [debug] UAC access attempt is allowed for identity[0], category[MO_sig]
[2026-09-30 15:11:07.425] [999700000000006|nas] [debug] PDU Session Establishment Accept received
[2026-09-30 15:11:07.425] [999700000000006|nas] [info] PDU Session establishment is successful PSI[1]
[2026-09-30 15:11:07.426] [999700000000006|app] [info] Connection setup for PDU session[1] is successful, TUN interface[uesimtun2, 10.45.3.29] is up.
[2026-09-30 15:11:07.466] [999700000000011|nas] [debug] Sending PDU Session Release Request for PSI[1]
[2026-09-30 15:11:07.630] [999700000000011|nas] [debug] PDU Session Release Command received
[2026-09-30 15:11:07.630] [999700000000011|nas] [debug] Performing local release of PDU session[1]
[2026-09-30 15:11:07.662] [999700000000002|nas] [debug] Sending PDU Session Establishment Request
[2026-09-30 15:11:07.662] [999700000000002|nas] [debug] UAC access attempt is allowed for identity[0], category[MO_sig]
[2026-09-30 15:11:07.842] [999700000000002|nas] [debug] PDU Session Establishment Accept received
[2026-09-30 15:11:07.842] [999700000000002|nas] [info] PDU Session establishment is successful PSI[1]
[2026-09-30 15:11:07.842] [999700000000002|app] [info] Connection setup for PDU session[1] is successful, TUN interface[uesimtun0, 10.45.3.44] is up.
[2026-09-30 15:11:07.881] [999700000000008|nas] [debug] Sending PDU Session Release Request for PSI[1]
[2026-09-30 15:11:08.046] [999700000000008|nas] [debug] PDU Session Release Command received
[2026-09-30 15:11:08.046] [999700000000008|nas] [debug] Performing local release of PDU session[1]
[2026-09-30 15:11:08.087] [999700000000009|nas] [debug] Sending PDU Session Establishment Request
[2026-09-30 15:11:08.087] [999700000000009|nas] [debug] UAC access attempt is allowed for identity[0], category[MO_sig]
[2026-09-30 15:11:08.261] [999700000000009|nas] [debug] PDU Session Establishment Accept received
[2026-09-30 15:11:08.261] [999700000000009|nas] [info] PDU Session establishment is successful PSI[1]
[2026-09-30 15:11:08.261] [999700000000009|app] [info] Connection setup for PDU session[1] is successful, TUN interface[uesimtun1, 10.45.3.41] is up.
[2026-09-30 15:11:08.294] [999700000000009|nas] [debug] Sending PDU Session Release Request for PSI[1]
[2026-09-30 15:11:08.467] [999700000000009|nas] [debug] PDU Session Release Command received
[2026-09-30 15:11:08.467] [999700000000009|nas] [debug] Performing local release of PDU session[1]
[2026-09-30 15:11:08.502] [999700000000011|nas] [debug] Sending PDU Session Establishment Request
[2026-09-30 15:11:08.502] [999700000000011|nas] [debug] UAC access attempt is allowed for identity[0], category[MO_sig]
[2026-09-30 15:11:08.676] [999700000000011|nas] [debug] PDU Session Establishment Accept received
[2026-09-30 15:11:08.676] [999700000000011|nas] [info] PDU Session establishment is successful PSI[1]
[2026-09-30 15:11:08.677] [999700000000011|app] [info] Connection setup for PDU session[1] is successful, TUN interface[uesimtun1, 10.45.3.46] is up.
[2026-09-30 15:11:08.717] [999700000000011|nas] [debug] Sending PDU Session Release Request for PSI[1]
[2026-09-30 15:11:08.886] [999700000000011|nas] [debug] PDU Session Release Command received
[2026-09-30 15:11:08.886] [999700000000011|nas] [debug] Performing local release of PDU session[1]
[2026-09-30 15:11:08.924] [999700000000001|nas] [debug] Sending PDU Session Establishment Request
[2026-09-30 15:11:08.924] [999700000000001|nas] [debug] UAC access attempt is allowed for identity[0], category[MO_sig]
[2026-09-30 15:11:09.096] [999700000000001|nas] [debug] PDU Session Establishment Accept received
[2026-09-30 15:11:09.096] [999700000000001|nas] [info] PDU Session establishment is successful PSI[1]
[2026-09-30 15:11:09.097] [999700000000001|app] [info] Connection setup for PDU session[1] is successful, TUN interface[uesimtun1, 10.45.3.45] is up.
[2026-09-30 15:11:09.128] [999700000000006|nas] [debug] Sending PDU Session Release Request for PSI[1]
[2026-09-30 15:11:09.304] [999700000000006|nas] [debug] PDU Session Release Command received
[2026-09-30 15:11:09.304] [999700000000006|nas] [debug] Performing local release of PDU session[1]
[2026-09-30 15:11:09.345] [999700000000005|nas] [debug] Sending PDU Session Establishment Request
[2026-09-30 15:11:09.345] [999700000000005|nas] [debug] UAC access attempt is allowed for identity[0], category[MO_sig]
[2026-09-30 15:11:09.513] [999700000000005|nas] [debug] PDU Session Establishment Accept received
[2026-09-30 15:11:09.513] [999700000000005|nas] [info] PDU Session establishment is successful PSI[1]
[2026-09-30 15:11:09.514] [999700000000005|app] [info] Connection setup for PDU session[1] is successful, TUN interface[uesimtun2, 10.45.3.48] is up.
[2026-09-30 15:11:09.551] [999700000000001|nas] [debug] Sending PDU Session Release Request for PSI[1]
[2026-09-30 15:11:09.719] [999700000000001|nas] [debug] PDU Session Release Command received
[2026-09-30 15:11:09.719] [999700000000001|nas] [debug] Performing local release of PDU session[1]
[2026-09-30 15:11:09.757] [999700000000003|nas] [debug] Sending PDU Session Establishment Request
[2026-09-30 15:11:09.757] [999700000000003|nas] [debug] UAC access attempt is allowed for identity[0], category[MO_sig]
[2026-09-30 15:11:09.935] [999700000000003|nas] [debug] PDU Session Establishment Accept received
[2026-09-30 15:11:09.935] [999700000000003|nas] [info] PDU Session establishment is successful PSI[1]
[2026-09-30 15:11:09.935] [999700000000003|app] [info] Connection setup for PDU session[1] is successful, TUN interface[uesimtun1, 10.45.3.47] is up.
[2026-09-30 15:11:09.976] [999700000000002|nas] [debug] Sending PDU Session Release Request for PSI[1]
[2026-09-30 15:11:10.138] [999700000000002|nas] [debug] PDU Session Release Command received
[2026-09-30 15:11:10.138] [999700000000002|nas] [debug] Performing local release of PDU session[1]
[2026-09-30 15:11:10.172] [999700000000008|nas] [debug] Sending PDU Session Establishment Request
[2026-09-30 15:11:10.172] [999700000000008|nas] [debug] UAC access attempt is allowed for identity[0], category[MO_sig]
[2026-09-30 15:11:10.348] [999700000000008|nas] [debug] PDU Session Establishment Accept received
[2026-09-30 15:11:10.348] [999700000000008|nas] [info] PDU Session establishment is successful PSI[1]
[2026-09-30 15:11:10.349] [999700000000008|app] [info] Connection setup for PDU session[1] is successful, TUN interface[uesimtun0, 10.45.3.49] is up.
