Open5GS daemon v2.8.0

[32m09/30 15:00:48.430[0m: [[33mapp[0m] [1;32mINFO[0m: Configuration: '/work/runs/patched-preflight-02/configs/amf.yaml' (../lib/app/ogs-init.c:144)
[32m09/30 15:00:48.431[0m: [[33mapp[0m] [1;32mINFO[0m: File Logging: '/work/runs/patched-preflight-02/amf.log' (../lib/app/ogs-init.c:147)
[32m09/30 15:00:48.432[0m: [[33mapp[0m] [1;32mINFO[0m: LOG-LEVEL: 'info' (../lib/app/ogs-init.c:150)
[32m09/30 15:00:48.435[0m: [[33msbi[0m] [1;32mINFO[0m: Setup NF EndPoint(addr) [127.0.0.200:7777] (../lib/sbi/context.c:499)
[32m09/30 15:00:48.437[0m: [[33msbi[0m] [1;32mINFO[0m: Setup NF EndPoint(addr) [127.0.0.10:7777] (../lib/sbi/context.c:451)
[32m09/30 15:00:48.438[0m: [[33mmetrics[0m] [1;32mINFO[0m: metrics_server() [http://127.0.0.5]:9090 (../lib/metrics/prometheus/context.c:392)
[32m09/30 15:00:48.438[0m: [[33msbi[0m] [1;32mINFO[0m: NF Service [namf-comm] (../lib/sbi/context.c:2012)
[32m09/30 15:00:48.439[0m: [[33msbi[0m] [1;32mINFO[0m: nghttp2_server() [http://127.0.0.5]:7777 (../lib/sbi/nghttp2-server.c:454)
[32m09/30 15:00:48.440[0m: [[33mamf[0m] [1;32mINFO[0m: ngap_server() [127.0.0.5]:38412 (../src/amf/ngap-sctp.c:61)
[32m09/30 15:00:48.440[0m: [[33msctp[0m] [1;32mINFO[0m: AMF initialize...done (../src/amf/app.c:33)
[32m09/30 15:00:48.444[0m: [[33msbi[0m] [1;32mINFO[0m: [b8805f82-bcdf-41f1-9455-cf73e21ebefc] NF registered [Heartbeat:1s] (../lib/sbi/nf-sm.c:368)
[32m09/30 15:00:48.452[0m: [[33msbi[0m] [1;32mINFO[0m: Setup NF EndPoint(addr) [127.0.0.10:7777] (../lib/sbi/nnrf-handler.c:1113)
[32m09/30 15:00:48.452[0m: [[33msbi[0m] [1;32mINFO[0m: [b8820ddc-bcdf-41f1-b8fe-2f697f3174ff] Subscription created until 2026-10-01T15:00:48.446095+00:00 [duration:86400000000,validity:86400.000000,patch:43200.000000] (../lib/sbi/nnrf-handler.c:1032)
[32m09/30 15:00:48.453[0m: [[33msbi[0m] [1;32mINFO[0m: Setup NF EndPoint(addr) [127.0.0.10:7777] (../lib/sbi/nnrf-handler.c:1113)
[32m09/30 15:00:48.453[0m: [[33msbi[0m] [1;32mINFO[0m: [b882a666-bcdf-41f1-b8fe-2f697f3174ff] Subscription created until 2026-10-01T15:00:48.450069+00:00 [duration:86400000000,validity:86400.000000,patch:43200.000000] (../lib/sbi/nnrf-handler.c:1032)
[32m09/30 15:00:48.454[0m: [[33msbi[0m] [1;32mINFO[0m: Setup NF EndPoint(addr) [127.0.0.10:7777] (../lib/sbi/nnrf-handler.c:1113)
[32m09/30 15:00:48.454[0m: [[33msbi[0m] [1;32mINFO[0m: [b88239b0-bcdf-41f1-b8fe-2f697f3174ff] Subscription created until 2026-10-01T15:00:48.447185+00:00 [duration:86400000000,validity:86400.000000,patch:43200.000000] (../lib/sbi/nnrf-handler.c:1032)
[32m09/30 15:00:48.455[0m: [[33msbi[0m] [1;32mINFO[0m: Setup NF EndPoint(addr) [127.0.0.10:7777] (../lib/sbi/nnrf-handler.c:1113)
[32m09/30 15:00:48.455[0m: [[33msbi[0m] [1;32mINFO[0m: [b8826868-bcdf-41f1-b8fe-2f697f3174ff] Subscription created until 2026-10-01T15:00:48.448326+00:00 [duration:86400000000,validity:86400.000000,patch:43200.000000] (../lib/sbi/nnrf-handler.c:1032)
[32m09/30 15:00:48.455[0m: [[33msbi[0m] [1;32mINFO[0m: Setup NF EndPoint(addr) [127.0.0.10:7777] (../lib/sbi/nnrf-handler.c:1113)
[32m09/30 15:00:48.456[0m: [[33msbi[0m] [1;32mINFO[0m: [b88289e2-bcdf-41f1-b8fe-2f697f3174ff] Subscription created until 2026-10-01T15:00:48.449112+00:00 [duration:86400000000,validity:86400.000000,patch:43200.000000] (../lib/sbi/nnrf-handler.c:1032)
[32m09/30 15:00:48.456[0m: [[33msbi[0m] [1;32mINFO[0m: Setup NF EndPoint(addr) [127.0.0.10:7777] (../lib/sbi/nnrf-handler.c:1113)
[32m09/30 15:00:48.456[0m: [[33msbi[0m] [1;32mINFO[0m: [b882d190-bcdf-41f1-b8fe-2f697f3174ff] Subscription created until 2026-10-01T15:00:48.450995+00:00 [duration:86400000000,validity:86400.000000,patch:43200.000000] (../lib/sbi/nnrf-handler.c:1032)
[32m09/30 15:00:48.457[0m: [[33msbi[0m] [1;32mINFO[0m: Setup NF EndPoint(addr) [127.0.0.10:7777] (../lib/sbi/nnrf-handler.c:1113)
[32m09/30 15:00:48.457[0m: [[33msbi[0m] [1;32mINFO[0m: [b882f0bc-bcdf-41f1-b8fe-2f697f3174ff] Subscription created until 2026-10-01T15:00:48.451755+00:00 [duration:86400000000,validity:86400.000000,patch:43200.000000] (../lib/sbi/nnrf-handler.c:1032)
[32m09/30 15:00:48.458[0m: [[33msbi[0m] [1;32mINFO[0m: [b797c2e0-bcdf-41f1-9382-195392c2c03c] (NRF-profile-get) NF registered (../lib/sbi/nf-sm.c:104)
[32m09/30 15:00:48.459[0m: [[33msbi[0m] [1;32mINFO[0m: [AUSF] NFInstance associated [b797c2e0-bcdf-41f1-9382-195392c2c03c] (../lib/sbi/context.c:2498)
[32m09/30 15:00:48.459[0m: [[33msbi[0m] [1;32mINFO[0m: Setup NF EndPoint(addr) [127.0.0.11:80] (../lib/sbi/context.c:2503)
[32m09/30 15:00:48.459[0m: [[33msbi[0m] [1;32mINFO[0m: [nausf-auth] NFService associated [b798305e-bcdf-41f1-9382-195392c2c03c] (../lib/sbi/context.c:2138)
[32m09/30 15:00:48.460[0m: [[33msbi[0m] [1;32mINFO[0m: Setup NF EndPoint(addr) [127.0.0.11:7777] (../lib/sbi/context.c:2141)
[32m09/30 15:00:48.460[0m: [[33msbi[0m] [1;32mINFO[0m: [b7e55d20-bcdf-41f1-9d33-714fd73a3d42] (NRF-profile-get) NF registered (../lib/sbi/nf-sm.c:104)
[32m09/30 15:00:48.460[0m: [[33msbi[0m] [1;32mINFO[0m: [UDM] NFInstance associated [b7e55d20-bcdf-41f1-9d33-714fd73a3d42] (../lib/sbi/context.c:2498)
[32m09/30 15:00:48.461[0m: [[33msbi[0m] [1;32mINFO[0m: Setup NF EndPoint(addr) [127.0.0.12:80] (../lib/sbi/context.c:2503)
[32m09/30 15:00:48.461[0m: [[33msbi[0m] [1;32mINFO[0m: [nudm-ueau] NFService associated [b7e5d8cc-bcdf-41f1-9d33-714fd73a3d42] (../lib/sbi/context.c:2138)
[32m09/30 15:00:48.462[0m: [[33msbi[0m] [1;32mINFO[0m: Setup NF EndPoint(addr) [127.0.0.12:7777] (../lib/sbi/context.c:2141)
[32m09/30 15:00:48.462[0m: [[33msbi[0m] [1;32mINFO[0m: [nudm-uecm] NFService associated [b7e5f320-bcdf-41f1-9d33-714fd73a3d42] (../lib/sbi/context.c:2138)
[32m09/30 15:00:48.463[0m: [[33msbi[0m] [1;32mINFO[0m: Setup NF EndPoint(addr) [127.0.0.12:7777] (../lib/sbi/context.c:2141)
[32m09/30 15:00:48.463[0m: [[33msbi[0m] [1;32mINFO[0m: [nudm-sdm] NFService associated [b7e6112a-bcdf-41f1-9d33-714fd73a3d42] (../lib/sbi/context.c:2138)
[32m09/30 15:00:48.464[0m: [[33msbi[0m] [1;32mINFO[0m: Setup NF EndPoint(addr) [127.0.0.12:7777] (../lib/sbi/context.c:2141)
[32m09/30 15:00:48.464[0m: [[33msbi[0m] [1;32mINFO[0m: [b80be7b0-bcdf-41f1-954d-db275a7d4391] (NRF-profile-get) NF registered (../lib/sbi/nf-sm.c:104)
[32m09/30 15:00:48.465[0m: [[33msbi[0m] [1;32mINFO[0m: [PCF] NFInstance associated [b80be7b0-bcdf-41f1-954d-db275a7d4391] (../lib/sbi/context.c:2498)
[32m09/30 15:00:48.465[0m: [[33msbi[0m] [1;32mINFO[0m: Setup NF EndPoint(addr) [127.0.0.13:80] (../lib/sbi/context.c:2503)
[32m09/30 15:00:48.465[0m: [[33msbi[0m] [1;32mINFO[0m: [npcf-am-policy-control] NFService associated [b80d632e-bcdf-41f1-954d-db275a7d4391] (../lib/sbi/context.c:2138)
[32m09/30 15:00:48.466[0m: [[33msbi[0m] [1;32mINFO[0m: Setup NF EndPoint(addr) [127.0.0.13:7777] (../lib/sbi/context.c:2141)
[32m09/30 15:00:48.466[0m: [[33msbi[0m] [1;32mINFO[0m: [npcf-smpolicycontrol] NFService associated [b80d74b8-bcdf-41f1-954d-db275a7d4391] (../lib/sbi/context.c:2138)
[32m09/30 15:00:48.467[0m: [[33msbi[0m] [1;32mINFO[0m: Setup NF EndPoint(addr) [127.0.0.13:7777] (../lib/sbi/context.c:2141)
[32m09/30 15:00:48.467[0m: [[33msbi[0m] [1;32mINFO[0m: [npcf-policyauthorization] NFService associated [b80d8944-bcdf-41f1-954d-db275a7d4391] (../lib/sbi/context.c:2138)
[32m09/30 15:00:48.467[0m: [[33msbi[0m] [1;32mINFO[0m: Setup NF EndPoint(addr) [127.0.0.13:7777] (../lib/sbi/context.c:2141)
[32m09/30 15:00:48.468[0m: [[33msbi[0m] [1;32mINFO[0m: [b831e64a-bcdf-41f1-af57-c104e61f2896] (NRF-profile-get) NF registered (../lib/sbi/nf-sm.c:104)
[32m09/30 15:00:48.468[0m: [[33msbi[0m] [1;32mINFO[0m: [NSSF] NFInstance associated [b831e64a-bcdf-41f1-af57-c104e61f2896] (../lib/sbi/context.c:2498)
[32m09/30 15:00:48.469[0m: [[33msbi[0m] [1;32mINFO[0m: Setup NF EndPoint(addr) [127.0.0.14:80] (../lib/sbi/context.c:2503)
[32m09/30 15:00:48.469[0m: [[33msbi[0m] [1;32mINFO[0m: [nnssf-nsselection] NFService associated [b8326c64-bcdf-41f1-af57-c104e61f2896] (../lib/sbi/context.c:2138)
[32m09/30 15:00:48.470[0m: [[33msbi[0m] [1;32mINFO[0m: Setup NF EndPoint(addr) [127.0.0.14:7777] (../lib/sbi/context.c:2141)
[32m09/30 15:00:48.723[0m: [[33msbi[0m] [1;32mINFO[0m: [b8a9b670-bcdf-41f1-a35e-911d8b75a131] (NRF-notify) NF registered (../lib/sbi/nnrf-handler.c:1310)
[32m09/30 15:00:48.723[0m: [[33msbi[0m] [1;32mINFO[0m: [b8a9b670-bcdf-41f1-a35e-911d8b75a131] (NRF-notify) NF Profile updated [type:SMF] (../lib/sbi/nnrf-handler.c:1348)
[32m09/30 15:00:48.724[0m: [[33msbi[0m] [1;32mINFO[0m: [SMF] NFInstance associated [b8a9b670-bcdf-41f1-a35e-911d8b75a131] (../lib/sbi/context.c:2498)
[32m09/30 15:00:48.725[0m: [[33msbi[0m] [1;32mINFO[0m: Setup NF EndPoint(addr) [127.0.0.4:80] (../lib/sbi/context.c:2503)
[32m09/30 15:00:48.725[0m: [[33msbi[0m] [1;32mINFO[0m: [nsmf-pdusession] NFService associated [b8aaee28-bcdf-41f1-a35e-911d8b75a131] (../lib/sbi/context.c:2138)
[32m09/30 15:00:48.726[0m: [[33msbi[0m] [1;32mINFO[0m: Setup NF EndPoint(addr) [127.0.0.4:7777] (../lib/sbi/context.c:2141)
[32m09/30 15:00:49.325[0m: [[33msbi[0m] [1;32mINFO[0m: [b905f82c-bcdf-41f1-9b17-6188ff3cae7c] (NRF-notify) NF registered (../lib/sbi/nnrf-handler.c:1310)
[32m09/30 15:00:49.327[0m: [[33msbi[0m] [1;32mINFO[0m: [b905f82c-bcdf-41f1-9b17-6188ff3cae7c] (NRF-notify) NF Profile updated [type:SMF] (../lib/sbi/nnrf-handler.c:1348)
[32m09/30 15:00:49.328[0m: [[33msbi[0m] [1;32mINFO[0m: [SMF] NFInstance associated [b905f82c-bcdf-41f1-9b17-6188ff3cae7c] (../lib/sbi/context.c:2498)
[32m09/30 15:00:49.329[0m: [[33msbi[0m] [1;32mINFO[0m: Setup NF EndPoint(addr) [127.0.0.32:80] (../lib/sbi/context.c:2503)
[32m09/30 15:00:49.330[0m: [[33msbi[0m] [1;32mINFO[0m: [nsmf-pdusession] NFService associated [b90750f0-bcdf-41f1-9b17-6188ff3cae7c] (../lib/sbi/context.c:2138)
[32m09/30 15:00:49.332[0m: [[33msbi[0m] [1;32mINFO[0m: Setup NF EndPoint(addr) [127.0.0.32:7777] (../lib/sbi/context.c:2141)
[32m09/30 15:00:49.932[0m: [[33msbi[0m] [1;32mINFO[0m: [b9624884-bcdf-41f1-b78a-7f905b314a30] (NRF-notify) NF registered (../lib/sbi/nnrf-handler.c:1310)
[32m09/30 15:00:49.933[0m: [[33msbi[0m] [1;32mINFO[0m: [b9624884-bcdf-41f1-b78a-7f905b314a30] (NRF-notify) NF Profile updated [type:SMF] (../lib/sbi/nnrf-handler.c:1348)
[32m09/30 15:00:49.933[0m: [[33msbi[0m] [1;32mINFO[0m: [SMF] NFInstance associated [b9624884-bcdf-41f1-b78a-7f905b314a30] (../lib/sbi/context.c:2498)
[32m09/30 15:00:49.934[0m: [[33msbi[0m] [1;32mINFO[0m: Setup NF EndPoint(addr) [127.0.0.33:80] (../lib/sbi/context.c:2503)
[32m09/30 15:00:49.935[0m: [[33msbi[0m] [1;32mINFO[0m: [nsmf-pdusession] NFService associated [b963c650-bcdf-41f1-b78a-7f905b314a30] (../lib/sbi/context.c:2138)
[32m09/30 15:00:49.936[0m: [[33msbi[0m] [1;32mINFO[0m: Setup NF EndPoint(addr) [127.0.0.33:7777] (../lib/sbi/context.c:2141)
[32m09/30 15:00:53.491[0m: [[33mamf[0m] [1;32mINFO[0m: gNB-N2 accepted[127.0.0.1]:35401 in ng-path module (../src/amf/ngap-sctp.c:113)
[32m09/30 15:00:53.492[0m: [[33mamf[0m] [1;32mINFO[0m: gNB-N2 accepted[127.0.0.1] in master_sm module (../src/amf/amf-sm.c:818)
[32m09/30 15:00:53.498[0m: [[33mamf[0m] [1;32mINFO[0m: [Added] Number of gNBs is now 1 (../src/amf/context.c:1277)
[32m09/30 15:00:53.499[0m: [[33mamf[0m] [1;32mINFO[0m: gNB-N2[127.0.0.1] max_num_of_ostreams : 10 (../src/amf/amf-sm.c:865)
[32m09/30 15:00:55.524[0m: [[33mamf[0m] [1;32mINFO[0m: InitialUEMessage (../src/amf/ngap-handler.c:668)
[32m09/30 15:00:55.524[0m: [[33mamf[0m] [1;32mINFO[0m: [Added] Number of gNB-UEs is now 1 (../src/amf/context.c:2932)
[32m09/30 15:00:55.525[0m: [[33mamf[0m] [1;32mINFO[0m:     RAN_UE_NGAP_ID[1] AMF_UE_NGAP_ID[1] TAC[1] CellID[0x10] (../src/amf/ngap-handler.c:878)
[32m09/30 15:00:55.525[0m: [[33mamf[0m] [1;32mINFO[0m: [suci-0-999-70-0000-0-0-0000000018] Unknown UE by SUCI (../src/amf/context.c:1934)
[32m09/30 15:00:55.526[0m: [[33mamf[0m] [1;32mINFO[0m: [Added] Number of AMF-UEs is now 1 (../src/amf/context.c:1699)
[32m09/30 15:00:55.526[0m: [[33mgmm[0m] [1;32mINFO[0m: Registration request (../src/amf/gmm-sm.c:1678)
[32m09/30 15:00:55.526[0m: [[33mgmm[0m] [1;32mINFO[0m: [suci-0-999-70-0000-0-0-0000000018]    SUCI (../src/amf/gmm-handler.c:186)
[32m09/30 15:00:55.527[0m: [[33msbi[0m] [1;32mINFO[0m: [b797c2e0-bcdf-41f1-9382-195392c2c03c] Setup NF Instance [type:AUSF] (../lib/sbi/path.c:349)
[32m09/30 15:00:55.535[0m: [[33mamf[0m] [1;32mINFO[0m: Setup NF EndPoint(addr) [127.0.0.11:7777] (../src/amf/nausf-handler.c:130)
[32m09/30 15:00:55.536[0m: [[33mamf[0m] [1;32mINFO[0m: InitialUEMessage (../src/amf/ngap-handler.c:668)
[32m09/30 15:00:55.537[0m: [[33mamf[0m] [1;32mINFO[0m: [Added] Number of gNB-UEs is now 2 (../src/amf/context.c:2932)
[32m09/30 15:00:55.537[0m: [[33mamf[0m] [1;32mINFO[0m:     RAN_UE_NGAP_ID[2] AMF_UE_NGAP_ID[2] TAC[1] CellID[0x10] (../src/amf/ngap-handler.c:878)
[32m09/30 15:00:55.538[0m: [[33mamf[0m] [1;32mINFO[0m: [suci-0-999-70-0000-0-0-0000000005] Unknown UE by SUCI (../src/amf/context.c:1934)
[32m09/30 15:00:55.538[0m: [[33mamf[0m] [1;32mINFO[0m: [Added] Number of AMF-UEs is now 2 (../src/amf/context.c:1699)
[32m09/30 15:00:55.539[0m: [[33mgmm[0m] [1;32mINFO[0m: Registration request (../src/amf/gmm-sm.c:1678)
[32m09/30 15:00:55.539[0m: [[33mgmm[0m] [1;32mINFO[0m: [suci-0-999-70-0000-0-0-0000000005]    SUCI (../src/amf/gmm-handler.c:186)
[32m09/30 15:00:55.540[0m: [[33msbi[0m] [1;32mINFO[0m: [b797c2e0-bcdf-41f1-9382-195392c2c03c] Setup NF Instance [type:AUSF] (../lib/sbi/path.c:349)
[32m09/30 15:00:55.547[0m: [[33mamf[0m] [1;32mINFO[0m: Setup NF EndPoint(addr) [127.0.0.11:7777] (../src/amf/nausf-handler.c:130)
[32m09/30 15:00:55.548[0m: [[33mamf[0m] [1;32mINFO[0m: InitialUEMessage (../src/amf/ngap-handler.c:668)
[32m09/30 15:00:55.548[0m: [[33mamf[0m] [1;32mINFO[0m: [Added] Number of gNB-UEs is now 3 (../src/amf/context.c:2932)
[32m09/30 15:00:55.549[0m: [[33mamf[0m] [1;32mINFO[0m:     RAN_UE_NGAP_ID[3] AMF_UE_NGAP_ID[3] TAC[1] CellID[0x10] (../src/amf/ngap-handler.c:878)
[32m09/30 15:00:55.549[0m: [[33mamf[0m] [1;32mINFO[0m: [suci-0-999-70-0000-0-0-0000000022] Unknown UE by SUCI (../src/amf/context.c:1934)
[32m09/30 15:00:55.550[0m: [[33mamf[0m] [1;32mINFO[0m: [Added] Number of AMF-UEs is now 3 (../src/amf/context.c:1699)
[32m09/30 15:00:55.550[0m: [[33mgmm[0m] [1;32mINFO[0m: Registration request (../src/amf/gmm-sm.c:1678)
[32m09/30 15:00:55.551[0m: [[33mgmm[0m] [1;32mINFO[0m: [suci-0-999-70-0000-0-0-0000000022]    SUCI (../src/amf/gmm-handler.c:186)
[32m09/30 15:00:55.551[0m: [[33msbi[0m] [1;32mINFO[0m: [b797c2e0-bcdf-41f1-9382-195392c2c03c] Setup NF Instance [type:AUSF] (../lib/sbi/path.c:349)
[32m09/30 15:00:55.552[0m: [[33mgmm[0m] [1;36mWARNING[0m: [suci-0-999-70-0000-0-0-0000000018] Authentication failure [21] (../src/amf/gmm-sm.c:2153)
[32m09/30 15:00:55.553[0m: [[33mgmm[0m] [1;36mWARNING[0m: [suci-0-999-70-0000-0-0-0000000018] Authentication failure(Synch failure[count=0]) (../src/amf/gmm-sm.c:2182)
[32m09/30 15:00:55.553[0m: [[33mamf[0m] [1;32mINFO[0m: InitialUEMessage (../src/amf/ngap-handler.c:668)
[32m09/30 15:00:55.554[0m: [[33mamf[0m] [1;32mINFO[0m: [Added] Number of gNB-UEs is now 4 (../src/amf/context.c:2932)
[32m09/30 15:00:55.555[0m: [[33mamf[0m] [1;32mINFO[0m:     RAN_UE_NGAP_ID[4] AMF_UE_NGAP_ID[4] TAC[1] CellID[0x10] (../src/amf/ngap-handler.c:878)
[32m09/30 15:00:55.555[0m: [[33mamf[0m] [1;32mINFO[0m: [suci-0-999-70-0000-0-0-0000000021] Unknown UE by SUCI (../src/amf/context.c:1934)
[32m09/30 15:00:55.556[0m: [[33mamf[0m] [1;32mINFO[0m: [Added] Number of AMF-UEs is now 4 (../src/amf/context.c:1699)
[32m09/30 15:00:55.557[0m: [[33mgmm[0m] [1;32mINFO[0m: Registration request (../src/amf/gmm-sm.c:1678)
[32m09/30 15:00:55.557[0m: [[33mgmm[0m] [1;32mINFO[0m: [suci-0-999-70-0000-0-0-0000000021]    SUCI (../src/amf/gmm-handler.c:186)
[32m09/30 15:00:55.558[0m: [[33msbi[0m] [1;32mINFO[0m: [b797c2e0-bcdf-41f1-9382-195392c2c03c] Setup NF Instance [type:AUSF] (../lib/sbi/path.c:349)
[32m09/30 15:00:55.562[0m: [[33mamf[0m] [1;32mINFO[0m: Setup NF EndPoint(addr) [127.0.0.11:7777] (../src/amf/nausf-handler.c:130)
[32m09/30 15:00:55.563[0m: [[33mamf[0m] [1;32mINFO[0m: InitialUEMessage (../src/amf/ngap-handler.c:668)
[32m09/30 15:00:55.563[0m: [[33mamf[0m] [1;32mINFO[0m: [Added] Number of gNB-UEs is now 5 (../src/amf/context.c:2932)
[32m09/30 15:00:55.564[0m: [[33mamf[0m] [1;32mINFO[0m:     RAN_UE_NGAP_ID[5] AMF_UE_NGAP_ID[5] TAC[1] CellID[0x10] (../src/amf/ngap-handler.c:878)
[32m09/30 15:00:55.565[0m: [[33mamf[0m] [1;36mWARNING[0m: UnRef NF EndPoint(addr) [127.0.0.11:7777] (../src/amf/nausf-handler.c:130)
[32m09/30 15:00:55.565[0m: [[33mamf[0m] [1;32mINFO[0m: Setup NF EndPoint(addr) [127.0.0.11:7777] (../src/amf/nausf-handler.c:130)
[32m09/30 15:00:55.566[0m: [[33mamf[0m] [1;32mINFO[0m: [suci-0-999-70-0000-0-0-0000000014] Unknown UE by SUCI (../src/amf/context.c:1934)
[32m09/30 15:00:55.566[0m: [[33mamf[0m] [1;32mINFO[0m: [Added] Number of AMF-UEs is now 5 (../src/amf/context.c:1699)
[32m09/30 15:00:55.567[0m: [[33mgmm[0m] [1;32mINFO[0m: Registration request (../src/amf/gmm-sm.c:1678)
[32m09/30 15:00:55.567[0m: [[33mgmm[0m] [1;32mINFO[0m: [suci-0-999-70-0000-0-0-0000000014]    SUCI (../src/amf/gmm-handler.c:186)
[32m09/30 15:00:55.568[0m: [[33msbi[0m] [1;32mINFO[0m: [b797c2e0-bcdf-41f1-9382-195392c2c03c] Setup NF Instance [type:AUSF] (../lib/sbi/path.c:349)
[32m09/30 15:00:55.569[0m: [[33mamf[0m] [1;32mINFO[0m: InitialUEMessage (../src/amf/ngap-handler.c:668)
[32m09/30 15:00:55.569[0m: [[33mamf[0m] [1;32mINFO[0m: [Added] Number of gNB-UEs is now 6 (../src/amf/context.c:2932)
[32m09/30 15:00:55.570[0m: [[33mamf[0m] [1;32mINFO[0m:     RAN_UE_NGAP_ID[6] AMF_UE_NGAP_ID[6] TAC[1] CellID[0x10] (../src/amf/ngap-handler.c:878)
[32m09/30 15:00:55.571[0m: [[33mamf[0m] [1;32mINFO[0m: Setup NF EndPoint(addr) [127.0.0.11:7777] (../src/amf/nausf-handler.c:130)
[32m09/30 15:00:55.572[0m: [[33mamf[0m] [1;32mINFO[0m: [suci-0-999-70-0000-0-0-0000000006] Unknown UE by SUCI (../src/amf/context.c:1934)
[32m09/30 15:00:55.572[0m: [[33mamf[0m] [1;32mINFO[0m: [Added] Number of AMF-UEs is now 6 (../src/amf/context.c:1699)
[32m09/30 15:00:55.573[0m: [[33mgmm[0m] [1;32mINFO[0m: Registration request (../src/amf/gmm-sm.c:1678)
[32m09/30 15:00:55.573[0m: [[33mgmm[0m] [1;32mINFO[0m: [suci-0-999-70-0000-0-0-0000000006]    SUCI (../src/amf/gmm-handler.c:186)
[32m09/30 15:00:55.574[0m: [[33msbi[0m] [1;32mINFO[0m: [b797c2e0-bcdf-41f1-9382-195392c2c03c] Setup NF Instance [type:AUSF] (../lib/sbi/path.c:349)
[32m09/30 15:00:55.574[0m: [[33mamf[0m] [1;32mINFO[0m: InitialUEMessage (../src/amf/ngap-handler.c:668)
[32m09/30 15:00:55.575[0m: [[33mamf[0m] [1;32mINFO[0m: [Added] Number of gNB-UEs is now 7 (../src/amf/context.c:2932)
[32m09/30 15:00:55.576[0m: [[33mamf[0m] [1;32mINFO[0m:     RAN_UE_NGAP_ID[7] AMF_UE_NGAP_ID[7] TAC[1] CellID[0x10] (../src/amf/ngap-handler.c:878)
[32m09/30 15:00:55.576[0m: [[33mamf[0m] [1;32mINFO[0m: [suci-0-999-70-0000-0-0-0000000002] Unknown UE by SUCI (../src/amf/context.c:1934)
[32m09/30 15:00:55.577[0m: [[33mamf[0m] [1;32mINFO[0m: [Added] Number of AMF-UEs is now 7 (../src/amf/context.c:1699)
[32m09/30 15:00:55.577[0m: [[33mgmm[0m] [1;32mINFO[0m: Registration request (../src/amf/gmm-sm.c:1678)
[32m09/30 15:00:55.578[0m: [[33mgmm[0m] [1;32mINFO[0m: [suci-0-999-70-0000-0-0-0000000002]    SUCI (../src/amf/gmm-handler.c:186)
[32m09/30 15:00:55.579[0m: [[33msbi[0m] [1;32mINFO[0m: [b797c2e0-bcdf-41f1-9382-195392c2c03c] Setup NF Instance [type:AUSF] (../lib/sbi/path.c:349)
[32m09/30 15:00:55.579[0m: [[33mamf[0m] [1;32mINFO[0m: InitialUEMessage (../src/amf/ngap-handler.c:668)
[32m09/30 15:00:55.580[0m: [[33mamf[0m] [1;32mINFO[0m: [Added] Number of gNB-UEs is now 8 (../src/amf/context.c:2932)
[32m09/30 15:00:55.580[0m: [[33mamf[0m] [1;32mINFO[0m:     RAN_UE_NGAP_ID[8] AMF_UE_NGAP_ID[8] TAC[1] CellID[0x10] (../src/amf/ngap-handler.c:878)
[32m09/30 15:00:55.581[0m: [[33mamf[0m] [1;32mINFO[0m: Setup NF EndPoint(addr) [127.0.0.11:7777] (../src/amf/nausf-handler.c:130)
[32m09/30 15:00:55.582[0m: [[33mamf[0m] [1;32mINFO[0m: [suci-0-999-70-0000-0-0-0000000008] Unknown UE by SUCI (../src/amf/context.c:1934)
[32m09/30 15:00:55.582[0m: [[33mamf[0m] [1;32mINFO[0m: [Added] Number of AMF-UEs is now 8 (../src/amf/context.c:1699)
[32m09/30 15:00:55.583[0m: [[33mgmm[0m] [1;32mINFO[0m: Registration request (../src/amf/gmm-sm.c:1678)
[32m09/30 15:00:55.583[0m: [[33mgmm[0m] [1;32mINFO[0m: [suci-0-999-70-0000-0-0-0000000008]    SUCI (../src/amf/gmm-handler.c:186)
[32m09/30 15:00:55.584[0m: [[33msbi[0m] [1;32mINFO[0m: [b797c2e0-bcdf-41f1-9382-195392c2c03c] Setup NF Instance [type:AUSF] (../lib/sbi/path.c:349)
[32m09/30 15:00:55.584[0m: [[33mamf[0m] [1;32mINFO[0m: InitialUEMessage (../src/amf/ngap-handler.c:668)
[32m09/30 15:00:55.585[0m: [[33mamf[0m] [1;32mINFO[0m: [Added] Number of gNB-UEs is now 9 (../src/amf/context.c:2932)
[32m09/30 15:00:55.586[0m: [[33mamf[0m] [1;32mINFO[0m:     RAN_UE_NGAP_ID[9] AMF_UE_NGAP_ID[9] TAC[1] CellID[0x10] (../src/amf/ngap-handler.c:878)
[32m09/30 15:00:55.586[0m: [[33mamf[0m] [1;32mINFO[0m: [suci-0-999-70-0000-0-0-0000000012] Unknown UE by SUCI (../src/amf/context.c:1934)
[32m09/30 15:00:55.587[0m: [[33mamf[0m] [1;32mINFO[0m: [Added] Number of AMF-UEs is now 9 (../src/amf/context.c:1699)
[32m09/30 15:00:55.587[0m: [[33mgmm[0m] [1;32mINFO[0m: Registration request (../src/amf/gmm-sm.c:1678)
[32m09/30 15:00:55.588[0m: [[33mgmm[0m] [1;32mINFO[0m: [suci-0-999-70-0000-0-0-0000000012]    SUCI (../src/amf/gmm-handler.c:186)
[32m09/30 15:00:55.588[0m: [[33msbi[0m] [1;32mINFO[0m: [b797c2e0-bcdf-41f1-9382-195392c2c03c] Setup NF Instance [type:AUSF] (../lib/sbi/path.c:349)
[32m09/30 15:00:55.589[0m: [[33mamf[0m] [1;32mINFO[0m: InitialUEMessage (../src/amf/ngap-handler.c:668)
[32m09/30 15:00:55.590[0m: [[33mamf[0m] [1;32mINFO[0m: [Added] Number of gNB-UEs is now 10 (../src/amf/context.c:2932)
[32m09/30 15:00:55.590[0m: [[33mamf[0m] [1;32mINFO[0m:     RAN_UE_NGAP_ID[10] AMF_UE_NGAP_ID[10] TAC[1] CellID[0x10] (../src/amf/ngap-handler.c:878)
[32m09/30 15:00:55.591[0m: [[33mamf[0m] [1;32mINFO[0m: Setup NF EndPoint(addr) [127.0.0.11:7777] (../src/amf/nausf-handler.c:130)
[32m09/30 15:00:55.592[0m: [[33mamf[0m] [1;32mINFO[0m: Setup NF EndPoint(addr) [127.0.0.11:7777] (../src/amf/nausf-handler.c:130)
[32m09/30 15:00:55.592[0m: [[33mamf[0m] [1;32mINFO[0m: [suci-0-999-70-0000-0-0-0000000011] Unknown UE by SUCI (../src/amf/context.c:1934)
[32m09/30 15:00:55.593[0m: [[33mamf[0m] [1;32mINFO[0m: [Added] Number of AMF-UEs is now 10 (../src/amf/context.c:1699)
[32m09/30 15:00:55.593[0m: [[33mgmm[0m] [1;32mINFO[0m: Registration request (../src/amf/gmm-sm.c:1678)
[32m09/30 15:00:55.594[0m: [[33mgmm[0m] [1;32mINFO[0m: [suci-0-999-70-0000-0-0-0000000011]    SUCI (../src/amf/gmm-handler.c:186)
[32m09/30 15:00:55.595[0m: [[33msbi[0m] [1;32mINFO[0m: [b797c2e0-bcdf-41f1-9382-195392c2c03c] Setup NF Instance [type:AUSF] (../lib/sbi/path.c:349)
[32m09/30 15:00:55.595[0m: [[33mamf[0m] [1;32mINFO[0m: InitialUEMessage (../src/amf/ngap-handler.c:668)
[32m09/30 15:00:55.596[0m: [[33mamf[0m] [1;32mINFO[0m: [Added] Number of gNB-UEs is now 11 (../src/amf/context.c:2932)
[32m09/30 15:00:55.596[0m: [[33mamf[0m] [1;32mINFO[0m:     RAN_UE_NGAP_ID[11] AMF_UE_NGAP_ID[11] TAC[1] CellID[0x10] (../src/amf/ngap-handler.c:878)
[32m09/30 15:00:55.597[0m: [[33mamf[0m] [1;32mINFO[0m: [suci-0-999-70-0000-0-0-0000000024] Unknown UE by SUCI (../src/amf/context.c:1934)
[32m09/30 15:00:55.597[0m: [[33mamf[0m] [1;32mINFO[0m: [Added] Number of AMF-UEs is now 11 (../src/amf/context.c:1699)
[32m09/30 15:00:55.598[0m: [[33mgmm[0m] [1;32mINFO[0m: Registration request (../src/amf/gmm-sm.c:1678)
[32m09/30 15:00:55.598[0m: [[33mgmm[0m] [1;32mINFO[0m: [suci-0-999-70-0000-0-0-0000000024]    SUCI (../src/amf/gmm-handler.c:186)
[32m09/30 15:00:55.599[0m: [[33msbi[0m] [1;32mINFO[0m: [b797c2e0-bcdf-41f1-9382-195392c2c03c] Setup NF Instance [type:AUSF] (../lib/sbi/path.c:349)
[32m09/30 15:00:55.599[0m: [[33mamf[0m] [1;32mINFO[0m: InitialUEMessage (../src/amf/ngap-handler.c:668)
[32m09/30 15:00:55.600[0m: [[33mamf[0m] [1;32mINFO[0m: [Added] Number of gNB-UEs is now 12 (../src/amf/context.c:2932)
[32m09/30 15:00:55.601[0m: [[33mamf[0m] [1;32mINFO[0m:     RAN_UE_NGAP_ID[12] AMF_UE_NGAP_ID[12] TAC[1] CellID[0x10] (../src/amf/ngap-handler.c:878)
[32m09/30 15:00:55.601[0m: [[33mamf[0m] [1;32mINFO[0m: Setup NF EndPoint(addr) [127.0.0.11:7777] (../src/amf/nausf-handler.c:130)
[32m09/30 15:00:55.602[0m: [[33mamf[0m] [1;32mINFO[0m: Setup NF EndPoint(addr) [127.0.0.11:7777] (../src/amf/nausf-handler.c:130)
[32m09/30 15:00:55.602[0m: [[33mamf[0m] [1;32mINFO[0m: [suci-0-999-70-0000-0-0-0000000017] Unknown UE by SUCI (../src/amf/context.c:1934)
[32m09/30 15:00:55.603[0m: [[33mamf[0m] [1;32mINFO[0m: [Added] Number of AMF-UEs is now 12 (../src/amf/context.c:1699)
[32m09/30 15:00:55.604[0m: [[33mgmm[0m] [1;32mINFO[0m: Registration request (../src/amf/gmm-sm.c:1678)
[32m09/30 15:00:55.604[0m: [[33mgmm[0m] [1;32mINFO[0m: [suci-0-999-70-0000-0-0-0000000017]    SUCI (../src/amf/gmm-handler.c:186)
[32m09/30 15:00:55.605[0m: [[33msbi[0m] [1;32mINFO[0m: [b797c2e0-bcdf-41f1-9382-195392c2c03c] Setup NF Instance [type:AUSF] (../lib/sbi/path.c:349)
[32m09/30 15:00:55.605[0m: [[33mamf[0m] [1;32mINFO[0m: InitialUEMessage (../src/amf/ngap-handler.c:668)
[32m09/30 15:00:55.606[0m: [[33mamf[0m] [1;32mINFO[0m: [Added] Number of gNB-UEs is now 13 (../src/amf/context.c:2932)
[32m09/30 15:00:55.607[0m: [[33mamf[0m] [1;32mINFO[0m:     RAN_UE_NGAP_ID[13] AMF_UE_NGAP_ID[13] TAC[1] CellID[0x10] (../src/amf/ngap-handler.c:878)
[32m09/30 15:00:55.607[0m: [[33mamf[0m] [1;32mINFO[0m: [suci-0-999-70-0000-0-0-0000000015] Unknown UE by SUCI (../src/amf/context.c:1934)
[32m09/30 15:00:55.608[0m: [[33mamf[0m] [1;32mINFO[0m: [Added] Number of AMF-UEs is now 13 (../src/amf/context.c:1699)
[32m09/30 15:00:55.609[0m: [[33mgmm[0m] [1;32mINFO[0m: Registration request (../src/amf/gmm-sm.c:1678)
[32m09/30 15:00:55.609[0m: [[33mgmm[0m] [1;32mINFO[0m: [suci-0-999-70-0000-0-0-0000000015]    SUCI (../src/amf/gmm-handler.c:186)
[32m09/30 15:00:55.610[0m: [[33msbi[0m] [1;32mINFO[0m: [b797c2e0-bcdf-41f1-9382-195392c2c03c] Setup NF Instance [type:AUSF] (../lib/sbi/path.c:349)
[32m09/30 15:00:55.610[0m: [[33mamf[0m] [1;32mINFO[0m: InitialUEMessage (../src/amf/ngap-handler.c:668)
[32m09/30 15:00:55.611[0m: [[33mamf[0m] [1;32mINFO[0m: [Added] Number of gNB-UEs is now 14 (../src/amf/context.c:2932)
[32m09/30 15:00:55.611[0m: [[33mamf[0m] [1;32mINFO[0m:     RAN_UE_NGAP_ID[14] AMF_UE_NGAP_ID[14] TAC[1] CellID[0x10] (../src/amf/ngap-handler.c:878)
[32m09/30 15:00:55.612[0m: [[33mamf[0m] [1;32mINFO[0m: Setup NF EndPoint(addr) [127.0.0.11:7777] (../src/amf/nausf-handler.c:130)
[32m09/30 15:00:55.613[0m: [[33mamf[0m] [1;32mINFO[0m: Setup NF EndPoint(addr) [127.0.0.11:7777] (../src/amf/nausf-handler.c:130)
[32m09/30 15:00:55.613[0m: [[33mamf[0m] [1;32mINFO[0m: [suci-0-999-70-0000-0-0-0000000007] Unknown UE by SUCI (../src/amf/context.c:1934)
[32m09/30 15:00:55.614[0m: [[33mamf[0m] [1;32mINFO[0m: [Added] Number of AMF-UEs is now 14 (../src/amf/context.c:1699)
[32m09/30 15:00:55.615[0m: [[33mgmm[0m] [1;32mINFO[0m: Registration request (../src/amf/gmm-sm.c:1678)
[32m09/30 15:00:55.615[0m: [[33mgmm[0m] [1;32mINFO[0m: [suci-0-999-70-0000-0-0-0000000007]    SUCI (../src/amf/gmm-handler.c:186)
[32m09/30 15:00:55.616[0m: [[33msbi[0m] [1;32mINFO[0m: [b797c2e0-bcdf-41f1-9382-195392c2c03c] Setup NF Instance [type:AUSF] (../lib/sbi/path.c:349)
[32m09/30 15:00:55.617[0m: [[33mamf[0m] [1;32mINFO[0m: InitialUEMessage (../src/amf/ngap-handler.c:668)
[32m09/30 15:00:55.617[0m: [[33mamf[0m] [1;32mINFO[0m: [Added] Number of gNB-UEs is now 15 (../src/amf/context.c:2932)
[32m09/30 15:00:55.618[0m: [[33mamf[0m] [1;32mINFO[0m:     RAN_UE_NGAP_ID[15] AMF_UE_NGAP_ID[15] TAC[1] CellID[0x10] (../src/amf/ngap-handler.c:878)
[32m09/30 15:00:55.619[0m: [[33mamf[0m] [1;32mINFO[0m: Setup NF EndPoint(addr) [127.0.0.11:7777] (../src/amf/nausf-handler.c:130)
[32m09/30 15:00:55.619[0m: [[33mamf[0m] [1;32mINFO[0m: [suci-0-999-70-0000-0-0-0000000010] Unknown UE by SUCI (../src/amf/context.c:1934)
[32m09/30 15:00:55.620[0m: [[33mamf[0m] [1;32mINFO[0m: [Added] Number of AMF-UEs is now 15 (../src/amf/context.c:1699)
[32m09/30 15:00:55.621[0m: [[33mgmm[0m] [1;32mINFO[0m: Registration request (../src/amf/gmm-sm.c:1678)
[32m09/30 15:00:55.621[0m: [[33mgmm[0m] [1;32mINFO[0m: [suci-0-999-70-0000-0-0-0000000010]    SUCI (../src/amf/gmm-handler.c:186)
[32m09/30 15:00:55.622[0m: [[33msbi[0m] [1;32mINFO[0m: [b797c2e0-bcdf-41f1-9382-195392c2c03c] Setup NF Instance [type:AUSF] (../lib/sbi/path.c:349)
[32m09/30 15:00:55.623[0m: [[33mamf[0m] [1;32mINFO[0m: InitialUEMessage (../src/amf/ngap-handler.c:668)
[32m09/30 15:00:55.623[0m: [[33mamf[0m] [1;32mINFO[0m: [Added] Number of gNB-UEs is now 16 (../src/amf/context.c:2932)
[32m09/30 15:00:55.624[0m: [[33mamf[0m] [1;32mINFO[0m:     RAN_UE_NGAP_ID[16] AMF_UE_NGAP_ID[16] TAC[1] CellID[0x10] (../src/amf/ngap-handler.c:878)
[32m09/30 15:00:55.624[0m: [[33mamf[0m] [1;32mINFO[0m: [suci-0-999-70-0000-0-0-0000000004] Unknown UE by SUCI (../src/amf/context.c:1934)
[32m09/30 15:00:55.625[0m: [[33mamf[0m] [1;32mINFO[0m: [Added] Number of AMF-UEs is now 16 (../src/amf/context.c:1699)
[32m09/30 15:00:55.626[0m: [[33mgmm[0m] [1;32mINFO[0m: Registration request (../src/amf/gmm-sm.c:1678)
[32m09/30 15:00:55.626[0m: [[33mgmm[0m] [1;32mINFO[0m: [suci-0-999-70-0000-0-0-0000000004]    SUCI (../src/amf/gmm-handler.c:186)
[32m09/30 15:00:55.627[0m: [[33msbi[0m] [1;32mINFO[0m: [b797c2e0-bcdf-41f1-9382-195392c2c03c] Setup NF Instance [type:AUSF] (../lib/sbi/path.c:349)
[32m09/30 15:00:55.628[0m: [[33mamf[0m] [1;32mINFO[0m: InitialUEMessage (../src/amf/ngap-handler.c:668)
[32m09/30 15:00:55.628[0m: [[33mamf[0m] [1;32mINFO[0m: [Added] Number of gNB-UEs is now 17 (../src/amf/context.c:2932)
[32m09/30 15:00:55.629[0m: [[33mamf[0m] [1;32mINFO[0m:     RAN_UE_NGAP_ID[17] AMF_UE_NGAP_ID[17] TAC[1] CellID[0x10] (../src/amf/ngap-handler.c:878)
[32m09/30 15:00:55.630[0m: [[33mamf[0m] [1;32mINFO[0m: Setup NF EndPoint(addr) [127.0.0.11:7777] (../src/amf/nausf-handler.c:130)
[32m09/30 15:00:55.630[0m: [[33mamf[0m] [1;32mINFO[0m: Setup NF EndPoint(addr) [127.0.0.11:7777] (../src/amf/nausf-handler.c:130)
[32m09/30 15:00:55.631[0m: [[33mamf[0m] [1;32mINFO[0m: [suci-0-999-70-0000-0-0-0000000009] Unknown UE by SUCI (../src/amf/context.c:1934)
[32m09/30 15:00:55.632[0m: [[33mamf[0m] [1;32mINFO[0m: [Added] Number of AMF-UEs is now 17 (../src/amf/context.c:1699)
[32m09/30 15:00:55.632[0m: [[33mgmm[0m] [1;32mINFO[0m: Registration request (../src/amf/gmm-sm.c:1678)
[32m09/30 15:00:55.633[0m: [[33mgmm[0m] [1;32mINFO[0m: [suci-0-999-70-0000-0-0-0000000009]    SUCI (../src/amf/gmm-handler.c:186)
[32m09/30 15:00:55.633[0m: [[33msbi[0m] [1;32mINFO[0m: [b797c2e0-bcdf-41f1-9382-195392c2c03c] Setup NF Instance [type:AUSF] (../lib/sbi/path.c:349)
[32m09/30 15:00:55.634[0m: [[33mgmm[0m] [1;36mWARNING[0m: [suci-0-999-70-0000-0-0-0000000005] Authentication failure [21] (../src/amf/gmm-sm.c:2153)
[32m09/30 15:00:55.635[0m: [[33mgmm[0m] [1;36mWARNING[0m: [suci-0-999-70-0000-0-0-0000000005] Authentication failure(Synch failure[count=0]) (../src/amf/gmm-sm.c:2182)
[32m09/30 15:00:55.635[0m: [[33mamf[0m] [1;32mINFO[0m: InitialUEMessage (../src/amf/ngap-handler.c:668)
[32m09/30 15:00:55.636[0m: [[33mamf[0m] [1;32mINFO[0m: [Added] Number of gNB-UEs is now 18 (../src/amf/context.c:2932)
[32m09/30 15:00:55.637[0m: [[33mamf[0m] [1;32mINFO[0m:     RAN_UE_NGAP_ID[18] AMF_UE_NGAP_ID[18] TAC[1] CellID[0x10] (../src/amf/ngap-handler.c:878)
[32m09/30 15:00:55.637[0m: [[33mamf[0m] [1;32mINFO[0m: Setup NF EndPoint(addr) [127.0.0.11:7777] (../src/amf/nausf-handler.c:130)
[32m09/30 15:00:55.638[0m: [[33mamf[0m] [1;32mINFO[0m: [suci-0-999-70-0000-0-0-0000000019] Unknown UE by SUCI (../src/amf/context.c:1934)
[32m09/30 15:00:55.639[0m: [[33mamf[0m] [1;32mINFO[0m: [Added] Number of AMF-UEs is now 18 (../src/amf/context.c:1699)
[32m09/30 15:00:55.639[0m: [[33mgmm[0m] [1;32mINFO[0m: Registration request (../src/amf/gmm-sm.c:1678)
[32m09/30 15:00:55.640[0m: [[33mgmm[0m] [1;32mINFO[0m: [suci-0-999-70-0000-0-0-0000000019]    SUCI (../src/amf/gmm-handler.c:186)
[32m09/30 15:00:55.640[0m: [[33msbi[0m] [1;32mINFO[0m: [b797c2e0-bcdf-41f1-9382-195392c2c03c] Setup NF Instance [type:AUSF] (../lib/sbi/path.c:349)
[32m09/30 15:00:55.641[0m: [[33mamf[0m] [1;32mINFO[0m: InitialUEMessage (../src/amf/ngap-handler.c:668)
[32m09/30 15:00:55.642[0m: [[33mamf[0m] [1;32mINFO[0m: [Added] Number of gNB-UEs is now 19 (../src/amf/context.c:2932)
[32m09/30 15:00:55.642[0m: [[33mamf[0m] [1;32mINFO[0m:     RAN_UE_NGAP_ID[19] AMF_UE_NGAP_ID[19] TAC[1] CellID[0x10] (../src/amf/ngap-handler.c:878)
[32m09/30 15:00:55.643[0m: [[33mamf[0m] [1;32mINFO[0m: Setup NF EndPoint(addr) [127.0.0.11:7777] (../src/amf/nausf-handler.c:130)
[32m09/30 15:00:55.644[0m: [[33mamf[0m] [1;32mINFO[0m: [suci-0-999-70-0000-0-0-0000000023] Unknown UE by SUCI (../src/amf/context.c:1934)
[32m09/30 15:00:55.644[0m: [[33mamf[0m] [1;32mINFO[0m: [Added] Number of AMF-UEs is now 19 (../src/amf/context.c:1699)
[32m09/30 15:00:55.645[0m: [[33mgmm[0m] [1;32mINFO[0m: Registration request (../src/amf/gmm-sm.c:1678)
[32m09/30 15:00:55.645[0m: [[33mgmm[0m] [1;32mINFO[0m: [suci-0-999-70-0000-0-0-0000000023]    SUCI (../src/amf/gmm-handler.c:186)
[32m09/30 15:00:55.646[0m: [[33msbi[0m] [1;32mINFO[0m: [b797c2e0-bcdf-41f1-9382-195392c2c03c] Setup NF Instance [type:AUSF] (../lib/sbi/path.c:349)
[32m09/30 15:00:55.647[0m: [[33mgmm[0m] [1;36mWARNING[0m: [suci-0-999-70-0000-0-0-0000000021] Authentication failure [21] (../src/amf/gmm-sm.c:2153)
[32m09/30 15:00:55.647[0m: [[33mgmm[0m] [1;36mWARNING[0m: [suci-0-999-70-0000-0-0-0000000021] Authentication failure(Synch failure[count=0]) (../src/amf/gmm-sm.c:2182)
[32m09/30 15:00:55.648[0m: [[33mamf[0m] [1;32mINFO[0m: InitialUEMessage (../src/amf/ngap-handler.c:668)
[32m09/30 15:00:55.648[0m: [[33mamf[0m] [1;32mINFO[0m: [Added] Number of gNB-UEs is now 20 (../src/amf/context.c:2932)
[32m09/30 15:00:55.649[0m: [[33mamf[0m] [1;32mINFO[0m:     RAN_UE_NGAP_ID[20] AMF_UE_NGAP_ID[20] TAC[1] CellID[0x10] (../src/amf/ngap-handler.c:878)
[32m09/30 15:00:55.650[0m: [[33mamf[0m] [1;32mINFO[0m: [suci-0-999-70-0000-0-0-0000000020] Unknown UE by SUCI (../src/amf/context.c:1934)
[32m09/30 15:00:55.650[0m: [[33mamf[0m] [1;32mINFO[0m: [Added] Number of AMF-UEs is now 20 (../src/amf/context.c:1699)
[32m09/30 15:00:55.651[0m: [[33mgmm[0m] [1;32mINFO[0m: Registration request (../src/amf/gmm-sm.c:1678)
[32m09/30 15:00:55.651[0m: [[33mgmm[0m] [1;32mINFO[0m: [suci-0-999-70-0000-0-0-0000000020]    SUCI (../src/amf/gmm-handler.c:186)
[32m09/30 15:00:55.652[0m: [[33msbi[0m] [1;32mINFO[0m: [b797c2e0-bcdf-41f1-9382-195392c2c03c] Setup NF Instance [type:AUSF] (../lib/sbi/path.c:349)
[32m09/30 15:00:55.653[0m: [[33mamf[0m] [1;36mWARNING[0m: UnRef NF EndPoint(addr) [127.0.0.11:7777] (../src/amf/nausf-handler.c:130)
[32m09/30 15:00:55.653[0m: [[33mamf[0m] [1;32mINFO[0m: Setup NF EndPoint(addr) [127.0.0.11:7777] (../src/amf/nausf-handler.c:130)
[32m09/30 15:00:55.654[0m: [[33mamf[0m] [1;32mINFO[0m: Setup NF EndPoint(addr) [127.0.0.11:7777] (../src/amf/nausf-handler.c:130)
[32m09/30 15:00:55.654[0m: [[33mgmm[0m] [1;36mWARNING[0m: [suci-0-999-70-0000-0-0-0000000014] Authentication failure [21] (../src/amf/gmm-sm.c:2153)
[32m09/30 15:00:55.655[0m: [[33mgmm[0m] [1;36mWARNING[0m: [suci-0-999-70-0000-0-0-0000000014] Authentication failure(Synch failure[count=0]) (../src/amf/gmm-sm.c:2182)
[32m09/30 15:00:55.656[0m: [[33mgmm[0m] [1;36mWARNING[0m: [suci-0-999-70-0000-0-0-0000000022] Authentication failure [21] (../src/amf/gmm-sm.c:2153)
[32m09/30 15:00:55.657[0m: [[33mgmm[0m] [1;36mWARNING[0m: [suci-0-999-70-0000-0-0-0000000022] Authentication failure(Synch failure[count=0]) (../src/amf/gmm-sm.c:2182)
[32m09/30 15:00:55.657[0m: [[33mamf[0m] [1;32mINFO[0m: InitialUEMessage (../src/amf/ngap-handler.c:668)
[32m09/30 15:00:55.658[0m: [[33mamf[0m] [1;32mINFO[0m: [Added] Number of gNB-UEs is now 21 (../src/amf/context.c:2932)
[32m09/30 15:00:55.659[0m: [[33mamf[0m] [1;32mINFO[0m:     RAN_UE_NGAP_ID[21] AMF_UE_NGAP_ID[21] TAC[1] CellID[0x10] (../src/amf/ngap-handler.c:878)
[32m09/30 15:00:55.659[0m: [[33mamf[0m] [1;32mINFO[0m: [suci-0-999-70-0000-0-0-0000000013] Unknown UE by SUCI (../src/amf/context.c:1934)
[32m09/30 15:00:55.660[0m: [[33mamf[0m] [1;32mINFO[0m: [Added] Number of AMF-UEs is now 21 (../src/amf/context.c:1699)
[32m09/30 15:00:55.660[0m: [[33mgmm[0m] [1;32mINFO[0m: Registration request (../src/amf/gmm-sm.c:1678)
[32m09/30 15:00:55.661[0m: [[33mgmm[0m] [1;32mINFO[0m: [suci-0-999-70-0000-0-0-0000000013]    SUCI (../src/amf/gmm-handler.c:186)
[32m09/30 15:00:55.661[0m: [[33msbi[0m] [1;32mINFO[0m: [b797c2e0-bcdf-41f1-9382-195392c2c03c] Setup NF Instance [type:AUSF] (../lib/sbi/path.c:349)
[32m09/30 15:00:55.662[0m: [[33mamf[0m] [1;32mINFO[0m: InitialUEMessage (../src/amf/ngap-handler.c:668)
[32m09/30 15:00:55.663[0m: [[33mamf[0m] [1;32mINFO[0m: [Added] Number of gNB-UEs is now 22 (../src/amf/context.c:2932)
[32m09/30 15:00:55.663[0m: [[33mamf[0m] [1;32mINFO[0m:     RAN_UE_NGAP_ID[22] AMF_UE_NGAP_ID[22] TAC[1] CellID[0x10] (../src/amf/ngap-handler.c:878)
[32m09/30 15:00:55.664[0m: [[33mamf[0m] [1;32mINFO[0m: [suci-0-999-70-0000-0-0-0000000003] Unknown UE by SUCI (../src/amf/context.c:1934)
[32m09/30 15:00:55.665[0m: [[33mamf[0m] [1;32mINFO[0m: [Added] Number of AMF-UEs is now 22 (../src/amf/context.c:1699)
[32m09/30 15:00:55.665[0m: [[33mgmm[0m] [1;32mINFO[0m: Registration request (../src/amf/gmm-sm.c:1678)
[32m09/30 15:00:55.666[0m: [[33mgmm[0m] [1;32mINFO[0m: [suci-0-999-70-0000-0-0-0000000003]    SUCI (../src/amf/gmm-handler.c:186)
[32m09/30 15:00:55.666[0m: [[33msbi[0m] [1;32mINFO[0m: [b797c2e0-bcdf-41f1-9382-195392c2c03c] Setup NF Instance [type:AUSF] (../lib/sbi/path.c:349)
[32m09/30 15:00:55.667[0m: [[33mamf[0m] [1;32mINFO[0m: InitialUEMessage (../src/amf/ngap-handler.c:668)
[32m09/30 15:00:55.667[0m: [[33mamf[0m] [1;32mINFO[0m: [Added] Number of gNB-UEs is now 23 (../src/amf/context.c:2932)
[32m09/30 15:00:55.668[0m: [[33mamf[0m] [1;32mINFO[0m:     RAN_UE_NGAP_ID[23] AMF_UE_NGAP_ID[23] TAC[1] CellID[0x10] (../src/amf/ngap-handler.c:878)
[32m09/30 15:00:55.669[0m: [[33mamf[0m] [1;32mINFO[0m: Setup NF EndPoint(addr) [127.0.0.11:7777] (../src/amf/nausf-handler.c:130)
[32m09/30 15:00:55.669[0m: [[33mamf[0m] [1;32mINFO[0m: [suci-0-999-70-0000-0-0-0000000001] Unknown UE by SUCI (../src/amf/context.c:1934)
[32m09/30 15:00:55.670[0m: [[33mamf[0m] [1;32mINFO[0m: [Added] Number of AMF-UEs is now 23 (../src/amf/context.c:1699)
[32m09/30 15:00:55.671[0m: [[33mgmm[0m] [1;32mINFO[0m: Registration request (../src/amf/gmm-sm.c:1678)
[32m09/30 15:00:55.671[0m: [[33mgmm[0m] [1;32mINFO[0m: [suci-0-999-70-0000-0-0-0000000001]    SUCI (../src/amf/gmm-handler.c:186)
[32m09/30 15:00:55.672[0m: [[33msbi[0m] [1;32mINFO[0m: [b797c2e0-bcdf-41f1-9382-195392c2c03c] Setup NF Instance [type:AUSF] (../lib/sbi/path.c:349)
[32m09/30 15:00:55.673[0m: [[33mgmm[0m] [1;36mWARNING[0m: [suci-0-999-70-0000-0-0-0000000006] Authentication failure [21] (../src/amf/gmm-sm.c:2153)
[32m09/30 15:00:55.673[0m: [[33mgmm[0m] [1;36mWARNING[0m: [suci-0-999-70-0000-0-0-0000000006] Authentication failure(Synch failure[count=0]) (../src/amf/gmm-sm.c:2182)
[32m09/30 15:00:55.674[0m: [[33mamf[0m] [1;32mINFO[0m: Setup NF EndPoint(addr) [127.0.0.11:7777] (../src/amf/nausf-handler.c:130)
[32m09/30 15:00:55.675[0m: [[33mgmm[0m] [1;36mWARNING[0m: [suci-0-999-70-0000-0-0-0000000002] Authentication failure [21] (../src/amf/gmm-sm.c:2153)
[32m09/30 15:00:55.676[0m: [[33mgmm[0m] [1;36mWARNING[0m: [suci-0-999-70-0000-0-0-0000000002] Authentication failure(Synch failure[count=0]) (../src/amf/gmm-sm.c:2182)
[32m09/30 15:00:55.676[0m: [[33mgmm[0m] [1;36mWARNING[0m: [suci-0-999-70-0000-0-0-0000000008] Authentication failure [21] (../src/amf/gmm-sm.c:2153)
[32m09/30 15:00:55.677[0m: [[33mgmm[0m] [1;36mWARNING[0m: [suci-0-999-70-0000-0-0-0000000008] Authentication failure(Synch failure[count=0]) (../src/amf/gmm-sm.c:2182)
[32m09/30 15:00:55.678[0m: [[33mgmm[0m] [1;36mWARNING[0m: [suci-0-999-70-0000-0-0-0000000012] Authentication failure [21] (../src/amf/gmm-sm.c:2153)
[32m09/30 15:00:55.679[0m: [[33mgmm[0m] [1;36mWARNING[0m: [suci-0-999-70-0000-0-0-0000000012] Authentication failure(Synch failure[count=0]) (../src/amf/gmm-sm.c:2182)
[32m09/30 15:00:55.680[0m: [[33mgmm[0m] [1;36mWARNING[0m: [suci-0-999-70-0000-0-0-0000000011] Authentication failure [21] (../src/amf/gmm-sm.c:2153)
[32m09/30 15:00:55.680[0m: [[33mgmm[0m] [1;36mWARNING[0m: [suci-0-999-70-0000-0-0-0000000011] Authentication failure(Synch failure[count=0]) (../src/amf/gmm-sm.c:2182)
[32m09/30 15:00:55.681[0m: [[33mamf[0m] [1;36mWARNING[0m: UnRef NF EndPoint(addr) [127.0.0.11:7777] (../src/amf/nausf-handler.c:130)
[32m09/30 15:00:55.682[0m: [[33mamf[0m] [1;32mINFO[0m: Setup NF EndPoint(addr) [127.0.0.11:7777] (../src/amf/nausf-handler.c:130)
[32m09/30 15:00:55.682[0m: [[33mgmm[0m] [1;36mWARNING[0m: [suci-0-999-70-0000-0-0-0000000024] Authentication failure [21] (../src/amf/gmm-sm.c:2153)
[32m09/30 15:00:55.683[0m: [[33mgmm[0m] [1;36mWARNING[0m: [suci-0-999-70-0000-0-0-0000000024] Authentication failure(Synch failure[count=0]) (../src/amf/gmm-sm.c:2182)
[32m09/30 15:00:55.684[0m: [[33mgmm[0m] [1;36mWARNING[0m: [suci-0-999-70-0000-0-0-0000000017] Authentication failure [21] (../src/amf/gmm-sm.c:2153)
[32m09/30 15:00:55.685[0m: [[33mgmm[0m] [1;36mWARNING[0m: [suci-0-999-70-0000-0-0-0000000017] Authentication failure(Synch failure[count=0]) (../src/amf/gmm-sm.c:2182)
[32m09/30 15:00:55.685[0m: [[33mgmm[0m] [1;36mWARNING[0m: [suci-0-999-70-0000-0-0-0000000015] Authentication failure [21] (../src/amf/gmm-sm.c:2153)
[32m09/30 15:00:55.686[0m: [[33mgmm[0m] [1;36mWARNING[0m: [suci-0-999-70-0000-0-0-0000000015] Authentication failure(Synch failure[count=0]) (../src/amf/gmm-sm.c:2182)
[32m09/30 15:00:55.687[0m: [[33mgmm[0m] [1;36mWARNING[0m: [suci-0-999-70-0000-0-0-0000000007] Authentication failure [21] (../src/amf/gmm-sm.c:2153)
[32m09/30 15:00:55.687[0m: [[33mgmm[0m] [1;36mWARNING[0m: [suci-0-999-70-0000-0-0-0000000007] Authentication failure(Synch failure[count=0]) (../src/amf/gmm-sm.c:2182)
[32m09/30 15:00:55.688[0m: [[33mgmm[0m] [1;36mWARNING[0m: [suci-0-999-70-0000-0-0-0000000010] Authentication failure [21] (../src/amf/gmm-sm.c:2153)
[32m09/30 15:00:55.689[0m: [[33mgmm[0m] [1;36mWARNING[0m: [suci-0-999-70-0000-0-0-0000000010] Authentication failure(Synch failure[count=0]) (../src/amf/gmm-sm.c:2182)
[32m09/30 15:00:55.689[0m: [[33mgmm[0m] [1;36mWARNING[0m: [suci-0-999-70-0000-0-0-0000000004] Authentication failure [21] (../src/amf/gmm-sm.c:2153)
[32m09/30 15:00:55.690[0m: [[33mgmm[0m] [1;36mWARNING[0m: [suci-0-999-70-0000-0-0-0000000004] Authentication failure(Synch failure[count=0]) (../src/amf/gmm-sm.c:2182)
[32m09/30 15:00:55.691[0m: [[33mgmm[0m] [1;36mWARNING[0m: [suci-0-999-70-0000-0-0-0000000009] Authentication failure [21] (../src/amf/gmm-sm.c:2153)
[32m09/30 15:00:55.692[0m: [[33mgmm[0m] [1;36mWARNING[0m: [suci-0-999-70-0000-0-0-0000000009] Authentication failure(Synch failure[count=0]) (../src/amf/gmm-sm.c:2182)
[32m09/30 15:00:55.692[0m: [[33mgmm[0m] [1;36mWARNING[0m: [suci-0-999-70-0000-0-0-0000000019] Authentication failure [21] (../src/amf/gmm-sm.c:2153)
[32m09/30 15:00:55.693[0m: [[33mgmm[0m] [1;36mWARNING[0m: [suci-0-999-70-0000-0-0-0000000019] Authentication failure(Synch failure[count=0]) (../src/amf/gmm-sm.c:2182)
[32m09/30 15:00:55.694[0m: [[33mgmm[0m] [1;36mWARNING[0m: [suci-0-999-70-0000-0-0-0000000023] Authentication failure [21] (../src/amf/gmm-sm.c:2153)
[32m09/30 15:00:55.695[0m: [[33mgmm[0m] [1;36mWARNING[0m: [suci-0-999-70-0000-0-0-0000000023] Authentication failure(Synch failure[count=0]) (../src/amf/gmm-sm.c:2182)
[32m09/30 15:00:55.715[0m: [[33mamf[0m] [1;32mINFO[0m: Setup NF EndPoint(addr) [127.0.0.11:7777] (../src/amf/nausf-handler.c:130)
[32m09/30 15:00:55.728[0m: [[33mgmm[0m] [1;36mWARNING[0m: [suci-0-999-70-0000-0-0-0000000020] Authentication failure [21] (../src/amf/gmm-sm.c:2153)
[32m09/30 15:00:55.728[0m: [[33mgmm[0m] [1;36mWARNING[0m: [suci-0-999-70-0000-0-0-0000000020] Authentication failure(Synch failure[count=0]) (../src/amf/gmm-sm.c:2182)
[32m09/30 15:00:55.738[0m: [[33mamf[0m] [1;36mWARNING[0m: UnRef NF EndPoint(addr) [127.0.0.11:7777] (../src/amf/nausf-handler.c:130)
[32m09/30 15:00:55.739[0m: [[33mamf[0m] [1;32mINFO[0m: Setup NF EndPoint(addr) [127.0.0.11:7777] (../src/amf/nausf-handler.c:130)
[32m09/30 15:00:55.740[0m: [[33msbi[0m] [1;32mINFO[0m: [b7e55d20-bcdf-41f1-9d33-714fd73a3d42] Setup NF Instance [type:UDM] (../lib/sbi/path.c:349)
[32m09/30 15:00:55.742[0m: [[33mamf[0m] [1;36mWARNING[0m: UnRef NF EndPoint(addr) [127.0.0.11:7777] (../src/amf/nausf-handler.c:130)
[32m09/30 15:00:55.742[0m: [[33mamf[0m] [1;32mINFO[0m: Setup NF EndPoint(addr) [127.0.0.11:7777] (../src/amf/nausf-handler.c:130)
[32m09/30 15:00:55.745[0m: [[33mamf[0m] [1;32mINFO[0m: Setup NF EndPoint(addr) [127.0.0.11:7777] (../src/amf/nausf-handler.c:130)
[32m09/30 15:00:55.754[0m: [[33mamf[0m] [1;32mINFO[0m: Setup NF EndPoint(addr) [127.0.0.11:7777] (../src/amf/nausf-handler.c:130)
[32m09/30 15:00:55.754[0m: [[33mgmm[0m] [1;36mWARNING[0m: [suci-0-999-70-0000-0-0-0000000013] Authentication failure [21] (../src/amf/gmm-sm.c:2153)
[32m09/30 15:00:55.755[0m: [[33mgmm[0m] [1;36mWARNING[0m: [suci-0-999-70-0000-0-0-0000000013] Authentication failure(Synch failure[count=0]) (../src/amf/gmm-sm.c:2182)
[32m09/30 15:00:55.756[0m: [[33mamf[0m] [1;32mINFO[0m: Setup NF EndPoint(addr) [127.0.0.11:7777] (../src/amf/nausf-handler.c:130)
[32m09/30 15:00:55.757[0m: [[33mgmm[0m] [1;36mWARNING[0m: [suci-0-999-70-0000-0-0-0000000003] Authentication failure [21] (../src/amf/gmm-sm.c:2153)
[32m09/30 15:00:55.757[0m: [[33mgmm[0m] [1;36mWARNING[0m: [suci-0-999-70-0000-0-0-0000000003] Authentication failure(Synch failure[count=0]) (../src/amf/gmm-sm.c:2182)
[32m09/30 15:00:55.761[0m: [[33mamf[0m] [1;36mWARNING[0m: UnRef NF EndPoint(addr) [127.0.0.11:7777] (../src/amf/nausf-handler.c:130)
[32m09/30 15:00:55.762[0m: [[33mamf[0m] [1;32mINFO[0m: Setup NF EndPoint(addr) [127.0.0.11:7777] (../src/amf/nausf-handler.c:130)
[32m09/30 15:00:55.763[0m: [[33mgmm[0m] [1;36mWARNING[0m: [suci-0-999-70-0000-0-0-0000000001] Authentication failure [21] (../src/amf/gmm-sm.c:2153)
[32m09/30 15:00:55.764[0m: [[33mgmm[0m] [1;36mWARNING[0m: [suci-0-999-70-0000-0-0-0000000001] Authentication failure(Synch failure[count=0]) (../src/amf/gmm-sm.c:2182)
[32m09/30 15:00:55.768[0m: [[33mamf[0m] [1;36mWARNING[0m: UnRef NF EndPoint(addr) [127.0.0.11:7777] (../src/amf/nausf-handler.c:130)
[32m09/30 15:00:55.768[0m: [[33mamf[0m] [1;32mINFO[0m: Setup NF EndPoint(addr) [127.0.0.11:7777] (../src/amf/nausf-handler.c:130)
[32m09/30 15:00:55.773[0m: [[33mamf[0m] [1;36mWARNING[0m: UnRef NF EndPoint(addr) [127.0.0.11:7777] (../src/amf/nausf-handler.c:130)
[32m09/30 15:00:55.773[0m: [[33mamf[0m] [1;32mINFO[0m: Setup NF EndPoint(addr) [127.0.0.11:7777] (../src/amf/nausf-handler.c:130)
[32m09/30 15:00:55.781[0m: [[33mamf[0m] [1;36mWARNING[0m: UnRef NF EndPoint(addr) [127.0.0.11:7777] (../src/amf/nausf-handler.c:130)
[32m09/30 15:00:55.782[0m: [[33mamf[0m] [1;32mINFO[0m: Setup NF EndPoint(addr) [127.0.0.11:7777] (../src/amf/nausf-handler.c:130)
[32m09/30 15:00:55.785[0m: [[33mamf[0m] [1;36mWARNING[0m: UnRef NF EndPoint(addr) [127.0.0.11:7777] (../src/amf/nausf-handler.c:130)
[32m09/30 15:00:55.786[0m: [[33mamf[0m] [1;32mINFO[0m: Setup NF EndPoint(addr) [127.0.0.11:7777] (../src/amf/nausf-handler.c:130)
[32m09/30 15:00:55.793[0m: [[33msbi[0m] [1;32mINFO[0m: [b7e55d20-bcdf-41f1-9d33-714fd73a3d42] Setup NF Instance [type:UDM] (../lib/sbi/path.c:349)
[32m09/30 15:00:55.798[0m: [[33mamf[0m] [1;36mWARNING[0m: UnRef NF EndPoint(addr) [127.0.0.11:7777] (../src/amf/nausf-handler.c:130)
[32m09/30 15:00:55.799[0m: [[33mamf[0m] [1;32mINFO[0m: Setup NF EndPoint(addr) [127.0.0.11:7777] (../src/amf/nausf-handler.c:130)
[32m09/30 15:00:55.803[0m: [[33mamf[0m] [1;36mWARNING[0m: UnRef NF EndPoint(addr) [127.0.0.11:7777] (../src/amf/nausf-handler.c:130)
[32m09/30 15:00:55.804[0m: [[33mamf[0m] [1;32mINFO[0m: Setup NF EndPoint(addr) [127.0.0.11:7777] (../src/amf/nausf-handler.c:130)
[32m09/30 15:00:55.806[0m: [[33mamf[0m] [1;36mWARNING[0m: UnRef NF EndPoint(addr) [127.0.0.11:7777] (../src/amf/nausf-handler.c:130)
[32m09/30 15:00:55.807[0m: [[33mamf[0m] [1;32mINFO[0m: Setup NF EndPoint(addr) [127.0.0.11:7777] (../src/amf/nausf-handler.c:130)
[32m09/30 15:00:55.810[0m: [[33mamf[0m] [1;36mWARNING[0m: UnRef NF EndPoint(addr) [127.0.0.11:7777] (../src/amf/nausf-handler.c:130)
[32m09/30 15:00:55.810[0m: [[33mamf[0m] [1;32mINFO[0m: Setup NF EndPoint(addr) [127.0.0.11:7777] (../src/amf/nausf-handler.c:130)
[32m09/30 15:00:55.815[0m: [[33mamf[0m] [1;36mWARNING[0m: UnRef NF EndPoint(addr) [127.0.0.11:7777] (../src/amf/nausf-handler.c:130)
[32m09/30 15:00:55.815[0m: [[33mamf[0m] [1;32mINFO[0m: Setup NF EndPoint(addr) [127.0.0.11:7777] (../src/amf/nausf-handler.c:130)
[32m09/30 15:00:55.818[0m: [[33mamf[0m] [1;36mWARNING[0m: UnRef NF EndPoint(addr) [127.0.0.11:7777] (../src/amf/nausf-handler.c:130)
[32m09/30 15:00:55.819[0m: [[33mamf[0m] [1;32mINFO[0m: Setup NF EndPoint(addr) [127.0.0.11:7777] (../src/amf/nausf-handler.c:130)
[32m09/30 15:00:55.833[0m: [[33mamf[0m] [1;36mWARNING[0m: UnRef NF EndPoint(addr) [127.0.0.11:7777] (../src/amf/nausf-handler.c:130)
[32m09/30 15:00:55.834[0m: [[33mamf[0m] [1;32mINFO[0m: Setup NF EndPoint(addr) [127.0.0.11:7777] (../src/amf/nausf-handler.c:130)
[32m09/30 15:00:55.835[0m: [[33msbi[0m] [1;32mINFO[0m: [b7e55d20-bcdf-41f1-9d33-714fd73a3d42] Setup NF Instance [type:UDM] (../lib/sbi/path.c:349)
[32m09/30 15:00:55.839[0m: [[33mamf[0m] [1;36mWARNING[0m: UnRef NF EndPoint(addr) [127.0.0.11:7777] (../src/amf/nausf-handler.c:130)
[32m09/30 15:00:55.839[0m: [[33mamf[0m] [1;32mINFO[0m: Setup NF EndPoint(addr) [127.0.0.11:7777] (../src/amf/nausf-handler.c:130)
[32m09/30 15:00:55.842[0m: [[33mamf[0m] [1;36mWARNING[0m: UnRef NF EndPoint(addr) [127.0.0.11:7777] (../src/amf/nausf-handler.c:130)
[32m09/30 15:00:55.843[0m: [[33mamf[0m] [1;32mINFO[0m: Setup NF EndPoint(addr) [127.0.0.11:7777] (../src/amf/nausf-handler.c:130)
[32m09/30 15:00:55.853[0m: [[33mamf[0m] [1;36mWARNING[0m: UnRef NF EndPoint(addr) [127.0.0.11:7777] (../src/amf/nausf-handler.c:130)
[32m09/30 15:00:55.854[0m: [[33mamf[0m] [1;32mINFO[0m: Setup NF EndPoint(addr) [127.0.0.11:7777] (../src/amf/nausf-handler.c:130)
[32m09/30 15:00:55.855[0m: [[33msbi[0m] [1;32mINFO[0m: [b7e55d20-bcdf-41f1-9d33-714fd73a3d42] Setup NF Instance [type:UDM] (../lib/sbi/path.c:349)
[32m09/30 15:00:55.863[0m: [[33msbi[0m] [1;32mINFO[0m: [b7e55d20-bcdf-41f1-9d33-714fd73a3d42] Setup NF Instance [type:UDM] (../lib/sbi/path.c:349)
[32m09/30 15:00:55.868[0m: [[33mamf[0m] [1;36mWARNING[0m: UnRef NF EndPoint(addr) [127.0.0.11:7777] (../src/amf/nausf-handler.c:130)
[32m09/30 15:00:55.869[0m: [[33mamf[0m] [1;32mINFO[0m: Setup NF EndPoint(addr) [127.0.0.11:7777] (../src/amf/nausf-handler.c:130)
[32m09/30 15:00:55.869[0m: [[33msbi[0m] [1;32mINFO[0m: [b7e55d20-bcdf-41f1-9d33-714fd73a3d42] Setup NF Instance [type:UDM] (../lib/sbi/path.c:349)
[32m09/30 15:00:55.873[0m: [[33mamf[0m] [1;36mWARNING[0m: UnRef NF EndPoint(addr) [127.0.0.11:7777] (../src/amf/nausf-handler.c:130)
[32m09/30 15:00:55.874[0m: [[33mamf[0m] [1;32mINFO[0m: Setup NF EndPoint(addr) [127.0.0.11:7777] (../src/amf/nausf-handler.c:130)
[32m09/30 15:00:55.879[0m: [[33msbi[0m] [1;32mINFO[0m: [b7e55d20-bcdf-41f1-9d33-714fd73a3d42] Setup NF Instance [type:UDM] (../lib/sbi/path.c:349)
[32m09/30 15:00:55.883[0m: [[33mamf[0m] [1;36mWARNING[0m: UnRef NF EndPoint(addr) [127.0.0.11:7777] (../src/amf/nausf-handler.c:130)
[32m09/30 15:00:55.884[0m: [[33mamf[0m] [1;32mINFO[0m: Setup NF EndPoint(addr) [127.0.0.11:7777] (../src/amf/nausf-handler.c:130)
[32m09/30 15:00:55.889[0m: [[33msbi[0m] [1;32mINFO[0m: [b7e55d20-bcdf-41f1-9d33-714fd73a3d42] Setup NF Instance [type:UDM] (../lib/sbi/path.c:349)
[32m09/30 15:00:55.893[0m: [[33msbi[0m] [1;32mINFO[0m: [b7e55d20-bcdf-41f1-9d33-714fd73a3d42] Setup NF Instance [type:UDM] (../lib/sbi/path.c:349)
[32m09/30 15:00:55.898[0m: [[33msbi[0m] [1;32mINFO[0m: [b7e55d20-bcdf-41f1-9d33-714fd73a3d42] Setup NF Instance [type:UDM] (../lib/sbi/path.c:349)
[32m09/30 15:00:55.900[0m: [[33msbi[0m] [1;32mINFO[0m: [b7e55d20-bcdf-41f1-9d33-714fd73a3d42] Setup NF Instance [type:UDM] (../lib/sbi/path.c:349)
[32m09/30 15:00:55.906[0m: [[33msbi[0m] [1;32mINFO[0m: [b7e55d20-bcdf-41f1-9d33-714fd73a3d42] Setup NF Instance [type:UDM] (../lib/sbi/path.c:349)
[32m09/30 15:00:55.908[0m: [[33msbi[0m] [1;32mINFO[0m: [b7e55d20-bcdf-41f1-9d33-714fd73a3d42] Setup NF Instance [type:UDM] (../lib/sbi/path.c:349)
[32m09/30 15:00:55.915[0m: [[33msbi[0m] [1;32mINFO[0m: [b7e55d20-bcdf-41f1-9d33-714fd73a3d42] Setup NF Instance [type:UDM] (../lib/sbi/path.c:349)
[32m09/30 15:00:55.919[0m: [[33msbi[0m] [1;32mINFO[0m: [b7e55d20-bcdf-41f1-9d33-714fd73a3d42] Setup NF Instance [type:UDM] (../lib/sbi/path.c:349)
[32m09/30 15:00:55.922[0m: [[33msbi[0m] [1;32mINFO[0m: [b7e55d20-bcdf-41f1-9d33-714fd73a3d42] Setup NF Instance [type:UDM] (../lib/sbi/path.c:349)
[32m09/30 15:00:55.926[0m: [[33msbi[0m] [1;32mINFO[0m: [b7e55d20-bcdf-41f1-9d33-714fd73a3d42] Setup NF Instance [type:UDM] (../lib/sbi/path.c:349)
[32m09/30 15:00:55.929[0m: [[33msbi[0m] [1;32mINFO[0m: [b7e55d20-bcdf-41f1-9d33-714fd73a3d42] Setup NF Instance [type:UDM] (../lib/sbi/path.c:349)
[32m09/30 15:00:55.931[0m: [[33msbi[0m] [1;32mINFO[0m: [b7e55d20-bcdf-41f1-9d33-714fd73a3d42] Setup NF Instance [type:UDM] (../lib/sbi/path.c:349)
[32m09/30 15:00:55.936[0m: [[33msbi[0m] [1;32mINFO[0m: [b7e55d20-bcdf-41f1-9d33-714fd73a3d42] Setup NF Instance [type:UDM] (../lib/sbi/path.c:349)
[32m09/30 15:00:55.938[0m: [[33msbi[0m] [1;32mINFO[0m: [b7e55d20-bcdf-41f1-9d33-714fd73a3d42] Setup NF Instance [type:UDM] (../lib/sbi/path.c:349)
[32m09/30 15:00:55.941[0m: [[33msbi[0m] [1;32mINFO[0m: [b7e55d20-bcdf-41f1-9d33-714fd73a3d42] Setup NF Instance [type:UDM] (../lib/sbi/path.c:349)
[32m09/30 15:00:55.943[0m: [[33msbi[0m] [1;32mINFO[0m: [b7e55d20-bcdf-41f1-9d33-714fd73a3d42] Setup NF Instance [type:UDM] (../lib/sbi/path.c:349)
[32m09/30 15:00:55.949[0m: [[33msbi[0m] [1;32mINFO[0m: [b7e55d20-bcdf-41f1-9d33-714fd73a3d42] Setup NF Instance [type:UDM] (../lib/sbi/path.c:349)
[32m09/30 15:00:55.951[0m: [[33msbi[0m] [1;32mINFO[0m: [b7e55d20-bcdf-41f1-9d33-714fd73a3d42] Setup NF Instance [type:UDM] (../lib/sbi/path.c:349)
[32m09/30 15:00:55.954[0m: [[33msbi[0m] [1;32mINFO[0m: [b7e55d20-bcdf-41f1-9d33-714fd73a3d42] Setup NF Instance [type:UDM] (../lib/sbi/path.c:349)
[32m09/30 15:00:55.957[0m: [[33mamf[0m] [1;32mINFO[0m: Setup NF EndPoint(addr) [127.0.0.12:7777] (../src/amf/nudm-handler.c:422)
[32m09/30 15:00:55.957[0m: [[33msbi[0m] [1;32mINFO[0m: [b80be7b0-bcdf-41f1-954d-db275a7d4391] Setup NF Instance [type:PCF] (../lib/sbi/path.c:349)
[32m09/30 15:00:55.961[0m: [[33msbi[0m] [1;32mINFO[0m: [b7e55d20-bcdf-41f1-9d33-714fd73a3d42] Setup NF Instance [type:UDM] (../lib/sbi/path.c:349)
[32m09/30 15:00:55.963[0m: [[33msbi[0m] [1;32mINFO[0m: [b7e55d20-bcdf-41f1-9d33-714fd73a3d42] Setup NF Instance [type:UDM] (../lib/sbi/path.c:349)
[32m09/30 15:00:55.966[0m: [[33msbi[0m] [1;32mINFO[0m: [b7e55d20-bcdf-41f1-9d33-714fd73a3d42] Setup NF Instance [type:UDM] (../lib/sbi/path.c:349)
[32m09/30 15:00:55.969[0m: [[33msbi[0m] [1;32mINFO[0m: [b7e55d20-bcdf-41f1-9d33-714fd73a3d42] Setup NF Instance [type:UDM] (../lib/sbi/path.c:349)
[32m09/30 15:00:55.970[0m: [[33msbi[0m] [1;32mINFO[0m: [b7e55d20-bcdf-41f1-9d33-714fd73a3d42] Setup NF Instance [type:UDM] (../lib/sbi/path.c:349)
[32m09/30 15:00:55.971[0m: [[33msbi[0m] [1;32mINFO[0m: [b7e55d20-bcdf-41f1-9d33-714fd73a3d42] Setup NF Instance [type:UDM] (../lib/sbi/path.c:349)
[32m09/30 15:00:55.973[0m: [[33msbi[0m] [1;32mINFO[0m: [b7e55d20-bcdf-41f1-9d33-714fd73a3d42] Setup NF Instance [type:UDM] (../lib/sbi/path.c:349)
[32m09/30 15:00:55.982[0m: [[33msbi[0m] [1;32mINFO[0m: [b7e55d20-bcdf-41f1-9d33-714fd73a3d42] Setup NF Instance [type:UDM] (../lib/sbi/path.c:349)
[32m09/30 15:00:55.989[0m: [[33msbi[0m] [1;32mINFO[0m: [b7e55d20-bcdf-41f1-9d33-714fd73a3d42] Setup NF Instance [type:UDM] (../lib/sbi/path.c:349)
[32m09/30 15:00:55.993[0m: [[33msbi[0m] [1;32mINFO[0m: [b7e55d20-bcdf-41f1-9d33-714fd73a3d42] Setup NF Instance [type:UDM] (../lib/sbi/path.c:349)
[32m09/30 15:00:56.007[0m: [[33msbi[0m] [1;32mINFO[0m: [b7e55d20-bcdf-41f1-9d33-714fd73a3d42] Setup NF Instance [type:UDM] (../lib/sbi/path.c:349)
[32m09/30 15:00:56.011[0m: [[33msbi[0m] [1;32mINFO[0m: [b7e55d20-bcdf-41f1-9d33-714fd73a3d42] Setup NF Instance [type:UDM] (../lib/sbi/path.c:349)
[32m09/30 15:00:56.015[0m: [[33msbi[0m] [1;32mINFO[0m: [b7e55d20-bcdf-41f1-9d33-714fd73a3d42] Setup NF Instance [type:UDM] (../lib/sbi/path.c:349)
[32m09/30 15:00:56.023[0m: [[33msbi[0m] [1;32mINFO[0m: [b7e55d20-bcdf-41f1-9d33-714fd73a3d42] Setup NF Instance [type:UDM] (../lib/sbi/path.c:349)
[32m09/30 15:00:56.024[0m: [[33msbi[0m] [1;32mINFO[0m: [b7e55d20-bcdf-41f1-9d33-714fd73a3d42] Setup NF Instance [type:UDM] (../lib/sbi/path.c:349)
[32m09/30 15:00:56.025[0m: [[33mamf[0m] [1;32mINFO[0m: Setup NF EndPoint(addr) [127.0.0.13:7777] (../src/amf/npcf-handler.c:143)
[32m09/30 15:00:56.025[0m: [[33msbi[0m] [1;32mINFO[0m: [b7e55d20-bcdf-41f1-9d33-714fd73a3d42] Setup NF Instance [type:UDM] (../lib/sbi/path.c:349)
[32m09/30 15:00:56.026[0m: [[33msbi[0m] [1;32mINFO[0m: [b7e55d20-bcdf-41f1-9d33-714fd73a3d42] Setup NF Instance [type:UDM] (../lib/sbi/path.c:349)
[32m09/30 15:00:56.027[0m: [[33msbi[0m] [1;32mINFO[0m: [b7e55d20-bcdf-41f1-9d33-714fd73a3d42] Setup NF Instance [type:UDM] (../lib/sbi/path.c:349)
[32m09/30 15:00:56.035[0m: [[33msbi[0m] [1;32mINFO[0m: [b7e55d20-bcdf-41f1-9d33-714fd73a3d42] Setup NF Instance [type:UDM] (../lib/sbi/path.c:349)
[32m09/30 15:00:56.048[0m: [[33mamf[0m] [1;32mINFO[0m: Setup NF EndPoint(addr) [127.0.0.12:7777] (../src/amf/nudm-handler.c:422)
[32m09/30 15:00:56.048[0m: [[33msbi[0m] [1;32mINFO[0m: [b80be7b0-bcdf-41f1-954d-db275a7d4391] Setup NF Instance [type:PCF] (../lib/sbi/path.c:349)
[32m09/30 15:00:56.077[0m: [[33mamf[0m] [1;32mINFO[0m: Setup NF EndPoint(addr) [127.0.0.12:7777] (../src/amf/nudm-handler.c:422)
[32m09/30 15:00:56.078[0m: [[33msbi[0m] [1;32mINFO[0m: [b80be7b0-bcdf-41f1-954d-db275a7d4391] Setup NF Instance [type:PCF] (../lib/sbi/path.c:349)
[32m09/30 15:00:56.084[0m: [[33mamf[0m] [1;32mINFO[0m: Setup NF EndPoint(addr) [127.0.0.12:7777] (../src/amf/nudm-handler.c:422)
[32m09/30 15:00:56.085[0m: [[33msbi[0m] [1;32mINFO[0m: [b80be7b0-bcdf-41f1-954d-db275a7d4391] Setup NF Instance [type:PCF] (../lib/sbi/path.c:349)
[32m09/30 15:00:56.088[0m: [[33mamf[0m] [1;32mINFO[0m: Setup NF EndPoint(addr) [127.0.0.12:7777] (../src/amf/nudm-handler.c:422)
[32m09/30 15:00:56.089[0m: [[33msbi[0m] [1;32mINFO[0m: [b80be7b0-bcdf-41f1-954d-db275a7d4391] Setup NF Instance [type:PCF] (../lib/sbi/path.c:349)
[32m09/30 15:00:56.094[0m: [[33mamf[0m] [1;32mINFO[0m: Setup NF EndPoint(addr) [127.0.0.12:7777] (../src/amf/nudm-handler.c:422)
[32m09/30 15:00:56.095[0m: [[33msbi[0m] [1;32mINFO[0m: [b80be7b0-bcdf-41f1-954d-db275a7d4391] Setup NF Instance [type:PCF] (../lib/sbi/path.c:349)
[32m09/30 15:00:56.111[0m: [[33mamf[0m] [1;32mINFO[0m: Setup NF EndPoint(addr) [127.0.0.13:7777] (../src/amf/npcf-handler.c:143)
[32m09/30 15:00:56.112[0m: [[33mgmm[0m] [1;32mINFO[0m: [imsi-999700000000018] Registration complete (../src/amf/gmm-sm.c:3165)
[32m09/30 15:00:56.113[0m: [[33mamf[0m] [1;32mINFO[0m: [imsi-999700000000018] Configuration update command (../src/amf/nas-path.c:609)
[32m09/30 15:00:56.114[0m: [[33mgmm[0m] [1;32mINFO[0m:     UTC [2026-09-30T15:00:56] Timezone[0]/DST[0] (../src/amf/gmm-build.c:551)
[32m09/30 15:00:56.114[0m: [[33mgmm[0m] [1;32mINFO[0m:     LOCAL [2026-09-30T15:00:56] Timezone[0]/DST[0] (../src/amf/gmm-build.c:556)
[32m09/30 15:00:56.115[0m: [[33mgmm[0m] [1;32mINFO[0m: [imsi-999700000000005] Registration complete (../src/amf/gmm-sm.c:3165)
[32m09/30 15:00:56.116[0m: [[33mamf[0m] [1;32mINFO[0m: [imsi-999700000000005] Configuration update command (../src/amf/nas-path.c:609)
[32m09/30 15:00:56.117[0m: [[33mgmm[0m] [1;32mINFO[0m:     UTC [2026-09-30T15:00:56] Timezone[0]/DST[0] (../src/amf/gmm-build.c:551)
[32m09/30 15:00:56.117[0m: [[33mgmm[0m] [1;32mINFO[0m:     LOCAL [2026-09-30T15:00:56] Timezone[0]/DST[0] (../src/amf/gmm-build.c:556)
[32m09/30 15:00:56.122[0m: [[33msbi[0m] [1;32mINFO[0m: [b7e55d20-bcdf-41f1-9d33-714fd73a3d42] Setup NF Instance [type:UDM] (../lib/sbi/path.c:349)
[32m09/30 15:00:56.129[0m: [[33mamf[0m] [1;32mINFO[0m: Setup NF EndPoint(addr) [127.0.0.13:7777] (../src/amf/npcf-handler.c:143)
[32m09/30 15:00:56.130[0m: [[33mamf[0m] [1;32mINFO[0m: Setup NF EndPoint(addr) [127.0.0.13:7777] (../src/amf/npcf-handler.c:143)
[32m09/30 15:00:56.131[0m: [[33mamf[0m] [1;32mINFO[0m: Setup NF EndPoint(addr) [127.0.0.13:7777] (../src/amf/npcf-handler.c:143)
[32m09/30 15:00:56.132[0m: [[33mamf[0m] [1;32mINFO[0m: Setup NF EndPoint(addr) [127.0.0.13:7777] (../src/amf/npcf-handler.c:143)
[32m09/30 15:00:56.133[0m: [[33mgmm[0m] [1;32mINFO[0m: [imsi-999700000000021] Registration complete (../src/amf/gmm-sm.c:3165)
[32m09/30 15:00:56.133[0m: [[33mamf[0m] [1;32mINFO[0m: [imsi-999700000000021] Configuration update command (../src/amf/nas-path.c:609)
[32m09/30 15:00:56.134[0m: [[33mgmm[0m] [1;32mINFO[0m:     UTC [2026-09-30T15:00:56] Timezone[0]/DST[0] (../src/amf/gmm-build.c:551)
[32m09/30 15:00:56.134[0m: [[33mgmm[0m] [1;32mINFO[0m:     LOCAL [2026-09-30T15:00:56] Timezone[0]/DST[0] (../src/amf/gmm-build.c:556)
[32m09/30 15:00:56.135[0m: [[33mgmm[0m] [1;32mINFO[0m: [imsi-999700000000014] Registration complete (../src/amf/gmm-sm.c:3165)
[32m09/30 15:00:56.136[0m: [[33mamf[0m] [1;32mINFO[0m: [imsi-999700000000014] Configuration update command (../src/amf/nas-path.c:609)
[32m09/30 15:00:56.136[0m: [[33mgmm[0m] [1;32mINFO[0m:     UTC [2026-09-30T15:00:56] Timezone[0]/DST[0] (../src/amf/gmm-build.c:551)
[32m09/30 15:00:56.137[0m: [[33mgmm[0m] [1;32mINFO[0m:     LOCAL [2026-09-30T15:00:56] Timezone[0]/DST[0] (../src/amf/gmm-build.c:556)
[32m09/30 15:00:56.138[0m: [[33mgmm[0m] [1;32mINFO[0m: [imsi-999700000000022] Registration complete (../src/amf/gmm-sm.c:3165)
[32m09/30 15:00:56.139[0m: [[33mamf[0m] [1;32mINFO[0m: [imsi-999700000000022] Configuration update command (../src/amf/nas-path.c:609)
[32m09/30 15:00:56.139[0m: [[33mgmm[0m] [1;32mINFO[0m:     UTC [2026-09-30T15:00:56] Timezone[0]/DST[0] (../src/amf/gmm-build.c:551)
[32m09/30 15:00:56.140[0m: [[33mgmm[0m] [1;32mINFO[0m:     LOCAL [2026-09-30T15:00:56] Timezone[0]/DST[0] (../src/amf/gmm-build.c:556)
[32m09/30 15:00:56.141[0m: [[33mgmm[0m] [1;32mINFO[0m: [imsi-999700000000006] Registration complete (../src/amf/gmm-sm.c:3165)
[32m09/30 15:00:56.142[0m: [[33mamf[0m] [1;32mINFO[0m: [imsi-999700000000006] Configuration update command (../src/amf/nas-path.c:609)
[32m09/30 15:00:56.142[0m: [[33mgmm[0m] [1;32mINFO[0m:     UTC [2026-09-30T15:00:56] Timezone[0]/DST[0] (../src/amf/gmm-build.c:551)
[32m09/30 15:00:56.143[0m: [[33mgmm[0m] [1;32mINFO[0m:     LOCAL [2026-09-30T15:00:56] Timezone[0]/DST[0] (../src/amf/gmm-build.c:556)
[32m09/30 15:00:56.151[0m: [[33mamf[0m] [1;32mINFO[0m: Setup NF EndPoint(addr) [127.0.0.12:7777] (../src/amf/nudm-handler.c:422)
[32m09/30 15:00:56.151[0m: [[33msbi[0m] [1;32mINFO[0m: [b80be7b0-bcdf-41f1-954d-db275a7d4391] Setup NF Instance [type:PCF] (../lib/sbi/path.c:349)
[32m09/30 15:00:56.152[0m: [[33mamf[0m] [1;32mINFO[0m: Setup NF EndPoint(addr) [127.0.0.12:7777] (../src/amf/nudm-handler.c:422)
[32m09/30 15:00:56.153[0m: [[33msbi[0m] [1;32mINFO[0m: [b80be7b0-bcdf-41f1-954d-db275a7d4391] Setup NF Instance [type:PCF] (../lib/sbi/path.c:349)
[32m09/30 15:00:56.165[0m: [[33mamf[0m] [1;32mINFO[0m: Setup NF EndPoint(addr) [127.0.0.12:7777] (../src/amf/nudm-handler.c:422)
[32m09/30 15:00:56.166[0m: [[33msbi[0m] [1;32mINFO[0m: [b80be7b0-bcdf-41f1-954d-db275a7d4391] Setup NF Instance [type:PCF] (../lib/sbi/path.c:349)
[32m09/30 15:00:56.167[0m: [[33mamf[0m] [1;32mINFO[0m: Setup NF EndPoint(addr) [127.0.0.12:7777] (../src/amf/nudm-handler.c:422)
[32m09/30 15:00:56.167[0m: [[33msbi[0m] [1;32mINFO[0m: [b80be7b0-bcdf-41f1-954d-db275a7d4391] Setup NF Instance [type:PCF] (../lib/sbi/path.c:349)
[32m09/30 15:00:56.168[0m: [[33mamf[0m] [1;32mINFO[0m: Setup NF EndPoint(addr) [127.0.0.12:7777] (../src/amf/nudm-handler.c:422)
[32m09/30 15:00:56.169[0m: [[33msbi[0m] [1;32mINFO[0m: [b80be7b0-bcdf-41f1-954d-db275a7d4391] Setup NF Instance [type:PCF] (../lib/sbi/path.c:349)
[32m09/30 15:00:56.180[0m: [[33mamf[0m] [1;32mINFO[0m: Setup NF EndPoint(addr) [127.0.0.12:7777] (../src/amf/nudm-handler.c:422)
[32m09/30 15:00:56.180[0m: [[33msbi[0m] [1;32mINFO[0m: [b80be7b0-bcdf-41f1-954d-db275a7d4391] Setup NF Instance [type:PCF] (../lib/sbi/path.c:349)
[32m09/30 15:00:56.181[0m: [[33mamf[0m] [1;32mINFO[0m: Setup NF EndPoint(addr) [127.0.0.12:7777] (../src/amf/nudm-handler.c:422)
[32m09/30 15:00:56.182[0m: [[33msbi[0m] [1;32mINFO[0m: [b80be7b0-bcdf-41f1-954d-db275a7d4391] Setup NF Instance [type:PCF] (../lib/sbi/path.c:349)
[32m09/30 15:00:56.183[0m: [[33mamf[0m] [1;32mINFO[0m: Setup NF EndPoint(addr) [127.0.0.12:7777] (../src/amf/nudm-handler.c:422)
[32m09/30 15:00:56.183[0m: [[33msbi[0m] [1;32mINFO[0m: [b80be7b0-bcdf-41f1-954d-db275a7d4391] Setup NF Instance [type:PCF] (../lib/sbi/path.c:349)
[32m09/30 15:00:56.184[0m: [[33mamf[0m] [1;32mINFO[0m: Setup NF EndPoint(addr) [127.0.0.12:7777] (../src/amf/nudm-handler.c:422)
[32m09/30 15:00:56.185[0m: [[33msbi[0m] [1;32mINFO[0m: [b80be7b0-bcdf-41f1-954d-db275a7d4391] Setup NF Instance [type:PCF] (../lib/sbi/path.c:349)
[32m09/30 15:00:56.186[0m: [[33mamf[0m] [1;32mINFO[0m: Setup NF EndPoint(addr) [127.0.0.12:7777] (../src/amf/nudm-handler.c:422)
[32m09/30 15:00:56.187[0m: [[33msbi[0m] [1;32mINFO[0m: [b80be7b0-bcdf-41f1-954d-db275a7d4391] Setup NF Instance [type:PCF] (../lib/sbi/path.c:349)
[32m09/30 15:00:56.189[0m: [[33mamf[0m] [1;32mINFO[0m: Setup NF EndPoint(addr) [127.0.0.12:7777] (../src/amf/nudm-handler.c:422)
[32m09/30 15:00:56.189[0m: [[33msbi[0m] [1;32mINFO[0m: [b80be7b0-bcdf-41f1-954d-db275a7d4391] Setup NF Instance [type:PCF] (../lib/sbi/path.c:349)
[32m09/30 15:00:56.195[0m: [[33mamf[0m] [1;32mINFO[0m: Setup NF EndPoint(addr) [127.0.0.12:7777] (../src/amf/nudm-handler.c:422)
[32m09/30 15:00:56.196[0m: [[33msbi[0m] [1;32mINFO[0m: [b80be7b0-bcdf-41f1-954d-db275a7d4391] Setup NF Instance [type:PCF] (../lib/sbi/path.c:349)
[32m09/30 15:00:56.199[0m: [[33mamf[0m] [1;32mINFO[0m: Setup NF EndPoint(addr) [127.0.0.12:7777] (../src/amf/nudm-handler.c:422)
[32m09/30 15:00:56.199[0m: [[33msbi[0m] [1;32mINFO[0m: [b80be7b0-bcdf-41f1-954d-db275a7d4391] Setup NF Instance [type:PCF] (../lib/sbi/path.c:349)
[32m09/30 15:00:56.201[0m: [[33mamf[0m] [1;32mINFO[0m: Setup NF EndPoint(addr) [127.0.0.12:7777] (../src/amf/nudm-handler.c:422)
[32m09/30 15:00:56.202[0m: [[33msbi[0m] [1;32mINFO[0m: [b80be7b0-bcdf-41f1-954d-db275a7d4391] Setup NF Instance [type:PCF] (../lib/sbi/path.c:349)
[32m09/30 15:00:56.203[0m: [[33mamf[0m] [1;32mINFO[0m: Setup NF EndPoint(addr) [127.0.0.12:7777] (../src/amf/nudm-handler.c:422)
[32m09/30 15:00:56.204[0m: [[33msbi[0m] [1;32mINFO[0m: [b80be7b0-bcdf-41f1-954d-db275a7d4391] Setup NF Instance [type:PCF] (../lib/sbi/path.c:349)
[32m09/30 15:00:56.205[0m: [[33mamf[0m] [1;32mINFO[0m: Setup NF EndPoint(addr) [127.0.0.12:7777] (../src/amf/nudm-handler.c:422)
[32m09/30 15:00:56.205[0m: [[33msbi[0m] [1;32mINFO[0m: [b80be7b0-bcdf-41f1-954d-db275a7d4391] Setup NF Instance [type:PCF] (../lib/sbi/path.c:349)
[32m09/30 15:00:56.219[0m: [[33mamf[0m] [1;32mINFO[0m: Setup NF EndPoint(addr) [127.0.0.13:7777] (../src/amf/npcf-handler.c:143)
[32m09/30 15:00:56.224[0m: [[33mamf[0m] [1;32mINFO[0m: Setup NF EndPoint(addr) [127.0.0.13:7777] (../src/amf/npcf-handler.c:143)
[32m09/30 15:00:56.225[0m: [[33mamf[0m] [1;32mINFO[0m: Setup NF EndPoint(addr) [127.0.0.13:7777] (../src/amf/npcf-handler.c:143)
[32m09/30 15:00:56.226[0m: [[33mamf[0m] [1;32mINFO[0m: Setup NF EndPoint(addr) [127.0.0.13:7777] (../src/amf/npcf-handler.c:143)
[32m09/30 15:00:56.226[0m: [[33mamf[0m] [1;32mINFO[0m: Setup NF EndPoint(addr) [127.0.0.13:7777] (../src/amf/npcf-handler.c:143)
[32m09/30 15:00:56.227[0m: [[33mamf[0m] [1;32mINFO[0m: Setup NF EndPoint(addr) [127.0.0.13:7777] (../src/amf/npcf-handler.c:143)
[32m09/30 15:00:56.228[0m: [[33mgmm[0m] [1;32mINFO[0m: [imsi-999700000000002] Registration complete (../src/amf/gmm-sm.c:3165)
[32m09/30 15:00:56.229[0m: [[33mamf[0m] [1;32mINFO[0m: [imsi-999700000000002] Configuration update command (../src/amf/nas-path.c:609)
[32m09/30 15:00:56.230[0m: [[33mgmm[0m] [1;32mINFO[0m:     UTC [2026-09-30T15:00:56] Timezone[0]/DST[0] (../src/amf/gmm-build.c:551)
[32m09/30 15:00:56.230[0m: [[33mgmm[0m] [1;32mINFO[0m:     LOCAL [2026-09-30T15:00:56] Timezone[0]/DST[0] (../src/amf/gmm-build.c:556)
[32m09/30 15:00:56.231[0m: [[33mamf[0m] [1;32mINFO[0m: Setup NF EndPoint(addr) [127.0.0.13:7777] (../src/amf/npcf-handler.c:143)
[32m09/30 15:00:56.232[0m: [[33mgmm[0m] [1;32mINFO[0m: [imsi-999700000000008] Registration complete (../src/amf/gmm-sm.c:3165)
[32m09/30 15:00:56.233[0m: [[33mamf[0m] [1;32mINFO[0m: [imsi-999700000000008] Configuration update command (../src/amf/nas-path.c:609)
[32m09/30 15:00:56.234[0m: [[33mgmm[0m] [1;32mINFO[0m:     UTC [2026-09-30T15:00:56] Timezone[0]/DST[0] (../src/amf/gmm-build.c:551)
[32m09/30 15:00:56.234[0m: [[33mgmm[0m] [1;32mINFO[0m:     LOCAL [2026-09-30T15:00:56] Timezone[0]/DST[0] (../src/amf/gmm-build.c:556)
[32m09/30 15:00:56.235[0m: [[33mgmm[0m] [1;32mINFO[0m: [imsi-999700000000011] Registration complete (../src/amf/gmm-sm.c:3165)
[32m09/30 15:00:56.236[0m: [[33mamf[0m] [1;32mINFO[0m: [imsi-999700000000011] Configuration update command (../src/amf/nas-path.c:609)
[32m09/30 15:00:56.236[0m: [[33mgmm[0m] [1;32mINFO[0m:     UTC [2026-09-30T15:00:56] Timezone[0]/DST[0] (../src/amf/gmm-build.c:551)
[32m09/30 15:00:56.237[0m: [[33mgmm[0m] [1;32mINFO[0m:     LOCAL [2026-09-30T15:00:56] Timezone[0]/DST[0] (../src/amf/gmm-build.c:556)
[32m09/30 15:00:56.238[0m: [[33mamf[0m] [1;32mINFO[0m: Setup NF EndPoint(addr) [127.0.0.13:7777] (../src/amf/npcf-handler.c:143)
[32m09/30 15:00:56.239[0m: [[33mamf[0m] [1;32mINFO[0m: Setup NF EndPoint(addr) [127.0.0.13:7777] (../src/amf/npcf-handler.c:143)
[32m09/30 15:00:56.239[0m: [[33mamf[0m] [1;32mINFO[0m: Setup NF EndPoint(addr) [127.0.0.13:7777] (../src/amf/npcf-handler.c:143)
[32m09/30 15:00:56.240[0m: [[33mamf[0m] [1;32mINFO[0m: Setup NF EndPoint(addr) [127.0.0.13:7777] (../src/amf/npcf-handler.c:143)
[32m09/30 15:00:56.241[0m: [[33mamf[0m] [1;32mINFO[0m: Setup NF EndPoint(addr) [127.0.0.13:7777] (../src/amf/npcf-handler.c:143)
[32m09/30 15:00:56.242[0m: [[33mamf[0m] [1;32mINFO[0m: Setup NF EndPoint(addr) [127.0.0.13:7777] (../src/amf/npcf-handler.c:143)
[32m09/30 15:00:56.243[0m: [[33mamf[0m] [1;32mINFO[0m: Setup NF EndPoint(addr) [127.0.0.13:7777] (../src/amf/npcf-handler.c:143)
[32m09/30 15:00:56.244[0m: [[33mamf[0m] [1;32mINFO[0m: Setup NF EndPoint(addr) [127.0.0.13:7777] (../src/amf/npcf-handler.c:143)
[32m09/30 15:00:56.245[0m: [[33mamf[0m] [1;32mINFO[0m: Setup NF EndPoint(addr) [127.0.0.13:7777] (../src/amf/npcf-handler.c:143)
[32m09/30 15:00:56.246[0m: [[33mamf[0m] [1;32mINFO[0m: Setup NF EndPoint(addr) [127.0.0.12:7777] (../src/amf/nudm-handler.c:422)
[32m09/30 15:00:56.247[0m: [[33msbi[0m] [1;32mINFO[0m: [b80be7b0-bcdf-41f1-954d-db275a7d4391] Setup NF Instance [type:PCF] (../lib/sbi/path.c:349)
[32m09/30 15:00:56.248[0m: [[33mgmm[0m] [1;32mINFO[0m: [imsi-999700000000012] Registration complete (../src/amf/gmm-sm.c:3165)
[32m09/30 15:00:56.248[0m: [[33mamf[0m] [1;32mINFO[0m: [imsi-999700000000012] Configuration update command (../src/amf/nas-path.c:609)
[32m09/30 15:00:56.249[0m: [[33mgmm[0m] [1;32mINFO[0m:     UTC [2026-09-30T15:00:56] Timezone[0]/DST[0] (../src/amf/gmm-build.c:551)
[32m09/30 15:00:56.250[0m: [[33mgmm[0m] [1;32mINFO[0m:     LOCAL [2026-09-30T15:00:56] Timezone[0]/DST[0] (../src/amf/gmm-build.c:556)
[32m09/30 15:00:56.251[0m: [[33mgmm[0m] [1;32mINFO[0m: [imsi-999700000000024] Registration complete (../src/amf/gmm-sm.c:3165)
[32m09/30 15:00:56.251[0m: [[33mamf[0m] [1;32mINFO[0m: [imsi-999700000000024] Configuration update command (../src/amf/nas-path.c:609)
[32m09/30 15:00:56.252[0m: [[33mgmm[0m] [1;32mINFO[0m:     UTC [2026-09-30T15:00:56] Timezone[0]/DST[0] (../src/amf/gmm-build.c:551)
[32m09/30 15:00:56.253[0m: [[33mgmm[0m] [1;32mINFO[0m:     LOCAL [2026-09-30T15:00:56] Timezone[0]/DST[0] (../src/amf/gmm-build.c:556)
[32m09/30 15:00:56.254[0m: [[33mgmm[0m] [1;32mINFO[0m: [imsi-999700000000007] Registration complete (../src/amf/gmm-sm.c:3165)
[32m09/30 15:00:56.254[0m: [[33mamf[0m] [1;32mINFO[0m: [imsi-999700000000007] Configuration update command (../src/amf/nas-path.c:609)
[32m09/30 15:00:56.255[0m: [[33mgmm[0m] [1;32mINFO[0m:     UTC [2026-09-30T15:00:56] Timezone[0]/DST[0] (../src/amf/gmm-build.c:551)
[32m09/30 15:00:56.255[0m: [[33mgmm[0m] [1;32mINFO[0m:     LOCAL [2026-09-30T15:00:56] Timezone[0]/DST[0] (../src/amf/gmm-build.c:556)
[32m09/30 15:00:56.256[0m: [[33mamf[0m] [1;32mINFO[0m: Setup NF EndPoint(addr) [127.0.0.13:7777] (../src/amf/npcf-handler.c:143)
[32m09/30 15:00:56.257[0m: [[33mgmm[0m] [1;32mINFO[0m: [imsi-999700000000010] Registration complete (../src/amf/gmm-sm.c:3165)
[32m09/30 15:00:56.258[0m: [[33mamf[0m] [1;32mINFO[0m: [imsi-999700000000010] Configuration update command (../src/amf/nas-path.c:609)
[32m09/30 15:00:56.258[0m: [[33mgmm[0m] [1;32mINFO[0m:     UTC [2026-09-30T15:00:56] Timezone[0]/DST[0] (../src/amf/gmm-build.c:551)
[32m09/30 15:00:56.259[0m: [[33mgmm[0m] [1;32mINFO[0m:     LOCAL [2026-09-30T15:00:56] Timezone[0]/DST[0] (../src/amf/gmm-build.c:556)
[32m09/30 15:00:56.260[0m: [[33mgmm[0m] [1;32mINFO[0m: [imsi-999700000000013] Registration complete (../src/amf/gmm-sm.c:3165)
[32m09/30 15:00:56.260[0m: [[33mamf[0m] [1;32mINFO[0m: [imsi-999700000000013] Configuration update command (../src/amf/nas-path.c:609)
[32m09/30 15:00:56.261[0m: [[33mgmm[0m] [1;32mINFO[0m:     UTC [2026-09-30T15:00:56] Timezone[0]/DST[0] (../src/amf/gmm-build.c:551)
[32m09/30 15:00:56.261[0m: [[33mgmm[0m] [1;32mINFO[0m:     LOCAL [2026-09-30T15:00:56] Timezone[0]/DST[0] (../src/amf/gmm-build.c:556)
[32m09/30 15:00:56.262[0m: [[33mgmm[0m] [1;32mINFO[0m: [imsi-999700000000017] Registration complete (../src/amf/gmm-sm.c:3165)
[32m09/30 15:00:56.263[0m: [[33mamf[0m] [1;32mINFO[0m: [imsi-999700000000017] Configuration update command (../src/amf/nas-path.c:609)
[32m09/30 15:00:56.263[0m: [[33mgmm[0m] [1;32mINFO[0m:     UTC [2026-09-30T15:00:56] Timezone[0]/DST[0] (../src/amf/gmm-build.c:551)
[32m09/30 15:00:56.264[0m: [[33mgmm[0m] [1;32mINFO[0m:     LOCAL [2026-09-30T15:00:56] Timezone[0]/DST[0] (../src/amf/gmm-build.c:556)
[32m09/30 15:00:56.265[0m: [[33mgmm[0m] [1;32mINFO[0m: [imsi-999700000000004] Registration complete (../src/amf/gmm-sm.c:3165)
[32m09/30 15:00:56.266[0m: [[33mamf[0m] [1;32mINFO[0m: [imsi-999700000000004] Configuration update command (../src/amf/nas-path.c:609)
[32m09/30 15:00:56.266[0m: [[33mgmm[0m] [1;32mINFO[0m:     UTC [2026-09-30T15:00:56] Timezone[0]/DST[0] (../src/amf/gmm-build.c:551)
[32m09/30 15:00:56.267[0m: [[33mgmm[0m] [1;32mINFO[0m:     LOCAL [2026-09-30T15:00:56] Timezone[0]/DST[0] (../src/amf/gmm-build.c:556)
[32m09/30 15:00:56.268[0m: [[33mgmm[0m] [1;32mINFO[0m: [imsi-999700000000015] Registration complete (../src/amf/gmm-sm.c:3165)
[32m09/30 15:00:56.268[0m: [[33mamf[0m] [1;32mINFO[0m: [imsi-999700000000015] Configuration update command (../src/amf/nas-path.c:609)
[32m09/30 15:00:56.269[0m: [[33mgmm[0m] [1;32mINFO[0m:     UTC [2026-09-30T15:00:56] Timezone[0]/DST[0] (../src/amf/gmm-build.c:551)
[32m09/30 15:00:56.269[0m: [[33mgmm[0m] [1;32mINFO[0m:     LOCAL [2026-09-30T15:00:56] Timezone[0]/DST[0] (../src/amf/gmm-build.c:556)
[32m09/30 15:00:56.270[0m: [[33mgmm[0m] [1;32mINFO[0m: [imsi-999700000000003] Registration complete (../src/amf/gmm-sm.c:3165)
[32m09/30 15:00:56.270[0m: [[33mamf[0m] [1;32mINFO[0m: [imsi-999700000000003] Configuration update command (../src/amf/nas-path.c:609)
[32m09/30 15:00:56.271[0m: [[33mgmm[0m] [1;32mINFO[0m:     UTC [2026-09-30T15:00:56] Timezone[0]/DST[0] (../src/amf/gmm-build.c:551)
[32m09/30 15:00:56.272[0m: [[33mgmm[0m] [1;32mINFO[0m:     LOCAL [2026-09-30T15:00:56] Timezone[0]/DST[0] (../src/amf/gmm-build.c:556)
[32m09/30 15:00:56.272[0m: [[33mgmm[0m] [1;32mINFO[0m: [imsi-999700000000023] Registration complete (../src/amf/gmm-sm.c:3165)
[32m09/30 15:00:56.273[0m: [[33mamf[0m] [1;32mINFO[0m: [imsi-999700000000023] Configuration update command (../src/amf/nas-path.c:609)
[32m09/30 15:00:56.274[0m: [[33mgmm[0m] [1;32mINFO[0m:     UTC [2026-09-30T15:00:56] Timezone[0]/DST[0] (../src/amf/gmm-build.c:551)
[32m09/30 15:00:56.275[0m: [[33mgmm[0m] [1;32mINFO[0m:     LOCAL [2026-09-30T15:00:56] Timezone[0]/DST[0] (../src/amf/gmm-build.c:556)
[32m09/30 15:00:56.275[0m: [[33mgmm[0m] [1;32mINFO[0m: [imsi-999700000000020] Registration complete (../src/amf/gmm-sm.c:3165)
[32m09/30 15:00:56.276[0m: [[33mamf[0m] [1;32mINFO[0m: [imsi-999700000000020] Configuration update command (../src/amf/nas-path.c:609)
[32m09/30 15:00:56.277[0m: [[33mgmm[0m] [1;32mINFO[0m:     UTC [2026-09-30T15:00:56] Timezone[0]/DST[0] (../src/amf/gmm-build.c:551)
[32m09/30 15:00:56.278[0m: [[33mgmm[0m] [1;32mINFO[0m:     LOCAL [2026-09-30T15:00:56] Timezone[0]/DST[0] (../src/amf/gmm-build.c:556)
[32m09/30 15:00:56.279[0m: [[33mgmm[0m] [1;32mINFO[0m: [imsi-999700000000009] Registration complete (../src/amf/gmm-sm.c:3165)
[32m09/30 15:00:56.279[0m: [[33mamf[0m] [1;32mINFO[0m: [imsi-999700000000009] Configuration update command (../src/amf/nas-path.c:609)
[32m09/30 15:00:56.280[0m: [[33mgmm[0m] [1;32mINFO[0m:     UTC [2026-09-30T15:00:56] Timezone[0]/DST[0] (../src/amf/gmm-build.c:551)
[32m09/30 15:00:56.280[0m: [[33mgmm[0m] [1;32mINFO[0m:     LOCAL [2026-09-30T15:00:56] Timezone[0]/DST[0] (../src/amf/gmm-build.c:556)
[32m09/30 15:00:56.281[0m: [[33mgmm[0m] [1;32mINFO[0m: [imsi-999700000000019] Registration complete (../src/amf/gmm-sm.c:3165)
[32m09/30 15:00:56.282[0m: [[33mamf[0m] [1;32mINFO[0m: [imsi-999700000000019] Configuration update command (../src/amf/nas-path.c:609)
[32m09/30 15:00:56.283[0m: [[33mgmm[0m] [1;32mINFO[0m:     UTC [2026-09-30T15:00:56] Timezone[0]/DST[0] (../src/amf/gmm-build.c:551)
[32m09/30 15:00:56.283[0m: [[33mgmm[0m] [1;32mINFO[0m:     LOCAL [2026-09-30T15:00:56] Timezone[0]/DST[0] (../src/amf/gmm-build.c:556)
[32m09/30 15:00:56.284[0m: [[33mgmm[0m] [1;32mINFO[0m: [imsi-999700000000001] Registration complete (../src/amf/gmm-sm.c:3165)
[32m09/30 15:00:56.284[0m: [[33mamf[0m] [1;32mINFO[0m: [imsi-999700000000001] Configuration update command (../src/amf/nas-path.c:609)
[32m09/30 15:00:56.285[0m: [[33mgmm[0m] [1;32mINFO[0m:     UTC [2026-09-30T15:00:56] Timezone[0]/DST[0] (../src/amf/gmm-build.c:551)
[32m09/30 15:00:56.286[0m: [[33mgmm[0m] [1;32mINFO[0m:     LOCAL [2026-09-30T15:00:56] Timezone[0]/DST[0] (../src/amf/gmm-build.c:556)
[32m09/30 15:00:58.000[0m: [[33mamf[0m] [1;32mINFO[0m: InitialUEMessage (../src/amf/ngap-handler.c:668)
[32m09/30 15:00:58.000[0m: [[33mamf[0m] [1;32mINFO[0m: [Added] Number of gNB-UEs is now 24 (../src/amf/context.c:2932)
[32m09/30 15:00:58.001[0m: [[33mamf[0m] [1;32mINFO[0m:     RAN_UE_NGAP_ID[24] AMF_UE_NGAP_ID[24] TAC[1] CellID[0x10] (../src/amf/ngap-handler.c:878)
[32m09/30 15:00:58.002[0m: [[33mamf[0m] [1;32mINFO[0m: [suci-0-999-70-0000-0-0-0000000016] Unknown UE by SUCI (../src/amf/context.c:1934)
[32m09/30 15:00:58.003[0m: [[33mamf[0m] [1;32mINFO[0m: [Added] Number of AMF-UEs is now 24 (../src/amf/context.c:1699)
[32m09/30 15:00:58.003[0m: [[33mgmm[0m] [1;32mINFO[0m: Registration request (../src/amf/gmm-sm.c:1678)
[32m09/30 15:00:58.004[0m: [[33mgmm[0m] [1;32mINFO[0m: [suci-0-999-70-0000-0-0-0000000016]    SUCI (../src/amf/gmm-handler.c:186)
[32m09/30 15:00:58.005[0m: [[33msbi[0m] [1;32mINFO[0m: [b797c2e0-bcdf-41f1-9382-195392c2c03c] Setup NF Instance [type:AUSF] (../lib/sbi/path.c:349)
[32m09/30 15:00:58.014[0m: [[33mamf[0m] [1;32mINFO[0m: Setup NF EndPoint(addr) [127.0.0.11:7777] (../src/amf/nausf-handler.c:130)
[32m09/30 15:00:58.017[0m: [[33mgmm[0m] [1;36mWARNING[0m: [suci-0-999-70-0000-0-0-0000000016] Authentication failure [21] (../src/amf/gmm-sm.c:2153)
[32m09/30 15:00:58.018[0m: [[33mgmm[0m] [1;36mWARNING[0m: [suci-0-999-70-0000-0-0-0000000016] Authentication failure(Synch failure[count=0]) (../src/amf/gmm-sm.c:2182)
[32m09/30 15:00:58.027[0m: [[33mamf[0m] [1;36mWARNING[0m: UnRef NF EndPoint(addr) [127.0.0.11:7777] (../src/amf/nausf-handler.c:130)
[32m09/30 15:00:58.028[0m: [[33mamf[0m] [1;32mINFO[0m: Setup NF EndPoint(addr) [127.0.0.11:7777] (../src/amf/nausf-handler.c:130)
[32m09/30 15:00:58.046[0m: [[33msbi[0m] [1;32mINFO[0m: [b7e55d20-bcdf-41f1-9d33-714fd73a3d42] Setup NF Instance [type:UDM] (../lib/sbi/path.c:349)
[32m09/30 15:00:58.054[0m: [[33msbi[0m] [1;32mINFO[0m: [b7e55d20-bcdf-41f1-9d33-714fd73a3d42] Setup NF Instance [type:UDM] (../lib/sbi/path.c:349)
[32m09/30 15:00:58.073[0m: [[33mamf[0m] [1;32mINFO[0m: Setup NF EndPoint(addr) [127.0.0.12:7777] (../src/amf/nudm-handler.c:422)
[32m09/30 15:00:58.074[0m: [[33msbi[0m] [1;32mINFO[0m: [b80be7b0-bcdf-41f1-954d-db275a7d4391] Setup NF Instance [type:PCF] (../lib/sbi/path.c:349)
[32m09/30 15:00:58.082[0m: [[33mamf[0m] [1;32mINFO[0m: Setup NF EndPoint(addr) [127.0.0.13:7777] (../src/amf/npcf-handler.c:143)
[32m09/30 15:00:58.286[0m: [[33mgmm[0m] [1;32mINFO[0m: [imsi-999700000000016] Registration complete (../src/amf/gmm-sm.c:3165)
[32m09/30 15:00:58.287[0m: [[33mamf[0m] [1;32mINFO[0m: [imsi-999700000000016] Configuration update command (../src/amf/nas-path.c:609)
[32m09/30 15:00:58.289[0m: [[33mgmm[0m] [1;32mINFO[0m:     UTC [2026-09-30T15:00:58] Timezone[0]/DST[0] (../src/amf/gmm-build.c:551)
[32m09/30 15:00:58.290[0m: [[33mgmm[0m] [1;32mINFO[0m:     LOCAL [2026-09-30T15:00:58] Timezone[0]/DST[0] (../src/amf/gmm-build.c:556)
[32m09/30 15:01:03.511[0m: [[33mamf[0m] [1;32mINFO[0m: [Added] Number of AMF-Sessions is now 1 (../src/amf/context.c:2953)
[32m09/30 15:01:03.512[0m: [[33mgmm[0m] [1;32mINFO[0m: UE SUPI[imsi-999700000000001] DNN[internet] LBO[0] S_NSSAI[SST:1 SD:0xffffff] smContextRef[NULL] smContextResourceURI[NULL] (../src/amf/gmm-handler.c:1430)
[32m09/30 15:01:03.513[0m: [[33mgmm[0m] [1;32mINFO[0m: No V-SMF Instance (../src/amf/gmm-handler.c:1513)
[32m09/30 15:01:03.513[0m: [[33mgmm[0m] [1;32mINFO[0m: V-SMF not discovered in NON-ROAMING OR LBO (../src/amf/gmm-handler.c:1599)
[32m09/30 15:01:03.514[0m: [[33mgmm[0m] [1;32mINFO[0m: nnssf-nsselection[1:1:(nil):(nil)] (../src/amf/gmm-handler.c:1610)
[32m09/30 15:01:03.514[0m: [[33msbi[0m] [1;32mINFO[0m: [b831e64a-bcdf-41f1-af57-c104e61f2896] Setup NF Instance [type:NSSF] (../lib/sbi/path.c:349)
[32m09/30 15:01:03.517[0m: [[33mamf[0m] [1;32mINFO[0m: Setup NF EndPoint(addr) [127.0.0.10:7777] (../src/amf/nnssf-handler.c:203)
[32m09/30 15:01:03.517[0m: [[33mamf[0m] [1;36mWARNING[0m: Try to discover by NsiInformation [nsmf-pdusession] (../src/amf/sbi-path.c:554)
[32m09/30 15:01:03.520[0m: [[33msbi[0m] [1;36mWARNING[0m: [b8a9b670-bcdf-41f1-a35e-911d8b75a131] (NRF-discover) NF has already been added [type:SMF] (../lib/sbi/nnrf-handler.c:1460)
[32m09/30 15:01:03.521[0m: [[33msbi[0m] [1;32mINFO[0m: [SMF] NFInstance associated [b8a9b670-bcdf-41f1-a35e-911d8b75a131] (../lib/sbi/context.c:2498)
[32m09/30 15:01:03.521[0m: [[33msbi[0m] [1;36mWARNING[0m: UnRef NF EndPoint(addr) [127.0.0.4:80] (../lib/sbi/context.c:2503)
[32m09/30 15:01:03.522[0m: [[33msbi[0m] [1;32mINFO[0m: Setup NF EndPoint(addr) [127.0.0.4:80] (../lib/sbi/context.c:2503)
[32m09/30 15:01:03.522[0m: [[33msbi[0m] [1;32mINFO[0m: [nsmf-pdusession] NFService associated [b8aaee28-bcdf-41f1-a35e-911d8b75a131] (../lib/sbi/context.c:2138)
[32m09/30 15:01:03.523[0m: [[33msbi[0m] [1;36mWARNING[0m: UnRef NF EndPoint(addr) [127.0.0.4:7777] (../lib/sbi/context.c:2141)
[32m09/30 15:01:03.523[0m: [[33msbi[0m] [1;32mINFO[0m: Setup NF EndPoint(addr) [127.0.0.4:7777] (../lib/sbi/context.c:2141)
[32m09/30 15:01:03.524[0m: [[33msbi[0m] [1;32mINFO[0m: [b8a9b670-bcdf-41f1-a35e-911d8b75a131] (NF-discover) NF Profile updated [type:SMF validity:30s] (../lib/sbi/nnrf-handler.c:1508)
[32m09/30 15:01:03.524[0m: [[33msbi[0m] [1;36mWARNING[0m: [b905f82c-bcdf-41f1-9b17-6188ff3cae7c] (NRF-discover) NF has already been added [type:SMF] (../lib/sbi/nnrf-handler.c:1460)
[32m09/30 15:01:03.524[0m: [[33msbi[0m] [1;32mINFO[0m: [SMF] NFInstance associated [b905f82c-bcdf-41f1-9b17-6188ff3cae7c] (../lib/sbi/context.c:2498)
[32m09/30 15:01:03.525[0m: [[33msbi[0m] [1;36mWARNING[0m: UnRef NF EndPoint(addr) [127.0.0.32:80] (../lib/sbi/context.c:2503)
[32m09/30 15:01:03.525[0m: [[33msbi[0m] [1;32mINFO[0m: Setup NF EndPoint(addr) [127.0.0.32:80] (../lib/sbi/context.c:2503)
[32m09/30 15:01:03.526[0m: [[33msbi[0m] [1;32mINFO[0m: [nsmf-pdusession] NFService associated [b90750f0-bcdf-41f1-9b17-6188ff3cae7c] (../lib/sbi/context.c:2138)
[32m09/30 15:01:03.526[0m: [[33msbi[0m] [1;36mWARNING[0m: UnRef NF EndPoint(addr) [127.0.0.32:7777] (../lib/sbi/context.c:2141)
[32m09/30 15:01:03.526[0m: [[33msbi[0m] [1;32mINFO[0m: Setup NF EndPoint(addr) [127.0.0.32:7777] (../lib/sbi/context.c:2141)
[32m09/30 15:01:03.527[0m: [[33msbi[0m] [1;32mINFO[0m: [b905f82c-bcdf-41f1-9b17-6188ff3cae7c] (NF-discover) NF Profile updated [type:SMF validity:30s] (../lib/sbi/nnrf-handler.c:1508)
[32m09/30 15:01:03.527[0m: [[33msbi[0m] [1;36mWARNING[0m: [b9624884-bcdf-41f1-b78a-7f905b314a30] (NRF-discover) NF has already been added [type:SMF] (../lib/sbi/nnrf-handler.c:1460)
[32m09/30 15:01:03.528[0m: [[33msbi[0m] [1;32mINFO[0m: [SMF] NFInstance associated [b9624884-bcdf-41f1-b78a-7f905b314a30] (../lib/sbi/context.c:2498)
[32m09/30 15:01:03.528[0m: [[33msbi[0m] [1;36mWARNING[0m: UnRef NF EndPoint(addr) [127.0.0.33:80] (../lib/sbi/context.c:2503)
[32m09/30 15:01:03.528[0m: [[33msbi[0m] [1;32mINFO[0m: Setup NF EndPoint(addr) [127.0.0.33:80] (../lib/sbi/context.c:2503)
[32m09/30 15:01:03.529[0m: [[33msbi[0m] [1;32mINFO[0m: [nsmf-pdusession] NFService associated [b963c650-bcdf-41f1-b78a-7f905b314a30] (../lib/sbi/context.c:2138)
[32m09/30 15:01:03.529[0m: [[33msbi[0m] [1;36mWARNING[0m: UnRef NF EndPoint(addr) [127.0.0.33:7777] (../lib/sbi/context.c:2141)
[32m09/30 15:01:03.530[0m: [[33msbi[0m] [1;32mINFO[0m: Setup NF EndPoint(addr) [127.0.0.33:7777] (../lib/sbi/context.c:2141)
[32m09/30 15:01:03.530[0m: [[33msbi[0m] [1;32mINFO[0m: [b9624884-bcdf-41f1-b78a-7f905b314a30] (NF-discover) NF Profile updated [type:SMF validity:30s] (../lib/sbi/nnrf-handler.c:1508)
[32m09/30 15:01:03.531[0m: [[33mamf[0m] [1;32mINFO[0m: LAB_CANDIDATE t=33301992732 nf=b8a9b670-bcdf-41f1-a35e-911d8b75a131 load=0 capacity=100 (../src/amf/lab-selector.h:31)
[32m09/30 15:01:03.531[0m: [[33mamf[0m] [1;32mINFO[0m: LAB_CANDIDATE t=33301993508 nf=b905f82c-bcdf-41f1-9b17-6188ff3cae7c load=0 capacity=100 (../src/amf/lab-selector.h:31)
[32m09/30 15:01:03.532[0m: [[33mamf[0m] [1;32mINFO[0m: LAB_CANDIDATE t=33301994419 nf=b9624884-bcdf-41f1-b78a-7f905b314a30 load=0 capacity=100 (../src/amf/lab-selector.h:31)
[32m09/30 15:01:03.533[0m: [[33mamf[0m] [1;32mINFO[0m: LAB_SELECT t=33301995272 nf=b8a9b670-bcdf-41f1-a35e-911d8b75a131 load=0 capacity=100 policy=swrr (../src/amf/lab-selector.h:67)
[32m09/30 15:01:03.534[0m: [[33mamf[0m] [1;32mINFO[0m: [b8a9b670-bcdf-41f1-a35e-911d8b75a131] Setup NF Instance [type:SMF] (../src/amf/sbi-path.c:420)
[32m09/30 15:01:03.547[0m: [[33mamf[0m] [1;32mINFO[0m: Setup NF EndPoint(addr) [127.0.0.4:7777] (../src/amf/nsmf-handler.c:140)
[32m09/30 15:01:03.570[0m: [[33mamf[0m] [1;32mINFO[0m: [imsi-999700000000001:1:11][0:0:NULL] /nsmf-pdusession/v1/sm-contexts/{smContextRef}/modify (../src/amf/nsmf-handler.c:983)
[32m09/30 15:01:03.762[0m: [[33mamf[0m] [1;32mINFO[0m: [Added] Number of AMF-Sessions is now 2 (../src/amf/context.c:2953)
[32m09/30 15:01:03.763[0m: [[33mgmm[0m] [1;32mINFO[0m: UE SUPI[imsi-999700000000002] DNN[internet] LBO[0] S_NSSAI[SST:1 SD:0xffffff] smContextRef[NULL] smContextResourceURI[NULL] (../src/amf/gmm-handler.c:1430)
[32m09/30 15:01:03.764[0m: [[33mgmm[0m] [1;32mINFO[0m: No V-SMF Instance (../src/amf/gmm-handler.c:1513)
[32m09/30 15:01:03.764[0m: [[33mgmm[0m] [1;32mINFO[0m: V-SMF not discovered in NON-ROAMING OR LBO (../src/amf/gmm-handler.c:1599)
[32m09/30 15:01:03.765[0m: [[33mgmm[0m] [1;32mINFO[0m: nnssf-nsselection[1:1:(nil):(nil)] (../src/amf/gmm-handler.c:1610)
[32m09/30 15:01:03.766[0m: [[33msbi[0m] [1;32mINFO[0m: [b831e64a-bcdf-41f1-af57-c104e61f2896] Setup NF Instance [type:NSSF] (../lib/sbi/path.c:349)
[32m09/30 15:01:03.769[0m: [[33mamf[0m] [1;32mINFO[0m: Setup NF EndPoint(addr) [127.0.0.10:7777] (../src/amf/nnssf-handler.c:203)
[32m09/30 15:01:03.769[0m: [[33mamf[0m] [1;36mWARNING[0m: Try to discover by NsiInformation [nsmf-pdusession] (../src/amf/sbi-path.c:554)
[32m09/30 15:01:03.772[0m: [[33msbi[0m] [1;36mWARNING[0m: [b8a9b670-bcdf-41f1-a35e-911d8b75a131] (NRF-discover) NF has already been added [type:SMF] (../lib/sbi/nnrf-handler.c:1460)
[32m09/30 15:01:03.773[0m: [[33msbi[0m] [1;32mINFO[0m: [SMF] NFInstance associated [b8a9b670-bcdf-41f1-a35e-911d8b75a131] (../lib/sbi/context.c:2498)
[32m09/30 15:01:03.773[0m: [[33msbi[0m] [1;36mWARNING[0m: UnRef NF EndPoint(addr) [127.0.0.4:80] (../lib/sbi/context.c:2503)
[32m09/30 15:01:03.774[0m: [[33msbi[0m] [1;32mINFO[0m: Setup NF EndPoint(addr) [127.0.0.4:80] (../lib/sbi/context.c:2503)
[32m09/30 15:01:03.774[0m: [[33msbi[0m] [1;32mINFO[0m: [nsmf-pdusession] NFService associated [b8aaee28-bcdf-41f1-a35e-911d8b75a131] (../lib/sbi/context.c:2138)
[32m09/30 15:01:03.775[0m: [[33msbi[0m] [1;36mWARNING[0m: UnRef NF EndPoint(addr) [127.0.0.4:7777] (../lib/sbi/context.c:2141)
[32m09/30 15:01:03.776[0m: [[33msbi[0m] [1;32mINFO[0m: Setup NF EndPoint(addr) [127.0.0.4:7777] (../lib/sbi/context.c:2141)
[32m09/30 15:01:03.776[0m: [[33msbi[0m] [1;32mINFO[0m: [b8a9b670-bcdf-41f1-a35e-911d8b75a131] (NF-discover) NF Profile updated [type:SMF validity:30s] (../lib/sbi/nnrf-handler.c:1508)
[32m09/30 15:01:03.776[0m: [[33msbi[0m] [1;36mWARNING[0m: [b905f82c-bcdf-41f1-9b17-6188ff3cae7c] (NRF-discover) NF has already been added [type:SMF] (../lib/sbi/nnrf-handler.c:1460)
[32m09/30 15:01:03.777[0m: [[33msbi[0m] [1;32mINFO[0m: [SMF] NFInstance associated [b905f82c-bcdf-41f1-9b17-6188ff3cae7c] (../lib/sbi/context.c:2498)
[32m09/30 15:01:03.777[0m: [[33msbi[0m] [1;36mWARNING[0m: UnRef NF EndPoint(addr) [127.0.0.32:80] (../lib/sbi/context.c:2503)
[32m09/30 15:01:03.778[0m: [[33msbi[0m] [1;32mINFO[0m: Setup NF EndPoint(addr) [127.0.0.32:80] (../lib/sbi/context.c:2503)
[32m09/30 15:01:03.778[0m: [[33msbi[0m] [1;32mINFO[0m: [nsmf-pdusession] NFService associated [b90750f0-bcdf-41f1-9b17-6188ff3cae7c] (../lib/sbi/context.c:2138)
[32m09/30 15:01:03.778[0m: [[33msbi[0m] [1;36mWARNING[0m: UnRef NF EndPoint(addr) [127.0.0.32:7777] (../lib/sbi/context.c:2141)
[32m09/30 15:01:03.779[0m: [[33msbi[0m] [1;32mINFO[0m: Setup NF EndPoint(addr) [127.0.0.32:7777] (../lib/sbi/context.c:2141)
[32m09/30 15:01:03.779[0m: [[33msbi[0m] [1;32mINFO[0m: [b905f82c-bcdf-41f1-9b17-6188ff3cae7c] (NF-discover) NF Profile updated [type:SMF validity:30s] (../lib/sbi/nnrf-handler.c:1508)
[32m09/30 15:01:03.780[0m: [[33msbi[0m] [1;36mWARNING[0m: [b9624884-bcdf-41f1-b78a-7f905b314a30] (NRF-discover) NF has already been added [type:SMF] (../lib/sbi/nnrf-handler.c:1460)
[32m09/30 15:01:03.780[0m: [[33msbi[0m] [1;32mINFO[0m: [SMF] NFInstance associated [b9624884-bcdf-41f1-b78a-7f905b314a30] (../lib/sbi/context.c:2498)
[32m09/30 15:01:03.780[0m: [[33msbi[0m] [1;36mWARNING[0m: UnRef NF EndPoint(addr) [127.0.0.33:80] (../lib/sbi/context.c:2503)
[32m09/30 15:01:03.781[0m: [[33msbi[0m] [1;32mINFO[0m: Setup NF EndPoint(addr) [127.0.0.33:80] (../lib/sbi/context.c:2503)
[32m09/30 15:01:03.781[0m: [[33msbi[0m] [1;32mINFO[0m: [nsmf-pdusession] NFService associated [b963c650-bcdf-41f1-b78a-7f905b314a30] (../lib/sbi/context.c:2138)
[32m09/30 15:01:03.781[0m: [[33msbi[0m] [1;36mWARNING[0m: UnRef NF EndPoint(addr) [127.0.0.33:7777] (../lib/sbi/context.c:2141)
[32m09/30 15:01:03.782[0m: [[33msbi[0m] [1;32mINFO[0m: Setup NF EndPoint(addr) [127.0.0.33:7777] (../lib/sbi/context.c:2141)
[32m09/30 15:01:03.782[0m: [[33msbi[0m] [1;32mINFO[0m: [b9624884-bcdf-41f1-b78a-7f905b314a30] (NF-discover) NF Profile updated [type:SMF validity:30s] (../lib/sbi/nnrf-handler.c:1508)
[32m09/30 15:01:03.783[0m: [[33mamf[0m] [1;32mINFO[0m: LAB_CANDIDATE t=33302244764 nf=b8a9b670-bcdf-41f1-a35e-911d8b75a131 load=10 capacity=100 (../src/amf/lab-selector.h:31)
[32m09/30 15:01:03.783[0m: [[33mamf[0m] [1;32mINFO[0m: LAB_CANDIDATE t=33302245139 nf=b905f82c-bcdf-41f1-9b17-6188ff3cae7c load=0 capacity=100 (../src/amf/lab-selector.h:31)
[32m09/30 15:01:03.784[0m: [[33mamf[0m] [1;32mINFO[0m: LAB_CANDIDATE t=33302245659 nf=b9624884-bcdf-41f1-b78a-7f905b314a30 load=0 capacity=100 (../src/amf/lab-selector.h:31)
[32m09/30 15:01:03.784[0m: [[33mamf[0m] [1;32mINFO[0m: LAB_SELECT t=33302246044 nf=b905f82c-bcdf-41f1-9b17-6188ff3cae7c load=0 capacity=100 policy=swrr (../src/amf/lab-selector.h:67)
[32m09/30 15:01:03.784[0m: [[33mamf[0m] [1;32mINFO[0m: [b905f82c-bcdf-41f1-9b17-6188ff3cae7c] Setup NF Instance [type:SMF] (../src/amf/sbi-path.c:420)
[32m09/30 15:01:03.821[0m: [[33mamf[0m] [1;32mINFO[0m: Setup NF EndPoint(addr) [127.0.0.32:7777] (../src/amf/nsmf-handler.c:140)
[32m09/30 15:01:03.845[0m: [[33mamf[0m] [1;32mINFO[0m: [imsi-999700000000002:1:11][0:0:NULL] /nsmf-pdusession/v1/sm-contexts/{smContextRef}/modify (../src/amf/nsmf-handler.c:983)
[32m09/30 15:01:04.042[0m: [[33mamf[0m] [1;32mINFO[0m: [Added] Number of AMF-Sessions is now 3 (../src/amf/context.c:2953)
[32m09/30 15:01:04.043[0m: [[33mgmm[0m] [1;32mINFO[0m: UE SUPI[imsi-999700000000003] DNN[internet] LBO[0] S_NSSAI[SST:1 SD:0xffffff] smContextRef[NULL] smContextResourceURI[NULL] (../src/amf/gmm-handler.c:1430)
[32m09/30 15:01:04.044[0m: [[33mgmm[0m] [1;32mINFO[0m: No V-SMF Instance (../src/amf/gmm-handler.c:1513)
[32m09/30 15:01:04.045[0m: [[33mgmm[0m] [1;32mINFO[0m: V-SMF not discovered in NON-ROAMING OR LBO (../src/amf/gmm-handler.c:1599)
[32m09/30 15:01:04.045[0m: [[33mgmm[0m] [1;32mINFO[0m: nnssf-nsselection[1:1:(nil):(nil)] (../src/amf/gmm-handler.c:1610)
[32m09/30 15:01:04.046[0m: [[33msbi[0m] [1;32mINFO[0m: [b831e64a-bcdf-41f1-af57-c104e61f2896] Setup NF Instance [type:NSSF] (../lib/sbi/path.c:349)
[32m09/30 15:01:04.049[0m: [[33mamf[0m] [1;32mINFO[0m: Setup NF EndPoint(addr) [127.0.0.10:7777] (../src/amf/nnssf-handler.c:203)
[32m09/30 15:01:04.049[0m: [[33mamf[0m] [1;36mWARNING[0m: Try to discover by NsiInformation [nsmf-pdusession] (../src/amf/sbi-path.c:554)
[32m09/30 15:01:04.052[0m: [[33msbi[0m] [1;36mWARNING[0m: [b8a9b670-bcdf-41f1-a35e-911d8b75a131] (NRF-discover) NF has already been added [type:SMF] (../lib/sbi/nnrf-handler.c:1460)
[32m09/30 15:01:04.053[0m: [[33msbi[0m] [1;32mINFO[0m: [SMF] NFInstance associated [b8a9b670-bcdf-41f1-a35e-911d8b75a131] (../lib/sbi/context.c:2498)
[32m09/30 15:01:04.053[0m: [[33msbi[0m] [1;36mWARNING[0m: UnRef NF EndPoint(addr) [127.0.0.4:80] (../lib/sbi/context.c:2503)
[32m09/30 15:01:04.054[0m: [[33msbi[0m] [1;32mINFO[0m: Setup NF EndPoint(addr) [127.0.0.4:80] (../lib/sbi/context.c:2503)
[32m09/30 15:01:04.054[0m: [[33msbi[0m] [1;32mINFO[0m: [nsmf-pdusession] NFService associated [b8aaee28-bcdf-41f1-a35e-911d8b75a131] (../lib/sbi/context.c:2138)
[32m09/30 15:01:04.055[0m: [[33msbi[0m] [1;36mWARNING[0m: UnRef NF EndPoint(addr) [127.0.0.4:7777] (../lib/sbi/context.c:2141)
[32m09/30 15:01:04.055[0m: [[33msbi[0m] [1;32mINFO[0m: Setup NF EndPoint(addr) [127.0.0.4:7777] (../lib/sbi/context.c:2141)
[32m09/30 15:01:04.056[0m: [[33msbi[0m] [1;32mINFO[0m: [b8a9b670-bcdf-41f1-a35e-911d8b75a131] (NF-discover) NF Profile updated [type:SMF validity:30s] (../lib/sbi/nnrf-handler.c:1508)
[32m09/30 15:01:04.056[0m: [[33msbi[0m] [1;36mWARNING[0m: [b905f82c-bcdf-41f1-9b17-6188ff3cae7c] (NRF-discover) NF has already been added [type:SMF] (../lib/sbi/nnrf-handler.c:1460)
[32m09/30 15:01:04.057[0m: [[33msbi[0m] [1;32mINFO[0m: [SMF] NFInstance associated [b905f82c-bcdf-41f1-9b17-6188ff3cae7c] (../lib/sbi/context.c:2498)
[32m09/30 15:01:04.057[0m: [[33msbi[0m] [1;36mWARNING[0m: UnRef NF EndPoint(addr) [127.0.0.32:80] (../lib/sbi/context.c:2503)
[32m09/30 15:01:04.058[0m: [[33msbi[0m] [1;32mINFO[0m: Setup NF EndPoint(addr) [127.0.0.32:80] (../lib/sbi/context.c:2503)
[32m09/30 15:01:04.058[0m: [[33msbi[0m] [1;32mINFO[0m: [nsmf-pdusession] NFService associated [b90750f0-bcdf-41f1-9b17-6188ff3cae7c] (../lib/sbi/context.c:2138)
[32m09/30 15:01:04.059[0m: [[33msbi[0m] [1;36mWARNING[0m: UnRef NF EndPoint(addr) [127.0.0.32:7777] (../lib/sbi/context.c:2141)
[32m09/30 15:01:04.059[0m: [[33msbi[0m] [1;32mINFO[0m: Setup NF EndPoint(addr) [127.0.0.32:7777] (../lib/sbi/context.c:2141)
[32m09/30 15:01:04.060[0m: [[33msbi[0m] [1;32mINFO[0m: [b905f82c-bcdf-41f1-9b17-6188ff3cae7c] (NF-discover) NF Profile updated [type:SMF validity:30s] (../lib/sbi/nnrf-handler.c:1508)
[32m09/30 15:01:04.060[0m: [[33msbi[0m] [1;36mWARNING[0m: [b9624884-bcdf-41f1-b78a-7f905b314a30] (NRF-discover) NF has already been added [type:SMF] (../lib/sbi/nnrf-handler.c:1460)
[32m09/30 15:01:04.061[0m: [[33msbi[0m] [1;32mINFO[0m: [SMF] NFInstance associated [b9624884-bcdf-41f1-b78a-7f905b314a30] (../lib/sbi/context.c:2498)
[32m09/30 15:01:04.061[0m: [[33msbi[0m] [1;36mWARNING[0m: UnRef NF EndPoint(addr) [127.0.0.33:80] (../lib/sbi/context.c:2503)
[32m09/30 15:01:04.062[0m: [[33msbi[0m] [1;32mINFO[0m: Setup NF EndPoint(addr) [127.0.0.33:80] (../lib/sbi/context.c:2503)
[32m09/30 15:01:04.062[0m: [[33msbi[0m] [1;32mINFO[0m: [nsmf-pdusession] NFService associated [b963c650-bcdf-41f1-b78a-7f905b314a30] (../lib/sbi/context.c:2138)
[32m09/30 15:01:04.063[0m: [[33msbi[0m] [1;36mWARNING[0m: UnRef NF EndPoint(addr) [127.0.0.33:7777] (../lib/sbi/context.c:2141)
[32m09/30 15:01:04.063[0m: [[33msbi[0m] [1;32mINFO[0m: Setup NF EndPoint(addr) [127.0.0.33:7777] (../lib/sbi/context.c:2141)
[32m09/30 15:01:04.064[0m: [[33msbi[0m] [1;32mINFO[0m: [b9624884-bcdf-41f1-b78a-7f905b314a30] (NF-discover) NF Profile updated [type:SMF validity:30s] (../lib/sbi/nnrf-handler.c:1508)
[32m09/30 15:01:04.064[0m: [[33mamf[0m] [1;32mINFO[0m: LAB_CANDIDATE t=33302526581 nf=b8a9b670-bcdf-41f1-a35e-911d8b75a131 load=10 capacity=100 (../src/amf/lab-selector.h:31)
[32m09/30 15:01:04.065[0m: [[33mamf[0m] [1;32mINFO[0m: LAB_CANDIDATE t=33302527031 nf=b905f82c-bcdf-41f1-9b17-6188ff3cae7c load=0 capacity=100 (../src/amf/lab-selector.h:31)
[32m09/30 15:01:04.066[0m: [[33mamf[0m] [1;32mINFO[0m: LAB_CANDIDATE t=33302527698 nf=b9624884-bcdf-41f1-b78a-7f905b314a30 load=0 capacity=100 (../src/amf/lab-selector.h:31)
[32m09/30 15:01:04.066[0m: [[33mamf[0m] [1;32mINFO[0m: LAB_SELECT t=33302528353 nf=b9624884-bcdf-41f1-b78a-7f905b314a30 load=0 capacity=100 policy=swrr (../src/amf/lab-selector.h:67)
[32m09/30 15:01:04.067[0m: [[33mamf[0m] [1;32mINFO[0m: [b9624884-bcdf-41f1-b78a-7f905b314a30] Setup NF Instance [type:SMF] (../src/amf/sbi-path.c:420)
[32m09/30 15:01:04.079[0m: [[33mamf[0m] [1;32mINFO[0m: Setup NF EndPoint(addr) [127.0.0.33:7777] (../src/amf/nsmf-handler.c:140)
[32m09/30 15:01:04.100[0m: [[33mamf[0m] [1;32mINFO[0m: [imsi-999700000000003:1:11][0:0:NULL] /nsmf-pdusession/v1/sm-contexts/{smContextRef}/modify (../src/amf/nsmf-handler.c:983)
[32m09/30 15:01:04.298[0m: [[33mamf[0m] [1;32mINFO[0m: [Added] Number of AMF-Sessions is now 4 (../src/amf/context.c:2953)
[32m09/30 15:01:04.299[0m: [[33mgmm[0m] [1;32mINFO[0m: UE SUPI[imsi-999700000000004] DNN[internet] LBO[0] S_NSSAI[SST:1 SD:0xffffff] smContextRef[NULL] smContextResourceURI[NULL] (../src/amf/gmm-handler.c:1430)
[32m09/30 15:01:04.300[0m: [[33mgmm[0m] [1;32mINFO[0m: No V-SMF Instance (../src/amf/gmm-handler.c:1513)
[32m09/30 15:01:04.301[0m: [[33mgmm[0m] [1;32mINFO[0m: V-SMF not discovered in NON-ROAMING OR LBO (../src/amf/gmm-handler.c:1599)
[32m09/30 15:01:04.302[0m: [[33mgmm[0m] [1;32mINFO[0m: nnssf-nsselection[1:1:(nil):(nil)] (../src/amf/gmm-handler.c:1610)
[32m09/30 15:01:04.303[0m: [[33msbi[0m] [1;32mINFO[0m: [b831e64a-bcdf-41f1-af57-c104e61f2896] Setup NF Instance [type:NSSF] (../lib/sbi/path.c:349)
[32m09/30 15:01:04.305[0m: [[33mamf[0m] [1;32mINFO[0m: Setup NF EndPoint(addr) [127.0.0.10:7777] (../src/amf/nnssf-handler.c:203)
[32m09/30 15:01:04.306[0m: [[33mamf[0m] [1;36mWARNING[0m: Try to discover by NsiInformation [nsmf-pdusession] (../src/amf/sbi-path.c:554)
[32m09/30 15:01:04.309[0m: [[33msbi[0m] [1;36mWARNING[0m: [b8a9b670-bcdf-41f1-a35e-911d8b75a131] (NRF-discover) NF has already been added [type:SMF] (../lib/sbi/nnrf-handler.c:1460)
[32m09/30 15:01:04.309[0m: [[33msbi[0m] [1;32mINFO[0m: [SMF] NFInstance associated [b8a9b670-bcdf-41f1-a35e-911d8b75a131] (../lib/sbi/context.c:2498)
[32m09/30 15:01:04.309[0m: [[33msbi[0m] [1;36mWARNING[0m: UnRef NF EndPoint(addr) [127.0.0.4:80] (../lib/sbi/context.c:2503)
[32m09/30 15:01:04.310[0m: [[33msbi[0m] [1;32mINFO[0m: Setup NF EndPoint(addr) [127.0.0.4:80] (../lib/sbi/context.c:2503)
[32m09/30 15:01:04.310[0m: [[33msbi[0m] [1;32mINFO[0m: [nsmf-pdusession] NFService associated [b8aaee28-bcdf-41f1-a35e-911d8b75a131] (../lib/sbi/context.c:2138)
[32m09/30 15:01:04.311[0m: [[33msbi[0m] [1;36mWARNING[0m: UnRef NF EndPoint(addr) [127.0.0.4:7777] (../lib/sbi/context.c:2141)
[32m09/30 15:01:04.312[0m: [[33msbi[0m] [1;32mINFO[0m: Setup NF EndPoint(addr) [127.0.0.4:7777] (../lib/sbi/context.c:2141)
[32m09/30 15:01:04.312[0m: [[33msbi[0m] [1;32mINFO[0m: [b8a9b670-bcdf-41f1-a35e-911d8b75a131] (NF-discover) NF Profile updated [type:SMF validity:30s] (../lib/sbi/nnrf-handler.c:1508)
[32m09/30 15:01:04.312[0m: [[33msbi[0m] [1;36mWARNING[0m: [b905f82c-bcdf-41f1-9b17-6188ff3cae7c] (NRF-discover) NF has already been added [type:SMF] (../lib/sbi/nnrf-handler.c:1460)
[32m09/30 15:01:04.313[0m: [[33msbi[0m] [1;32mINFO[0m: [SMF] NFInstance associated [b905f82c-bcdf-41f1-9b17-6188ff3cae7c] (../lib/sbi/context.c:2498)
[32m09/30 15:01:04.313[0m: [[33msbi[0m] [1;36mWARNING[0m: UnRef NF EndPoint(addr) [127.0.0.32:80] (../lib/sbi/context.c:2503)
[32m09/30 15:01:04.314[0m: [[33msbi[0m] [1;32mINFO[0m: Setup NF EndPoint(addr) [127.0.0.32:80] (../lib/sbi/context.c:2503)
[32m09/30 15:01:04.314[0m: [[33msbi[0m] [1;32mINFO[0m: [nsmf-pdusession] NFService associated [b90750f0-bcdf-41f1-9b17-6188ff3cae7c] (../lib/sbi/context.c:2138)
[32m09/30 15:01:04.315[0m: [[33msbi[0m] [1;36mWARNING[0m: UnRef NF EndPoint(addr) [127.0.0.32:7777] (../lib/sbi/context.c:2141)
[32m09/30 15:01:04.315[0m: [[33msbi[0m] [1;32mINFO[0m: Setup NF EndPoint(addr) [127.0.0.32:7777] (../lib/sbi/context.c:2141)
[32m09/30 15:01:04.316[0m: [[33msbi[0m] [1;32mINFO[0m: [b905f82c-bcdf-41f1-9b17-6188ff3cae7c] (NF-discover) NF Profile updated [type:SMF validity:30s] (../lib/sbi/nnrf-handler.c:1508)
[32m09/30 15:01:04.316[0m: [[33msbi[0m] [1;36mWARNING[0m: [b9624884-bcdf-41f1-b78a-7f905b314a30] (NRF-discover) NF has already been added [type:SMF] (../lib/sbi/nnrf-handler.c:1460)
[32m09/30 15:01:04.316[0m: [[33msbi[0m] [1;32mINFO[0m: [SMF] NFInstance associated [b9624884-bcdf-41f1-b78a-7f905b314a30] (../lib/sbi/context.c:2498)
[32m09/30 15:01:04.317[0m: [[33msbi[0m] [1;36mWARNING[0m: UnRef NF EndPoint(addr) [127.0.0.33:80] (../lib/sbi/context.c:2503)
[32m09/30 15:01:04.317[0m: [[33msbi[0m] [1;32mINFO[0m: Setup NF EndPoint(addr) [127.0.0.33:80] (../lib/sbi/context.c:2503)
[32m09/30 15:01:04.318[0m: [[33msbi[0m] [1;32mINFO[0m: [nsmf-pdusession] NFService associated [b963c650-bcdf-41f1-b78a-7f905b314a30] (../lib/sbi/context.c:2138)
[32m09/30 15:01:04.318[0m: [[33msbi[0m] [1;36mWARNING[0m: UnRef NF EndPoint(addr) [127.0.0.33:7777] (../lib/sbi/context.c:2141)
[32m09/30 15:01:04.319[0m: [[33msbi[0m] [1;32mINFO[0m: Setup NF EndPoint(addr) [127.0.0.33:7777] (../lib/sbi/context.c:2141)
[32m09/30 15:01:04.319[0m: [[33msbi[0m] [1;32mINFO[0m: [b9624884-bcdf-41f1-b78a-7f905b314a30] (NF-discover) NF Profile updated [type:SMF validity:30s] (../lib/sbi/nnrf-handler.c:1508)
[32m09/30 15:01:04.319[0m: [[33mamf[0m] [1;32mINFO[0m: LAB_CANDIDATE t=33302781453 nf=b8a9b670-bcdf-41f1-a35e-911d8b75a131 load=10 capacity=100 (../src/amf/lab-selector.h:31)
[32m09/30 15:01:04.320[0m: [[33mamf[0m] [1;32mINFO[0m: LAB_CANDIDATE t=33302781761 nf=b905f82c-bcdf-41f1-9b17-6188ff3cae7c load=0 capacity=100 (../src/amf/lab-selector.h:31)
[32m09/30 15:01:04.320[0m: [[33mamf[0m] [1;32mINFO[0m: LAB_CANDIDATE t=33302782112 nf=b9624884-bcdf-41f1-b78a-7f905b314a30 load=0 capacity=100 (../src/amf/lab-selector.h:31)
[32m09/30 15:01:04.320[0m: [[33mamf[0m] [1;32mINFO[0m: LAB_SELECT t=33302782437 nf=b905f82c-bcdf-41f1-9b17-6188ff3cae7c load=0 capacity=100 policy=swrr (../src/amf/lab-selector.h:67)
[32m09/30 15:01:04.321[0m: [[33mamf[0m] [1;32mINFO[0m: [b905f82c-bcdf-41f1-9b17-6188ff3cae7c] Setup NF Instance [type:SMF] (../src/amf/sbi-path.c:420)
[32m09/30 15:01:04.331[0m: [[33mamf[0m] [1;32mINFO[0m: Setup NF EndPoint(addr) [127.0.0.32:7777] (../src/amf/nsmf-handler.c:140)
[32m09/30 15:01:04.347[0m: [[33mamf[0m] [1;32mINFO[0m: [imsi-999700000000004:1:11][0:0:NULL] /nsmf-pdusession/v1/sm-contexts/{smContextRef}/modify (../src/amf/nsmf-handler.c:983)
[32m09/30 15:01:04.542[0m: [[33mamf[0m] [1;32mINFO[0m: [Added] Number of AMF-Sessions is now 5 (../src/amf/context.c:2953)
[32m09/30 15:01:04.543[0m: [[33mgmm[0m] [1;32mINFO[0m: UE SUPI[imsi-999700000000005] DNN[internet] LBO[0] S_NSSAI[SST:1 SD:0xffffff] smContextRef[NULL] smContextResourceURI[NULL] (../src/amf/gmm-handler.c:1430)
[32m09/30 15:01:04.545[0m: [[33mgmm[0m] [1;32mINFO[0m: No V-SMF Instance (../src/amf/gmm-handler.c:1513)
[32m09/30 15:01:04.545[0m: [[33mgmm[0m] [1;32mINFO[0m: V-SMF not discovered in NON-ROAMING OR LBO (../src/amf/gmm-handler.c:1599)
[32m09/30 15:01:04.546[0m: [[33mgmm[0m] [1;32mINFO[0m: nnssf-nsselection[1:1:(nil):(nil)] (../src/amf/gmm-handler.c:1610)
[32m09/30 15:01:04.547[0m: [[33msbi[0m] [1;32mINFO[0m: [b831e64a-bcdf-41f1-af57-c104e61f2896] Setup NF Instance [type:NSSF] (../lib/sbi/path.c:349)
[32m09/30 15:01:04.550[0m: [[33mamf[0m] [1;32mINFO[0m: Setup NF EndPoint(addr) [127.0.0.10:7777] (../src/amf/nnssf-handler.c:203)
[32m09/30 15:01:04.551[0m: [[33mamf[0m] [1;36mWARNING[0m: Try to discover by NsiInformation [nsmf-pdusession] (../src/amf/sbi-path.c:554)
[32m09/30 15:01:04.553[0m: [[33msbi[0m] [1;36mWARNING[0m: [b8a9b670-bcdf-41f1-a35e-911d8b75a131] (NRF-discover) NF has already been added [type:SMF] (../lib/sbi/nnrf-handler.c:1460)
[32m09/30 15:01:04.554[0m: [[33msbi[0m] [1;32mINFO[0m: [SMF] NFInstance associated [b8a9b670-bcdf-41f1-a35e-911d8b75a131] (../lib/sbi/context.c:2498)
[32m09/30 15:01:04.555[0m: [[33msbi[0m] [1;36mWARNING[0m: UnRef NF EndPoint(addr) [127.0.0.4:80] (../lib/sbi/context.c:2503)
[32m09/30 15:01:04.555[0m: [[33msbi[0m] [1;32mINFO[0m: Setup NF EndPoint(addr) [127.0.0.4:80] (../lib/sbi/context.c:2503)
[32m09/30 15:01:04.556[0m: [[33msbi[0m] [1;32mINFO[0m: [nsmf-pdusession] NFService associated [b8aaee28-bcdf-41f1-a35e-911d8b75a131] (../lib/sbi/context.c:2138)
[32m09/30 15:01:04.556[0m: [[33msbi[0m] [1;36mWARNING[0m: UnRef NF EndPoint(addr) [127.0.0.4:7777] (../lib/sbi/context.c:2141)
[32m09/30 15:01:04.557[0m: [[33msbi[0m] [1;32mINFO[0m: Setup NF EndPoint(addr) [127.0.0.4:7777] (../lib/sbi/context.c:2141)
[32m09/30 15:01:04.557[0m: [[33msbi[0m] [1;32mINFO[0m: [b8a9b670-bcdf-41f1-a35e-911d8b75a131] (NF-discover) NF Profile updated [type:SMF validity:30s] (../lib/sbi/nnrf-handler.c:1508)
[32m09/30 15:01:04.557[0m: [[33msbi[0m] [1;36mWARNING[0m: [b905f82c-bcdf-41f1-9b17-6188ff3cae7c] (NRF-discover) NF has already been added [type:SMF] (../lib/sbi/nnrf-handler.c:1460)
[32m09/30 15:01:04.558[0m: [[33msbi[0m] [1;32mINFO[0m: [SMF] NFInstance associated [b905f82c-bcdf-41f1-9b17-6188ff3cae7c] (../lib/sbi/context.c:2498)
[32m09/30 15:01:04.559[0m: [[33msbi[0m] [1;36mWARNING[0m: UnRef NF EndPoint(addr) [127.0.0.32:80] (../lib/sbi/context.c:2503)
[32m09/30 15:01:04.559[0m: [[33msbi[0m] [1;32mINFO[0m: Setup NF EndPoint(addr) [127.0.0.32:80] (../lib/sbi/context.c:2503)
[32m09/30 15:01:04.560[0m: [[33msbi[0m] [1;32mINFO[0m: [nsmf-pdusession] NFService associated [b90750f0-bcdf-41f1-9b17-6188ff3cae7c] (../lib/sbi/context.c:2138)
[32m09/30 15:01:04.561[0m: [[33msbi[0m] [1;36mWARNING[0m: UnRef NF EndPoint(addr) [127.0.0.32:7777] (../lib/sbi/context.c:2141)
[32m09/30 15:01:04.561[0m: [[33msbi[0m] [1;32mINFO[0m: Setup NF EndPoint(addr) [127.0.0.32:7777] (../lib/sbi/context.c:2141)
[32m09/30 15:01:04.562[0m: [[33msbi[0m] [1;32mINFO[0m: [b905f82c-bcdf-41f1-9b17-6188ff3cae7c] (NF-discover) NF Profile updated [type:SMF validity:30s] (../lib/sbi/nnrf-handler.c:1508)
[32m09/30 15:01:04.562[0m: [[33msbi[0m] [1;36mWARNING[0m: [b9624884-bcdf-41f1-b78a-7f905b314a30] (NRF-discover) NF has already been added [type:SMF] (../lib/sbi/nnrf-handler.c:1460)
[32m09/30 15:01:04.563[0m: [[33msbi[0m] [1;32mINFO[0m: [SMF] NFInstance associated [b9624884-bcdf-41f1-b78a-7f905b314a30] (../lib/sbi/context.c:2498)
[32m09/30 15:01:04.563[0m: [[33msbi[0m] [1;36mWARNING[0m: UnRef NF EndPoint(addr) [127.0.0.33:80] (../lib/sbi/context.c:2503)
[32m09/30 15:01:04.564[0m: [[33msbi[0m] [1;32mINFO[0m: Setup NF EndPoint(addr) [127.0.0.33:80] (../lib/sbi/context.c:2503)
[32m09/30 15:01:04.565[0m: [[33msbi[0m] [1;32mINFO[0m: [nsmf-pdusession] NFService associated [b963c650-bcdf-41f1-b78a-7f905b314a30] (../lib/sbi/context.c:2138)
[32m09/30 15:01:04.565[0m: [[33msbi[0m] [1;36mWARNING[0m: UnRef NF EndPoint(addr) [127.0.0.33:7777] (../lib/sbi/context.c:2141)
[32m09/30 15:01:04.566[0m: [[33msbi[0m] [1;32mINFO[0m: Setup NF EndPoint(addr) [127.0.0.33:7777] (../lib/sbi/context.c:2141)
[32m09/30 15:01:04.566[0m: [[33msbi[0m] [1;32mINFO[0m: [b9624884-bcdf-41f1-b78a-7f905b314a30] (NF-discover) NF Profile updated [type:SMF validity:30s] (../lib/sbi/nnrf-handler.c:1508)
[32m09/30 15:01:04.567[0m: [[33mamf[0m] [1;32mINFO[0m: LAB_CANDIDATE t=33303029001 nf=b8a9b670-bcdf-41f1-a35e-911d8b75a131 load=10 capacity=100 (../src/amf/lab-selector.h:31)
[32m09/30 15:01:04.567[0m: [[33mamf[0m] [1;32mINFO[0m: LAB_CANDIDATE t=33303029542 nf=b905f82c-bcdf-41f1-9b17-6188ff3cae7c load=20 capacity=100 (../src/amf/lab-selector.h:31)
[32m09/30 15:01:04.568[0m: [[33mamf[0m] [1;32mINFO[0m: LAB_CANDIDATE t=33303030227 nf=b9624884-bcdf-41f1-b78a-7f905b314a30 load=0 capacity=100 (../src/amf/lab-selector.h:31)
[32m09/30 15:01:04.569[0m: [[33mamf[0m] [1;32mINFO[0m: LAB_SELECT t=33303030655 nf=b9624884-bcdf-41f1-b78a-7f905b314a30 load=0 capacity=100 policy=swrr (../src/amf/lab-selector.h:67)
[32m09/30 15:01:04.569[0m: [[33mamf[0m] [1;32mINFO[0m: [b9624884-bcdf-41f1-b78a-7f905b314a30] Setup NF Instance [type:SMF] (../src/amf/sbi-path.c:420)
[32m09/30 15:01:04.581[0m: [[33mamf[0m] [1;32mINFO[0m: Setup NF EndPoint(addr) [127.0.0.33:7777] (../src/amf/nsmf-handler.c:140)
[32m09/30 15:01:04.601[0m: [[33mamf[0m] [1;32mINFO[0m: [imsi-999700000000005:1:11][0:0:NULL] /nsmf-pdusession/v1/sm-contexts/{smContextRef}/modify (../src/amf/nsmf-handler.c:983)
[32m09/30 15:01:04.794[0m: [[33mamf[0m] [1;32mINFO[0m: [Added] Number of AMF-Sessions is now 6 (../src/amf/context.c:2953)
[32m09/30 15:01:04.795[0m: [[33mgmm[0m] [1;32mINFO[0m: UE SUPI[imsi-999700000000006] DNN[internet] LBO[0] S_NSSAI[SST:1 SD:0xffffff] smContextRef[NULL] smContextResourceURI[NULL] (../src/amf/gmm-handler.c:1430)
[32m09/30 15:01:04.796[0m: [[33mgmm[0m] [1;32mINFO[0m: No V-SMF Instance (../src/amf/gmm-handler.c:1513)
[32m09/30 15:01:04.797[0m: [[33mgmm[0m] [1;32mINFO[0m: V-SMF not discovered in NON-ROAMING OR LBO (../src/amf/gmm-handler.c:1599)
[32m09/30 15:01:04.797[0m: [[33mgmm[0m] [1;32mINFO[0m: nnssf-nsselection[1:1:(nil):(nil)] (../src/amf/gmm-handler.c:1610)
[32m09/30 15:01:04.798[0m: [[33msbi[0m] [1;32mINFO[0m: [b831e64a-bcdf-41f1-af57-c104e61f2896] Setup NF Instance [type:NSSF] (../lib/sbi/path.c:349)
[32m09/30 15:01:04.800[0m: [[33mamf[0m] [1;32mINFO[0m: Setup NF EndPoint(addr) [127.0.0.10:7777] (../src/amf/nnssf-handler.c:203)
[32m09/30 15:01:04.801[0m: [[33mamf[0m] [1;36mWARNING[0m: Try to discover by NsiInformation [nsmf-pdusession] (../src/amf/sbi-path.c:554)
[32m09/30 15:01:04.804[0m: [[33msbi[0m] [1;36mWARNING[0m: [b8a9b670-bcdf-41f1-a35e-911d8b75a131] (NRF-discover) NF has already been added [type:SMF] (../lib/sbi/nnrf-handler.c:1460)
[32m09/30 15:01:04.804[0m: [[33msbi[0m] [1;32mINFO[0m: [SMF] NFInstance associated [b8a9b670-bcdf-41f1-a35e-911d8b75a131] (../lib/sbi/context.c:2498)
[32m09/30 15:01:04.805[0m: [[33msbi[0m] [1;36mWARNING[0m: UnRef NF EndPoint(addr) [127.0.0.4:80] (../lib/sbi/context.c:2503)
[32m09/30 15:01:04.805[0m: [[33msbi[0m] [1;32mINFO[0m: Setup NF EndPoint(addr) [127.0.0.4:80] (../lib/sbi/context.c:2503)
[32m09/30 15:01:04.806[0m: [[33msbi[0m] [1;32mINFO[0m: [nsmf-pdusession] NFService associated [b8aaee28-bcdf-41f1-a35e-911d8b75a131] (../lib/sbi/context.c:2138)
[32m09/30 15:01:04.806[0m: [[33msbi[0m] [1;36mWARNING[0m: UnRef NF EndPoint(addr) [127.0.0.4:7777] (../lib/sbi/context.c:2141)
[32m09/30 15:01:04.807[0m: [[33msbi[0m] [1;32mINFO[0m: Setup NF EndPoint(addr) [127.0.0.4:7777] (../lib/sbi/context.c:2141)
[32m09/30 15:01:04.807[0m: [[33msbi[0m] [1;32mINFO[0m: [b8a9b670-bcdf-41f1-a35e-911d8b75a131] (NF-discover) NF Profile updated [type:SMF validity:30s] (../lib/sbi/nnrf-handler.c:1508)
[32m09/30 15:01:04.807[0m: [[33msbi[0m] [1;36mWARNING[0m: [b905f82c-bcdf-41f1-9b17-6188ff3cae7c] (NRF-discover) NF has already been added [type:SMF] (../lib/sbi/nnrf-handler.c:1460)
[32m09/30 15:01:04.808[0m: [[33msbi[0m] [1;32mINFO[0m: [SMF] NFInstance associated [b905f82c-bcdf-41f1-9b17-6188ff3cae7c] (../lib/sbi/context.c:2498)
[32m09/30 15:01:04.808[0m: [[33msbi[0m] [1;36mWARNING[0m: UnRef NF EndPoint(addr) [127.0.0.32:80] (../lib/sbi/context.c:2503)
[32m09/30 15:01:04.809[0m: [[33msbi[0m] [1;32mINFO[0m: Setup NF EndPoint(addr) [127.0.0.32:80] (../lib/sbi/context.c:2503)
[32m09/30 15:01:04.809[0m: [[33msbi[0m] [1;32mINFO[0m: [nsmf-pdusession] NFService associated [b90750f0-bcdf-41f1-9b17-6188ff3cae7c] (../lib/sbi/context.c:2138)
[32m09/30 15:01:04.810[0m: [[33msbi[0m] [1;36mWARNING[0m: UnRef NF EndPoint(addr) [127.0.0.32:7777] (../lib/sbi/context.c:2141)
[32m09/30 15:01:04.810[0m: [[33msbi[0m] [1;32mINFO[0m: Setup NF EndPoint(addr) [127.0.0.32:7777] (../lib/sbi/context.c:2141)
[32m09/30 15:01:04.810[0m: [[33msbi[0m] [1;32mINFO[0m: [b905f82c-bcdf-41f1-9b17-6188ff3cae7c] (NF-discover) NF Profile updated [type:SMF validity:30s] (../lib/sbi/nnrf-handler.c:1508)
[32m09/30 15:01:04.811[0m: [[33msbi[0m] [1;36mWARNING[0m: [b9624884-bcdf-41f1-b78a-7f905b314a30] (NRF-discover) NF has already been added [type:SMF] (../lib/sbi/nnrf-handler.c:1460)
[32m09/30 15:01:04.811[0m: [[33msbi[0m] [1;32mINFO[0m: [SMF] NFInstance associated [b9624884-bcdf-41f1-b78a-7f905b314a30] (../lib/sbi/context.c:2498)
[32m09/30 15:01:04.812[0m: [[33msbi[0m] [1;36mWARNING[0m: UnRef NF EndPoint(addr) [127.0.0.33:80] (../lib/sbi/context.c:2503)
[32m09/30 15:01:04.812[0m: [[33msbi[0m] [1;32mINFO[0m: Setup NF EndPoint(addr) [127.0.0.33:80] (../lib/sbi/context.c:2503)
[32m09/30 15:01:04.813[0m: [[33msbi[0m] [1;32mINFO[0m: [nsmf-pdusession] NFService associated [b963c650-bcdf-41f1-b78a-7f905b314a30] (../lib/sbi/context.c:2138)
[32m09/30 15:01:04.813[0m: [[33msbi[0m] [1;36mWARNING[0m: UnRef NF EndPoint(addr) [127.0.0.33:7777] (../lib/sbi/context.c:2141)
[32m09/30 15:01:04.813[0m: [[33msbi[0m] [1;32mINFO[0m: Setup NF EndPoint(addr) [127.0.0.33:7777] (../lib/sbi/context.c:2141)
[32m09/30 15:01:04.814[0m: [[33msbi[0m] [1;32mINFO[0m: [b9624884-bcdf-41f1-b78a-7f905b314a30] (NF-discover) NF Profile updated [type:SMF validity:30s] (../lib/sbi/nnrf-handler.c:1508)
[32m09/30 15:01:04.815[0m: [[33mamf[0m] [1;32mINFO[0m: LAB_CANDIDATE t=33303276655 nf=b8a9b670-bcdf-41f1-a35e-911d8b75a131 load=10 capacity=100 (../src/amf/lab-selector.h:31)
[32m09/30 15:01:04.815[0m: [[33mamf[0m] [1;32mINFO[0m: LAB_CANDIDATE t=33303277028 nf=b905f82c-bcdf-41f1-9b17-6188ff3cae7c load=20 capacity=100 (../src/amf/lab-selector.h:31)
[32m09/30 15:01:04.815[0m: [[33mamf[0m] [1;32mINFO[0m: LAB_CANDIDATE t=33303277402 nf=b9624884-bcdf-41f1-b78a-7f905b314a30 load=0 capacity=100 (../src/amf/lab-selector.h:31)
[32m09/30 15:01:04.816[0m: [[33mamf[0m] [1;32mINFO[0m: LAB_SELECT t=33303277748 nf=b8a9b670-bcdf-41f1-a35e-911d8b75a131 load=10 capacity=100 policy=swrr (../src/amf/lab-selector.h:67)
[32m09/30 15:01:04.816[0m: [[33mamf[0m] [1;32mINFO[0m: [b8a9b670-bcdf-41f1-a35e-911d8b75a131] Setup NF Instance [type:SMF] (../src/amf/sbi-path.c:420)
[32m09/30 15:01:04.827[0m: [[33mamf[0m] [1;32mINFO[0m: Setup NF EndPoint(addr) [127.0.0.4:7777] (../src/amf/nsmf-handler.c:140)
[32m09/30 15:01:04.844[0m: [[33mamf[0m] [1;32mINFO[0m: [imsi-999700000000006:1:11][0:0:NULL] /nsmf-pdusession/v1/sm-contexts/{smContextRef}/modify (../src/amf/nsmf-handler.c:983)
[32m09/30 15:01:05.042[0m: [[33mamf[0m] [1;32mINFO[0m: [Added] Number of AMF-Sessions is now 7 (../src/amf/context.c:2953)
[32m09/30 15:01:05.043[0m: [[33mgmm[0m] [1;32mINFO[0m: UE SUPI[imsi-999700000000007] DNN[internet] LBO[0] S_NSSAI[SST:1 SD:0xffffff] smContextRef[NULL] smContextResourceURI[NULL] (../src/amf/gmm-handler.c:1430)
[32m09/30 15:01:05.045[0m: [[33mgmm[0m] [1;32mINFO[0m: No V-SMF Instance (../src/amf/gmm-handler.c:1513)
[32m09/30 15:01:05.045[0m: [[33mgmm[0m] [1;32mINFO[0m: V-SMF not discovered in NON-ROAMING OR LBO (../src/amf/gmm-handler.c:1599)
[32m09/30 15:01:05.046[0m: [[33mgmm[0m] [1;32mINFO[0m: nnssf-nsselection[1:1:(nil):(nil)] (../src/amf/gmm-handler.c:1610)
[32m09/30 15:01:05.046[0m: [[33msbi[0m] [1;32mINFO[0m: [b831e64a-bcdf-41f1-af57-c104e61f2896] Setup NF Instance [type:NSSF] (../lib/sbi/path.c:349)
[32m09/30 15:01:05.049[0m: [[33mamf[0m] [1;32mINFO[0m: Setup NF EndPoint(addr) [127.0.0.10:7777] (../src/amf/nnssf-handler.c:203)
[32m09/30 15:01:05.049[0m: [[33mamf[0m] [1;36mWARNING[0m: Try to discover by NsiInformation [nsmf-pdusession] (../src/amf/sbi-path.c:554)
[32m09/30 15:01:05.052[0m: [[33msbi[0m] [1;36mWARNING[0m: [b8a9b670-bcdf-41f1-a35e-911d8b75a131] (NRF-discover) NF has already been added [type:SMF] (../lib/sbi/nnrf-handler.c:1460)
[32m09/30 15:01:05.053[0m: [[33msbi[0m] [1;32mINFO[0m: [SMF] NFInstance associated [b8a9b670-bcdf-41f1-a35e-911d8b75a131] (../lib/sbi/context.c:2498)
[32m09/30 15:01:05.054[0m: [[33msbi[0m] [1;36mWARNING[0m: UnRef NF EndPoint(addr) [127.0.0.4:80] (../lib/sbi/context.c:2503)
[32m09/30 15:01:05.054[0m: [[33msbi[0m] [1;32mINFO[0m: Setup NF EndPoint(addr) [127.0.0.4:80] (../lib/sbi/context.c:2503)
[32m09/30 15:01:05.055[0m: [[33msbi[0m] [1;32mINFO[0m: [nsmf-pdusession] NFService associated [b8aaee28-bcdf-41f1-a35e-911d8b75a131] (../lib/sbi/context.c:2138)
[32m09/30 15:01:05.055[0m: [[33msbi[0m] [1;36mWARNING[0m: UnRef NF EndPoint(addr) [127.0.0.4:7777] (../lib/sbi/context.c:2141)
[32m09/30 15:01:05.056[0m: [[33msbi[0m] [1;32mINFO[0m: Setup NF EndPoint(addr) [127.0.0.4:7777] (../lib/sbi/context.c:2141)
[32m09/30 15:01:05.056[0m: [[33msbi[0m] [1;32mINFO[0m: [b8a9b670-bcdf-41f1-a35e-911d8b75a131] (NF-discover) NF Profile updated [type:SMF validity:30s] (../lib/sbi/nnrf-handler.c:1508)
[32m09/30 15:01:05.057[0m: [[33msbi[0m] [1;36mWARNING[0m: [b905f82c-bcdf-41f1-9b17-6188ff3cae7c] (NRF-discover) NF has already been added [type:SMF] (../lib/sbi/nnrf-handler.c:1460)
[32m09/30 15:01:05.057[0m: [[33msbi[0m] [1;32mINFO[0m: [SMF] NFInstance associated [b905f82c-bcdf-41f1-9b17-6188ff3cae7c] (../lib/sbi/context.c:2498)
[32m09/30 15:01:05.058[0m: [[33msbi[0m] [1;36mWARNING[0m: UnRef NF EndPoint(addr) [127.0.0.32:80] (../lib/sbi/context.c:2503)
[32m09/30 15:01:05.059[0m: [[33msbi[0m] [1;32mINFO[0m: Setup NF EndPoint(addr) [127.0.0.32:80] (../lib/sbi/context.c:2503)
[32m09/30 15:01:05.059[0m: [[33msbi[0m] [1;32mINFO[0m: [nsmf-pdusession] NFService associated [b90750f0-bcdf-41f1-9b17-6188ff3cae7c] (../lib/sbi/context.c:2138)
[32m09/30 15:01:05.060[0m: [[33msbi[0m] [1;36mWARNING[0m: UnRef NF EndPoint(addr) [127.0.0.32:7777] (../lib/sbi/context.c:2141)
[32m09/30 15:01:05.060[0m: [[33msbi[0m] [1;32mINFO[0m: Setup NF EndPoint(addr) [127.0.0.32:7777] (../lib/sbi/context.c:2141)
[32m09/30 15:01:05.061[0m: [[33msbi[0m] [1;32mINFO[0m: [b905f82c-bcdf-41f1-9b17-6188ff3cae7c] (NF-discover) NF Profile updated [type:SMF validity:30s] (../lib/sbi/nnrf-handler.c:1508)
[32m09/30 15:01:05.061[0m: [[33msbi[0m] [1;36mWARNING[0m: [b9624884-bcdf-41f1-b78a-7f905b314a30] (NRF-discover) NF has already been added [type:SMF] (../lib/sbi/nnrf-handler.c:1460)
[32m09/30 15:01:05.062[0m: [[33msbi[0m] [1;32mINFO[0m: [SMF] NFInstance associated [b9624884-bcdf-41f1-b78a-7f905b314a30] (../lib/sbi/context.c:2498)
[32m09/30 15:01:05.063[0m: [[33msbi[0m] [1;36mWARNING[0m: UnRef NF EndPoint(addr) [127.0.0.33:80] (../lib/sbi/context.c:2503)
[32m09/30 15:01:05.063[0m: [[33msbi[0m] [1;32mINFO[0m: Setup NF EndPoint(addr) [127.0.0.33:80] (../lib/sbi/context.c:2503)
[32m09/30 15:01:05.064[0m: [[33msbi[0m] [1;32mINFO[0m: [nsmf-pdusession] NFService associated [b963c650-bcdf-41f1-b78a-7f905b314a30] (../lib/sbi/context.c:2138)
[32m09/30 15:01:05.064[0m: [[33msbi[0m] [1;36mWARNING[0m: UnRef NF EndPoint(addr) [127.0.0.33:7777] (../lib/sbi/context.c:2141)
[32m09/30 15:01:05.065[0m: [[33msbi[0m] [1;32mINFO[0m: Setup NF EndPoint(addr) [127.0.0.33:7777] (../lib/sbi/context.c:2141)
[32m09/30 15:01:05.065[0m: [[33msbi[0m] [1;32mINFO[0m: [b9624884-bcdf-41f1-b78a-7f905b314a30] (NF-discover) NF Profile updated [type:SMF validity:30s] (../lib/sbi/nnrf-handler.c:1508)
[32m09/30 15:01:05.066[0m: [[33mamf[0m] [1;32mINFO[0m: LAB_CANDIDATE t=33303528142 nf=b8a9b670-bcdf-41f1-a35e-911d8b75a131 load=10 capacity=100 (../src/amf/lab-selector.h:31)
[32m09/30 15:01:05.066[0m: [[33mamf[0m] [1;32mINFO[0m: LAB_CANDIDATE t=33303528545 nf=b905f82c-bcdf-41f1-9b17-6188ff3cae7c load=20 capacity=100 (../src/amf/lab-selector.h:31)
[32m09/30 15:01:05.067[0m: [[33mamf[0m] [1;32mINFO[0m: LAB_CANDIDATE t=33303528976 nf=b9624884-bcdf-41f1-b78a-7f905b314a30 load=10 capacity=100 (../src/amf/lab-selector.h:31)
[32m09/30 15:01:05.067[0m: [[33mamf[0m] [1;32mINFO[0m: LAB_SELECT t=33303529355 nf=b9624884-bcdf-41f1-b78a-7f905b314a30 load=10 capacity=100 policy=swrr (../src/amf/lab-selector.h:67)
[32m09/30 15:01:05.068[0m: [[33mamf[0m] [1;32mINFO[0m: [b9624884-bcdf-41f1-b78a-7f905b314a30] Setup NF Instance [type:SMF] (../src/amf/sbi-path.c:420)
[32m09/30 15:01:05.077[0m: [[33mamf[0m] [1;32mINFO[0m: Setup NF EndPoint(addr) [127.0.0.33:7777] (../src/amf/nsmf-handler.c:140)
[32m09/30 15:01:05.092[0m: [[33mamf[0m] [1;32mINFO[0m: [imsi-999700000000007:1:11][0:0:NULL] /nsmf-pdusession/v1/sm-contexts/{smContextRef}/modify (../src/amf/nsmf-handler.c:983)
[32m09/30 15:01:05.290[0m: [[33mamf[0m] [1;32mINFO[0m: [Added] Number of AMF-Sessions is now 8 (../src/amf/context.c:2953)
[32m09/30 15:01:05.292[0m: [[33mgmm[0m] [1;32mINFO[0m: UE SUPI[imsi-999700000000008] DNN[internet] LBO[0] S_NSSAI[SST:1 SD:0xffffff] smContextRef[NULL] smContextResourceURI[NULL] (../src/amf/gmm-handler.c:1430)
[32m09/30 15:01:05.294[0m: [[33mgmm[0m] [1;32mINFO[0m: No V-SMF Instance (../src/amf/gmm-handler.c:1513)
[32m09/30 15:01:05.295[0m: [[33mgmm[0m] [1;32mINFO[0m: V-SMF not discovered in NON-ROAMING OR LBO (../src/amf/gmm-handler.c:1599)
[32m09/30 15:01:05.296[0m: [[33mgmm[0m] [1;32mINFO[0m: nnssf-nsselection[1:1:(nil):(nil)] (../src/amf/gmm-handler.c:1610)
[32m09/30 15:01:05.297[0m: [[33msbi[0m] [1;32mINFO[0m: [b831e64a-bcdf-41f1-af57-c104e61f2896] Setup NF Instance [type:NSSF] (../lib/sbi/path.c:349)
[32m09/30 15:01:05.302[0m: [[33mamf[0m] [1;32mINFO[0m: Setup NF EndPoint(addr) [127.0.0.10:7777] (../src/amf/nnssf-handler.c:203)
[32m09/30 15:01:05.303[0m: [[33mamf[0m] [1;36mWARNING[0m: Try to discover by NsiInformation [nsmf-pdusession] (../src/amf/sbi-path.c:554)
[32m09/30 15:01:05.306[0m: [[33msbi[0m] [1;36mWARNING[0m: [b8a9b670-bcdf-41f1-a35e-911d8b75a131] (NRF-discover) NF has already been added [type:SMF] (../lib/sbi/nnrf-handler.c:1460)
[32m09/30 15:01:05.307[0m: [[33msbi[0m] [1;32mINFO[0m: [SMF] NFInstance associated [b8a9b670-bcdf-41f1-a35e-911d8b75a131] (../lib/sbi/context.c:2498)
[32m09/30 15:01:05.307[0m: [[33msbi[0m] [1;36mWARNING[0m: UnRef NF EndPoint(addr) [127.0.0.4:80] (../lib/sbi/context.c:2503)
[32m09/30 15:01:05.308[0m: [[33msbi[0m] [1;32mINFO[0m: Setup NF EndPoint(addr) [127.0.0.4:80] (../lib/sbi/context.c:2503)
[32m09/30 15:01:05.309[0m: [[33msbi[0m] [1;32mINFO[0m: [nsmf-pdusession] NFService associated [b8aaee28-bcdf-41f1-a35e-911d8b75a131] (../lib/sbi/context.c:2138)
[32m09/30 15:01:05.309[0m: [[33msbi[0m] [1;36mWARNING[0m: UnRef NF EndPoint(addr) [127.0.0.4:7777] (../lib/sbi/context.c:2141)
[32m09/30 15:01:05.309[0m: [[33msbi[0m] [1;32mINFO[0m: Setup NF EndPoint(addr) [127.0.0.4:7777] (../lib/sbi/context.c:2141)
[32m09/30 15:01:05.310[0m: [[33msbi[0m] [1;32mINFO[0m: [b8a9b670-bcdf-41f1-a35e-911d8b75a131] (NF-discover) NF Profile updated [type:SMF validity:30s] (../lib/sbi/nnrf-handler.c:1508)
[32m09/30 15:01:05.311[0m: [[33msbi[0m] [1;36mWARNING[0m: [b905f82c-bcdf-41f1-9b17-6188ff3cae7c] (NRF-discover) NF has already been added [type:SMF] (../lib/sbi/nnrf-handler.c:1460)
[32m09/30 15:01:05.311[0m: [[33msbi[0m] [1;32mINFO[0m: [SMF] NFInstance associated [b905f82c-bcdf-41f1-9b17-6188ff3cae7c] (../lib/sbi/context.c:2498)
[32m09/30 15:01:05.312[0m: [[33msbi[0m] [1;36mWARNING[0m: UnRef NF EndPoint(addr) [127.0.0.32:80] (../lib/sbi/context.c:2503)
[32m09/30 15:01:05.312[0m: [[33msbi[0m] [1;32mINFO[0m: Setup NF EndPoint(addr) [127.0.0.32:80] (../lib/sbi/context.c:2503)
[32m09/30 15:01:05.313[0m: [[33msbi[0m] [1;32mINFO[0m: [nsmf-pdusession] NFService associated [b90750f0-bcdf-41f1-9b17-6188ff3cae7c] (../lib/sbi/context.c:2138)
[32m09/30 15:01:05.313[0m: [[33msbi[0m] [1;36mWARNING[0m: UnRef NF EndPoint(addr) [127.0.0.32:7777] (../lib/sbi/context.c:2141)
[32m09/30 15:01:05.314[0m: [[33msbi[0m] [1;32mINFO[0m: Setup NF EndPoint(addr) [127.0.0.32:7777] (../lib/sbi/context.c:2141)
[32m09/30 15:01:05.314[0m: [[33msbi[0m] [1;32mINFO[0m: [b905f82c-bcdf-41f1-9b17-6188ff3cae7c] (NF-discover) NF Profile updated [type:SMF validity:30s] (../lib/sbi/nnrf-handler.c:1508)
[32m09/30 15:01:05.314[0m: [[33msbi[0m] [1;36mWARNING[0m: [b9624884-bcdf-41f1-b78a-7f905b314a30] (NRF-discover) NF has already been added [type:SMF] (../lib/sbi/nnrf-handler.c:1460)
[32m09/30 15:01:05.315[0m: [[33msbi[0m] [1;32mINFO[0m: [SMF] NFInstance associated [b9624884-bcdf-41f1-b78a-7f905b314a30] (../lib/sbi/context.c:2498)
[32m09/30 15:01:05.315[0m: [[33msbi[0m] [1;36mWARNING[0m: UnRef NF EndPoint(addr) [127.0.0.33:80] (../lib/sbi/context.c:2503)
[32m09/30 15:01:05.316[0m: [[33msbi[0m] [1;32mINFO[0m: Setup NF EndPoint(addr) [127.0.0.33:80] (../lib/sbi/context.c:2503)
[32m09/30 15:01:05.316[0m: [[33msbi[0m] [1;32mINFO[0m: [nsmf-pdusession] NFService associated [b963c650-bcdf-41f1-b78a-7f905b314a30] (../lib/sbi/context.c:2138)
[32m09/30 15:01:05.316[0m: [[33msbi[0m] [1;36mWARNING[0m: UnRef NF EndPoint(addr) [127.0.0.33:7777] (../lib/sbi/context.c:2141)
[32m09/30 15:01:05.317[0m: [[33msbi[0m] [1;32mINFO[0m: Setup NF EndPoint(addr) [127.0.0.33:7777] (../lib/sbi/context.c:2141)
[32m09/30 15:01:05.318[0m: [[33msbi[0m] [1;32mINFO[0m: [b9624884-bcdf-41f1-b78a-7f905b314a30] (NF-discover) NF Profile updated [type:SMF validity:30s] (../lib/sbi/nnrf-handler.c:1508)
[32m09/30 15:01:05.318[0m: [[33mamf[0m] [1;32mINFO[0m: LAB_CANDIDATE t=33303780630 nf=b8a9b670-bcdf-41f1-a35e-911d8b75a131 load=10 capacity=100 (../src/amf/lab-selector.h:31)
[32m09/30 15:01:05.319[0m: [[33mamf[0m] [1;32mINFO[0m: LAB_CANDIDATE t=33303781057 nf=b905f82c-bcdf-41f1-9b17-6188ff3cae7c load=20 capacity=100 (../src/amf/lab-selector.h:31)
[32m09/30 15:01:05.319[0m: [[33mamf[0m] [1;32mINFO[0m: LAB_CANDIDATE t=33303781543 nf=b9624884-bcdf-41f1-b78a-7f905b314a30 load=10 capacity=100 (../src/amf/lab-selector.h:31)
[32m09/30 15:01:05.320[0m: [[33mamf[0m] [1;32mINFO[0m: LAB_SELECT t=33303782068 nf=b8a9b670-bcdf-41f1-a35e-911d8b75a131 load=10 capacity=100 policy=swrr (../src/amf/lab-selector.h:67)
[32m09/30 15:01:05.320[0m: [[33mamf[0m] [1;32mINFO[0m: [b8a9b670-bcdf-41f1-a35e-911d8b75a131] Setup NF Instance [type:SMF] (../src/amf/sbi-path.c:420)
[32m09/30 15:01:05.333[0m: [[33mamf[0m] [1;32mINFO[0m: Setup NF EndPoint(addr) [127.0.0.4:7777] (../src/amf/nsmf-handler.c:140)
[32m09/30 15:01:05.348[0m: [[33mamf[0m] [1;32mINFO[0m: [imsi-999700000000008:1:11][0:0:NULL] /nsmf-pdusession/v1/sm-contexts/{smContextRef}/modify (../src/amf/nsmf-handler.c:983)
[32m09/30 15:01:05.546[0m: [[33mamf[0m] [1;32mINFO[0m: [Added] Number of AMF-Sessions is now 9 (../src/amf/context.c:2953)
[32m09/30 15:01:05.547[0m: [[33mgmm[0m] [1;32mINFO[0m: UE SUPI[imsi-999700000000009] DNN[internet] LBO[0] S_NSSAI[SST:1 SD:0xffffff] smContextRef[NULL] smContextResourceURI[NULL] (../src/amf/gmm-handler.c:1430)
[32m09/30 15:01:05.548[0m: [[33mgmm[0m] [1;32mINFO[0m: No V-SMF Instance (../src/amf/gmm-handler.c:1513)
[32m09/30 15:01:05.549[0m: [[33mgmm[0m] [1;32mINFO[0m: V-SMF not discovered in NON-ROAMING OR LBO (../src/amf/gmm-handler.c:1599)
[32m09/30 15:01:05.549[0m: [[33mgmm[0m] [1;32mINFO[0m: nnssf-nsselection[1:1:(nil):(nil)] (../src/amf/gmm-handler.c:1610)
[32m09/30 15:01:05.550[0m: [[33msbi[0m] [1;32mINFO[0m: [b831e64a-bcdf-41f1-af57-c104e61f2896] Setup NF Instance [type:NSSF] (../lib/sbi/path.c:349)
[32m09/30 15:01:05.552[0m: [[33mamf[0m] [1;32mINFO[0m: Setup NF EndPoint(addr) [127.0.0.10:7777] (../src/amf/nnssf-handler.c:203)
[32m09/30 15:01:05.553[0m: [[33mamf[0m] [1;36mWARNING[0m: Try to discover by NsiInformation [nsmf-pdusession] (../src/amf/sbi-path.c:554)
[32m09/30 15:01:05.555[0m: [[33msbi[0m] [1;36mWARNING[0m: [b8a9b670-bcdf-41f1-a35e-911d8b75a131] (NRF-discover) NF has already been added [type:SMF] (../lib/sbi/nnrf-handler.c:1460)
[32m09/30 15:01:05.555[0m: [[33msbi[0m] [1;32mINFO[0m: [SMF] NFInstance associated [b8a9b670-bcdf-41f1-a35e-911d8b75a131] (../lib/sbi/context.c:2498)
[32m09/30 15:01:05.556[0m: [[33msbi[0m] [1;36mWARNING[0m: UnRef NF EndPoint(addr) [127.0.0.4:80] (../lib/sbi/context.c:2503)
[32m09/30 15:01:05.556[0m: [[33msbi[0m] [1;32mINFO[0m: Setup NF EndPoint(addr) [127.0.0.4:80] (../lib/sbi/context.c:2503)
[32m09/30 15:01:05.557[0m: [[33msbi[0m] [1;32mINFO[0m: [nsmf-pdusession] NFService associated [b8aaee28-bcdf-41f1-a35e-911d8b75a131] (../lib/sbi/context.c:2138)
[32m09/30 15:01:05.557[0m: [[33msbi[0m] [1;36mWARNING[0m: UnRef NF EndPoint(addr) [127.0.0.4:7777] (../lib/sbi/context.c:2141)
[32m09/30 15:01:05.557[0m: [[33msbi[0m] [1;32mINFO[0m: Setup NF EndPoint(addr) [127.0.0.4:7777] (../lib/sbi/context.c:2141)
[32m09/30 15:01:05.558[0m: [[33msbi[0m] [1;32mINFO[0m: [b8a9b670-bcdf-41f1-a35e-911d8b75a131] (NF-discover) NF Profile updated [type:SMF validity:30s] (../lib/sbi/nnrf-handler.c:1508)
[32m09/30 15:01:05.558[0m: [[33msbi[0m] [1;36mWARNING[0m: [b905f82c-bcdf-41f1-9b17-6188ff3cae7c] (NRF-discover) NF has already been added [type:SMF] (../lib/sbi/nnrf-handler.c:1460)
[32m09/30 15:01:05.559[0m: [[33msbi[0m] [1;32mINFO[0m: [SMF] NFInstance associated [b905f82c-bcdf-41f1-9b17-6188ff3cae7c] (../lib/sbi/context.c:2498)
[32m09/30 15:01:05.559[0m: [[33msbi[0m] [1;36mWARNING[0m: UnRef NF EndPoint(addr) [127.0.0.32:80] (../lib/sbi/context.c:2503)
[32m09/30 15:01:05.560[0m: [[33msbi[0m] [1;32mINFO[0m: Setup NF EndPoint(addr) [127.0.0.32:80] (../lib/sbi/context.c:2503)
[32m09/30 15:01:05.560[0m: [[33msbi[0m] [1;32mINFO[0m: [nsmf-pdusession] NFService associated [b90750f0-bcdf-41f1-9b17-6188ff3cae7c] (../lib/sbi/context.c:2138)
[32m09/30 15:01:05.561[0m: [[33msbi[0m] [1;36mWARNING[0m: UnRef NF EndPoint(addr) [127.0.0.32:7777] (../lib/sbi/context.c:2141)
[32m09/30 15:01:05.561[0m: [[33msbi[0m] [1;32mINFO[0m: Setup NF EndPoint(addr) [127.0.0.32:7777] (../lib/sbi/context.c:2141)
[32m09/30 15:01:05.562[0m: [[33msbi[0m] [1;32mINFO[0m: [b905f82c-bcdf-41f1-9b17-6188ff3cae7c] (NF-discover) NF Profile updated [type:SMF validity:30s] (../lib/sbi/nnrf-handler.c:1508)
[32m09/30 15:01:05.563[0m: [[33msbi[0m] [1;36mWARNING[0m: [b9624884-bcdf-41f1-b78a-7f905b314a30] (NRF-discover) NF has already been added [type:SMF] (../lib/sbi/nnrf-handler.c:1460)
[32m09/30 15:01:05.563[0m: [[33msbi[0m] [1;32mINFO[0m: [SMF] NFInstance associated [b9624884-bcdf-41f1-b78a-7f905b314a30] (../lib/sbi/context.c:2498)
[32m09/30 15:01:05.564[0m: [[33msbi[0m] [1;36mWARNING[0m: UnRef NF EndPoint(addr) [127.0.0.33:80] (../lib/sbi/context.c:2503)
[32m09/30 15:01:05.564[0m: [[33msbi[0m] [1;32mINFO[0m: Setup NF EndPoint(addr) [127.0.0.33:80] (../lib/sbi/context.c:2503)
[32m09/30 15:01:05.565[0m: [[33msbi[0m] [1;32mINFO[0m: [nsmf-pdusession] NFService associated [b963c650-bcdf-41f1-b78a-7f905b314a30] (../lib/sbi/context.c:2138)
[32m09/30 15:01:05.566[0m: [[33msbi[0m] [1;36mWARNING[0m: UnRef NF EndPoint(addr) [127.0.0.33:7777] (../lib/sbi/context.c:2141)
[32m09/30 15:01:05.567[0m: [[33msbi[0m] [1;32mINFO[0m: Setup NF EndPoint(addr) [127.0.0.33:7777] (../lib/sbi/context.c:2141)
[32m09/30 15:01:05.568[0m: [[33msbi[0m] [1;32mINFO[0m: [b9624884-bcdf-41f1-b78a-7f905b314a30] (NF-discover) NF Profile updated [type:SMF validity:30s] (../lib/sbi/nnrf-handler.c:1508)
[32m09/30 15:01:05.568[0m: [[33mamf[0m] [1;32mINFO[0m: LAB_CANDIDATE t=33304030473 nf=b8a9b670-bcdf-41f1-a35e-911d8b75a131 load=10 capacity=100 (../src/amf/lab-selector.h:31)
[32m09/30 15:01:05.569[0m: [[33mamf[0m] [1;32mINFO[0m: LAB_CANDIDATE t=33304031357 nf=b905f82c-bcdf-41f1-9b17-6188ff3cae7c load=20 capacity=100 (../src/amf/lab-selector.h:31)
[32m09/30 15:01:05.570[0m: [[33mamf[0m] [1;32mINFO[0m: LAB_CANDIDATE t=33304031985 nf=b9624884-bcdf-41f1-b78a-7f905b314a30 load=10 capacity=100 (../src/amf/lab-selector.h:31)
[32m09/30 15:01:05.570[0m: [[33mamf[0m] [1;32mINFO[0m: LAB_SELECT t=33304032526 nf=b905f82c-bcdf-41f1-9b17-6188ff3cae7c load=20 capacity=100 policy=swrr (../src/amf/lab-selector.h:67)
[32m09/30 15:01:05.571[0m: [[33mamf[0m] [1;32mINFO[0m: [b905f82c-bcdf-41f1-9b17-6188ff3cae7c] Setup NF Instance [type:SMF] (../src/amf/sbi-path.c:420)
[32m09/30 15:01:05.582[0m: [[33mamf[0m] [1;32mINFO[0m: Setup NF EndPoint(addr) [127.0.0.32:7777] (../src/amf/nsmf-handler.c:140)
[32m09/30 15:01:05.601[0m: [[33mamf[0m] [1;32mINFO[0m: [imsi-999700000000009:1:11][0:0:NULL] /nsmf-pdusession/v1/sm-contexts/{smContextRef}/modify (../src/amf/nsmf-handler.c:983)
[32m09/30 15:01:05.794[0m: [[33mamf[0m] [1;32mINFO[0m: [Added] Number of AMF-Sessions is now 10 (../src/amf/context.c:2953)
[32m09/30 15:01:05.795[0m: [[33mgmm[0m] [1;32mINFO[0m: UE SUPI[imsi-999700000000010] DNN[internet] LBO[0] S_NSSAI[SST:1 SD:0xffffff] smContextRef[NULL] smContextResourceURI[NULL] (../src/amf/gmm-handler.c:1430)
[32m09/30 15:01:05.796[0m: [[33mgmm[0m] [1;32mINFO[0m: No V-SMF Instance (../src/amf/gmm-handler.c:1513)
[32m09/30 15:01:05.797[0m: [[33mgmm[0m] [1;32mINFO[0m: V-SMF not discovered in NON-ROAMING OR LBO (../src/amf/gmm-handler.c:1599)
[32m09/30 15:01:05.798[0m: [[33mgmm[0m] [1;32mINFO[0m: nnssf-nsselection[1:1:(nil):(nil)] (../src/amf/gmm-handler.c:1610)
[32m09/30 15:01:05.799[0m: [[33msbi[0m] [1;32mINFO[0m: [b831e64a-bcdf-41f1-af57-c104e61f2896] Setup NF Instance [type:NSSF] (../lib/sbi/path.c:349)
[32m09/30 15:01:05.801[0m: [[33mamf[0m] [1;32mINFO[0m: Setup NF EndPoint(addr) [127.0.0.10:7777] (../src/amf/nnssf-handler.c:203)
[32m09/30 15:01:05.801[0m: [[33mamf[0m] [1;36mWARNING[0m: Try to discover by NsiInformation [nsmf-pdusession] (../src/amf/sbi-path.c:554)
[32m09/30 15:01:05.804[0m: [[33msbi[0m] [1;36mWARNING[0m: [b8a9b670-bcdf-41f1-a35e-911d8b75a131] (NRF-discover) NF has already been added [type:SMF] (../lib/sbi/nnrf-handler.c:1460)
[32m09/30 15:01:05.805[0m: [[33msbi[0m] [1;32mINFO[0m: [SMF] NFInstance associated [b8a9b670-bcdf-41f1-a35e-911d8b75a131] (../lib/sbi/context.c:2498)
[32m09/30 15:01:05.806[0m: [[33msbi[0m] [1;36mWARNING[0m: UnRef NF EndPoint(addr) [127.0.0.4:80] (../lib/sbi/context.c:2503)
[32m09/30 15:01:05.806[0m: [[33msbi[0m] [1;32mINFO[0m: Setup NF EndPoint(addr) [127.0.0.4:80] (../lib/sbi/context.c:2503)
[32m09/30 15:01:05.807[0m: [[33msbi[0m] [1;32mINFO[0m: [nsmf-pdusession] NFService associated [b8aaee28-bcdf-41f1-a35e-911d8b75a131] (../lib/sbi/context.c:2138)
[32m09/30 15:01:05.807[0m: [[33msbi[0m] [1;36mWARNING[0m: UnRef NF EndPoint(addr) [127.0.0.4:7777] (../lib/sbi/context.c:2141)
[32m09/30 15:01:05.807[0m: [[33msbi[0m] [1;32mINFO[0m: Setup NF EndPoint(addr) [127.0.0.4:7777] (../lib/sbi/context.c:2141)
[32m09/30 15:01:05.808[0m: [[33msbi[0m] [1;32mINFO[0m: [b8a9b670-bcdf-41f1-a35e-911d8b75a131] (NF-discover) NF Profile updated [type:SMF validity:30s] (../lib/sbi/nnrf-handler.c:1508)
[32m09/30 15:01:05.809[0m: [[33msbi[0m] [1;36mWARNING[0m: [b905f82c-bcdf-41f1-9b17-6188ff3cae7c] (NRF-discover) NF has already been added [type:SMF] (../lib/sbi/nnrf-handler.c:1460)
[32m09/30 15:01:05.810[0m: [[33msbi[0m] [1;32mINFO[0m: [SMF] NFInstance associated [b905f82c-bcdf-41f1-9b17-6188ff3cae7c] (../lib/sbi/context.c:2498)
[32m09/30 15:01:05.810[0m: [[33msbi[0m] [1;36mWARNING[0m: UnRef NF EndPoint(addr) [127.0.0.32:80] (../lib/sbi/context.c:2503)
[32m09/30 15:01:05.811[0m: [[33msbi[0m] [1;32mINFO[0m: Setup NF EndPoint(addr) [127.0.0.32:80] (../lib/sbi/context.c:2503)
[32m09/30 15:01:05.812[0m: [[33msbi[0m] [1;32mINFO[0m: [nsmf-pdusession] NFService associated [b90750f0-bcdf-41f1-9b17-6188ff3cae7c] (../lib/sbi/context.c:2138)
[32m09/30 15:01:05.812[0m: [[33msbi[0m] [1;36mWARNING[0m: UnRef NF EndPoint(addr) [127.0.0.32:7777] (../lib/sbi/context.c:2141)
[32m09/30 15:01:05.813[0m: [[33msbi[0m] [1;32mINFO[0m: Setup NF EndPoint(addr) [127.0.0.32:7777] (../lib/sbi/context.c:2141)
[32m09/30 15:01:05.813[0m: [[33msbi[0m] [1;32mINFO[0m: [b905f82c-bcdf-41f1-9b17-6188ff3cae7c] (NF-discover) NF Profile updated [type:SMF validity:30s] (../lib/sbi/nnrf-handler.c:1508)
[32m09/30 15:01:05.814[0m: [[33msbi[0m] [1;36mWARNING[0m: [b9624884-bcdf-41f1-b78a-7f905b314a30] (NRF-discover) NF has already been added [type:SMF] (../lib/sbi/nnrf-handler.c:1460)
[32m09/30 15:01:05.815[0m: [[33msbi[0m] [1;32mINFO[0m: [SMF] NFInstance associated [b9624884-bcdf-41f1-b78a-7f905b314a30] (../lib/sbi/context.c:2498)
[32m09/30 15:01:05.816[0m: [[33msbi[0m] [1;36mWARNING[0m: UnRef NF EndPoint(addr) [127.0.0.33:80] (../lib/sbi/context.c:2503)
[32m09/30 15:01:05.816[0m: [[33msbi[0m] [1;32mINFO[0m: Setup NF EndPoint(addr) [127.0.0.33:80] (../lib/sbi/context.c:2503)
[32m09/30 15:01:05.817[0m: [[33msbi[0m] [1;32mINFO[0m: [nsmf-pdusession] NFService associated [b963c650-bcdf-41f1-b78a-7f905b314a30] (../lib/sbi/context.c:2138)
[32m09/30 15:01:05.817[0m: [[33msbi[0m] [1;36mWARNING[0m: UnRef NF EndPoint(addr) [127.0.0.33:7777] (../lib/sbi/context.c:2141)
[32m09/30 15:01:05.818[0m: [[33msbi[0m] [1;32mINFO[0m: Setup NF EndPoint(addr) [127.0.0.33:7777] (../lib/sbi/context.c:2141)
[32m09/30 15:01:05.819[0m: [[33msbi[0m] [1;32mINFO[0m: [b9624884-bcdf-41f1-b78a-7f905b314a30] (NF-discover) NF Profile updated [type:SMF validity:30s] (../lib/sbi/nnrf-handler.c:1508)
[32m09/30 15:01:05.819[0m: [[33mamf[0m] [1;32mINFO[0m: LAB_CANDIDATE t=33304281579 nf=b8a9b670-bcdf-41f1-a35e-911d8b75a131 load=30 capacity=100 (../src/amf/lab-selector.h:31)
[32m09/30 15:01:05.820[0m: [[33mamf[0m] [1;32mINFO[0m: LAB_CANDIDATE t=33304282204 nf=b905f82c-bcdf-41f1-9b17-6188ff3cae7c load=20 capacity=100 (../src/amf/lab-selector.h:31)
[32m09/30 15:01:05.821[0m: [[33mamf[0m] [1;32mINFO[0m: LAB_CANDIDATE t=33304282900 nf=b9624884-bcdf-41f1-b78a-7f905b314a30 load=10 capacity=100 (../src/amf/lab-selector.h:31)
[32m09/30 15:01:05.821[0m: [[33mamf[0m] [1;32mINFO[0m: LAB_SELECT t=33304283510 nf=b9624884-bcdf-41f1-b78a-7f905b314a30 load=10 capacity=100 policy=swrr (../src/amf/lab-selector.h:67)
[32m09/30 15:01:05.822[0m: [[33mamf[0m] [1;32mINFO[0m: [b9624884-bcdf-41f1-b78a-7f905b314a30] Setup NF Instance [type:SMF] (../src/amf/sbi-path.c:420)
[32m09/30 15:01:05.836[0m: [[33mamf[0m] [1;32mINFO[0m: Setup NF EndPoint(addr) [127.0.0.33:7777] (../src/amf/nsmf-handler.c:140)
[32m09/30 15:01:05.857[0m: [[33mamf[0m] [1;32mINFO[0m: [imsi-999700000000010:1:11][0:0:NULL] /nsmf-pdusession/v1/sm-contexts/{smContextRef}/modify (../src/amf/nsmf-handler.c:983)
[32m09/30 15:01:06.054[0m: [[33mamf[0m] [1;32mINFO[0m: [Added] Number of AMF-Sessions is now 11 (../src/amf/context.c:2953)
[32m09/30 15:01:06.055[0m: [[33mgmm[0m] [1;32mINFO[0m: UE SUPI[imsi-999700000000011] DNN[internet] LBO[0] S_NSSAI[SST:1 SD:0xffffff] smContextRef[NULL] smContextResourceURI[NULL] (../src/amf/gmm-handler.c:1430)
[32m09/30 15:01:06.056[0m: [[33mgmm[0m] [1;32mINFO[0m: No V-SMF Instance (../src/amf/gmm-handler.c:1513)
[32m09/30 15:01:06.056[0m: [[33mgmm[0m] [1;32mINFO[0m: V-SMF not discovered in NON-ROAMING OR LBO (../src/amf/gmm-handler.c:1599)
[32m09/30 15:01:06.057[0m: [[33mgmm[0m] [1;32mINFO[0m: nnssf-nsselection[1:1:(nil):(nil)] (../src/amf/gmm-handler.c:1610)
[32m09/30 15:01:06.058[0m: [[33msbi[0m] [1;32mINFO[0m: [b831e64a-bcdf-41f1-af57-c104e61f2896] Setup NF Instance [type:NSSF] (../lib/sbi/path.c:349)
[32m09/30 15:01:06.061[0m: [[33mamf[0m] [1;32mINFO[0m: Setup NF EndPoint(addr) [127.0.0.10:7777] (../src/amf/nnssf-handler.c:203)
[32m09/30 15:01:06.061[0m: [[33mamf[0m] [1;36mWARNING[0m: Try to discover by NsiInformation [nsmf-pdusession] (../src/amf/sbi-path.c:554)
[32m09/30 15:01:06.065[0m: [[33msbi[0m] [1;36mWARNING[0m: [b8a9b670-bcdf-41f1-a35e-911d8b75a131] (NRF-discover) NF has already been added [type:SMF] (../lib/sbi/nnrf-handler.c:1460)
[32m09/30 15:01:06.065[0m: [[33msbi[0m] [1;32mINFO[0m: [SMF] NFInstance associated [b8a9b670-bcdf-41f1-a35e-911d8b75a131] (../lib/sbi/context.c:2498)
[32m09/30 15:01:06.066[0m: [[33msbi[0m] [1;36mWARNING[0m: UnRef NF EndPoint(addr) [127.0.0.4:80] (../lib/sbi/context.c:2503)
[32m09/30 15:01:06.067[0m: [[33msbi[0m] [1;32mINFO[0m: Setup NF EndPoint(addr) [127.0.0.4:80] (../lib/sbi/context.c:2503)
[32m09/30 15:01:06.067[0m: [[33msbi[0m] [1;32mINFO[0m: [nsmf-pdusession] NFService associated [b8aaee28-bcdf-41f1-a35e-911d8b75a131] (../lib/sbi/context.c:2138)
[32m09/30 15:01:06.068[0m: [[33msbi[0m] [1;36mWARNING[0m: UnRef NF EndPoint(addr) [127.0.0.4:7777] (../lib/sbi/context.c:2141)
[32m09/30 15:01:06.068[0m: [[33msbi[0m] [1;32mINFO[0m: Setup NF EndPoint(addr) [127.0.0.4:7777] (../lib/sbi/context.c:2141)
[32m09/30 15:01:06.069[0m: [[33msbi[0m] [1;32mINFO[0m: [b8a9b670-bcdf-41f1-a35e-911d8b75a131] (NF-discover) NF Profile updated [type:SMF validity:30s] (../lib/sbi/nnrf-handler.c:1508)
[32m09/30 15:01:06.069[0m: [[33msbi[0m] [1;36mWARNING[0m: [b905f82c-bcdf-41f1-9b17-6188ff3cae7c] (NRF-discover) NF has already been added [type:SMF] (../lib/sbi/nnrf-handler.c:1460)
[32m09/30 15:01:06.070[0m: [[33msbi[0m] [1;32mINFO[0m: [SMF] NFInstance associated [b905f82c-bcdf-41f1-9b17-6188ff3cae7c] (../lib/sbi/context.c:2498)
[32m09/30 15:01:06.070[0m: [[33msbi[0m] [1;36mWARNING[0m: UnRef NF EndPoint(addr) [127.0.0.32:80] (../lib/sbi/context.c:2503)
[32m09/30 15:01:06.071[0m: [[33msbi[0m] [1;32mINFO[0m: Setup NF EndPoint(addr) [127.0.0.32:80] (../lib/sbi/context.c:2503)
[32m09/30 15:01:06.071[0m: [[33msbi[0m] [1;32mINFO[0m: [nsmf-pdusession] NFService associated [b90750f0-bcdf-41f1-9b17-6188ff3cae7c] (../lib/sbi/context.c:2138)
[32m09/30 15:01:06.071[0m: [[33msbi[0m] [1;36mWARNING[0m: UnRef NF EndPoint(addr) [127.0.0.32:7777] (../lib/sbi/context.c:2141)
[32m09/30 15:01:06.072[0m: [[33msbi[0m] [1;32mINFO[0m: Setup NF EndPoint(addr) [127.0.0.32:7777] (../lib/sbi/context.c:2141)
[32m09/30 15:01:06.072[0m: [[33msbi[0m] [1;32mINFO[0m: [b905f82c-bcdf-41f1-9b17-6188ff3cae7c] (NF-discover) NF Profile updated [type:SMF validity:30s] (../lib/sbi/nnrf-handler.c:1508)
[32m09/30 15:01:06.072[0m: [[33msbi[0m] [1;36mWARNING[0m: [b9624884-bcdf-41f1-b78a-7f905b314a30] (NRF-discover) NF has already been added [type:SMF] (../lib/sbi/nnrf-handler.c:1460)
[32m09/30 15:01:06.073[0m: [[33msbi[0m] [1;32mINFO[0m: [SMF] NFInstance associated [b9624884-bcdf-41f1-b78a-7f905b314a30] (../lib/sbi/context.c:2498)
[32m09/30 15:01:06.073[0m: [[33msbi[0m] [1;36mWARNING[0m: UnRef NF EndPoint(addr) [127.0.0.33:80] (../lib/sbi/context.c:2503)
[32m09/30 15:01:06.073[0m: [[33msbi[0m] [1;32mINFO[0m: Setup NF EndPoint(addr) [127.0.0.33:80] (../lib/sbi/context.c:2503)
[32m09/30 15:01:06.074[0m: [[33msbi[0m] [1;32mINFO[0m: [nsmf-pdusession] NFService associated [b963c650-bcdf-41f1-b78a-7f905b314a30] (../lib/sbi/context.c:2138)
[32m09/30 15:01:06.074[0m: [[33msbi[0m] [1;36mWARNING[0m: UnRef NF EndPoint(addr) [127.0.0.33:7777] (../lib/sbi/context.c:2141)
[32m09/30 15:01:06.075[0m: [[33msbi[0m] [1;32mINFO[0m: Setup NF EndPoint(addr) [127.0.0.33:7777] (../lib/sbi/context.c:2141)
[32m09/30 15:01:06.075[0m: [[33msbi[0m] [1;32mINFO[0m: [b9624884-bcdf-41f1-b78a-7f905b314a30] (NF-discover) NF Profile updated [type:SMF validity:30s] (../lib/sbi/nnrf-handler.c:1508)
[32m09/30 15:01:06.076[0m: [[33mamf[0m] [1;32mINFO[0m: LAB_CANDIDATE t=33304537914 nf=b8a9b670-bcdf-41f1-a35e-911d8b75a131 load=30 capacity=100 (../src/amf/lab-selector.h:31)
[32m09/30 15:01:06.076[0m: [[33mamf[0m] [1;32mINFO[0m: LAB_CANDIDATE t=33304538261 nf=b905f82c-bcdf-41f1-9b17-6188ff3cae7c load=20 capacity=100 (../src/amf/lab-selector.h:31)
[32m09/30 15:01:06.076[0m: [[33mamf[0m] [1;32mINFO[0m: LAB_CANDIDATE t=33304538619 nf=b9624884-bcdf-41f1-b78a-7f905b314a30 load=20 capacity=100 (../src/amf/lab-selector.h:31)
[32m09/30 15:01:06.077[0m: [[33mamf[0m] [1;32mINFO[0m: LAB_SELECT t=33304538999 nf=b8a9b670-bcdf-41f1-a35e-911d8b75a131 load=30 capacity=100 policy=swrr (../src/amf/lab-selector.h:67)
[32m09/30 15:01:06.077[0m: [[33mamf[0m] [1;32mINFO[0m: [b8a9b670-bcdf-41f1-a35e-911d8b75a131] Setup NF Instance [type:SMF] (../src/amf/sbi-path.c:420)
[32m09/30 15:01:06.089[0m: [[33mamf[0m] [1;32mINFO[0m: Setup NF EndPoint(addr) [127.0.0.4:7777] (../src/amf/nsmf-handler.c:140)
[32m09/30 15:01:06.107[0m: [[33mamf[0m] [1;32mINFO[0m: [imsi-999700000000011:1:11][0:0:NULL] /nsmf-pdusession/v1/sm-contexts/{smContextRef}/modify (../src/amf/nsmf-handler.c:983)
[32m09/30 15:01:06.302[0m: [[33mamf[0m] [1;32mINFO[0m: [Added] Number of AMF-Sessions is now 12 (../src/amf/context.c:2953)
[32m09/30 15:01:06.303[0m: [[33mgmm[0m] [1;32mINFO[0m: UE SUPI[imsi-999700000000012] DNN[internet] LBO[0] S_NSSAI[SST:1 SD:0xffffff] smContextRef[NULL] smContextResourceURI[NULL] (../src/amf/gmm-handler.c:1430)
[32m09/30 15:01:06.304[0m: [[33mgmm[0m] [1;32mINFO[0m: No V-SMF Instance (../src/amf/gmm-handler.c:1513)
[32m09/30 15:01:06.305[0m: [[33mgmm[0m] [1;32mINFO[0m: V-SMF not discovered in NON-ROAMING OR LBO (../src/amf/gmm-handler.c:1599)
[32m09/30 15:01:06.305[0m: [[33mgmm[0m] [1;32mINFO[0m: nnssf-nsselection[1:1:(nil):(nil)] (../src/amf/gmm-handler.c:1610)
[32m09/30 15:01:06.306[0m: [[33msbi[0m] [1;32mINFO[0m: [b831e64a-bcdf-41f1-af57-c104e61f2896] Setup NF Instance [type:NSSF] (../lib/sbi/path.c:349)
[32m09/30 15:01:06.309[0m: [[33mamf[0m] [1;32mINFO[0m: Setup NF EndPoint(addr) [127.0.0.10:7777] (../src/amf/nnssf-handler.c:203)
[32m09/30 15:01:06.310[0m: [[33mamf[0m] [1;36mWARNING[0m: Try to discover by NsiInformation [nsmf-pdusession] (../src/amf/sbi-path.c:554)
[32m09/30 15:01:06.313[0m: [[33msbi[0m] [1;36mWARNING[0m: [b8a9b670-bcdf-41f1-a35e-911d8b75a131] (NRF-discover) NF has already been added [type:SMF] (../lib/sbi/nnrf-handler.c:1460)
[32m09/30 15:01:06.313[0m: [[33msbi[0m] [1;32mINFO[0m: [SMF] NFInstance associated [b8a9b670-bcdf-41f1-a35e-911d8b75a131] (../lib/sbi/context.c:2498)
[32m09/30 15:01:06.314[0m: [[33msbi[0m] [1;36mWARNING[0m: UnRef NF EndPoint(addr) [127.0.0.4:80] (../lib/sbi/context.c:2503)
[32m09/30 15:01:06.315[0m: [[33msbi[0m] [1;32mINFO[0m: Setup NF EndPoint(addr) [127.0.0.4:80] (../lib/sbi/context.c:2503)
[32m09/30 15:01:06.315[0m: [[33msbi[0m] [1;32mINFO[0m: [nsmf-pdusession] NFService associated [b8aaee28-bcdf-41f1-a35e-911d8b75a131] (../lib/sbi/context.c:2138)
[32m09/30 15:01:06.315[0m: [[33msbi[0m] [1;36mWARNING[0m: UnRef NF EndPoint(addr) [127.0.0.4:7777] (../lib/sbi/context.c:2141)
[32m09/30 15:01:06.316[0m: [[33msbi[0m] [1;32mINFO[0m: Setup NF EndPoint(addr) [127.0.0.4:7777] (../lib/sbi/context.c:2141)
[32m09/30 15:01:06.316[0m: [[33msbi[0m] [1;32mINFO[0m: [b8a9b670-bcdf-41f1-a35e-911d8b75a131] (NF-discover) NF Profile updated [type:SMF validity:30s] (../lib/sbi/nnrf-handler.c:1508)
[32m09/30 15:01:06.317[0m: [[33msbi[0m] [1;36mWARNING[0m: [b905f82c-bcdf-41f1-9b17-6188ff3cae7c] (NRF-discover) NF has already been added [type:SMF] (../lib/sbi/nnrf-handler.c:1460)
[32m09/30 15:01:06.317[0m: [[33msbi[0m] [1;32mINFO[0m: [SMF] NFInstance associated [b905f82c-bcdf-41f1-9b17-6188ff3cae7c] (../lib/sbi/context.c:2498)
[32m09/30 15:01:06.318[0m: [[33msbi[0m] [1;36mWARNING[0m: UnRef NF EndPoint(addr) [127.0.0.32:80] (../lib/sbi/context.c:2503)
[32m09/30 15:01:06.318[0m: [[33msbi[0m] [1;32mINFO[0m: Setup NF EndPoint(addr) [127.0.0.32:80] (../lib/sbi/context.c:2503)
[32m09/30 15:01:06.319[0m: [[33msbi[0m] [1;32mINFO[0m: [nsmf-pdusession] NFService associated [b90750f0-bcdf-41f1-9b17-6188ff3cae7c] (../lib/sbi/context.c:2138)
[32m09/30 15:01:06.319[0m: [[33msbi[0m] [1;36mWARNING[0m: UnRef NF EndPoint(addr) [127.0.0.32:7777] (../lib/sbi/context.c:2141)
[32m09/30 15:01:06.319[0m: [[33msbi[0m] [1;32mINFO[0m: Setup NF EndPoint(addr) [127.0.0.32:7777] (../lib/sbi/context.c:2141)
[32m09/30 15:01:06.320[0m: [[33msbi[0m] [1;32mINFO[0m: [b905f82c-bcdf-41f1-9b17-6188ff3cae7c] (NF-discover) NF Profile updated [type:SMF validity:30s] (../lib/sbi/nnrf-handler.c:1508)
[32m09/30 15:01:06.320[0m: [[33msbi[0m] [1;36mWARNING[0m: [b9624884-bcdf-41f1-b78a-7f905b314a30] (NRF-discover) NF has already been added [type:SMF] (../lib/sbi/nnrf-handler.c:1460)
[32m09/30 15:01:06.320[0m: [[33msbi[0m] [1;32mINFO[0m: [SMF] NFInstance associated [b9624884-bcdf-41f1-b78a-7f905b314a30] (../lib/sbi/context.c:2498)
[32m09/30 15:01:06.321[0m: [[33msbi[0m] [1;36mWARNING[0m: UnRef NF EndPoint(addr) [127.0.0.33:80] (../lib/sbi/context.c:2503)
[32m09/30 15:01:06.321[0m: [[33msbi[0m] [1;32mINFO[0m: Setup NF EndPoint(addr) [127.0.0.33:80] (../lib/sbi/context.c:2503)
[32m09/30 15:01:06.321[0m: [[33msbi[0m] [1;32mINFO[0m: [nsmf-pdusession] NFService associated [b963c650-bcdf-41f1-b78a-7f905b314a30] (../lib/sbi/context.c:2138)
[32m09/30 15:01:06.322[0m: [[33msbi[0m] [1;36mWARNING[0m: UnRef NF EndPoint(addr) [127.0.0.33:7777] (../lib/sbi/context.c:2141)
[32m09/30 15:01:06.323[0m: [[33msbi[0m] [1;32mINFO[0m: Setup NF EndPoint(addr) [127.0.0.33:7777] (../lib/sbi/context.c:2141)
[32m09/30 15:01:06.323[0m: [[33msbi[0m] [1;32mINFO[0m: [b9624884-bcdf-41f1-b78a-7f905b314a30] (NF-discover) NF Profile updated [type:SMF validity:30s] (../lib/sbi/nnrf-handler.c:1508)
[32m09/30 15:01:06.324[0m: [[33mamf[0m] [1;32mINFO[0m: LAB_CANDIDATE t=33304785719 nf=b8a9b670-bcdf-41f1-a35e-911d8b75a131 load=30 capacity=100 (../src/amf/lab-selector.h:31)
[32m09/30 15:01:06.324[0m: [[33mamf[0m] [1;32mINFO[0m: LAB_CANDIDATE t=33304786135 nf=b905f82c-bcdf-41f1-9b17-6188ff3cae7c load=20 capacity=100 (../src/amf/lab-selector.h:31)
[32m09/30 15:01:06.324[0m: [[33mamf[0m] [1;32mINFO[0m: LAB_CANDIDATE t=33304786494 nf=b9624884-bcdf-41f1-b78a-7f905b314a30 load=20 capacity=100 (../src/amf/lab-selector.h:31)
[32m09/30 15:01:06.325[0m: [[33mamf[0m] [1;32mINFO[0m: LAB_SELECT t=33304786896 nf=b905f82c-bcdf-41f1-9b17-6188ff3cae7c load=20 capacity=100 policy=swrr (../src/amf/lab-selector.h:67)
[32m09/30 15:01:06.325[0m: [[33mamf[0m] [1;32mINFO[0m: [b905f82c-bcdf-41f1-9b17-6188ff3cae7c] Setup NF Instance [type:SMF] (../src/amf/sbi-path.c:420)
[32m09/30 15:01:06.336[0m: [[33mamf[0m] [1;32mINFO[0m: Setup NF EndPoint(addr) [127.0.0.32:7777] (../src/amf/nsmf-handler.c:140)
[32m09/30 15:01:06.353[0m: [[33mamf[0m] [1;32mINFO[0m: [imsi-999700000000012:1:11][0:0:NULL] /nsmf-pdusession/v1/sm-contexts/{smContextRef}/modify (../src/amf/nsmf-handler.c:983)
[32m09/30 15:01:06.550[0m: [[33mamf[0m] [1;32mINFO[0m: [Added] Number of AMF-Sessions is now 13 (../src/amf/context.c:2953)
[32m09/30 15:01:06.551[0m: [[33mgmm[0m] [1;32mINFO[0m: UE SUPI[imsi-999700000000013] DNN[internet] LBO[0] S_NSSAI[SST:1 SD:0xffffff] smContextRef[NULL] smContextResourceURI[NULL] (../src/amf/gmm-handler.c:1430)
[32m09/30 15:01:06.553[0m: [[33mgmm[0m] [1;32mINFO[0m: No V-SMF Instance (../src/amf/gmm-handler.c:1513)
[32m09/30 15:01:06.554[0m: [[33mgmm[0m] [1;32mINFO[0m: V-SMF not discovered in NON-ROAMING OR LBO (../src/amf/gmm-handler.c:1599)
[32m09/30 15:01:06.555[0m: [[33mgmm[0m] [1;32mINFO[0m: nnssf-nsselection[1:1:(nil):(nil)] (../src/amf/gmm-handler.c:1610)
[32m09/30 15:01:06.555[0m: [[33msbi[0m] [1;32mINFO[0m: [b831e64a-bcdf-41f1-af57-c104e61f2896] Setup NF Instance [type:NSSF] (../lib/sbi/path.c:349)
[32m09/30 15:01:06.558[0m: [[33mamf[0m] [1;32mINFO[0m: Setup NF EndPoint(addr) [127.0.0.10:7777] (../src/amf/nnssf-handler.c:203)
[32m09/30 15:01:06.559[0m: [[33mamf[0m] [1;36mWARNING[0m: Try to discover by NsiInformation [nsmf-pdusession] (../src/amf/sbi-path.c:554)
[32m09/30 15:01:06.562[0m: [[33msbi[0m] [1;36mWARNING[0m: [b8a9b670-bcdf-41f1-a35e-911d8b75a131] (NRF-discover) NF has already been added [type:SMF] (../lib/sbi/nnrf-handler.c:1460)
[32m09/30 15:01:06.562[0m: [[33msbi[0m] [1;32mINFO[0m: [SMF] NFInstance associated [b8a9b670-bcdf-41f1-a35e-911d8b75a131] (../lib/sbi/context.c:2498)
[32m09/30 15:01:06.563[0m: [[33msbi[0m] [1;36mWARNING[0m: UnRef NF EndPoint(addr) [127.0.0.4:80] (../lib/sbi/context.c:2503)
[32m09/30 15:01:06.564[0m: [[33msbi[0m] [1;32mINFO[0m: Setup NF EndPoint(addr) [127.0.0.4:80] (../lib/sbi/context.c:2503)
[32m09/30 15:01:06.564[0m: [[33msbi[0m] [1;32mINFO[0m: [nsmf-pdusession] NFService associated [b8aaee28-bcdf-41f1-a35e-911d8b75a131] (../lib/sbi/context.c:2138)
[32m09/30 15:01:06.565[0m: [[33msbi[0m] [1;36mWARNING[0m: UnRef NF EndPoint(addr) [127.0.0.4:7777] (../lib/sbi/context.c:2141)
[32m09/30 15:01:06.566[0m: [[33msbi[0m] [1;32mINFO[0m: Setup NF EndPoint(addr) [127.0.0.4:7777] (../lib/sbi/context.c:2141)
[32m09/30 15:01:06.566[0m: [[33msbi[0m] [1;32mINFO[0m: [b8a9b670-bcdf-41f1-a35e-911d8b75a131] (NF-discover) NF Profile updated [type:SMF validity:30s] (../lib/sbi/nnrf-handler.c:1508)
[32m09/30 15:01:06.566[0m: [[33msbi[0m] [1;36mWARNING[0m: [b905f82c-bcdf-41f1-9b17-6188ff3cae7c] (NRF-discover) NF has already been added [type:SMF] (../lib/sbi/nnrf-handler.c:1460)
[32m09/30 15:01:06.567[0m: [[33msbi[0m] [1;32mINFO[0m: [SMF] NFInstance associated [b905f82c-bcdf-41f1-9b17-6188ff3cae7c] (../lib/sbi/context.c:2498)
[32m09/30 15:01:06.567[0m: [[33msbi[0m] [1;36mWARNING[0m: UnRef NF EndPoint(addr) [127.0.0.32:80] (../lib/sbi/context.c:2503)
[32m09/30 15:01:06.568[0m: [[33msbi[0m] [1;32mINFO[0m: Setup NF EndPoint(addr) [127.0.0.32:80] (../lib/sbi/context.c:2503)
[32m09/30 15:01:06.569[0m: [[33msbi[0m] [1;32mINFO[0m: [nsmf-pdusession] NFService associated [b90750f0-bcdf-41f1-9b17-6188ff3cae7c] (../lib/sbi/context.c:2138)
[32m09/30 15:01:06.569[0m: [[33msbi[0m] [1;36mWARNING[0m: UnRef NF EndPoint(addr) [127.0.0.32:7777] (../lib/sbi/context.c:2141)
[32m09/30 15:01:06.569[0m: [[33msbi[0m] [1;32mINFO[0m: Setup NF EndPoint(addr) [127.0.0.32:7777] (../lib/sbi/context.c:2141)
[32m09/30 15:01:06.570[0m: [[33msbi[0m] [1;32mINFO[0m: [b905f82c-bcdf-41f1-9b17-6188ff3cae7c] (NF-discover) NF Profile updated [type:SMF validity:30s] (../lib/sbi/nnrf-handler.c:1508)
[32m09/30 15:01:06.570[0m: [[33msbi[0m] [1;36mWARNING[0m: [b9624884-bcdf-41f1-b78a-7f905b314a30] (NRF-discover) NF has already been added [type:SMF] (../lib/sbi/nnrf-handler.c:1460)
[32m09/30 15:01:06.571[0m: [[33msbi[0m] [1;32mINFO[0m: [SMF] NFInstance associated [b9624884-bcdf-41f1-b78a-7f905b314a30] (../lib/sbi/context.c:2498)
[32m09/30 15:01:06.571[0m: [[33msbi[0m] [1;36mWARNING[0m: UnRef NF EndPoint(addr) [127.0.0.33:80] (../lib/sbi/context.c:2503)
[32m09/30 15:01:06.572[0m: [[33msbi[0m] [1;32mINFO[0m: Setup NF EndPoint(addr) [127.0.0.33:80] (../lib/sbi/context.c:2503)
[32m09/30 15:01:06.572[0m: [[33msbi[0m] [1;32mINFO[0m: [nsmf-pdusession] NFService associated [b963c650-bcdf-41f1-b78a-7f905b314a30] (../lib/sbi/context.c:2138)
[32m09/30 15:01:06.573[0m: [[33msbi[0m] [1;36mWARNING[0m: UnRef NF EndPoint(addr) [127.0.0.33:7777] (../lib/sbi/context.c:2141)
[32m09/30 15:01:06.573[0m: [[33msbi[0m] [1;32mINFO[0m: Setup NF EndPoint(addr) [127.0.0.33:7777] (../lib/sbi/context.c:2141)
[32m09/30 15:01:06.573[0m: [[33msbi[0m] [1;32mINFO[0m: [b9624884-bcdf-41f1-b78a-7f905b314a30] (NF-discover) NF Profile updated [type:SMF validity:30s] (../lib/sbi/nnrf-handler.c:1508)
[32m09/30 15:01:06.574[0m: [[33mamf[0m] [1;32mINFO[0m: LAB_CANDIDATE t=33305035895 nf=b8a9b670-bcdf-41f1-a35e-911d8b75a131 load=30 capacity=100 (../src/amf/lab-selector.h:31)
[32m09/30 15:01:06.574[0m: [[33mamf[0m] [1;32mINFO[0m: LAB_CANDIDATE t=33305036438 nf=b905f82c-bcdf-41f1-9b17-6188ff3cae7c load=40 capacity=100 (../src/amf/lab-selector.h:31)
[32m09/30 15:01:06.575[0m: [[33mamf[0m] [1;32mINFO[0m: LAB_CANDIDATE t=33305036997 nf=b9624884-bcdf-41f1-b78a-7f905b314a30 load=20 capacity=100 (../src/amf/lab-selector.h:31)
[32m09/30 15:01:06.576[0m: [[33mamf[0m] [1;32mINFO[0m: LAB_SELECT t=33305037855 nf=b9624884-bcdf-41f1-b78a-7f905b314a30 load=20 capacity=100 policy=swrr (../src/amf/lab-selector.h:67)
[32m09/30 15:01:06.576[0m: [[33mamf[0m] [1;32mINFO[0m: [b9624884-bcdf-41f1-b78a-7f905b314a30] Setup NF Instance [type:SMF] (../src/amf/sbi-path.c:420)
[32m09/30 15:01:06.589[0m: [[33mamf[0m] [1;32mINFO[0m: Setup NF EndPoint(addr) [127.0.0.33:7777] (../src/amf/nsmf-handler.c:140)
[32m09/30 15:01:06.610[0m: [[33mamf[0m] [1;32mINFO[0m: [imsi-999700000000013:1:11][0:0:NULL] /nsmf-pdusession/v1/sm-contexts/{smContextRef}/modify (../src/amf/nsmf-handler.c:983)
[32m09/30 15:01:06.802[0m: [[33mamf[0m] [1;32mINFO[0m: [Added] Number of AMF-Sessions is now 14 (../src/amf/context.c:2953)
[32m09/30 15:01:06.803[0m: [[33mgmm[0m] [1;32mINFO[0m: UE SUPI[imsi-999700000000014] DNN[internet] LBO[0] S_NSSAI[SST:1 SD:0xffffff] smContextRef[NULL] smContextResourceURI[NULL] (../src/amf/gmm-handler.c:1430)
[32m09/30 15:01:06.804[0m: [[33mgmm[0m] [1;32mINFO[0m: No V-SMF Instance (../src/amf/gmm-handler.c:1513)
[32m09/30 15:01:06.804[0m: [[33mgmm[0m] [1;32mINFO[0m: V-SMF not discovered in NON-ROAMING OR LBO (../src/amf/gmm-handler.c:1599)
[32m09/30 15:01:06.805[0m: [[33mgmm[0m] [1;32mINFO[0m: nnssf-nsselection[1:1:(nil):(nil)] (../src/amf/gmm-handler.c:1610)
[32m09/30 15:01:06.806[0m: [[33msbi[0m] [1;32mINFO[0m: [b831e64a-bcdf-41f1-af57-c104e61f2896] Setup NF Instance [type:NSSF] (../lib/sbi/path.c:349)
[32m09/30 15:01:06.809[0m: [[33mamf[0m] [1;32mINFO[0m: Setup NF EndPoint(addr) [127.0.0.10:7777] (../src/amf/nnssf-handler.c:203)
[32m09/30 15:01:06.809[0m: [[33mamf[0m] [1;36mWARNING[0m: Try to discover by NsiInformation [nsmf-pdusession] (../src/amf/sbi-path.c:554)
[32m09/30 15:01:06.813[0m: [[33msbi[0m] [1;36mWARNING[0m: [b8a9b670-bcdf-41f1-a35e-911d8b75a131] (NRF-discover) NF has already been added [type:SMF] (../lib/sbi/nnrf-handler.c:1460)
[32m09/30 15:01:06.813[0m: [[33msbi[0m] [1;32mINFO[0m: [SMF] NFInstance associated [b8a9b670-bcdf-41f1-a35e-911d8b75a131] (../lib/sbi/context.c:2498)
[32m09/30 15:01:06.814[0m: [[33msbi[0m] [1;36mWARNING[0m: UnRef NF EndPoint(addr) [127.0.0.4:80] (../lib/sbi/context.c:2503)
[32m09/30 15:01:06.814[0m: [[33msbi[0m] [1;32mINFO[0m: Setup NF EndPoint(addr) [127.0.0.4:80] (../lib/sbi/context.c:2503)
[32m09/30 15:01:06.815[0m: [[33msbi[0m] [1;32mINFO[0m: [nsmf-pdusession] NFService associated [b8aaee28-bcdf-41f1-a35e-911d8b75a131] (../lib/sbi/context.c:2138)
[32m09/30 15:01:06.815[0m: [[33msbi[0m] [1;36mWARNING[0m: UnRef NF EndPoint(addr) [127.0.0.4:7777] (../lib/sbi/context.c:2141)
[32m09/30 15:01:06.816[0m: [[33msbi[0m] [1;32mINFO[0m: Setup NF EndPoint(addr) [127.0.0.4:7777] (../lib/sbi/context.c:2141)
[32m09/30 15:01:06.816[0m: [[33msbi[0m] [1;32mINFO[0m: [b8a9b670-bcdf-41f1-a35e-911d8b75a131] (NF-discover) NF Profile updated [type:SMF validity:30s] (../lib/sbi/nnrf-handler.c:1508)
[32m09/30 15:01:06.817[0m: [[33msbi[0m] [1;36mWARNING[0m: [b905f82c-bcdf-41f1-9b17-6188ff3cae7c] (NRF-discover) NF has already been added [type:SMF] (../lib/sbi/nnrf-handler.c:1460)
[32m09/30 15:01:06.817[0m: [[33msbi[0m] [1;32mINFO[0m: [SMF] NFInstance associated [b905f82c-bcdf-41f1-9b17-6188ff3cae7c] (../lib/sbi/context.c:2498)
[32m09/30 15:01:06.818[0m: [[33msbi[0m] [1;36mWARNING[0m: UnRef NF EndPoint(addr) [127.0.0.32:80] (../lib/sbi/context.c:2503)
[32m09/30 15:01:06.818[0m: [[33msbi[0m] [1;32mINFO[0m: Setup NF EndPoint(addr) [127.0.0.32:80] (../lib/sbi/context.c:2503)
[32m09/30 15:01:06.819[0m: [[33msbi[0m] [1;32mINFO[0m: [nsmf-pdusession] NFService associated [b90750f0-bcdf-41f1-9b17-6188ff3cae7c] (../lib/sbi/context.c:2138)
[32m09/30 15:01:06.820[0m: [[33msbi[0m] [1;36mWARNING[0m: UnRef NF EndPoint(addr) [127.0.0.32:7777] (../lib/sbi/context.c:2141)
[32m09/30 15:01:06.821[0m: [[33msbi[0m] [1;32mINFO[0m: Setup NF EndPoint(addr) [127.0.0.32:7777] (../lib/sbi/context.c:2141)
[32m09/30 15:01:06.821[0m: [[33msbi[0m] [1;32mINFO[0m: [b905f82c-bcdf-41f1-9b17-6188ff3cae7c] (NF-discover) NF Profile updated [type:SMF validity:30s] (../lib/sbi/nnrf-handler.c:1508)
[32m09/30 15:01:06.822[0m: [[33msbi[0m] [1;36mWARNING[0m: [b9624884-bcdf-41f1-b78a-7f905b314a30] (NRF-discover) NF has already been added [type:SMF] (../lib/sbi/nnrf-handler.c:1460)
[32m09/30 15:01:06.822[0m: [[33msbi[0m] [1;32mINFO[0m: [SMF] NFInstance associated [b9624884-bcdf-41f1-b78a-7f905b314a30] (../lib/sbi/context.c:2498)
[32m09/30 15:01:06.823[0m: [[33msbi[0m] [1;36mWARNING[0m: UnRef NF EndPoint(addr) [127.0.0.33:80] (../lib/sbi/context.c:2503)
[32m09/30 15:01:06.824[0m: [[33msbi[0m] [1;32mINFO[0m: Setup NF EndPoint(addr) [127.0.0.33:80] (../lib/sbi/context.c:2503)
[32m09/30 15:01:06.824[0m: [[33msbi[0m] [1;32mINFO[0m: [nsmf-pdusession] NFService associated [b963c650-bcdf-41f1-b78a-7f905b314a30] (../lib/sbi/context.c:2138)
[32m09/30 15:01:06.825[0m: [[33msbi[0m] [1;36mWARNING[0m: UnRef NF EndPoint(addr) [127.0.0.33:7777] (../lib/sbi/context.c:2141)
[32m09/30 15:01:06.825[0m: [[33msbi[0m] [1;32mINFO[0m: Setup NF EndPoint(addr) [127.0.0.33:7777] (../lib/sbi/context.c:2141)
[32m09/30 15:01:06.826[0m: [[33msbi[0m] [1;32mINFO[0m: [b9624884-bcdf-41f1-b78a-7f905b314a30] (NF-discover) NF Profile updated [type:SMF validity:30s] (../lib/sbi/nnrf-handler.c:1508)
[32m09/30 15:01:06.827[0m: [[33mamf[0m] [1;32mINFO[0m: LAB_CANDIDATE t=33305288657 nf=b8a9b670-bcdf-41f1-a35e-911d8b75a131 load=40 capacity=100 (../src/amf/lab-selector.h:31)
[32m09/30 15:01:06.827[0m: [[33mamf[0m] [1;32mINFO[0m: LAB_CANDIDATE t=33305289606 nf=b905f82c-bcdf-41f1-9b17-6188ff3cae7c load=40 capacity=100 (../src/amf/lab-selector.h:31)
[32m09/30 15:01:06.828[0m: [[33mamf[0m] [1;32mINFO[0m: LAB_CANDIDATE t=33305290118 nf=b9624884-bcdf-41f1-b78a-7f905b314a30 load=20 capacity=100 (../src/amf/lab-selector.h:31)
[32m09/30 15:01:06.828[0m: [[33mamf[0m] [1;32mINFO[0m: LAB_SELECT t=33305290649 nf=b8a9b670-bcdf-41f1-a35e-911d8b75a131 load=40 capacity=100 policy=swrr (../src/amf/lab-selector.h:67)
[32m09/30 15:01:06.829[0m: [[33mamf[0m] [1;32mINFO[0m: [b8a9b670-bcdf-41f1-a35e-911d8b75a131] Setup NF Instance [type:SMF] (../src/amf/sbi-path.c:420)
[32m09/30 15:01:06.840[0m: [[33mamf[0m] [1;32mINFO[0m: Setup NF EndPoint(addr) [127.0.0.4:7777] (../src/amf/nsmf-handler.c:140)
[32m09/30 15:01:06.859[0m: [[33mamf[0m] [1;32mINFO[0m: [imsi-999700000000014:1:11][0:0:NULL] /nsmf-pdusession/v1/sm-contexts/{smContextRef}/modify (../src/amf/nsmf-handler.c:983)
[32m09/30 15:01:07.054[0m: [[33mamf[0m] [1;32mINFO[0m: [Added] Number of AMF-Sessions is now 15 (../src/amf/context.c:2953)
[32m09/30 15:01:07.055[0m: [[33mgmm[0m] [1;32mINFO[0m: UE SUPI[imsi-999700000000015] DNN[internet] LBO[0] S_NSSAI[SST:1 SD:0xffffff] smContextRef[NULL] smContextResourceURI[NULL] (../src/amf/gmm-handler.c:1430)
[32m09/30 15:01:07.056[0m: [[33mgmm[0m] [1;32mINFO[0m: No V-SMF Instance (../src/amf/gmm-handler.c:1513)
[32m09/30 15:01:07.057[0m: [[33mgmm[0m] [1;32mINFO[0m: V-SMF not discovered in NON-ROAMING OR LBO (../src/amf/gmm-handler.c:1599)
[32m09/30 15:01:07.058[0m: [[33mgmm[0m] [1;32mINFO[0m: nnssf-nsselection[1:1:(nil):(nil)] (../src/amf/gmm-handler.c:1610)
[32m09/30 15:01:07.059[0m: [[33msbi[0m] [1;32mINFO[0m: [b831e64a-bcdf-41f1-af57-c104e61f2896] Setup NF Instance [type:NSSF] (../lib/sbi/path.c:349)
[32m09/30 15:01:07.062[0m: [[33mamf[0m] [1;32mINFO[0m: Setup NF EndPoint(addr) [127.0.0.10:7777] (../src/amf/nnssf-handler.c:203)
[32m09/30 15:01:07.063[0m: [[33mamf[0m] [1;36mWARNING[0m: Try to discover by NsiInformation [nsmf-pdusession] (../src/amf/sbi-path.c:554)
[32m09/30 15:01:07.066[0m: [[33msbi[0m] [1;36mWARNING[0m: [b8a9b670-bcdf-41f1-a35e-911d8b75a131] (NRF-discover) NF has already been added [type:SMF] (../lib/sbi/nnrf-handler.c:1460)
[32m09/30 15:01:07.067[0m: [[33msbi[0m] [1;32mINFO[0m: [SMF] NFInstance associated [b8a9b670-bcdf-41f1-a35e-911d8b75a131] (../lib/sbi/context.c:2498)
[32m09/30 15:01:07.068[0m: [[33msbi[0m] [1;36mWARNING[0m: UnRef NF EndPoint(addr) [127.0.0.4:80] (../lib/sbi/context.c:2503)
[32m09/30 15:01:07.069[0m: [[33msbi[0m] [1;32mINFO[0m: Setup NF EndPoint(addr) [127.0.0.4:80] (../lib/sbi/context.c:2503)
[32m09/30 15:01:07.070[0m: [[33msbi[0m] [1;32mINFO[0m: [nsmf-pdusession] NFService associated [b8aaee28-bcdf-41f1-a35e-911d8b75a131] (../lib/sbi/context.c:2138)
[32m09/30 15:01:07.070[0m: [[33msbi[0m] [1;36mWARNING[0m: UnRef NF EndPoint(addr) [127.0.0.4:7777] (../lib/sbi/context.c:2141)
[32m09/30 15:01:07.071[0m: [[33msbi[0m] [1;32mINFO[0m: Setup NF EndPoint(addr) [127.0.0.4:7777] (../lib/sbi/context.c:2141)
[32m09/30 15:01:07.072[0m: [[33msbi[0m] [1;32mINFO[0m: [b8a9b670-bcdf-41f1-a35e-911d8b75a131] (NF-discover) NF Profile updated [type:SMF validity:30s] (../lib/sbi/nnrf-handler.c:1508)
[32m09/30 15:01:07.072[0m: [[33msbi[0m] [1;36mWARNING[0m: [b905f82c-bcdf-41f1-9b17-6188ff3cae7c] (NRF-discover) NF has already been added [type:SMF] (../lib/sbi/nnrf-handler.c:1460)
[32m09/30 15:01:07.073[0m: [[33msbi[0m] [1;32mINFO[0m: [SMF] NFInstance associated [b905f82c-bcdf-41f1-9b17-6188ff3cae7c] (../lib/sbi/context.c:2498)
[32m09/30 15:01:07.074[0m: [[33msbi[0m] [1;36mWARNING[0m: UnRef NF EndPoint(addr) [127.0.0.32:80] (../lib/sbi/context.c:2503)
[32m09/30 15:01:07.075[0m: [[33msbi[0m] [1;32mINFO[0m: Setup NF EndPoint(addr) [127.0.0.32:80] (../lib/sbi/context.c:2503)
[32m09/30 15:01:07.076[0m: [[33msbi[0m] [1;32mINFO[0m: [nsmf-pdusession] NFService associated [b90750f0-bcdf-41f1-9b17-6188ff3cae7c] (../lib/sbi/context.c:2138)
[32m09/30 15:01:07.076[0m: [[33msbi[0m] [1;36mWARNING[0m: UnRef NF EndPoint(addr) [127.0.0.32:7777] (../lib/sbi/context.c:2141)
[32m09/30 15:01:07.077[0m: [[33msbi[0m] [1;32mINFO[0m: Setup NF EndPoint(addr) [127.0.0.32:7777] (../lib/sbi/context.c:2141)
[32m09/30 15:01:07.077[0m: [[33msbi[0m] [1;32mINFO[0m: [b905f82c-bcdf-41f1-9b17-6188ff3cae7c] (NF-discover) NF Profile updated [type:SMF validity:30s] (../lib/sbi/nnrf-handler.c:1508)
[32m09/30 15:01:07.078[0m: [[33msbi[0m] [1;36mWARNING[0m: [b9624884-bcdf-41f1-b78a-7f905b314a30] (NRF-discover) NF has already been added [type:SMF] (../lib/sbi/nnrf-handler.c:1460)
[32m09/30 15:01:07.079[0m: [[33msbi[0m] [1;32mINFO[0m: [SMF] NFInstance associated [b9624884-bcdf-41f1-b78a-7f905b314a30] (../lib/sbi/context.c:2498)
[32m09/30 15:01:07.080[0m: [[33msbi[0m] [1;36mWARNING[0m: UnRef NF EndPoint(addr) [127.0.0.33:80] (../lib/sbi/context.c:2503)
[32m09/30 15:01:07.080[0m: [[33msbi[0m] [1;32mINFO[0m: Setup NF EndPoint(addr) [127.0.0.33:80] (../lib/sbi/context.c:2503)
[32m09/30 15:01:07.081[0m: [[33msbi[0m] [1;32mINFO[0m: [nsmf-pdusession] NFService associated [b963c650-bcdf-41f1-b78a-7f905b314a30] (../lib/sbi/context.c:2138)
[32m09/30 15:01:07.082[0m: [[33msbi[0m] [1;36mWARNING[0m: UnRef NF EndPoint(addr) [127.0.0.33:7777] (../lib/sbi/context.c:2141)
[32m09/30 15:01:07.083[0m: [[33msbi[0m] [1;32mINFO[0m: Setup NF EndPoint(addr) [127.0.0.33:7777] (../lib/sbi/context.c:2141)
[32m09/30 15:01:07.083[0m: [[33msbi[0m] [1;32mINFO[0m: [b9624884-bcdf-41f1-b78a-7f905b314a30] (NF-discover) NF Profile updated [type:SMF validity:30s] (../lib/sbi/nnrf-handler.c:1508)
[32m09/30 15:01:07.084[0m: [[33mamf[0m] [1;32mINFO[0m: LAB_CANDIDATE t=33305546400 nf=b8a9b670-bcdf-41f1-a35e-911d8b75a131 load=40 capacity=100 (../src/amf/lab-selector.h:31)
[32m09/30 15:01:07.085[0m: [[33mamf[0m] [1;32mINFO[0m: LAB_CANDIDATE t=33305547227 nf=b905f82c-bcdf-41f1-9b17-6188ff3cae7c load=40 capacity=100 (../src/amf/lab-selector.h:31)
[32m09/30 15:01:07.086[0m: [[33mamf[0m] [1;32mINFO[0m: LAB_CANDIDATE t=33305547950 nf=b9624884-bcdf-41f1-b78a-7f905b314a30 load=25 capacity=100 (../src/amf/lab-selector.h:31)
[32m09/30 15:01:07.087[0m: [[33mamf[0m] [1;32mINFO[0m: LAB_SELECT t=33305548676 nf=b905f82c-bcdf-41f1-9b17-6188ff3cae7c load=40 capacity=100 policy=swrr (../src/amf/lab-selector.h:67)
[32m09/30 15:01:07.087[0m: [[33mamf[0m] [1;32mINFO[0m: [b905f82c-bcdf-41f1-9b17-6188ff3cae7c] Setup NF Instance [type:SMF] (../src/amf/sbi-path.c:420)
[32m09/30 15:01:07.103[0m: [[33mamf[0m] [1;32mINFO[0m: Setup NF EndPoint(addr) [127.0.0.32:7777] (../src/amf/nsmf-handler.c:140)
[32m09/30 15:01:07.129[0m: [[33mamf[0m] [1;32mINFO[0m: [imsi-999700000000015:1:11][0:0:NULL] /nsmf-pdusession/v1/sm-contexts/{smContextRef}/modify (../src/amf/nsmf-handler.c:983)
[32m09/30 15:01:10.260[0m: [[33mamf[0m] [1;32mINFO[0m: [imsi-999700000000003:1] Receive Update SM context(N2-RELEASED) (../src/amf/nsmf-handler.c:683)
[32m09/30 15:01:10.260[0m: [[33mamf[0m] [1;32mINFO[0m: [imsi-999700000000003:1:17][0:1:NULL] /nsmf-pdusession/v1/sm-contexts/{smContextRef}/modify (../src/amf/nsmf-handler.c:983)
[32m09/30 15:01:10.459[0m: [[33mamf[0m] [1;32mINFO[0m: [Added] Number of AMF-Sessions is now 16 (../src/amf/context.c:2953)
[32m09/30 15:01:10.460[0m: [[33mgmm[0m] [1;32mINFO[0m: UE SUPI[imsi-999700000000017] DNN[internet] LBO[0] S_NSSAI[SST:1 SD:0xffffff] smContextRef[NULL] smContextResourceURI[NULL] (../src/amf/gmm-handler.c:1430)
[32m09/30 15:01:10.461[0m: [[33mgmm[0m] [1;32mINFO[0m: No V-SMF Instance (../src/amf/gmm-handler.c:1513)
[32m09/30 15:01:10.462[0m: [[33mgmm[0m] [1;32mINFO[0m: V-SMF not discovered in NON-ROAMING OR LBO (../src/amf/gmm-handler.c:1599)
[32m09/30 15:01:10.463[0m: [[33mgmm[0m] [1;32mINFO[0m: nnssf-nsselection[1:1:(nil):(nil)] (../src/amf/gmm-handler.c:1610)
[32m09/30 15:01:10.464[0m: [[33msbi[0m] [1;32mINFO[0m: [b831e64a-bcdf-41f1-af57-c104e61f2896] Setup NF Instance [type:NSSF] (../lib/sbi/path.c:349)
[32m09/30 15:01:10.466[0m: [[33mamf[0m] [1;32mINFO[0m: [imsi-999700000000003:1] Receive Update SM context(N1-RELEASED) (../src/amf/nsmf-handler.c:695)
[32m09/30 15:01:10.467[0m: [[33mamf[0m] [1;32mINFO[0m: [imsi-999700000000003:1:18][1:1:NULL] /nsmf-pdusession/v1/sm-contexts/{smContextRef}/modify (../src/amf/nsmf-handler.c:983)
[32m09/30 15:01:10.468[0m: [[33mamf[0m] [1;32mINFO[0m: Setup NF EndPoint(addr) [127.0.0.10:7777] (../src/amf/nnssf-handler.c:203)
[32m09/30 15:01:10.468[0m: [[33mamf[0m] [1;36mWARNING[0m: Try to discover by NsiInformation [nsmf-pdusession] (../src/amf/sbi-path.c:554)
[32m09/30 15:01:10.471[0m: [[33msbi[0m] [1;36mWARNING[0m: [b8a9b670-bcdf-41f1-a35e-911d8b75a131] (NRF-discover) NF has already been added [type:SMF] (../lib/sbi/nnrf-handler.c:1460)
[32m09/30 15:01:10.471[0m: [[33msbi[0m] [1;32mINFO[0m: [SMF] NFInstance associated [b8a9b670-bcdf-41f1-a35e-911d8b75a131] (../lib/sbi/context.c:2498)
[32m09/30 15:01:10.472[0m: [[33msbi[0m] [1;36mWARNING[0m: UnRef NF EndPoint(addr) [127.0.0.4:80] (../lib/sbi/context.c:2503)
[32m09/30 15:01:10.472[0m: [[33msbi[0m] [1;32mINFO[0m: Setup NF EndPoint(addr) [127.0.0.4:80] (../lib/sbi/context.c:2503)
[32m09/30 15:01:10.473[0m: [[33msbi[0m] [1;32mINFO[0m: [nsmf-pdusession] NFService associated [b8aaee28-bcdf-41f1-a35e-911d8b75a131] (../lib/sbi/context.c:2138)
[32m09/30 15:01:10.473[0m: [[33msbi[0m] [1;36mWARNING[0m: UnRef NF EndPoint(addr) [127.0.0.4:7777] (../lib/sbi/context.c:2141)
[32m09/30 15:01:10.474[0m: [[33msbi[0m] [1;32mINFO[0m: Setup NF EndPoint(addr) [127.0.0.4:7777] (../lib/sbi/context.c:2141)
[32m09/30 15:01:10.474[0m: [[33msbi[0m] [1;32mINFO[0m: [b8a9b670-bcdf-41f1-a35e-911d8b75a131] (NF-discover) NF Profile updated [type:SMF validity:30s] (../lib/sbi/nnrf-handler.c:1508)
[32m09/30 15:01:10.475[0m: [[33msbi[0m] [1;36mWARNING[0m: [b905f82c-bcdf-41f1-9b17-6188ff3cae7c] (NRF-discover) NF has already been added [type:SMF] (../lib/sbi/nnrf-handler.c:1460)
[32m09/30 15:01:10.475[0m: [[33msbi[0m] [1;32mINFO[0m: [SMF] NFInstance associated [b905f82c-bcdf-41f1-9b17-6188ff3cae7c] (../lib/sbi/context.c:2498)
[32m09/30 15:01:10.476[0m: [[33msbi[0m] [1;36mWARNING[0m: UnRef NF EndPoint(addr) [127.0.0.32:80] (../lib/sbi/context.c:2503)
[32m09/30 15:01:10.476[0m: [[33msbi[0m] [1;32mINFO[0m: Setup NF EndPoint(addr) [127.0.0.32:80] (../lib/sbi/context.c:2503)
[32m09/30 15:01:10.477[0m: [[33msbi[0m] [1;32mINFO[0m: [nsmf-pdusession] NFService associated [b90750f0-bcdf-41f1-9b17-6188ff3cae7c] (../lib/sbi/context.c:2138)
[32m09/30 15:01:10.477[0m: [[33msbi[0m] [1;36mWARNING[0m: UnRef NF EndPoint(addr) [127.0.0.32:7777] (../lib/sbi/context.c:2141)
[32m09/30 15:01:10.478[0m: [[33msbi[0m] [1;32mINFO[0m: Setup NF EndPoint(addr) [127.0.0.32:7777] (../lib/sbi/context.c:2141)
[32m09/30 15:01:10.478[0m: [[33msbi[0m] [1;32mINFO[0m: [b905f82c-bcdf-41f1-9b17-6188ff3cae7c] (NF-discover) NF Profile updated [type:SMF validity:30s] (../lib/sbi/nnrf-handler.c:1508)
[32m09/30 15:01:10.479[0m: [[33msbi[0m] [1;36mWARNING[0m: [b9624884-bcdf-41f1-b78a-7f905b314a30] (NRF-discover) NF has already been added [type:SMF] (../lib/sbi/nnrf-handler.c:1460)
[32m09/30 15:01:10.480[0m: [[33msbi[0m] [1;32mINFO[0m: [SMF] NFInstance associated [b9624884-bcdf-41f1-b78a-7f905b314a30] (../lib/sbi/context.c:2498)
[32m09/30 15:01:10.480[0m: [[33msbi[0m] [1;36mWARNING[0m: UnRef NF EndPoint(addr) [127.0.0.33:80] (../lib/sbi/context.c:2503)
[32m09/30 15:01:10.480[0m: [[33msbi[0m] [1;32mINFO[0m: Setup NF EndPoint(addr) [127.0.0.33:80] (../lib/sbi/context.c:2503)
[32m09/30 15:01:10.481[0m: [[33msbi[0m] [1;32mINFO[0m: [nsmf-pdusession] NFService associated [b963c650-bcdf-41f1-b78a-7f905b314a30] (../lib/sbi/context.c:2138)
[32m09/30 15:01:10.481[0m: [[33msbi[0m] [1;36mWARNING[0m: UnRef NF EndPoint(addr) [127.0.0.33:7777] (../lib/sbi/context.c:2141)
[32m09/30 15:01:10.482[0m: [[33msbi[0m] [1;32mINFO[0m: Setup NF EndPoint(addr) [127.0.0.33:7777] (../lib/sbi/context.c:2141)
[32m09/30 15:01:10.483[0m: [[33msbi[0m] [1;32mINFO[0m: [b9624884-bcdf-41f1-b78a-7f905b314a30] (NF-discover) NF Profile updated [type:SMF validity:30s] (../lib/sbi/nnrf-handler.c:1508)
[32m09/30 15:01:10.483[0m: [[33mamf[0m] [1;32mINFO[0m: LAB_CANDIDATE t=33308945195 nf=b8a9b670-bcdf-41f1-a35e-911d8b75a131 load=50 capacity=100 (../src/amf/lab-selector.h:31)
[32m09/30 15:01:10.483[0m: [[33mamf[0m] [1;32mINFO[0m: LAB_CANDIDATE t=33308945609 nf=b905f82c-bcdf-41f1-9b17-6188ff3cae7c load=50 capacity=100 (../src/amf/lab-selector.h:31)
[32m09/30 15:01:10.484[0m: [[33mamf[0m] [1;32mINFO[0m: LAB_CANDIDATE t=33308946182 nf=b9624884-bcdf-41f1-b78a-7f905b314a30 load=25 capacity=100 (../src/amf/lab-selector.h:31)
[32m09/30 15:01:10.484[0m: [[33mamf[0m] [1;32mINFO[0m: LAB_SELECT t=33308946516 nf=b9624884-bcdf-41f1-b78a-7f905b314a30 load=25 capacity=100 policy=swrr (../src/amf/lab-selector.h:67)
[32m09/30 15:01:10.485[0m: [[33mamf[0m] [1;32mINFO[0m: [b9624884-bcdf-41f1-b78a-7f905b314a30] Setup NF Instance [type:SMF] (../src/amf/sbi-path.c:420)
[32m09/30 15:01:10.486[0m: [[33mamf[0m] [1;32mINFO[0m: [imsi-999700000000003:1][1:1:RELEASED] /namf-callback/v1/{supi}/sm-context-status/{psi} (../src/amf/namf-handler.c:595)
[32m09/30 15:01:10.486[0m: [[33mamf[0m] [1;32mINFO[0m: [imsi-999700000000003:1] Release SM Context [state:31] (../src/amf/nsmf-handler.c:1200)
[32m09/30 15:01:10.487[0m: [[33mamf[0m] [1;32mINFO[0m: [Removed] Number of AMF-Sessions is now 15 (../src/amf/context.c:2960)
[32m09/30 15:01:10.497[0m: [[33mamf[0m] [1;32mINFO[0m: Setup NF EndPoint(addr) [127.0.0.33:7777] (../src/amf/nsmf-handler.c:140)
[32m09/30 15:01:10.518[0m: [[33mamf[0m] [1;32mINFO[0m: [imsi-999700000000017:1:11][0:0:NULL] /nsmf-pdusession/v1/sm-contexts/{smContextRef}/modify (../src/amf/nsmf-handler.c:983)
[32m09/30 15:01:10.720[0m: [[33mamf[0m] [1;32mINFO[0m: [imsi-999700000000006:1] Receive Update SM context(N2-RELEASED) (../src/amf/nsmf-handler.c:683)
[32m09/30 15:01:10.721[0m: [[33mamf[0m] [1;32mINFO[0m: [imsi-999700000000006:1:17][0:1:NULL] /nsmf-pdusession/v1/sm-contexts/{smContextRef}/modify (../src/amf/nsmf-handler.c:983)
[32m09/30 15:01:10.918[0m: [[33mamf[0m] [1;32mINFO[0m: [Added] Number of AMF-Sessions is now 16 (../src/amf/context.c:2953)
[32m09/30 15:01:10.919[0m: [[33mgmm[0m] [1;32mINFO[0m: UE SUPI[imsi-999700000000018] DNN[internet] LBO[0] S_NSSAI[SST:1 SD:0xffffff] smContextRef[NULL] smContextResourceURI[NULL] (../src/amf/gmm-handler.c:1430)
[32m09/30 15:01:10.920[0m: [[33mgmm[0m] [1;32mINFO[0m: No V-SMF Instance (../src/amf/gmm-handler.c:1513)
[32m09/30 15:01:10.920[0m: [[33mgmm[0m] [1;32mINFO[0m: V-SMF not discovered in NON-ROAMING OR LBO (../src/amf/gmm-handler.c:1599)
[32m09/30 15:01:10.921[0m: [[33mgmm[0m] [1;32mINFO[0m: nnssf-nsselection[1:1:(nil):(nil)] (../src/amf/gmm-handler.c:1610)
[32m09/30 15:01:10.922[0m: [[33msbi[0m] [1;32mINFO[0m: [b831e64a-bcdf-41f1-af57-c104e61f2896] Setup NF Instance [type:NSSF] (../lib/sbi/path.c:349)
[32m09/30 15:01:10.924[0m: [[33mamf[0m] [1;32mINFO[0m: [imsi-999700000000006:1] Receive Update SM context(N1-RELEASED) (../src/amf/nsmf-handler.c:695)
[32m09/30 15:01:10.925[0m: [[33mamf[0m] [1;32mINFO[0m: [imsi-999700000000006:1:18][1:1:NULL] /nsmf-pdusession/v1/sm-contexts/{smContextRef}/modify (../src/amf/nsmf-handler.c:983)
[32m09/30 15:01:10.926[0m: [[33mamf[0m] [1;32mINFO[0m: Setup NF EndPoint(addr) [127.0.0.10:7777] (../src/amf/nnssf-handler.c:203)
[32m09/30 15:01:10.927[0m: [[33mamf[0m] [1;36mWARNING[0m: Try to discover by NsiInformation [nsmf-pdusession] (../src/amf/sbi-path.c:554)
[32m09/30 15:01:10.930[0m: [[33msbi[0m] [1;36mWARNING[0m: [b8a9b670-bcdf-41f1-a35e-911d8b75a131] (NRF-discover) NF has already been added [type:SMF] (../lib/sbi/nnrf-handler.c:1460)
[32m09/30 15:01:10.931[0m: [[33msbi[0m] [1;32mINFO[0m: [SMF] NFInstance associated [b8a9b670-bcdf-41f1-a35e-911d8b75a131] (../lib/sbi/context.c:2498)
[32m09/30 15:01:10.931[0m: [[33msbi[0m] [1;36mWARNING[0m: UnRef NF EndPoint(addr) [127.0.0.4:80] (../lib/sbi/context.c:2503)
[32m09/30 15:01:10.932[0m: [[33msbi[0m] [1;32mINFO[0m: Setup NF EndPoint(addr) [127.0.0.4:80] (../lib/sbi/context.c:2503)
[32m09/30 15:01:10.932[0m: [[33msbi[0m] [1;32mINFO[0m: [nsmf-pdusession] NFService associated [b8aaee28-bcdf-41f1-a35e-911d8b75a131] (../lib/sbi/context.c:2138)
[32m09/30 15:01:10.933[0m: [[33msbi[0m] [1;36mWARNING[0m: UnRef NF EndPoint(addr) [127.0.0.4:7777] (../lib/sbi/context.c:2141)
[32m09/30 15:01:10.934[0m: [[33msbi[0m] [1;32mINFO[0m: Setup NF EndPoint(addr) [127.0.0.4:7777] (../lib/sbi/context.c:2141)
[32m09/30 15:01:10.934[0m: [[33msbi[0m] [1;32mINFO[0m: [b8a9b670-bcdf-41f1-a35e-911d8b75a131] (NF-discover) NF Profile updated [type:SMF validity:30s] (../lib/sbi/nnrf-handler.c:1508)
[32m09/30 15:01:10.934[0m: [[33msbi[0m] [1;36mWARNING[0m: [b905f82c-bcdf-41f1-9b17-6188ff3cae7c] (NRF-discover) NF has already been added [type:SMF] (../lib/sbi/nnrf-handler.c:1460)
[32m09/30 15:01:10.935[0m: [[33msbi[0m] [1;32mINFO[0m: [SMF] NFInstance associated [b905f82c-bcdf-41f1-9b17-6188ff3cae7c] (../lib/sbi/context.c:2498)
[32m09/30 15:01:10.935[0m: [[33msbi[0m] [1;36mWARNING[0m: UnRef NF EndPoint(addr) [127.0.0.32:80] (../lib/sbi/context.c:2503)
[32m09/30 15:01:10.936[0m: [[33msbi[0m] [1;32mINFO[0m: Setup NF EndPoint(addr) [127.0.0.32:80] (../lib/sbi/context.c:2503)
[32m09/30 15:01:10.936[0m: [[33msbi[0m] [1;32mINFO[0m: [nsmf-pdusession] NFService associated [b90750f0-bcdf-41f1-9b17-6188ff3cae7c] (../lib/sbi/context.c:2138)
[32m09/30 15:01:10.937[0m: [[33msbi[0m] [1;36mWARNING[0m: UnRef NF EndPoint(addr) [127.0.0.32:7777] (../lib/sbi/context.c:2141)
[32m09/30 15:01:10.937[0m: [[33msbi[0m] [1;32mINFO[0m: Setup NF EndPoint(addr) [127.0.0.32:7777] (../lib/sbi/context.c:2141)
[32m09/30 15:01:10.938[0m: [[33msbi[0m] [1;32mINFO[0m: [b905f82c-bcdf-41f1-9b17-6188ff3cae7c] (NF-discover) NF Profile updated [type:SMF validity:30s] (../lib/sbi/nnrf-handler.c:1508)
[32m09/30 15:01:10.938[0m: [[33msbi[0m] [1;36mWARNING[0m: [b9624884-bcdf-41f1-b78a-7f905b314a30] (NRF-discover) NF has already been added [type:SMF] (../lib/sbi/nnrf-handler.c:1460)
[32m09/30 15:01:10.939[0m: [[33msbi[0m] [1;32mINFO[0m: [SMF] NFInstance associated [b9624884-bcdf-41f1-b78a-7f905b314a30] (../lib/sbi/context.c:2498)
[32m09/30 15:01:10.939[0m: [[33msbi[0m] [1;36mWARNING[0m: UnRef NF EndPoint(addr) [127.0.0.33:80] (../lib/sbi/context.c:2503)
[32m09/30 15:01:10.940[0m: [[33msbi[0m] [1;32mINFO[0m: Setup NF EndPoint(addr) [127.0.0.33:80] (../lib/sbi/context.c:2503)
[32m09/30 15:01:10.940[0m: [[33msbi[0m] [1;32mINFO[0m: [nsmf-pdusession] NFService associated [b963c650-bcdf-41f1-b78a-7f905b314a30] (../lib/sbi/context.c:2138)
[32m09/30 15:01:10.940[0m: [[33msbi[0m] [1;36mWARNING[0m: UnRef NF EndPoint(addr) [127.0.0.33:7777] (../lib/sbi/context.c:2141)
[32m09/30 15:01:10.941[0m: [[33msbi[0m] [1;32mINFO[0m: Setup NF EndPoint(addr) [127.0.0.33:7777] (../lib/sbi/context.c:2141)
[32m09/30 15:01:10.941[0m: [[33msbi[0m] [1;32mINFO[0m: [b9624884-bcdf-41f1-b78a-7f905b314a30] (NF-discover) NF Profile updated [type:SMF validity:30s] (../lib/sbi/nnrf-handler.c:1508)
[32m09/30 15:01:10.942[0m: [[33mamf[0m] [1;32mINFO[0m: LAB_CANDIDATE t=33309403723 nf=b8a9b670-bcdf-41f1-a35e-911d8b75a131 load=50 capacity=100 (../src/amf/lab-selector.h:31)
[32m09/30 15:01:10.942[0m: [[33mamf[0m] [1;32mINFO[0m: LAB_CANDIDATE t=33309404160 nf=b905f82c-bcdf-41f1-9b17-6188ff3cae7c load=50 capacity=100 (../src/amf/lab-selector.h:31)
[32m09/30 15:01:10.943[0m: [[33mamf[0m] [1;32mINFO[0m: LAB_CANDIDATE t=33309404804 nf=b9624884-bcdf-41f1-b78a-7f905b314a30 load=25 capacity=100 (../src/amf/lab-selector.h:31)
[32m09/30 15:01:10.943[0m: [[33mamf[0m] [1;32mINFO[0m: LAB_SELECT t=33309405155 nf=b8a9b670-bcdf-41f1-a35e-911d8b75a131 load=50 capacity=100 policy=swrr (../src/amf/lab-selector.h:67)
[32m09/30 15:01:10.943[0m: [[33mamf[0m] [1;32mINFO[0m: [b8a9b670-bcdf-41f1-a35e-911d8b75a131] Setup NF Instance [type:SMF] (../src/amf/sbi-path.c:420)
[32m09/30 15:01:10.944[0m: [[33mamf[0m] [1;32mINFO[0m: [imsi-999700000000006:1][1:1:RELEASED] /namf-callback/v1/{supi}/sm-context-status/{psi} (../src/amf/namf-handler.c:595)
[32m09/30 15:01:10.945[0m: [[33mamf[0m] [1;32mINFO[0m: [imsi-999700000000006:1] Release SM Context [state:31] (../src/amf/nsmf-handler.c:1200)
[32m09/30 15:01:10.945[0m: [[33mamf[0m] [1;32mINFO[0m: [Removed] Number of AMF-Sessions is now 15 (../src/amf/context.c:2960)
[32m09/30 15:01:10.956[0m: [[33mamf[0m] [1;32mINFO[0m: Setup NF EndPoint(addr) [127.0.0.4:7777] (../src/amf/nsmf-handler.c:140)
[32m09/30 15:01:10.977[0m: [[33mamf[0m] [1;32mINFO[0m: [imsi-999700000000018:1:11][0:0:NULL] /nsmf-pdusession/v1/sm-contexts/{smContextRef}/modify (../src/amf/nsmf-handler.c:983)
[32m09/30 15:01:11.175[0m: [[33mamf[0m] [1;32mINFO[0m: [imsi-999700000000010:1] Receive Update SM context(N2-RELEASED) (../src/amf/nsmf-handler.c:683)
[32m09/30 15:01:11.175[0m: [[33mamf[0m] [1;32mINFO[0m: [imsi-999700000000010:1:17][0:1:NULL] /nsmf-pdusession/v1/sm-contexts/{smContextRef}/modify (../src/amf/nsmf-handler.c:983)
[32m09/30 15:01:11.374[0m: [[33mamf[0m] [1;32mINFO[0m: [Added] Number of AMF-Sessions is now 16 (../src/amf/context.c:2953)
[32m09/30 15:01:11.375[0m: [[33mgmm[0m] [1;32mINFO[0m: UE SUPI[imsi-999700000000003] DNN[internet] LBO[0] S_NSSAI[SST:1 SD:0xffffff] smContextRef[NULL] smContextResourceURI[NULL] (../src/amf/gmm-handler.c:1430)
[32m09/30 15:01:11.376[0m: [[33mgmm[0m] [1;32mINFO[0m: No V-SMF Instance (../src/amf/gmm-handler.c:1513)
[32m09/30 15:01:11.376[0m: [[33mgmm[0m] [1;32mINFO[0m: V-SMF not discovered in NON-ROAMING OR LBO (../src/amf/gmm-handler.c:1599)
[32m09/30 15:01:11.377[0m: [[33mgmm[0m] [1;32mINFO[0m: nnssf-nsselection[1:1:(nil):(nil)] (../src/amf/gmm-handler.c:1610)
[32m09/30 15:01:11.378[0m: [[33msbi[0m] [1;32mINFO[0m: [b831e64a-bcdf-41f1-af57-c104e61f2896] Setup NF Instance [type:NSSF] (../lib/sbi/path.c:349)
[32m09/30 15:01:11.381[0m: [[33mamf[0m] [1;32mINFO[0m: [imsi-999700000000010:1] Receive Update SM context(N1-RELEASED) (../src/amf/nsmf-handler.c:695)
[32m09/30 15:01:11.381[0m: [[33mamf[0m] [1;32mINFO[0m: [imsi-999700000000010:1:18][1:1:NULL] /nsmf-pdusession/v1/sm-contexts/{smContextRef}/modify (../src/amf/nsmf-handler.c:983)
[32m09/30 15:01:11.383[0m: [[33mamf[0m] [1;32mINFO[0m: Setup NF EndPoint(addr) [127.0.0.10:7777] (../src/amf/nnssf-handler.c:203)
[32m09/30 15:01:11.384[0m: [[33mamf[0m] [1;36mWARNING[0m: Try to discover by NsiInformation [nsmf-pdusession] (../src/amf/sbi-path.c:554)
[32m09/30 15:01:11.387[0m: [[33msbi[0m] [1;36mWARNING[0m: [b8a9b670-bcdf-41f1-a35e-911d8b75a131] (NRF-discover) NF has already been added [type:SMF] (../lib/sbi/nnrf-handler.c:1460)
[32m09/30 15:01:11.387[0m: [[33msbi[0m] [1;32mINFO[0m: [SMF] NFInstance associated [b8a9b670-bcdf-41f1-a35e-911d8b75a131] (../lib/sbi/context.c:2498)
[32m09/30 15:01:11.388[0m: [[33msbi[0m] [1;36mWARNING[0m: UnRef NF EndPoint(addr) [127.0.0.4:80] (../lib/sbi/context.c:2503)
[32m09/30 15:01:11.389[0m: [[33msbi[0m] [1;32mINFO[0m: Setup NF EndPoint(addr) [127.0.0.4:80] (../lib/sbi/context.c:2503)
[32m09/30 15:01:11.389[0m: [[33msbi[0m] [1;32mINFO[0m: [nsmf-pdusession] NFService associated [b8aaee28-bcdf-41f1-a35e-911d8b75a131] (../lib/sbi/context.c:2138)
[32m09/30 15:01:11.390[0m: [[33msbi[0m] [1;36mWARNING[0m: UnRef NF EndPoint(addr) [127.0.0.4:7777] (../lib/sbi/context.c:2141)
[32m09/30 15:01:11.391[0m: [[33msbi[0m] [1;32mINFO[0m: Setup NF EndPoint(addr) [127.0.0.4:7777] (../lib/sbi/context.c:2141)
[32m09/30 15:01:11.391[0m: [[33msbi[0m] [1;32mINFO[0m: [b8a9b670-bcdf-41f1-a35e-911d8b75a131] (NF-discover) NF Profile updated [type:SMF validity:30s] (../lib/sbi/nnrf-handler.c:1508)
[32m09/30 15:01:11.392[0m: [[33msbi[0m] [1;36mWARNING[0m: [b905f82c-bcdf-41f1-9b17-6188ff3cae7c] (NRF-discover) NF has already been added [type:SMF] (../lib/sbi/nnrf-handler.c:1460)
[32m09/30 15:01:11.392[0m: [[33msbi[0m] [1;32mINFO[0m: [SMF] NFInstance associated [b905f82c-bcdf-41f1-9b17-6188ff3cae7c] (../lib/sbi/context.c:2498)
[32m09/30 15:01:11.393[0m: [[33msbi[0m] [1;36mWARNING[0m: UnRef NF EndPoint(addr) [127.0.0.32:80] (../lib/sbi/context.c:2503)
[32m09/30 15:01:11.394[0m: [[33msbi[0m] [1;32mINFO[0m: Setup NF EndPoint(addr) [127.0.0.32:80] (../lib/sbi/context.c:2503)
[32m09/30 15:01:11.394[0m: [[33msbi[0m] [1;32mINFO[0m: [nsmf-pdusession] NFService associated [b90750f0-bcdf-41f1-9b17-6188ff3cae7c] (../lib/sbi/context.c:2138)
[32m09/30 15:01:11.395[0m: [[33msbi[0m] [1;36mWARNING[0m: UnRef NF EndPoint(addr) [127.0.0.32:7777] (../lib/sbi/context.c:2141)
[32m09/30 15:01:11.396[0m: [[33msbi[0m] [1;32mINFO[0m: Setup NF EndPoint(addr) [127.0.0.32:7777] (../lib/sbi/context.c:2141)
[32m09/30 15:01:11.396[0m: [[33msbi[0m] [1;32mINFO[0m: [b905f82c-bcdf-41f1-9b17-6188ff3cae7c] (NF-discover) NF Profile updated [type:SMF validity:30s] (../lib/sbi/nnrf-handler.c:1508)
[32m09/30 15:01:11.397[0m: [[33msbi[0m] [1;36mWARNING[0m: [b9624884-bcdf-41f1-b78a-7f905b314a30] (NRF-discover) NF has already been added [type:SMF] (../lib/sbi/nnrf-handler.c:1460)
[32m09/30 15:01:11.398[0m: [[33msbi[0m] [1;32mINFO[0m: [SMF] NFInstance associated [b9624884-bcdf-41f1-b78a-7f905b314a30] (../lib/sbi/context.c:2498)
[32m09/30 15:01:11.398[0m: [[33msbi[0m] [1;36mWARNING[0m: UnRef NF EndPoint(addr) [127.0.0.33:80] (../lib/sbi/context.c:2503)
[32m09/30 15:01:11.399[0m: [[33msbi[0m] [1;32mINFO[0m: Setup NF EndPoint(addr) [127.0.0.33:80] (../lib/sbi/context.c:2503)
[32m09/30 15:01:11.399[0m: [[33msbi[0m] [1;32mINFO[0m: [nsmf-pdusession] NFService associated [b963c650-bcdf-41f1-b78a-7f905b314a30] (../lib/sbi/context.c:2138)
[32m09/30 15:01:11.400[0m: [[33msbi[0m] [1;36mWARNING[0m: UnRef NF EndPoint(addr) [127.0.0.33:7777] (../lib/sbi/context.c:2141)
[32m09/30 15:01:11.401[0m: [[33msbi[0m] [1;32mINFO[0m: Setup NF EndPoint(addr) [127.0.0.33:7777] (../lib/sbi/context.c:2141)
[32m09/30 15:01:11.401[0m: [[33msbi[0m] [1;32mINFO[0m: [b9624884-bcdf-41f1-b78a-7f905b314a30] (NF-discover) NF Profile updated [type:SMF validity:30s] (../lib/sbi/nnrf-handler.c:1508)
[32m09/30 15:01:11.402[0m: [[33mamf[0m] [1;32mINFO[0m: LAB_CANDIDATE t=33309863771 nf=b8a9b670-bcdf-41f1-a35e-911d8b75a131 load=50 capacity=100 (../src/amf/lab-selector.h:31)
[32m09/30 15:01:11.402[0m: [[33mamf[0m] [1;32mINFO[0m: LAB_CANDIDATE t=33309864362 nf=b905f82c-bcdf-41f1-9b17-6188ff3cae7c load=50 capacity=100 (../src/amf/lab-selector.h:31)
[32m09/30 15:01:11.403[0m: [[33mamf[0m] [1;32mINFO[0m: LAB_CANDIDATE t=33309864887 nf=b9624884-bcdf-41f1-b78a-7f905b314a30 load=25 capacity=100 (../src/amf/lab-selector.h:31)
[32m09/30 15:01:11.403[0m: [[33mamf[0m] [1;32mINFO[0m: LAB_SELECT t=33309865433 nf=b9624884-bcdf-41f1-b78a-7f905b314a30 load=25 capacity=100 policy=swrr (../src/amf/lab-selector.h:67)
[32m09/30 15:01:11.404[0m: [[33mamf[0m] [1;32mINFO[0m: [b9624884-bcdf-41f1-b78a-7f905b314a30] Setup NF Instance [type:SMF] (../src/amf/sbi-path.c:420)
[32m09/30 15:01:11.405[0m: [[33mamf[0m] [1;32mINFO[0m: [imsi-999700000000010:1][1:1:RELEASED] /namf-callback/v1/{supi}/sm-context-status/{psi} (../src/amf/namf-handler.c:595)
[32m09/30 15:01:11.405[0m: [[33mamf[0m] [1;32mINFO[0m: [imsi-999700000000010:1] Release SM Context [state:31] (../src/amf/nsmf-handler.c:1200)
[32m09/30 15:01:11.406[0m: [[33mamf[0m] [1;32mINFO[0m: [Removed] Number of AMF-Sessions is now 15 (../src/amf/context.c:2960)
[32m09/30 15:01:11.418[0m: [[33mamf[0m] [1;32mINFO[0m: Setup NF EndPoint(addr) [127.0.0.33:7777] (../src/amf/nsmf-handler.c:140)
[32m09/30 15:01:11.442[0m: [[33mamf[0m] [1;32mINFO[0m: [imsi-999700000000003:1:11][0:0:NULL] /nsmf-pdusession/v1/sm-contexts/{smContextRef}/modify (../src/amf/nsmf-handler.c:983)
[32m09/30 15:01:11.643[0m: [[33mamf[0m] [1;32mINFO[0m: [imsi-999700000000011:1] Receive Update SM context(N2-RELEASED) (../src/amf/nsmf-handler.c:683)
[32m09/30 15:01:11.644[0m: [[33mamf[0m] [1;32mINFO[0m: [imsi-999700000000011:1:17][0:1:NULL] /nsmf-pdusession/v1/sm-contexts/{smContextRef}/modify (../src/amf/nsmf-handler.c:983)
[32m09/30 15:01:11.846[0m: [[33mamf[0m] [1;32mINFO[0m: [Added] Number of AMF-Sessions is now 16 (../src/amf/context.c:2953)
[32m09/30 15:01:11.847[0m: [[33mgmm[0m] [1;32mINFO[0m: UE SUPI[imsi-999700000000024] DNN[internet] LBO[0] S_NSSAI[SST:1 SD:0xffffff] smContextRef[NULL] smContextResourceURI[NULL] (../src/amf/gmm-handler.c:1430)
[32m09/30 15:01:11.848[0m: [[33mgmm[0m] [1;32mINFO[0m: No V-SMF Instance (../src/amf/gmm-handler.c:1513)
[32m09/30 15:01:11.850[0m: [[33mgmm[0m] [1;32mINFO[0m: V-SMF not discovered in NON-ROAMING OR LBO (../src/amf/gmm-handler.c:1599)
[32m09/30 15:01:11.851[0m: [[33mgmm[0m] [1;32mINFO[0m: nnssf-nsselection[1:1:(nil):(nil)] (../src/amf/gmm-handler.c:1610)
[32m09/30 15:01:11.852[0m: [[33msbi[0m] [1;32mINFO[0m: [b831e64a-bcdf-41f1-af57-c104e61f2896] Setup NF Instance [type:NSSF] (../lib/sbi/path.c:349)
[32m09/30 15:01:11.852[0m: [[33mamf[0m] [1;32mINFO[0m: [imsi-999700000000011:1] Receive Update SM context(N1-RELEASED) (../src/amf/nsmf-handler.c:695)
[32m09/30 15:01:11.853[0m: [[33mamf[0m] [1;32mINFO[0m: [imsi-999700000000011:1:18][1:1:NULL] /nsmf-pdusession/v1/sm-contexts/{smContextRef}/modify (../src/amf/nsmf-handler.c:983)
[32m09/30 15:01:11.855[0m: [[33mamf[0m] [1;32mINFO[0m: Setup NF EndPoint(addr) [127.0.0.10:7777] (../src/amf/nnssf-handler.c:203)
[32m09/30 15:01:11.855[0m: [[33mamf[0m] [1;36mWARNING[0m: Try to discover by NsiInformation [nsmf-pdusession] (../src/amf/sbi-path.c:554)
[32m09/30 15:01:11.859[0m: [[33msbi[0m] [1;36mWARNING[0m: [b8a9b670-bcdf-41f1-a35e-911d8b75a131] (NRF-discover) NF has already been added [type:SMF] (../lib/sbi/nnrf-handler.c:1460)
[32m09/30 15:01:11.860[0m: [[33msbi[0m] [1;32mINFO[0m: [SMF] NFInstance associated [b8a9b670-bcdf-41f1-a35e-911d8b75a131] (../lib/sbi/context.c:2498)
[32m09/30 15:01:11.860[0m: [[33msbi[0m] [1;36mWARNING[0m: UnRef NF EndPoint(addr) [127.0.0.4:80] (../lib/sbi/context.c:2503)
[32m09/30 15:01:11.861[0m: [[33msbi[0m] [1;32mINFO[0m: Setup NF EndPoint(addr) [127.0.0.4:80] (../lib/sbi/context.c:2503)
[32m09/30 15:01:11.862[0m: [[33msbi[0m] [1;32mINFO[0m: [nsmf-pdusession] NFService associated [b8aaee28-bcdf-41f1-a35e-911d8b75a131] (../lib/sbi/context.c:2138)
[32m09/30 15:01:11.863[0m: [[33msbi[0m] [1;36mWARNING[0m: UnRef NF EndPoint(addr) [127.0.0.4:7777] (../lib/sbi/context.c:2141)
[32m09/30 15:01:11.863[0m: [[33msbi[0m] [1;32mINFO[0m: Setup NF EndPoint(addr) [127.0.0.4:7777] (../lib/sbi/context.c:2141)
[32m09/30 15:01:11.864[0m: [[33msbi[0m] [1;32mINFO[0m: [b8a9b670-bcdf-41f1-a35e-911d8b75a131] (NF-discover) NF Profile updated [type:SMF validity:30s] (../lib/sbi/nnrf-handler.c:1508)
[32m09/30 15:01:11.865[0m: [[33msbi[0m] [1;36mWARNING[0m: [b905f82c-bcdf-41f1-9b17-6188ff3cae7c] (NRF-discover) NF has already been added [type:SMF] (../lib/sbi/nnrf-handler.c:1460)
[32m09/30 15:01:11.866[0m: [[33msbi[0m] [1;32mINFO[0m: [SMF] NFInstance associated [b905f82c-bcdf-41f1-9b17-6188ff3cae7c] (../lib/sbi/context.c:2498)
[32m09/30 15:01:11.867[0m: [[33msbi[0m] [1;36mWARNING[0m: UnRef NF EndPoint(addr) [127.0.0.32:80] (../lib/sbi/context.c:2503)
[32m09/30 15:01:11.867[0m: [[33msbi[0m] [1;32mINFO[0m: Setup NF EndPoint(addr) [127.0.0.32:80] (../lib/sbi/context.c:2503)
[32m09/30 15:01:11.868[0m: [[33msbi[0m] [1;32mINFO[0m: [nsmf-pdusession] NFService associated [b90750f0-bcdf-41f1-9b17-6188ff3cae7c] (../lib/sbi/context.c:2138)
[32m09/30 15:01:11.869[0m: [[33msbi[0m] [1;36mWARNING[0m: UnRef NF EndPoint(addr) [127.0.0.32:7777] (../lib/sbi/context.c:2141)
[32m09/30 15:01:11.869[0m: [[33msbi[0m] [1;32mINFO[0m: Setup NF EndPoint(addr) [127.0.0.32:7777] (../lib/sbi/context.c:2141)
[32m09/30 15:01:11.870[0m: [[33msbi[0m] [1;32mINFO[0m: [b905f82c-bcdf-41f1-9b17-6188ff3cae7c] (NF-discover) NF Profile updated [type:SMF validity:30s] (../lib/sbi/nnrf-handler.c:1508)
[32m09/30 15:01:11.871[0m: [[33msbi[0m] [1;36mWARNING[0m: [b9624884-bcdf-41f1-b78a-7f905b314a30] (NRF-discover) NF has already been added [type:SMF] (../lib/sbi/nnrf-handler.c:1460)
[32m09/30 15:01:11.871[0m: [[33msbi[0m] [1;32mINFO[0m: [SMF] NFInstance associated [b9624884-bcdf-41f1-b78a-7f905b314a30] (../lib/sbi/context.c:2498)
[32m09/30 15:01:11.872[0m: [[33msbi[0m] [1;36mWARNING[0m: UnRef NF EndPoint(addr) [127.0.0.33:80] (../lib/sbi/context.c:2503)
[32m09/30 15:01:11.872[0m: [[33msbi[0m] [1;32mINFO[0m: Setup NF EndPoint(addr) [127.0.0.33:80] (../lib/sbi/context.c:2503)
[32m09/30 15:01:11.873[0m: [[33msbi[0m] [1;32mINFO[0m: [nsmf-pdusession] NFService associated [b963c650-bcdf-41f1-b78a-7f905b314a30] (../lib/sbi/context.c:2138)
[32m09/30 15:01:11.873[0m: [[33msbi[0m] [1;36mWARNING[0m: UnRef NF EndPoint(addr) [127.0.0.33:7777] (../lib/sbi/context.c:2141)
[32m09/30 15:01:11.874[0m: [[33msbi[0m] [1;32mINFO[0m: Setup NF EndPoint(addr) [127.0.0.33:7777] (../lib/sbi/context.c:2141)
[32m09/30 15:01:11.874[0m: [[33msbi[0m] [1;32mINFO[0m: [b9624884-bcdf-41f1-b78a-7f905b314a30] (NF-discover) NF Profile updated [type:SMF validity:30s] (../lib/sbi/nnrf-handler.c:1508)
[32m09/30 15:01:11.875[0m: [[33mamf[0m] [1;32mINFO[0m: LAB_CANDIDATE t=33310336947 nf=b8a9b670-bcdf-41f1-a35e-911d8b75a131 load=50 capacity=100 (../src/amf/lab-selector.h:31)
[32m09/30 15:01:11.875[0m: [[33mamf[0m] [1;32mINFO[0m: LAB_CANDIDATE t=33310337611 nf=b905f82c-bcdf-41f1-9b17-6188ff3cae7c load=50 capacity=100 (../src/amf/lab-selector.h:31)
[32m09/30 15:01:11.876[0m: [[33mamf[0m] [1;32mINFO[0m: LAB_CANDIDATE t=33310338479 nf=b9624884-bcdf-41f1-b78a-7f905b314a30 load=25 capacity=100 (../src/amf/lab-selector.h:31)
[32m09/30 15:01:11.877[0m: [[33mamf[0m] [1;32mINFO[0m: LAB_SELECT t=33310339144 nf=b905f82c-bcdf-41f1-9b17-6188ff3cae7c load=50 capacity=100 policy=swrr (../src/amf/lab-selector.h:67)
[32m09/30 15:01:11.878[0m: [[33mamf[0m] [1;32mINFO[0m: [b905f82c-bcdf-41f1-9b17-6188ff3cae7c] Setup NF Instance [type:SMF] (../src/amf/sbi-path.c:420)
[32m09/30 15:01:11.879[0m: [[33mamf[0m] [1;32mINFO[0m: [imsi-999700000000011:1][1:1:RELEASED] /namf-callback/v1/{supi}/sm-context-status/{psi} (../src/amf/namf-handler.c:595)
[32m09/30 15:01:11.879[0m: [[33mamf[0m] [1;32mINFO[0m: [imsi-999700000000011:1] Release SM Context [state:31] (../src/amf/nsmf-handler.c:1200)
[32m09/30 15:01:11.880[0m: [[33mamf[0m] [1;32mINFO[0m: [Removed] Number of AMF-Sessions is now 15 (../src/amf/context.c:2960)
[32m09/30 15:01:11.892[0m: [[33mamf[0m] [1;32mINFO[0m: Setup NF EndPoint(addr) [127.0.0.32:7777] (../src/amf/nsmf-handler.c:140)
[32m09/30 15:01:11.915[0m: [[33mamf[0m] [1;32mINFO[0m: [imsi-999700000000024:1:11][0:0:NULL] /nsmf-pdusession/v1/sm-contexts/{smContextRef}/modify (../src/amf/nsmf-handler.c:983)
[32m09/30 15:01:12.116[0m: [[33mamf[0m] [1;32mINFO[0m: [imsi-999700000000018:1] Receive Update SM context(N2-RELEASED) (../src/amf/nsmf-handler.c:683)
[32m09/30 15:01:12.117[0m: [[33mamf[0m] [1;32mINFO[0m: [imsi-999700000000018:1:17][0:1:NULL] /nsmf-pdusession/v1/sm-contexts/{smContextRef}/modify (../src/amf/nsmf-handler.c:983)
[32m09/30 15:01:12.312[0m: [[33mamf[0m] [1;32mINFO[0m: [Added] Number of AMF-Sessions is now 16 (../src/amf/context.c:2953)
[32m09/30 15:01:12.313[0m: [[33mgmm[0m] [1;32mINFO[0m: UE SUPI[imsi-999700000000021] DNN[internet] LBO[0] S_NSSAI[SST:1 SD:0xffffff] smContextRef[NULL] smContextResourceURI[NULL] (../src/amf/gmm-handler.c:1430)
[32m09/30 15:01:12.314[0m: [[33mgmm[0m] [1;32mINFO[0m: No V-SMF Instance (../src/amf/gmm-handler.c:1513)
[32m09/30 15:01:12.316[0m: [[33mgmm[0m] [1;32mINFO[0m: V-SMF not discovered in NON-ROAMING OR LBO (../src/amf/gmm-handler.c:1599)
[32m09/30 15:01:12.317[0m: [[33mgmm[0m] [1;32mINFO[0m: nnssf-nsselection[1:1:(nil):(nil)] (../src/amf/gmm-handler.c:1610)
[32m09/30 15:01:12.318[0m: [[33msbi[0m] [1;32mINFO[0m: [b831e64a-bcdf-41f1-af57-c104e61f2896] Setup NF Instance [type:NSSF] (../lib/sbi/path.c:349)
[32m09/30 15:01:12.319[0m: [[33mamf[0m] [1;32mINFO[0m: [imsi-999700000000018:1] Receive Update SM context(N1-RELEASED) (../src/amf/nsmf-handler.c:695)
[32m09/30 15:01:12.320[0m: [[33mamf[0m] [1;32mINFO[0m: [imsi-999700000000018:1:18][1:1:NULL] /nsmf-pdusession/v1/sm-contexts/{smContextRef}/modify (../src/amf/nsmf-handler.c:983)
[32m09/30 15:01:12.323[0m: [[33mamf[0m] [1;32mINFO[0m: Setup NF EndPoint(addr) [127.0.0.10:7777] (../src/amf/nnssf-handler.c:203)
[32m09/30 15:01:12.324[0m: [[33mamf[0m] [1;36mWARNING[0m: Try to discover by NsiInformation [nsmf-pdusession] (../src/amf/sbi-path.c:554)
[32m09/30 15:01:12.327[0m: [[33msbi[0m] [1;36mWARNING[0m: [b8a9b670-bcdf-41f1-a35e-911d8b75a131] (NRF-discover) NF has already been added [type:SMF] (../lib/sbi/nnrf-handler.c:1460)
[32m09/30 15:01:12.327[0m: [[33msbi[0m] [1;32mINFO[0m: [SMF] NFInstance associated [b8a9b670-bcdf-41f1-a35e-911d8b75a131] (../lib/sbi/context.c:2498)
[32m09/30 15:01:12.328[0m: [[33msbi[0m] [1;36mWARNING[0m: UnRef NF EndPoint(addr) [127.0.0.4:80] (../lib/sbi/context.c:2503)
[32m09/30 15:01:12.329[0m: [[33msbi[0m] [1;32mINFO[0m: Setup NF EndPoint(addr) [127.0.0.4:80] (../lib/sbi/context.c:2503)
[32m09/30 15:01:12.329[0m: [[33msbi[0m] [1;32mINFO[0m: [nsmf-pdusession] NFService associated [b8aaee28-bcdf-41f1-a35e-911d8b75a131] (../lib/sbi/context.c:2138)
[32m09/30 15:01:12.330[0m: [[33msbi[0m] [1;36mWARNING[0m: UnRef NF EndPoint(addr) [127.0.0.4:7777] (../lib/sbi/context.c:2141)
[32m09/30 15:01:12.330[0m: [[33msbi[0m] [1;32mINFO[0m: Setup NF EndPoint(addr) [127.0.0.4:7777] (../lib/sbi/context.c:2141)
[32m09/30 15:01:12.331[0m: [[33msbi[0m] [1;32mINFO[0m: [b8a9b670-bcdf-41f1-a35e-911d8b75a131] (NF-discover) NF Profile updated [type:SMF validity:30s] (../lib/sbi/nnrf-handler.c:1508)
[32m09/30 15:01:12.332[0m: [[33msbi[0m] [1;36mWARNING[0m: [b905f82c-bcdf-41f1-9b17-6188ff3cae7c] (NRF-discover) NF has already been added [type:SMF] (../lib/sbi/nnrf-handler.c:1460)
[32m09/30 15:01:12.332[0m: [[33msbi[0m] [1;32mINFO[0m: [SMF] NFInstance associated [b905f82c-bcdf-41f1-9b17-6188ff3cae7c] (../lib/sbi/context.c:2498)
[32m09/30 15:01:12.333[0m: [[33msbi[0m] [1;36mWARNING[0m: UnRef NF EndPoint(addr) [127.0.0.32:80] (../lib/sbi/context.c:2503)
[32m09/30 15:01:12.333[0m: [[33msbi[0m] [1;32mINFO[0m: Setup NF EndPoint(addr) [127.0.0.32:80] (../lib/sbi/context.c:2503)
[32m09/30 15:01:12.334[0m: [[33msbi[0m] [1;32mINFO[0m: [nsmf-pdusession] NFService associated [b90750f0-bcdf-41f1-9b17-6188ff3cae7c] (../lib/sbi/context.c:2138)
[32m09/30 15:01:12.334[0m: [[33msbi[0m] [1;36mWARNING[0m: UnRef NF EndPoint(addr) [127.0.0.32:7777] (../lib/sbi/context.c:2141)
[32m09/30 15:01:12.335[0m: [[33msbi[0m] [1;32mINFO[0m: Setup NF EndPoint(addr) [127.0.0.32:7777] (../lib/sbi/context.c:2141)
[32m09/30 15:01:12.335[0m: [[33msbi[0m] [1;32mINFO[0m: [b905f82c-bcdf-41f1-9b17-6188ff3cae7c] (NF-discover) NF Profile updated [type:SMF validity:30s] (../lib/sbi/nnrf-handler.c:1508)
[32m09/30 15:01:12.336[0m: [[33msbi[0m] [1;36mWARNING[0m: [b9624884-bcdf-41f1-b78a-7f905b314a30] (NRF-discover) NF has already been added [type:SMF] (../lib/sbi/nnrf-handler.c:1460)
[32m09/30 15:01:12.336[0m: [[33msbi[0m] [1;32mINFO[0m: [SMF] NFInstance associated [b9624884-bcdf-41f1-b78a-7f905b314a30] (../lib/sbi/context.c:2498)
[32m09/30 15:01:12.337[0m: [[33msbi[0m] [1;36mWARNING[0m: UnRef NF EndPoint(addr) [127.0.0.33:80] (../lib/sbi/context.c:2503)
[32m09/30 15:01:12.337[0m: [[33msbi[0m] [1;32mINFO[0m: Setup NF EndPoint(addr) [127.0.0.33:80] (../lib/sbi/context.c:2503)
[32m09/30 15:01:12.338[0m: [[33msbi[0m] [1;32mINFO[0m: [nsmf-pdusession] NFService associated [b963c650-bcdf-41f1-b78a-7f905b314a30] (../lib/sbi/context.c:2138)
[32m09/30 15:01:12.338[0m: [[33msbi[0m] [1;36mWARNING[0m: UnRef NF EndPoint(addr) [127.0.0.33:7777] (../lib/sbi/context.c:2141)
[32m09/30 15:01:12.339[0m: [[33msbi[0m] [1;32mINFO[0m: Setup NF EndPoint(addr) [127.0.0.33:7777] (../lib/sbi/context.c:2141)
[32m09/30 15:01:12.339[0m: [[33msbi[0m] [1;32mINFO[0m: [b9624884-bcdf-41f1-b78a-7f905b314a30] (NF-discover) NF Profile updated [type:SMF validity:30s] (../lib/sbi/nnrf-handler.c:1508)
[32m09/30 15:01:12.340[0m: [[33mamf[0m] [1;32mINFO[0m: LAB_CANDIDATE t=33310803880 nf=b8a9b670-bcdf-41f1-a35e-911d8b75a131 load=50 capacity=100 (../src/amf/lab-selector.h:31)
[32m09/30 15:01:12.341[0m: [[33mamf[0m] [1;32mINFO[0m: LAB_CANDIDATE t=33310804526 nf=b905f82c-bcdf-41f1-9b17-6188ff3cae7c load=50 capacity=100 (../src/amf/lab-selector.h:31)
[32m09/30 15:01:12.341[0m: [[33mamf[0m] [1;32mINFO[0m: LAB_CANDIDATE t=33310805186 nf=b9624884-bcdf-41f1-b78a-7f905b314a30 load=25 capacity=100 (../src/amf/lab-selector.h:31)
[32m09/30 15:01:12.342[0m: [[33mamf[0m] [1;32mINFO[0m: LAB_SELECT t=33310805682 nf=b9624884-bcdf-41f1-b78a-7f905b314a30 load=25 capacity=100 policy=swrr (../src/amf/lab-selector.h:67)
[32m09/30 15:01:12.342[0m: [[33mamf[0m] [1;32mINFO[0m: [b9624884-bcdf-41f1-b78a-7f905b314a30] Setup NF Instance [type:SMF] (../src/amf/sbi-path.c:420)
[32m09/30 15:01:12.343[0m: [[33mamf[0m] [1;32mINFO[0m: [imsi-999700000000018:1][1:1:RELEASED] /namf-callback/v1/{supi}/sm-context-status/{psi} (../src/amf/namf-handler.c:595)
[32m09/30 15:01:12.344[0m: [[33mamf[0m] [1;32mINFO[0m: [imsi-999700000000018:1] Release SM Context [state:31] (../src/amf/nsmf-handler.c:1200)
[32m09/30 15:01:12.344[0m: [[33mamf[0m] [1;32mINFO[0m: [Removed] Number of AMF-Sessions is now 15 (../src/amf/context.c:2960)
[32m09/30 15:01:12.354[0m: [[33mamf[0m] [1;32mINFO[0m: Setup NF EndPoint(addr) [127.0.0.33:7777] (../src/amf/nsmf-handler.c:140)
[32m09/30 15:01:12.372[0m: [[33mamf[0m] [1;32mINFO[0m: [imsi-999700000000021:1:11][0:0:NULL] /nsmf-pdusession/v1/sm-contexts/{smContextRef}/modify (../src/amf/nsmf-handler.c:983)
[32m09/30 15:01:12.574[0m: [[33mamf[0m] [1;32mINFO[0m: [imsi-999700000000002:1] Receive Update SM context(N2-RELEASED) (../src/amf/nsmf-handler.c:683)
[32m09/30 15:01:12.574[0m: [[33mamf[0m] [1;32mINFO[0m: [imsi-999700000000002:1:17][0:1:NULL] /nsmf-pdusession/v1/sm-contexts/{smContextRef}/modify (../src/amf/nsmf-handler.c:983)
[32m09/30 15:01:12.773[0m: [[33mamf[0m] [1;32mINFO[0m: [Added] Number of AMF-Sessions is now 16 (../src/amf/context.c:2953)
[32m09/30 15:01:12.774[0m: [[33mgmm[0m] [1;32mINFO[0m: UE SUPI[imsi-999700000000011] DNN[internet] LBO[0] S_NSSAI[SST:1 SD:0xffffff] smContextRef[NULL] smContextResourceURI[NULL] (../src/amf/gmm-handler.c:1430)
[32m09/30 15:01:12.775[0m: [[33mgmm[0m] [1;32mINFO[0m: No V-SMF Instance (../src/amf/gmm-handler.c:1513)
[32m09/30 15:01:12.776[0m: [[33mgmm[0m] [1;32mINFO[0m: V-SMF not discovered in NON-ROAMING OR LBO (../src/amf/gmm-handler.c:1599)
[32m09/30 15:01:12.778[0m: [[33mgmm[0m] [1;32mINFO[0m: nnssf-nsselection[1:1:(nil):(nil)] (../src/amf/gmm-handler.c:1610)
[32m09/30 15:01:12.779[0m: [[33msbi[0m] [1;32mINFO[0m: [b831e64a-bcdf-41f1-af57-c104e61f2896] Setup NF Instance [type:NSSF] (../lib/sbi/path.c:349)
[32m09/30 15:01:12.781[0m: [[33mamf[0m] [1;32mINFO[0m: [imsi-999700000000002:1] Receive Update SM context(N1-RELEASED) (../src/amf/nsmf-handler.c:695)
[32m09/30 15:01:12.781[0m: [[33mamf[0m] [1;32mINFO[0m: [imsi-999700000000002:1:18][1:1:NULL] /nsmf-pdusession/v1/sm-contexts/{smContextRef}/modify (../src/amf/nsmf-handler.c:983)
[32m09/30 15:01:12.782[0m: [[33mamf[0m] [1;32mINFO[0m: Setup NF EndPoint(addr) [127.0.0.10:7777] (../src/amf/nnssf-handler.c:203)
[32m09/30 15:01:12.783[0m: [[33mamf[0m] [1;36mWARNING[0m: Try to discover by NsiInformation [nsmf-pdusession] (../src/amf/sbi-path.c:554)
[32m09/30 15:01:12.786[0m: [[33msbi[0m] [1;36mWARNING[0m: [b8a9b670-bcdf-41f1-a35e-911d8b75a131] (NRF-discover) NF has already been added [type:SMF] (../lib/sbi/nnrf-handler.c:1460)
[32m09/30 15:01:12.786[0m: [[33msbi[0m] [1;32mINFO[0m: [SMF] NFInstance associated [b8a9b670-bcdf-41f1-a35e-911d8b75a131] (../lib/sbi/context.c:2498)
[32m09/30 15:01:12.787[0m: [[33msbi[0m] [1;36mWARNING[0m: UnRef NF EndPoint(addr) [127.0.0.4:80] (../lib/sbi/context.c:2503)
[32m09/30 15:01:12.787[0m: [[33msbi[0m] [1;32mINFO[0m: Setup NF EndPoint(addr) [127.0.0.4:80] (../lib/sbi/context.c:2503)
[32m09/30 15:01:12.788[0m: [[33msbi[0m] [1;32mINFO[0m: [nsmf-pdusession] NFService associated [b8aaee28-bcdf-41f1-a35e-911d8b75a131] (../lib/sbi/context.c:2138)
[32m09/30 15:01:12.789[0m: [[33msbi[0m] [1;36mWARNING[0m: UnRef NF EndPoint(addr) [127.0.0.4:7777] (../lib/sbi/context.c:2141)
[32m09/30 15:01:12.789[0m: [[33msbi[0m] [1;32mINFO[0m: Setup NF EndPoint(addr) [127.0.0.4:7777] (../lib/sbi/context.c:2141)
[32m09/30 15:01:12.790[0m: [[33msbi[0m] [1;32mINFO[0m: [b8a9b670-bcdf-41f1-a35e-911d8b75a131] (NF-discover) NF Profile updated [type:SMF validity:30s] (../lib/sbi/nnrf-handler.c:1508)
[32m09/30 15:01:12.791[0m: [[33msbi[0m] [1;36mWARNING[0m: [b905f82c-bcdf-41f1-9b17-6188ff3cae7c] (NRF-discover) NF has already been added [type:SMF] (../lib/sbi/nnrf-handler.c:1460)
[32m09/30 15:01:12.791[0m: [[33msbi[0m] [1;32mINFO[0m: [SMF] NFInstance associated [b905f82c-bcdf-41f1-9b17-6188ff3cae7c] (../lib/sbi/context.c:2498)
[32m09/30 15:01:12.792[0m: [[33msbi[0m] [1;36mWARNING[0m: UnRef NF EndPoint(addr) [127.0.0.32:80] (../lib/sbi/context.c:2503)
[32m09/30 15:01:12.793[0m: [[33msbi[0m] [1;32mINFO[0m: Setup NF EndPoint(addr) [127.0.0.32:80] (../lib/sbi/context.c:2503)
[32m09/30 15:01:12.793[0m: [[33msbi[0m] [1;32mINFO[0m: [nsmf-pdusession] NFService associated [b90750f0-bcdf-41f1-9b17-6188ff3cae7c] (../lib/sbi/context.c:2138)
[32m09/30 15:01:12.794[0m: [[33msbi[0m] [1;36mWARNING[0m: UnRef NF EndPoint(addr) [127.0.0.32:7777] (../lib/sbi/context.c:2141)
[32m09/30 15:01:12.794[0m: [[33msbi[0m] [1;32mINFO[0m: Setup NF EndPoint(addr) [127.0.0.32:7777] (../lib/sbi/context.c:2141)
[32m09/30 15:01:12.795[0m: [[33msbi[0m] [1;32mINFO[0m: [b905f82c-bcdf-41f1-9b17-6188ff3cae7c] (NF-discover) NF Profile updated [type:SMF validity:30s] (../lib/sbi/nnrf-handler.c:1508)
[32m09/30 15:01:12.795[0m: [[33msbi[0m] [1;36mWARNING[0m: [b9624884-bcdf-41f1-b78a-7f905b314a30] (NRF-discover) NF has already been added [type:SMF] (../lib/sbi/nnrf-handler.c:1460)
[32m09/30 15:01:12.796[0m: [[33msbi[0m] [1;32mINFO[0m: [SMF] NFInstance associated [b9624884-bcdf-41f1-b78a-7f905b314a30] (../lib/sbi/context.c:2498)
[32m09/30 15:01:12.796[0m: [[33msbi[0m] [1;36mWARNING[0m: UnRef NF EndPoint(addr) [127.0.0.33:80] (../lib/sbi/context.c:2503)
[32m09/30 15:01:12.797[0m: [[33msbi[0m] [1;32mINFO[0m: Setup NF EndPoint(addr) [127.0.0.33:80] (../lib/sbi/context.c:2503)
[32m09/30 15:01:12.798[0m: [[33msbi[0m] [1;32mINFO[0m: [nsmf-pdusession] NFService associated [b963c650-bcdf-41f1-b78a-7f905b314a30] (../lib/sbi/context.c:2138)
[32m09/30 15:01:12.798[0m: [[33msbi[0m] [1;36mWARNING[0m: UnRef NF EndPoint(addr) [127.0.0.33:7777] (../lib/sbi/context.c:2141)
[32m09/30 15:01:12.799[0m: [[33msbi[0m] [1;32mINFO[0m: Setup NF EndPoint(addr) [127.0.0.33:7777] (../lib/sbi/context.c:2141)
[32m09/30 15:01:12.799[0m: [[33msbi[0m] [1;32mINFO[0m: [b9624884-bcdf-41f1-b78a-7f905b314a30] (NF-discover) NF Profile updated [type:SMF validity:30s] (../lib/sbi/nnrf-handler.c:1508)
[32m09/30 15:01:12.799[0m: [[33mamf[0m] [1;32mINFO[0m: LAB_CANDIDATE t=33311263388 nf=b8a9b670-bcdf-41f1-a35e-911d8b75a131 load=30 capacity=100 (../src/amf/lab-selector.h:31)
[32m09/30 15:01:12.800[0m: [[33mamf[0m] [1;32mINFO[0m: LAB_CANDIDATE t=33311263743 nf=b905f82c-bcdf-41f1-9b17-6188ff3cae7c load=60 capacity=100 (../src/amf/lab-selector.h:31)
[32m09/30 15:01:12.800[0m: [[33mamf[0m] [1;32mINFO[0m: LAB_CANDIDATE t=33311264391 nf=b9624884-bcdf-41f1-b78a-7f905b314a30 load=25 capacity=100 (../src/amf/lab-selector.h:31)
[32m09/30 15:01:12.801[0m: [[33mamf[0m] [1;32mINFO[0m: LAB_SELECT t=33311264875 nf=b8a9b670-bcdf-41f1-a35e-911d8b75a131 load=30 capacity=100 policy=swrr (../src/amf/lab-selector.h:67)
[32m09/30 15:01:12.801[0m: [[33mamf[0m] [1;32mINFO[0m: [b8a9b670-bcdf-41f1-a35e-911d8b75a131] Setup NF Instance [type:SMF] (../src/amf/sbi-path.c:420)
[32m09/30 15:01:12.802[0m: [[33mamf[0m] [1;32mINFO[0m: [imsi-999700000000002:1][1:1:RELEASED] /namf-callback/v1/{supi}/sm-context-status/{psi} (../src/amf/namf-handler.c:595)
[32m09/30 15:01:12.803[0m: [[33mamf[0m] [1;32mINFO[0m: [imsi-999700000000002:1] Release SM Context [state:31] (../src/amf/nsmf-handler.c:1200)
[32m09/30 15:01:12.804[0m: [[33mamf[0m] [1;32mINFO[0m: [Removed] Number of AMF-Sessions is now 15 (../src/amf/context.c:2960)
[32m09/30 15:01:12.814[0m: [[33mamf[0m] [1;32mINFO[0m: Setup NF EndPoint(addr) [127.0.0.4:7777] (../src/amf/nsmf-handler.c:140)
[32m09/30 15:01:12.837[0m: [[33mamf[0m] [1;32mINFO[0m: [imsi-999700000000011:1:11][0:0:NULL] /nsmf-pdusession/v1/sm-contexts/{smContextRef}/modify (../src/amf/nsmf-handler.c:983)
[32m09/30 15:01:13.038[0m: [[33mamf[0m] [1;32mINFO[0m: [imsi-999700000000001:1] Receive Update SM context(N2-RELEASED) (../src/amf/nsmf-handler.c:683)
[32m09/30 15:01:13.039[0m: [[33mamf[0m] [1;32mINFO[0m: [imsi-999700000000001:1:17][0:1:NULL] /nsmf-pdusession/v1/sm-contexts/{smContextRef}/modify (../src/amf/nsmf-handler.c:983)
[32m09/30 15:01:13.236[0m: [[33mamf[0m] [1;32mINFO[0m: [Added] Number of AMF-Sessions is now 16 (../src/amf/context.c:2953)
[32m09/30 15:01:13.237[0m: [[33mgmm[0m] [1;32mINFO[0m: UE SUPI[imsi-999700000000010] DNN[internet] LBO[0] S_NSSAI[SST:1 SD:0xffffff] smContextRef[NULL] smContextResourceURI[NULL] (../src/amf/gmm-handler.c:1430)
[32m09/30 15:01:13.238[0m: [[33mgmm[0m] [1;32mINFO[0m: No V-SMF Instance (../src/amf/gmm-handler.c:1513)
[32m09/30 15:01:13.238[0m: [[33mgmm[0m] [1;32mINFO[0m: V-SMF not discovered in NON-ROAMING OR LBO (../src/amf/gmm-handler.c:1599)
[32m09/30 15:01:13.239[0m: [[33mgmm[0m] [1;32mINFO[0m: nnssf-nsselection[1:1:(nil):(nil)] (../src/amf/gmm-handler.c:1610)
[32m09/30 15:01:13.240[0m: [[33msbi[0m] [1;32mINFO[0m: [b831e64a-bcdf-41f1-af57-c104e61f2896] Setup NF Instance [type:NSSF] (../lib/sbi/path.c:349)
[32m09/30 15:01:13.242[0m: [[33mamf[0m] [1;32mINFO[0m: [imsi-999700000000001:1] Receive Update SM context(N1-RELEASED) (../src/amf/nsmf-handler.c:695)
[32m09/30 15:01:13.243[0m: [[33mamf[0m] [1;32mINFO[0m: [imsi-999700000000001:1:18][1:1:NULL] /nsmf-pdusession/v1/sm-contexts/{smContextRef}/modify (../src/amf/nsmf-handler.c:983)
[32m09/30 15:01:13.243[0m: [[33mamf[0m] [1;32mINFO[0m: Setup NF EndPoint(addr) [127.0.0.10:7777] (../src/amf/nnssf-handler.c:203)
[32m09/30 15:01:13.244[0m: [[33mamf[0m] [1;36mWARNING[0m: Try to discover by NsiInformation [nsmf-pdusession] (../src/amf/sbi-path.c:554)
[32m09/30 15:01:13.247[0m: [[33msbi[0m] [1;36mWARNING[0m: [b8a9b670-bcdf-41f1-a35e-911d8b75a131] (NRF-discover) NF has already been added [type:SMF] (../lib/sbi/nnrf-handler.c:1460)
[32m09/30 15:01:13.247[0m: [[33msbi[0m] [1;32mINFO[0m: [SMF] NFInstance associated [b8a9b670-bcdf-41f1-a35e-911d8b75a131] (../lib/sbi/context.c:2498)
[32m09/30 15:01:13.248[0m: [[33msbi[0m] [1;36mWARNING[0m: UnRef NF EndPoint(addr) [127.0.0.4:80] (../lib/sbi/context.c:2503)
[32m09/30 15:01:13.249[0m: [[33msbi[0m] [1;32mINFO[0m: Setup NF EndPoint(addr) [127.0.0.4:80] (../lib/sbi/context.c:2503)
[32m09/30 15:01:13.250[0m: [[33msbi[0m] [1;32mINFO[0m: [nsmf-pdusession] NFService associated [b8aaee28-bcdf-41f1-a35e-911d8b75a131] (../lib/sbi/context.c:2138)
[32m09/30 15:01:13.250[0m: [[33msbi[0m] [1;36mWARNING[0m: UnRef NF EndPoint(addr) [127.0.0.4:7777] (../lib/sbi/context.c:2141)
[32m09/30 15:01:13.251[0m: [[33msbi[0m] [1;32mINFO[0m: Setup NF EndPoint(addr) [127.0.0.4:7777] (../lib/sbi/context.c:2141)
[32m09/30 15:01:13.251[0m: [[33msbi[0m] [1;32mINFO[0m: [b8a9b670-bcdf-41f1-a35e-911d8b75a131] (NF-discover) NF Profile updated [type:SMF validity:30s] (../lib/sbi/nnrf-handler.c:1508)
[32m09/30 15:01:13.252[0m: [[33msbi[0m] [1;36mWARNING[0m: [b905f82c-bcdf-41f1-9b17-6188ff3cae7c] (NRF-discover) NF has already been added [type:SMF] (../lib/sbi/nnrf-handler.c:1460)
[32m09/30 15:01:13.252[0m: [[33msbi[0m] [1;32mINFO[0m: [SMF] NFInstance associated [b905f82c-bcdf-41f1-9b17-6188ff3cae7c] (../lib/sbi/context.c:2498)
[32m09/30 15:01:13.253[0m: [[33msbi[0m] [1;36mWARNING[0m: UnRef NF EndPoint(addr) [127.0.0.32:80] (../lib/sbi/context.c:2503)
[32m09/30 15:01:13.253[0m: [[33msbi[0m] [1;32mINFO[0m: Setup NF EndPoint(addr) [127.0.0.32:80] (../lib/sbi/context.c:2503)
[32m09/30 15:01:13.254[0m: [[33msbi[0m] [1;32mINFO[0m: [nsmf-pdusession] NFService associated [b90750f0-bcdf-41f1-9b17-6188ff3cae7c] (../lib/sbi/context.c:2138)
[32m09/30 15:01:13.254[0m: [[33msbi[0m] [1;36mWARNING[0m: UnRef NF EndPoint(addr) [127.0.0.32:7777] (../lib/sbi/context.c:2141)
[32m09/30 15:01:13.255[0m: [[33msbi[0m] [1;32mINFO[0m: Setup NF EndPoint(addr) [127.0.0.32:7777] (../lib/sbi/context.c:2141)
[32m09/30 15:01:13.255[0m: [[33msbi[0m] [1;32mINFO[0m: [b905f82c-bcdf-41f1-9b17-6188ff3cae7c] (NF-discover) NF Profile updated [type:SMF validity:30s] (../lib/sbi/nnrf-handler.c:1508)
[32m09/30 15:01:13.256[0m: [[33msbi[0m] [1;36mWARNING[0m: [b9624884-bcdf-41f1-b78a-7f905b314a30] (NRF-discover) NF has already been added [type:SMF] (../lib/sbi/nnrf-handler.c:1460)
[32m09/30 15:01:13.256[0m: [[33msbi[0m] [1;32mINFO[0m: [SMF] NFInstance associated [b9624884-bcdf-41f1-b78a-7f905b314a30] (../lib/sbi/context.c:2498)
[32m09/30 15:01:13.257[0m: [[33msbi[0m] [1;36mWARNING[0m: UnRef NF EndPoint(addr) [127.0.0.33:80] (../lib/sbi/context.c:2503)
[32m09/30 15:01:13.257[0m: [[33msbi[0m] [1;32mINFO[0m: Setup NF EndPoint(addr) [127.0.0.33:80] (../lib/sbi/context.c:2503)
[32m09/30 15:01:13.258[0m: [[33msbi[0m] [1;32mINFO[0m: [nsmf-pdusession] NFService associated [b963c650-bcdf-41f1-b78a-7f905b314a30] (../lib/sbi/context.c:2138)
[32m09/30 15:01:13.258[0m: [[33msbi[0m] [1;36mWARNING[0m: UnRef NF EndPoint(addr) [127.0.0.33:7777] (../lib/sbi/context.c:2141)
[32m09/30 15:01:13.259[0m: [[33msbi[0m] [1;32mINFO[0m: Setup NF EndPoint(addr) [127.0.0.33:7777] (../lib/sbi/context.c:2141)
[32m09/30 15:01:13.259[0m: [[33msbi[0m] [1;32mINFO[0m: [b9624884-bcdf-41f1-b78a-7f905b314a30] (NF-discover) NF Profile updated [type:SMF validity:30s] (../lib/sbi/nnrf-handler.c:1508)
[32m09/30 15:01:13.260[0m: [[33mamf[0m] [1;32mINFO[0m: LAB_CANDIDATE t=33311724039 nf=b8a9b670-bcdf-41f1-a35e-911d8b75a131 load=30 capacity=100 (../src/amf/lab-selector.h:31)
[32m09/30 15:01:13.261[0m: [[33mamf[0m] [1;32mINFO[0m: LAB_CANDIDATE t=33311724546 nf=b905f82c-bcdf-41f1-9b17-6188ff3cae7c load=60 capacity=100 (../src/amf/lab-selector.h:31)
[32m09/30 15:01:13.261[0m: [[33mamf[0m] [1;32mINFO[0m: LAB_CANDIDATE t=33311725047 nf=b9624884-bcdf-41f1-b78a-7f905b314a30 load=30 capacity=100 (../src/amf/lab-selector.h:31)
[32m09/30 15:01:13.262[0m: [[33mamf[0m] [1;32mINFO[0m: LAB_SELECT t=33311725660 nf=b905f82c-bcdf-41f1-9b17-6188ff3cae7c load=60 capacity=100 policy=swrr (../src/amf/lab-selector.h:67)
[32m09/30 15:01:13.262[0m: [[33mamf[0m] [1;32mINFO[0m: [b905f82c-bcdf-41f1-9b17-6188ff3cae7c] Setup NF Instance [type:SMF] (../src/amf/sbi-path.c:420)
[32m09/30 15:01:13.263[0m: [[33mamf[0m] [1;32mINFO[0m: [imsi-999700000000001:1][1:1:RELEASED] /namf-callback/v1/{supi}/sm-context-status/{psi} (../src/amf/namf-handler.c:595)
[32m09/30 15:01:13.264[0m: [[33mamf[0m] [1;32mINFO[0m: [imsi-999700000000001:1] Release SM Context [state:31] (../src/amf/nsmf-handler.c:1200)
[32m09/30 15:01:13.264[0m: [[33mamf[0m] [1;32mINFO[0m: [Removed] Number of AMF-Sessions is now 15 (../src/amf/context.c:2960)
[32m09/30 15:01:13.276[0m: [[33mamf[0m] [1;32mINFO[0m: Setup NF EndPoint(addr) [127.0.0.32:7777] (../src/amf/nsmf-handler.c:140)
[32m09/30 15:01:13.300[0m: [[33mamf[0m] [1;32mINFO[0m: [imsi-999700000000010:1:11][0:0:NULL] /nsmf-pdusession/v1/sm-contexts/{smContextRef}/modify (../src/amf/nsmf-handler.c:983)
[32m09/30 15:01:13.500[0m: [[33mamf[0m] [1;32mINFO[0m: [imsi-999700000000013:1] Receive Update SM context(N2-RELEASED) (../src/amf/nsmf-handler.c:683)
[32m09/30 15:01:13.501[0m: [[33mamf[0m] [1;32mINFO[0m: [imsi-999700000000013:1:17][0:1:NULL] /nsmf-pdusession/v1/sm-contexts/{smContextRef}/modify (../src/amf/nsmf-handler.c:983)
[32m09/30 15:01:13.705[0m: [[33mamf[0m] [1;32mINFO[0m: [Added] Number of AMF-Sessions is now 16 (../src/amf/context.c:2953)
[32m09/30 15:01:13.705[0m: [[33mgmm[0m] [1;32mINFO[0m: UE SUPI[imsi-999700000000016] DNN[internet] LBO[0] S_NSSAI[SST:1 SD:0xffffff] smContextRef[NULL] smContextResourceURI[NULL] (../src/amf/gmm-handler.c:1430)
[32m09/30 15:01:13.707[0m: [[33mgmm[0m] [1;32mINFO[0m: No V-SMF Instance (../src/amf/gmm-handler.c:1513)
[32m09/30 15:01:13.708[0m: [[33mgmm[0m] [1;32mINFO[0m: V-SMF not discovered in NON-ROAMING OR LBO (../src/amf/gmm-handler.c:1599)
[32m09/30 15:01:13.708[0m: [[33mgmm[0m] [1;32mINFO[0m: nnssf-nsselection[1:1:(nil):(nil)] (../src/amf/gmm-handler.c:1610)
[32m09/30 15:01:13.709[0m: [[33msbi[0m] [1;32mINFO[0m: [b831e64a-bcdf-41f1-af57-c104e61f2896] Setup NF Instance [type:NSSF] (../lib/sbi/path.c:349)
[32m09/30 15:01:13.711[0m: [[33mamf[0m] [1;32mINFO[0m: [imsi-999700000000013:1] Receive Update SM context(N1-RELEASED) (../src/amf/nsmf-handler.c:695)
[32m09/30 15:01:13.712[0m: [[33mamf[0m] [1;32mINFO[0m: [imsi-999700000000013:1:18][1:1:NULL] /nsmf-pdusession/v1/sm-contexts/{smContextRef}/modify (../src/amf/nsmf-handler.c:983)
[32m09/30 15:01:13.714[0m: [[33mamf[0m] [1;32mINFO[0m: Setup NF EndPoint(addr) [127.0.0.10:7777] (../src/amf/nnssf-handler.c:203)
[32m09/30 15:01:13.714[0m: [[33mamf[0m] [1;36mWARNING[0m: Try to discover by NsiInformation [nsmf-pdusession] (../src/amf/sbi-path.c:554)
[32m09/30 15:01:13.718[0m: [[33msbi[0m] [1;36mWARNING[0m: [b8a9b670-bcdf-41f1-a35e-911d8b75a131] (NRF-discover) NF has already been added [type:SMF] (../lib/sbi/nnrf-handler.c:1460)
[32m09/30 15:01:13.719[0m: [[33msbi[0m] [1;32mINFO[0m: [SMF] NFInstance associated [b8a9b670-bcdf-41f1-a35e-911d8b75a131] (../lib/sbi/context.c:2498)
[32m09/30 15:01:13.720[0m: [[33msbi[0m] [1;36mWARNING[0m: UnRef NF EndPoint(addr) [127.0.0.4:80] (../lib/sbi/context.c:2503)
[32m09/30 15:01:13.721[0m: [[33msbi[0m] [1;32mINFO[0m: Setup NF EndPoint(addr) [127.0.0.4:80] (../lib/sbi/context.c:2503)
[32m09/30 15:01:13.721[0m: [[33msbi[0m] [1;32mINFO[0m: [nsmf-pdusession] NFService associated [b8aaee28-bcdf-41f1-a35e-911d8b75a131] (../lib/sbi/context.c:2138)
[32m09/30 15:01:13.722[0m: [[33msbi[0m] [1;36mWARNING[0m: UnRef NF EndPoint(addr) [127.0.0.4:7777] (../lib/sbi/context.c:2141)
[32m09/30 15:01:13.723[0m: [[33msbi[0m] [1;32mINFO[0m: Setup NF EndPoint(addr) [127.0.0.4:7777] (../lib/sbi/context.c:2141)
[32m09/30 15:01:13.723[0m: [[33msbi[0m] [1;32mINFO[0m: [b8a9b670-bcdf-41f1-a35e-911d8b75a131] (NF-discover) NF Profile updated [type:SMF validity:30s] (../lib/sbi/nnrf-handler.c:1508)
[32m09/30 15:01:13.724[0m: [[33msbi[0m] [1;36mWARNING[0m: [b905f82c-bcdf-41f1-9b17-6188ff3cae7c] (NRF-discover) NF has already been added [type:SMF] (../lib/sbi/nnrf-handler.c:1460)
[32m09/30 15:01:13.725[0m: [[33msbi[0m] [1;32mINFO[0m: [SMF] NFInstance associated [b905f82c-bcdf-41f1-9b17-6188ff3cae7c] (../lib/sbi/context.c:2498)
[32m09/30 15:01:13.725[0m: [[33msbi[0m] [1;36mWARNING[0m: UnRef NF EndPoint(addr) [127.0.0.32:80] (../lib/sbi/context.c:2503)
[32m09/30 15:01:13.726[0m: [[33msbi[0m] [1;32mINFO[0m: Setup NF EndPoint(addr) [127.0.0.32:80] (../lib/sbi/context.c:2503)
[32m09/30 15:01:13.726[0m: [[33msbi[0m] [1;32mINFO[0m: [nsmf-pdusession] NFService associated [b90750f0-bcdf-41f1-9b17-6188ff3cae7c] (../lib/sbi/context.c:2138)
[32m09/30 15:01:13.727[0m: [[33msbi[0m] [1;36mWARNING[0m: UnRef NF EndPoint(addr) [127.0.0.32:7777] (../lib/sbi/context.c:2141)
[32m09/30 15:01:13.727[0m: [[33msbi[0m] [1;32mINFO[0m: Setup NF EndPoint(addr) [127.0.0.32:7777] (../lib/sbi/context.c:2141)
[32m09/30 15:01:13.728[0m: [[33msbi[0m] [1;32mINFO[0m: [b905f82c-bcdf-41f1-9b17-6188ff3cae7c] (NF-discover) NF Profile updated [type:SMF validity:30s] (../lib/sbi/nnrf-handler.c:1508)
[32m09/30 15:01:13.729[0m: [[33msbi[0m] [1;36mWARNING[0m: [b9624884-bcdf-41f1-b78a-7f905b314a30] (NRF-discover) NF has already been added [type:SMF] (../lib/sbi/nnrf-handler.c:1460)
[32m09/30 15:01:13.730[0m: [[33msbi[0m] [1;32mINFO[0m: [SMF] NFInstance associated [b9624884-bcdf-41f1-b78a-7f905b314a30] (../lib/sbi/context.c:2498)
[32m09/30 15:01:13.731[0m: [[33msbi[0m] [1;36mWARNING[0m: UnRef NF EndPoint(addr) [127.0.0.33:80] (../lib/sbi/context.c:2503)
[32m09/30 15:01:13.731[0m: [[33msbi[0m] [1;32mINFO[0m: Setup NF EndPoint(addr) [127.0.0.33:80] (../lib/sbi/context.c:2503)
[32m09/30 15:01:13.732[0m: [[33msbi[0m] [1;32mINFO[0m: [nsmf-pdusession] NFService associated [b963c650-bcdf-41f1-b78a-7f905b314a30] (../lib/sbi/context.c:2138)
[32m09/30 15:01:13.732[0m: [[33msbi[0m] [1;36mWARNING[0m: UnRef NF EndPoint(addr) [127.0.0.33:7777] (../lib/sbi/context.c:2141)
[32m09/30 15:01:13.733[0m: [[33msbi[0m] [1;32mINFO[0m: Setup NF EndPoint(addr) [127.0.0.33:7777] (../lib/sbi/context.c:2141)
[32m09/30 15:01:13.734[0m: [[33msbi[0m] [1;32mINFO[0m: [b9624884-bcdf-41f1-b78a-7f905b314a30] (NF-discover) NF Profile updated [type:SMF validity:30s] (../lib/sbi/nnrf-handler.c:1508)
[32m09/30 15:01:13.735[0m: [[33mamf[0m] [1;32mINFO[0m: LAB_CANDIDATE t=33312199177 nf=b8a9b670-bcdf-41f1-a35e-911d8b75a131 load=30 capacity=100 (../src/amf/lab-selector.h:31)
[32m09/30 15:01:13.736[0m: [[33mamf[0m] [1;32mINFO[0m: LAB_CANDIDATE t=33312199668 nf=b905f82c-bcdf-41f1-9b17-6188ff3cae7c load=60 capacity=100 (../src/amf/lab-selector.h:31)
[32m09/30 15:01:13.737[0m: [[33mamf[0m] [1;32mINFO[0m: LAB_CANDIDATE t=33312200621 nf=b9624884-bcdf-41f1-b78a-7f905b314a30 load=30 capacity=100 (../src/amf/lab-selector.h:31)
[32m09/30 15:01:13.738[0m: [[33mamf[0m] [1;32mINFO[0m: LAB_SELECT t=33312201686 nf=b9624884-bcdf-41f1-b78a-7f905b314a30 load=30 capacity=100 policy=swrr (../src/amf/lab-selector.h:67)
[32m09/30 15:01:13.739[0m: [[33mamf[0m] [1;32mINFO[0m: [b9624884-bcdf-41f1-b78a-7f905b314a30] Setup NF Instance [type:SMF] (../src/amf/sbi-path.c:420)
[32m09/30 15:01:13.740[0m: [[33mamf[0m] [1;32mINFO[0m: [imsi-999700000000013:1][1:1:RELEASED] /namf-callback/v1/{supi}/sm-context-status/{psi} (../src/amf/namf-handler.c:595)
[32m09/30 15:01:13.741[0m: [[33mamf[0m] [1;32mINFO[0m: [imsi-999700000000013:1] Release SM Context [state:31] (../src/amf/nsmf-handler.c:1200)
[32m09/30 15:01:13.741[0m: [[33mamf[0m] [1;32mINFO[0m: [Removed] Number of AMF-Sessions is now 15 (../src/amf/context.c:2960)
[32m09/30 15:01:13.754[0m: [[33mamf[0m] [1;32mINFO[0m: Setup NF EndPoint(addr) [127.0.0.33:7777] (../src/amf/nsmf-handler.c:140)
[32m09/30 15:01:13.780[0m: [[33mamf[0m] [1;32mINFO[0m: [imsi-999700000000016:1:11][0:0:NULL] /nsmf-pdusession/v1/sm-contexts/{smContextRef}/modify (../src/amf/nsmf-handler.c:983)
[32m09/30 15:01:13.981[0m: [[33mamf[0m] [1;32mINFO[0m: [imsi-999700000000021:1] Receive Update SM context(N2-RELEASED) (../src/amf/nsmf-handler.c:683)
[32m09/30 15:01:13.983[0m: [[33mamf[0m] [1;32mINFO[0m: [imsi-999700000000021:1:17][0:1:NULL] /nsmf-pdusession/v1/sm-contexts/{smContextRef}/modify (../src/amf/nsmf-handler.c:983)
[32m09/30 15:01:14.184[0m: [[33mamf[0m] [1;32mINFO[0m: [Added] Number of AMF-Sessions is now 16 (../src/amf/context.c:2953)
[32m09/30 15:01:14.185[0m: [[33mgmm[0m] [1;32mINFO[0m: UE SUPI[imsi-999700000000001] DNN[internet] LBO[0] S_NSSAI[SST:1 SD:0xffffff] smContextRef[NULL] smContextResourceURI[NULL] (../src/amf/gmm-handler.c:1430)
[32m09/30 15:01:14.186[0m: [[33mgmm[0m] [1;32mINFO[0m: No V-SMF Instance (../src/amf/gmm-handler.c:1513)
[32m09/30 15:01:14.187[0m: [[33mgmm[0m] [1;32mINFO[0m: V-SMF not discovered in NON-ROAMING OR LBO (../src/amf/gmm-handler.c:1599)
[32m09/30 15:01:14.187[0m: [[33mgmm[0m] [1;32mINFO[0m: nnssf-nsselection[1:1:(nil):(nil)] (../src/amf/gmm-handler.c:1610)
[32m09/30 15:01:14.188[0m: [[33msbi[0m] [1;32mINFO[0m: [b831e64a-bcdf-41f1-af57-c104e61f2896] Setup NF Instance [type:NSSF] (../lib/sbi/path.c:349)
[32m09/30 15:01:14.190[0m: [[33mamf[0m] [1;32mINFO[0m: [imsi-999700000000021:1] Receive Update SM context(N1-RELEASED) (../src/amf/nsmf-handler.c:695)
[32m09/30 15:01:14.191[0m: [[33mamf[0m] [1;32mINFO[0m: [imsi-999700000000021:1:18][1:1:NULL] /nsmf-pdusession/v1/sm-contexts/{smContextRef}/modify (../src/amf/nsmf-handler.c:983)
[32m09/30 15:01:14.192[0m: [[33mamf[0m] [1;32mINFO[0m: Setup NF EndPoint(addr) [127.0.0.10:7777] (../src/amf/nnssf-handler.c:203)
[32m09/30 15:01:14.193[0m: [[33mamf[0m] [1;36mWARNING[0m: Try to discover by NsiInformation [nsmf-pdusession] (../src/amf/sbi-path.c:554)
[32m09/30 15:01:14.196[0m: [[33msbi[0m] [1;36mWARNING[0m: [b8a9b670-bcdf-41f1-a35e-911d8b75a131] (NRF-discover) NF has already been added [type:SMF] (../lib/sbi/nnrf-handler.c:1460)
[32m09/30 15:01:14.197[0m: [[33msbi[0m] [1;32mINFO[0m: [SMF] NFInstance associated [b8a9b670-bcdf-41f1-a35e-911d8b75a131] (../lib/sbi/context.c:2498)
[32m09/30 15:01:14.198[0m: [[33msbi[0m] [1;36mWARNING[0m: UnRef NF EndPoint(addr) [127.0.0.4:80] (../lib/sbi/context.c:2503)
[32m09/30 15:01:14.198[0m: [[33msbi[0m] [1;32mINFO[0m: Setup NF EndPoint(addr) [127.0.0.4:80] (../lib/sbi/context.c:2503)
[32m09/30 15:01:14.199[0m: [[33msbi[0m] [1;32mINFO[0m: [nsmf-pdusession] NFService associated [b8aaee28-bcdf-41f1-a35e-911d8b75a131] (../lib/sbi/context.c:2138)
[32m09/30 15:01:14.200[0m: [[33msbi[0m] [1;36mWARNING[0m: UnRef NF EndPoint(addr) [127.0.0.4:7777] (../lib/sbi/context.c:2141)
[32m09/30 15:01:14.201[0m: [[33msbi[0m] [1;32mINFO[0m: Setup NF EndPoint(addr) [127.0.0.4:7777] (../lib/sbi/context.c:2141)
[32m09/30 15:01:14.201[0m: [[33msbi[0m] [1;32mINFO[0m: [b8a9b670-bcdf-41f1-a35e-911d8b75a131] (NF-discover) NF Profile updated [type:SMF validity:30s] (../lib/sbi/nnrf-handler.c:1508)
[32m09/30 15:01:14.202[0m: [[33msbi[0m] [1;36mWARNING[0m: [b905f82c-bcdf-41f1-9b17-6188ff3cae7c] (NRF-discover) NF has already been added [type:SMF] (../lib/sbi/nnrf-handler.c:1460)
[32m09/30 15:01:14.202[0m: [[33msbi[0m] [1;32mINFO[0m: [SMF] NFInstance associated [b905f82c-bcdf-41f1-9b17-6188ff3cae7c] (../lib/sbi/context.c:2498)
[32m09/30 15:01:14.203[0m: [[33msbi[0m] [1;36mWARNING[0m: UnRef NF EndPoint(addr) [127.0.0.32:80] (../lib/sbi/context.c:2503)
[32m09/30 15:01:14.204[0m: [[33msbi[0m] [1;32mINFO[0m: Setup NF EndPoint(addr) [127.0.0.32:80] (../lib/sbi/context.c:2503)
[32m09/30 15:01:14.205[0m: [[33msbi[0m] [1;32mINFO[0m: [nsmf-pdusession] NFService associated [b90750f0-bcdf-41f1-9b17-6188ff3cae7c] (../lib/sbi/context.c:2138)
[32m09/30 15:01:14.205[0m: [[33msbi[0m] [1;36mWARNING[0m: UnRef NF EndPoint(addr) [127.0.0.32:7777] (../lib/sbi/context.c:2141)
[32m09/30 15:01:14.206[0m: [[33msbi[0m] [1;32mINFO[0m: Setup NF EndPoint(addr) [127.0.0.32:7777] (../lib/sbi/context.c:2141)
[32m09/30 15:01:14.207[0m: [[33msbi[0m] [1;32mINFO[0m: [b905f82c-bcdf-41f1-9b17-6188ff3cae7c] (NF-discover) NF Profile updated [type:SMF validity:30s] (../lib/sbi/nnrf-handler.c:1508)
[32m09/30 15:01:14.207[0m: [[33msbi[0m] [1;36mWARNING[0m: [b9624884-bcdf-41f1-b78a-7f905b314a30] (NRF-discover) NF has already been added [type:SMF] (../lib/sbi/nnrf-handler.c:1460)
[32m09/30 15:01:14.208[0m: [[33msbi[0m] [1;32mINFO[0m: [SMF] NFInstance associated [b9624884-bcdf-41f1-b78a-7f905b314a30] (../lib/sbi/context.c:2498)
[32m09/30 15:01:14.209[0m: [[33msbi[0m] [1;36mWARNING[0m: UnRef NF EndPoint(addr) [127.0.0.33:80] (../lib/sbi/context.c:2503)
[32m09/30 15:01:14.209[0m: [[33msbi[0m] [1;32mINFO[0m: Setup NF EndPoint(addr) [127.0.0.33:80] (../lib/sbi/context.c:2503)
[32m09/30 15:01:14.210[0m: [[33msbi[0m] [1;32mINFO[0m: [nsmf-pdusession] NFService associated [b963c650-bcdf-41f1-b78a-7f905b314a30] (../lib/sbi/context.c:2138)
[32m09/30 15:01:14.210[0m: [[33msbi[0m] [1;36mWARNING[0m: UnRef NF EndPoint(addr) [127.0.0.33:7777] (../lib/sbi/context.c:2141)
[32m09/30 15:01:14.211[0m: [[33msbi[0m] [1;32mINFO[0m: Setup NF EndPoint(addr) [127.0.0.33:7777] (../lib/sbi/context.c:2141)
[32m09/30 15:01:14.212[0m: [[33msbi[0m] [1;32mINFO[0m: [b9624884-bcdf-41f1-b78a-7f905b314a30] (NF-discover) NF Profile updated [type:SMF validity:30s] (../lib/sbi/nnrf-handler.c:1508)
[32m09/30 15:01:14.212[0m: [[33mamf[0m] [1;32mINFO[0m: LAB_CANDIDATE t=33312676458 nf=b8a9b670-bcdf-41f1-a35e-911d8b75a131 load=30 capacity=100 (../src/amf/lab-selector.h:31)
[32m09/30 15:01:14.213[0m: [[33mamf[0m] [1;32mINFO[0m: LAB_CANDIDATE t=33312677126 nf=b905f82c-bcdf-41f1-9b17-6188ff3cae7c load=60 capacity=100 (../src/amf/lab-selector.h:31)
[32m09/30 15:01:14.214[0m: [[33mamf[0m] [1;32mINFO[0m: LAB_CANDIDATE t=33312677857 nf=b9624884-bcdf-41f1-b78a-7f905b314a30 load=30 capacity=100 (../src/amf/lab-selector.h:31)
[32m09/30 15:01:14.214[0m: [[33mamf[0m] [1;32mINFO[0m: LAB_SELECT t=33312678485 nf=b8a9b670-bcdf-41f1-a35e-911d8b75a131 load=30 capacity=100 policy=swrr (../src/amf/lab-selector.h:67)
[32m09/30 15:01:14.215[0m: [[33mamf[0m] [1;32mINFO[0m: [b8a9b670-bcdf-41f1-a35e-911d8b75a131] Setup NF Instance [type:SMF] (../src/amf/sbi-path.c:420)
[32m09/30 15:01:14.216[0m: [[33mamf[0m] [1;32mINFO[0m: [imsi-999700000000021:1][1:1:RELEASED] /namf-callback/v1/{supi}/sm-context-status/{psi} (../src/amf/namf-handler.c:595)
[32m09/30 15:01:14.217[0m: [[33mamf[0m] [1;32mINFO[0m: [imsi-999700000000021:1] Release SM Context [state:31] (../src/amf/nsmf-handler.c:1200)
[32m09/30 15:01:14.217[0m: [[33mamf[0m] [1;32mINFO[0m: [Removed] Number of AMF-Sessions is now 15 (../src/amf/context.c:2960)
[32m09/30 15:01:14.232[0m: [[33mamf[0m] [1;32mINFO[0m: Setup NF EndPoint(addr) [127.0.0.4:7777] (../src/amf/nsmf-handler.c:140)
[32m09/30 15:01:14.256[0m: [[33mamf[0m] [1;32mINFO[0m: [imsi-999700000000001:1:11][0:0:NULL] /nsmf-pdusession/v1/sm-contexts/{smContextRef}/modify (../src/amf/nsmf-handler.c:983)
[32m09/30 15:01:14.457[0m: [[33mamf[0m] [1;32mINFO[0m: [imsi-999700000000009:1] Receive Update SM context(N2-RELEASED) (../src/amf/nsmf-handler.c:683)
[32m09/30 15:01:14.458[0m: [[33mamf[0m] [1;32mINFO[0m: [imsi-999700000000009:1:17][0:1:NULL] /nsmf-pdusession/v1/sm-contexts/{smContextRef}/modify (../src/amf/nsmf-handler.c:983)
[32m09/30 15:01:14.661[0m: [[33mamf[0m] [1;32mINFO[0m: [Added] Number of AMF-Sessions is now 16 (../src/amf/context.c:2953)
[32m09/30 15:01:14.662[0m: [[33mgmm[0m] [1;32mINFO[0m: UE SUPI[imsi-999700000000023] DNN[internet] LBO[0] S_NSSAI[SST:1 SD:0xffffff] smContextRef[NULL] smContextResourceURI[NULL] (../src/amf/gmm-handler.c:1430)
[32m09/30 15:01:14.665[0m: [[33mgmm[0m] [1;32mINFO[0m: No V-SMF Instance (../src/amf/gmm-handler.c:1513)
[32m09/30 15:01:14.666[0m: [[33mgmm[0m] [1;32mINFO[0m: V-SMF not discovered in NON-ROAMING OR LBO (../src/amf/gmm-handler.c:1599)
[32m09/30 15:01:14.667[0m: [[33mgmm[0m] [1;32mINFO[0m: nnssf-nsselection[1:1:(nil):(nil)] (../src/amf/gmm-handler.c:1610)
[32m09/30 15:01:14.668[0m: [[33msbi[0m] [1;32mINFO[0m: [b831e64a-bcdf-41f1-af57-c104e61f2896] Setup NF Instance [type:NSSF] (../lib/sbi/path.c:349)
[32m09/30 15:01:14.670[0m: [[33mamf[0m] [1;32mINFO[0m: [imsi-999700000000009:1] Receive Update SM context(N1-RELEASED) (../src/amf/nsmf-handler.c:695)
[32m09/30 15:01:14.671[0m: [[33mamf[0m] [1;32mINFO[0m: [imsi-999700000000009:1:18][1:1:NULL] /nsmf-pdusession/v1/sm-contexts/{smContextRef}/modify (../src/amf/nsmf-handler.c:983)
[32m09/30 15:01:14.672[0m: [[33mamf[0m] [1;32mINFO[0m: Setup NF EndPoint(addr) [127.0.0.10:7777] (../src/amf/nnssf-handler.c:203)
[32m09/30 15:01:14.673[0m: [[33mamf[0m] [1;36mWARNING[0m: Try to discover by NsiInformation [nsmf-pdusession] (../src/amf/sbi-path.c:554)
[32m09/30 15:01:14.677[0m: [[33msbi[0m] [1;36mWARNING[0m: [b8a9b670-bcdf-41f1-a35e-911d8b75a131] (NRF-discover) NF has already been added [type:SMF] (../lib/sbi/nnrf-handler.c:1460)
[32m09/30 15:01:14.678[0m: [[33msbi[0m] [1;32mINFO[0m: [SMF] NFInstance associated [b8a9b670-bcdf-41f1-a35e-911d8b75a131] (../lib/sbi/context.c:2498)
[32m09/30 15:01:14.679[0m: [[33msbi[0m] [1;36mWARNING[0m: UnRef NF EndPoint(addr) [127.0.0.4:80] (../lib/sbi/context.c:2503)
[32m09/30 15:01:14.680[0m: [[33msbi[0m] [1;32mINFO[0m: Setup NF EndPoint(addr) [127.0.0.4:80] (../lib/sbi/context.c:2503)
[32m09/30 15:01:14.681[0m: [[33msbi[0m] [1;32mINFO[0m: [nsmf-pdusession] NFService associated [b8aaee28-bcdf-41f1-a35e-911d8b75a131] (../lib/sbi/context.c:2138)
[32m09/30 15:01:14.681[0m: [[33msbi[0m] [1;36mWARNING[0m: UnRef NF EndPoint(addr) [127.0.0.4:7777] (../lib/sbi/context.c:2141)
[32m09/30 15:01:14.682[0m: [[33msbi[0m] [1;32mINFO[0m: Setup NF EndPoint(addr) [127.0.0.4:7777] (../lib/sbi/context.c:2141)
[32m09/30 15:01:14.683[0m: [[33msbi[0m] [1;32mINFO[0m: [b8a9b670-bcdf-41f1-a35e-911d8b75a131] (NF-discover) NF Profile updated [type:SMF validity:30s] (../lib/sbi/nnrf-handler.c:1508)
[32m09/30 15:01:14.684[0m: [[33msbi[0m] [1;36mWARNING[0m: [b905f82c-bcdf-41f1-9b17-6188ff3cae7c] (NRF-discover) NF has already been added [type:SMF] (../lib/sbi/nnrf-handler.c:1460)
[32m09/30 15:01:14.686[0m: [[33msbi[0m] [1;32mINFO[0m: [SMF] NFInstance associated [b905f82c-bcdf-41f1-9b17-6188ff3cae7c] (../lib/sbi/context.c:2498)
[32m09/30 15:01:14.687[0m: [[33msbi[0m] [1;36mWARNING[0m: UnRef NF EndPoint(addr) [127.0.0.32:80] (../lib/sbi/context.c:2503)
[32m09/30 15:01:14.688[0m: [[33msbi[0m] [1;32mINFO[0m: Setup NF EndPoint(addr) [127.0.0.32:80] (../lib/sbi/context.c:2503)
[32m09/30 15:01:14.689[0m: [[33msbi[0m] [1;32mINFO[0m: [nsmf-pdusession] NFService associated [b90750f0-bcdf-41f1-9b17-6188ff3cae7c] (../lib/sbi/context.c:2138)
[32m09/30 15:01:14.689[0m: [[33msbi[0m] [1;36mWARNING[0m: UnRef NF EndPoint(addr) [127.0.0.32:7777] (../lib/sbi/context.c:2141)
[32m09/30 15:01:14.690[0m: [[33msbi[0m] [1;32mINFO[0m: Setup NF EndPoint(addr) [127.0.0.32:7777] (../lib/sbi/context.c:2141)
[32m09/30 15:01:14.691[0m: [[33msbi[0m] [1;32mINFO[0m: [b905f82c-bcdf-41f1-9b17-6188ff3cae7c] (NF-discover) NF Profile updated [type:SMF validity:30s] (../lib/sbi/nnrf-handler.c:1508)
[32m09/30 15:01:14.692[0m: [[33msbi[0m] [1;36mWARNING[0m: [b9624884-bcdf-41f1-b78a-7f905b314a30] (NRF-discover) NF has already been added [type:SMF] (../lib/sbi/nnrf-handler.c:1460)
[32m09/30 15:01:14.693[0m: [[33msbi[0m] [1;32mINFO[0m: [SMF] NFInstance associated [b9624884-bcdf-41f1-b78a-7f905b314a30] (../lib/sbi/context.c:2498)
[32m09/30 15:01:14.694[0m: [[33msbi[0m] [1;36mWARNING[0m: UnRef NF EndPoint(addr) [127.0.0.33:80] (../lib/sbi/context.c:2503)
[32m09/30 15:01:14.695[0m: [[33msbi[0m] [1;32mINFO[0m: Setup NF EndPoint(addr) [127.0.0.33:80] (../lib/sbi/context.c:2503)
[32m09/30 15:01:14.696[0m: [[33msbi[0m] [1;32mINFO[0m: [nsmf-pdusession] NFService associated [b963c650-bcdf-41f1-b78a-7f905b314a30] (../lib/sbi/context.c:2138)
[32m09/30 15:01:14.697[0m: [[33msbi[0m] [1;36mWARNING[0m: UnRef NF EndPoint(addr) [127.0.0.33:7777] (../lib/sbi/context.c:2141)
[32m09/30 15:01:14.698[0m: [[33msbi[0m] [1;32mINFO[0m: Setup NF EndPoint(addr) [127.0.0.33:7777] (../lib/sbi/context.c:2141)
[32m09/30 15:01:14.699[0m: [[33msbi[0m] [1;32mINFO[0m: [b9624884-bcdf-41f1-b78a-7f905b314a30] (NF-discover) NF Profile updated [type:SMF validity:30s] (../lib/sbi/nnrf-handler.c:1508)
[32m09/30 15:01:14.700[0m: [[33mamf[0m] [1;32mINFO[0m: LAB_CANDIDATE t=33313164265 nf=b8a9b670-bcdf-41f1-a35e-911d8b75a131 load=30 capacity=100 (../src/amf/lab-selector.h:31)
[32m09/30 15:01:14.701[0m: [[33mamf[0m] [1;32mINFO[0m: LAB_CANDIDATE t=33313165490 nf=b905f82c-bcdf-41f1-9b17-6188ff3cae7c load=60 capacity=100 (../src/amf/lab-selector.h:31)
[32m09/30 15:01:14.702[0m: [[33mamf[0m] [1;32mINFO[0m: LAB_CANDIDATE t=33313166258 nf=b9624884-bcdf-41f1-b78a-7f905b314a30 load=30 capacity=100 (../src/amf/lab-selector.h:31)
[32m09/30 15:01:14.703[0m: [[33mamf[0m] [1;32mINFO[0m: LAB_SELECT t=33313167120 nf=b9624884-bcdf-41f1-b78a-7f905b314a30 load=30 capacity=100 policy=swrr (../src/amf/lab-selector.h:67)
[32m09/30 15:01:14.704[0m: [[33mamf[0m] [1;32mINFO[0m: [b9624884-bcdf-41f1-b78a-7f905b314a30] Setup NF Instance [type:SMF] (../src/amf/sbi-path.c:420)
[32m09/30 15:01:14.705[0m: [[33mamf[0m] [1;32mINFO[0m: [imsi-999700000000009:1][1:1:RELEASED] /namf-callback/v1/{supi}/sm-context-status/{psi} (../src/amf/namf-handler.c:595)
[32m09/30 15:01:14.706[0m: [[33mamf[0m] [1;32mINFO[0m: [imsi-999700000000009:1] Release SM Context [state:31] (../src/amf/nsmf-handler.c:1200)
[32m09/30 15:01:14.707[0m: [[33mamf[0m] [1;32mINFO[0m: [Removed] Number of AMF-Sessions is now 15 (../src/amf/context.c:2960)
[32m09/30 15:01:14.724[0m: [[33mamf[0m] [1;32mINFO[0m: Setup NF EndPoint(addr) [127.0.0.33:7777] (../src/amf/nsmf-handler.c:140)
[32m09/30 15:01:14.751[0m: [[33mamf[0m] [1;32mINFO[0m: [imsi-999700000000023:1:11][0:0:NULL] /nsmf-pdusession/v1/sm-contexts/{smContextRef}/modify (../src/amf/nsmf-handler.c:983)
[32m09/30 15:01:14.950[0m: [[33mamf[0m] [1;32mINFO[0m: [imsi-999700000000024:1] Receive Update SM context(N2-RELEASED) (../src/amf/nsmf-handler.c:683)
[32m09/30 15:01:14.950[0m: [[33mamf[0m] [1;32mINFO[0m: [imsi-999700000000024:1:17][0:1:NULL] /nsmf-pdusession/v1/sm-contexts/{smContextRef}/modify (../src/amf/nsmf-handler.c:983)
[32m09/30 15:01:15.148[0m: [[33mamf[0m] [1;32mINFO[0m: [Added] Number of AMF-Sessions is now 16 (../src/amf/context.c:2953)
[32m09/30 15:01:15.150[0m: [[33mgmm[0m] [1;32mINFO[0m: UE SUPI[imsi-999700000000020] DNN[internet] LBO[0] S_NSSAI[SST:1 SD:0xffffff] smContextRef[NULL] smContextResourceURI[NULL] (../src/amf/gmm-handler.c:1430)
[32m09/30 15:01:15.151[0m: [[33mgmm[0m] [1;32mINFO[0m: No V-SMF Instance (../src/amf/gmm-handler.c:1513)
[32m09/30 15:01:15.152[0m: [[33mgmm[0m] [1;32mINFO[0m: V-SMF not discovered in NON-ROAMING OR LBO (../src/amf/gmm-handler.c:1599)
[32m09/30 15:01:15.153[0m: [[33mgmm[0m] [1;32mINFO[0m: nnssf-nsselection[1:1:(nil):(nil)] (../src/amf/gmm-handler.c:1610)
[32m09/30 15:01:15.154[0m: [[33msbi[0m] [1;32mINFO[0m: [b831e64a-bcdf-41f1-af57-c104e61f2896] Setup NF Instance [type:NSSF] (../lib/sbi/path.c:349)
[32m09/30 15:01:15.156[0m: [[33mamf[0m] [1;32mINFO[0m: [imsi-999700000000024:1] Receive Update SM context(N1-RELEASED) (../src/amf/nsmf-handler.c:695)
[32m09/30 15:01:15.157[0m: [[33mamf[0m] [1;32mINFO[0m: [imsi-999700000000024:1:18][1:1:NULL] /nsmf-pdusession/v1/sm-contexts/{smContextRef}/modify (../src/amf/nsmf-handler.c:983)
[32m09/30 15:01:15.158[0m: [[33mamf[0m] [1;32mINFO[0m: Setup NF EndPoint(addr) [127.0.0.10:7777] (../src/amf/nnssf-handler.c:203)
[32m09/30 15:01:15.158[0m: [[33mamf[0m] [1;36mWARNING[0m: Try to discover by NsiInformation [nsmf-pdusession] (../src/amf/sbi-path.c:554)
[32m09/30 15:01:15.162[0m: [[33msbi[0m] [1;36mWARNING[0m: [b8a9b670-bcdf-41f1-a35e-911d8b75a131] (NRF-discover) NF has already been added [type:SMF] (../lib/sbi/nnrf-handler.c:1460)
[32m09/30 15:01:15.163[0m: [[33msbi[0m] [1;32mINFO[0m: [SMF] NFInstance associated [b8a9b670-bcdf-41f1-a35e-911d8b75a131] (../lib/sbi/context.c:2498)
[32m09/30 15:01:15.164[0m: [[33msbi[0m] [1;36mWARNING[0m: UnRef NF EndPoint(addr) [127.0.0.4:80] (../lib/sbi/context.c:2503)
[32m09/30 15:01:15.165[0m: [[33msbi[0m] [1;32mINFO[0m: Setup NF EndPoint(addr) [127.0.0.4:80] (../lib/sbi/context.c:2503)
[32m09/30 15:01:15.165[0m: [[33msbi[0m] [1;32mINFO[0m: [nsmf-pdusession] NFService associated [b8aaee28-bcdf-41f1-a35e-911d8b75a131] (../lib/sbi/context.c:2138)
[32m09/30 15:01:15.166[0m: [[33msbi[0m] [1;36mWARNING[0m: UnRef NF EndPoint(addr) [127.0.0.4:7777] (../lib/sbi/context.c:2141)
[32m09/30 15:01:15.167[0m: [[33msbi[0m] [1;32mINFO[0m: Setup NF EndPoint(addr) [127.0.0.4:7777] (../lib/sbi/context.c:2141)
[32m09/30 15:01:15.167[0m: [[33msbi[0m] [1;32mINFO[0m: [b8a9b670-bcdf-41f1-a35e-911d8b75a131] (NF-discover) NF Profile updated [type:SMF validity:30s] (../lib/sbi/nnrf-handler.c:1508)
[32m09/30 15:01:15.168[0m: [[33msbi[0m] [1;36mWARNING[0m: [b905f82c-bcdf-41f1-9b17-6188ff3cae7c] (NRF-discover) NF has already been added [type:SMF] (../lib/sbi/nnrf-handler.c:1460)
[32m09/30 15:01:15.169[0m: [[33msbi[0m] [1;32mINFO[0m: [SMF] NFInstance associated [b905f82c-bcdf-41f1-9b17-6188ff3cae7c] (../lib/sbi/context.c:2498)
[32m09/30 15:01:15.169[0m: [[33msbi[0m] [1;36mWARNING[0m: UnRef NF EndPoint(addr) [127.0.0.32:80] (../lib/sbi/context.c:2503)
[32m09/30 15:01:15.169[0m: [[33msbi[0m] [1;32mINFO[0m: Setup NF EndPoint(addr) [127.0.0.32:80] (../lib/sbi/context.c:2503)
[32m09/30 15:01:15.170[0m: [[33msbi[0m] [1;32mINFO[0m: [nsmf-pdusession] NFService associated [b90750f0-bcdf-41f1-9b17-6188ff3cae7c] (../lib/sbi/context.c:2138)
[32m09/30 15:01:15.171[0m: [[33msbi[0m] [1;36mWARNING[0m: UnRef NF EndPoint(addr) [127.0.0.32:7777] (../lib/sbi/context.c:2141)
[32m09/30 15:01:15.171[0m: [[33msbi[0m] [1;32mINFO[0m: Setup NF EndPoint(addr) [127.0.0.32:7777] (../lib/sbi/context.c:2141)
[32m09/30 15:01:15.172[0m: [[33msbi[0m] [1;32mINFO[0m: [b905f82c-bcdf-41f1-9b17-6188ff3cae7c] (NF-discover) NF Profile updated [type:SMF validity:30s] (../lib/sbi/nnrf-handler.c:1508)
[32m09/30 15:01:15.173[0m: [[33msbi[0m] [1;36mWARNING[0m: [b9624884-bcdf-41f1-b78a-7f905b314a30] (NRF-discover) NF has already been added [type:SMF] (../lib/sbi/nnrf-handler.c:1460)
[32m09/30 15:01:15.174[0m: [[33msbi[0m] [1;32mINFO[0m: [SMF] NFInstance associated [b9624884-bcdf-41f1-b78a-7f905b314a30] (../lib/sbi/context.c:2498)
[32m09/30 15:01:15.174[0m: [[33msbi[0m] [1;36mWARNING[0m: UnRef NF EndPoint(addr) [127.0.0.33:80] (../lib/sbi/context.c:2503)
[32m09/30 15:01:15.175[0m: [[33msbi[0m] [1;32mINFO[0m: Setup NF EndPoint(addr) [127.0.0.33:80] (../lib/sbi/context.c:2503)
[32m09/30 15:01:15.176[0m: [[33msbi[0m] [1;32mINFO[0m: [nsmf-pdusession] NFService associated [b963c650-bcdf-41f1-b78a-7f905b314a30] (../lib/sbi/context.c:2138)
[32m09/30 15:01:15.177[0m: [[33msbi[0m] [1;36mWARNING[0m: UnRef NF EndPoint(addr) [127.0.0.33:7777] (../lib/sbi/context.c:2141)
[32m09/30 15:01:15.177[0m: [[33msbi[0m] [1;32mINFO[0m: Setup NF EndPoint(addr) [127.0.0.33:7777] (../lib/sbi/context.c:2141)
[32m09/30 15:01:15.178[0m: [[33msbi[0m] [1;32mINFO[0m: [b9624884-bcdf-41f1-b78a-7f905b314a30] (NF-discover) NF Profile updated [type:SMF validity:30s] (../lib/sbi/nnrf-handler.c:1508)
[32m09/30 15:01:15.179[0m: [[33mamf[0m] [1;32mINFO[0m: LAB_CANDIDATE t=33313642681 nf=b8a9b670-bcdf-41f1-a35e-911d8b75a131 load=40 capacity=100 (../src/amf/lab-selector.h:31)
[32m09/30 15:01:15.179[0m: [[33mamf[0m] [1;32mINFO[0m: LAB_CANDIDATE t=33313643306 nf=b905f82c-bcdf-41f1-9b17-6188ff3cae7c load=60 capacity=100 (../src/amf/lab-selector.h:31)
[32m09/30 15:01:15.180[0m: [[33mamf[0m] [1;32mINFO[0m: LAB_CANDIDATE t=33313644065 nf=b9624884-bcdf-41f1-b78a-7f905b314a30 load=30 capacity=100 (../src/amf/lab-selector.h:31)
[32m09/30 15:01:15.181[0m: [[33mamf[0m] [1;32mINFO[0m: LAB_SELECT t=33313644772 nf=b905f82c-bcdf-41f1-9b17-6188ff3cae7c load=60 capacity=100 policy=swrr (../src/amf/lab-selector.h:67)
[32m09/30 15:01:15.181[0m: [[33mamf[0m] [1;32mINFO[0m: [b905f82c-bcdf-41f1-9b17-6188ff3cae7c] Setup NF Instance [type:SMF] (../src/amf/sbi-path.c:420)
[32m09/30 15:01:15.182[0m: [[33mamf[0m] [1;32mINFO[0m: [imsi-999700000000024:1][1:1:RELEASED] /namf-callback/v1/{supi}/sm-context-status/{psi} (../src/amf/namf-handler.c:595)
[32m09/30 15:01:15.183[0m: [[33mamf[0m] [1;32mINFO[0m: [imsi-999700000000024:1] Release SM Context [state:31] (../src/amf/nsmf-handler.c:1200)
[32m09/30 15:01:15.184[0m: [[33mamf[0m] [1;32mINFO[0m: [Removed] Number of AMF-Sessions is now 15 (../src/amf/context.c:2960)
[32m09/30 15:01:15.194[0m: [[33mamf[0m] [1;32mINFO[0m: Setup NF EndPoint(addr) [127.0.0.32:7777] (../src/amf/nsmf-handler.c:140)
[32m09/30 15:01:15.216[0m: [[33mamf[0m] [1;32mINFO[0m: [imsi-999700000000020:1:11][0:0:NULL] /nsmf-pdusession/v1/sm-contexts/{smContextRef}/modify (../src/amf/nsmf-handler.c:983)
[32m09/30 15:01:15.421[0m: [[33mamf[0m] [1;32mINFO[0m: [imsi-999700000000020:1] Receive Update SM context(N2-RELEASED) (../src/amf/nsmf-handler.c:683)
[32m09/30 15:01:15.422[0m: [[33mamf[0m] [1;32mINFO[0m: [imsi-999700000000020:1:17][0:1:NULL] /nsmf-pdusession/v1/sm-contexts/{smContextRef}/modify (../src/amf/nsmf-handler.c:983)
[32m09/30 15:01:15.625[0m: [[33mamf[0m] [1;32mINFO[0m: [Added] Number of AMF-Sessions is now 16 (../src/amf/context.c:2953)
[32m09/30 15:01:15.626[0m: [[33mgmm[0m] [1;32mINFO[0m: UE SUPI[imsi-999700000000013] DNN[internet] LBO[0] S_NSSAI[SST:1 SD:0xffffff] smContextRef[NULL] smContextResourceURI[NULL] (../src/amf/gmm-handler.c:1430)
[32m09/30 15:01:15.627[0m: [[33mgmm[0m] [1;32mINFO[0m: No V-SMF Instance (../src/amf/gmm-handler.c:1513)
[32m09/30 15:01:15.627[0m: [[33mgmm[0m] [1;32mINFO[0m: V-SMF not discovered in NON-ROAMING OR LBO (../src/amf/gmm-handler.c:1599)
[32m09/30 15:01:15.628[0m: [[33mgmm[0m] [1;32mINFO[0m: nnssf-nsselection[1:1:(nil):(nil)] (../src/amf/gmm-handler.c:1610)
[32m09/30 15:01:15.629[0m: [[33msbi[0m] [1;32mINFO[0m: [b831e64a-bcdf-41f1-af57-c104e61f2896] Setup NF Instance [type:NSSF] (../lib/sbi/path.c:349)
[32m09/30 15:01:15.632[0m: [[33mamf[0m] [1;32mINFO[0m: [imsi-999700000000020:1] Receive Update SM context(N1-RELEASED) (../src/amf/nsmf-handler.c:695)
[32m09/30 15:01:15.632[0m: [[33mamf[0m] [1;32mINFO[0m: [imsi-999700000000020:1:18][1:1:NULL] /nsmf-pdusession/v1/sm-contexts/{smContextRef}/modify (../src/amf/nsmf-handler.c:983)
[32m09/30 15:01:15.633[0m: [[33mamf[0m] [1;32mINFO[0m: Setup NF EndPoint(addr) [127.0.0.10:7777] (../src/amf/nnssf-handler.c:203)
[32m09/30 15:01:15.634[0m: [[33mamf[0m] [1;36mWARNING[0m: Try to discover by NsiInformation [nsmf-pdusession] (../src/amf/sbi-path.c:554)
[32m09/30 15:01:15.637[0m: [[33msbi[0m] [1;36mWARNING[0m: [b8a9b670-bcdf-41f1-a35e-911d8b75a131] (NRF-discover) NF has already been added [type:SMF] (../lib/sbi/nnrf-handler.c:1460)
[32m09/30 15:01:15.638[0m: [[33msbi[0m] [1;32mINFO[0m: [SMF] NFInstance associated [b8a9b670-bcdf-41f1-a35e-911d8b75a131] (../lib/sbi/context.c:2498)
[32m09/30 15:01:15.638[0m: [[33msbi[0m] [1;36mWARNING[0m: UnRef NF EndPoint(addr) [127.0.0.4:80] (../lib/sbi/context.c:2503)
[32m09/30 15:01:15.639[0m: [[33msbi[0m] [1;32mINFO[0m: Setup NF EndPoint(addr) [127.0.0.4:80] (../lib/sbi/context.c:2503)
[32m09/30 15:01:15.639[0m: [[33msbi[0m] [1;32mINFO[0m: [nsmf-pdusession] NFService associated [b8aaee28-bcdf-41f1-a35e-911d8b75a131] (../lib/sbi/context.c:2138)
[32m09/30 15:01:15.640[0m: [[33msbi[0m] [1;36mWARNING[0m: UnRef NF EndPoint(addr) [127.0.0.4:7777] (../lib/sbi/context.c:2141)
[32m09/30 15:01:15.641[0m: [[33msbi[0m] [1;32mINFO[0m: Setup NF EndPoint(addr) [127.0.0.4:7777] (../lib/sbi/context.c:2141)
[32m09/30 15:01:15.641[0m: [[33msbi[0m] [1;32mINFO[0m: [b8a9b670-bcdf-41f1-a35e-911d8b75a131] (NF-discover) NF Profile updated [type:SMF validity:30s] (../lib/sbi/nnrf-handler.c:1508)
[32m09/30 15:01:15.642[0m: [[33msbi[0m] [1;36mWARNING[0m: [b905f82c-bcdf-41f1-9b17-6188ff3cae7c] (NRF-discover) NF has already been added [type:SMF] (../lib/sbi/nnrf-handler.c:1460)
[32m09/30 15:01:15.642[0m: [[33msbi[0m] [1;32mINFO[0m: [SMF] NFInstance associated [b905f82c-bcdf-41f1-9b17-6188ff3cae7c] (../lib/sbi/context.c:2498)
[32m09/30 15:01:15.643[0m: [[33msbi[0m] [1;36mWARNING[0m: UnRef NF EndPoint(addr) [127.0.0.32:80] (../lib/sbi/context.c:2503)
[32m09/30 15:01:15.644[0m: [[33msbi[0m] [1;32mINFO[0m: Setup NF EndPoint(addr) [127.0.0.32:80] (../lib/sbi/context.c:2503)
[32m09/30 15:01:15.644[0m: [[33msbi[0m] [1;32mINFO[0m: [nsmf-pdusession] NFService associated [b90750f0-bcdf-41f1-9b17-6188ff3cae7c] (../lib/sbi/context.c:2138)
[32m09/30 15:01:15.645[0m: [[33msbi[0m] [1;36mWARNING[0m: UnRef NF EndPoint(addr) [127.0.0.32:7777] (../lib/sbi/context.c:2141)
[32m09/30 15:01:15.645[0m: [[33msbi[0m] [1;32mINFO[0m: Setup NF EndPoint(addr) [127.0.0.32:7777] (../lib/sbi/context.c:2141)
[32m09/30 15:01:15.646[0m: [[33msbi[0m] [1;32mINFO[0m: [b905f82c-bcdf-41f1-9b17-6188ff3cae7c] (NF-discover) NF Profile updated [type:SMF validity:30s] (../lib/sbi/nnrf-handler.c:1508)
[32m09/30 15:01:15.646[0m: [[33msbi[0m] [1;36mWARNING[0m: [b9624884-bcdf-41f1-b78a-7f905b314a30] (NRF-discover) NF has already been added [type:SMF] (../lib/sbi/nnrf-handler.c:1460)
[32m09/30 15:01:15.647[0m: [[33msbi[0m] [1;32mINFO[0m: [SMF] NFInstance associated [b9624884-bcdf-41f1-b78a-7f905b314a30] (../lib/sbi/context.c:2498)
[32m09/30 15:01:15.647[0m: [[33msbi[0m] [1;36mWARNING[0m: UnRef NF EndPoint(addr) [127.0.0.33:80] (../lib/sbi/context.c:2503)
[32m09/30 15:01:15.648[0m: [[33msbi[0m] [1;32mINFO[0m: Setup NF EndPoint(addr) [127.0.0.33:80] (../lib/sbi/context.c:2503)
[32m09/30 15:01:15.648[0m: [[33msbi[0m] [1;32mINFO[0m: [nsmf-pdusession] NFService associated [b963c650-bcdf-41f1-b78a-7f905b314a30] (../lib/sbi/context.c:2138)
[32m09/30 15:01:15.649[0m: [[33msbi[0m] [1;36mWARNING[0m: UnRef NF EndPoint(addr) [127.0.0.33:7777] (../lib/sbi/context.c:2141)
[32m09/30 15:01:15.649[0m: [[33msbi[0m] [1;32mINFO[0m: Setup NF EndPoint(addr) [127.0.0.33:7777] (../lib/sbi/context.c:2141)
[32m09/30 15:01:15.650[0m: [[33msbi[0m] [1;32mINFO[0m: [b9624884-bcdf-41f1-b78a-7f905b314a30] (NF-discover) NF Profile updated [type:SMF validity:30s] (../lib/sbi/nnrf-handler.c:1508)
[32m09/30 15:01:15.650[0m: [[33mamf[0m] [1;32mINFO[0m: LAB_CANDIDATE t=33314114322 nf=b8a9b670-bcdf-41f1-a35e-911d8b75a131 load=40 capacity=100 (../src/amf/lab-selector.h:31)
[32m09/30 15:01:15.651[0m: [[33mamf[0m] [1;32mINFO[0m: LAB_CANDIDATE t=33314114848 nf=b905f82c-bcdf-41f1-9b17-6188ff3cae7c load=50 capacity=100 (../src/amf/lab-selector.h:31)
[32m09/30 15:01:15.651[0m: [[33mamf[0m] [1;32mINFO[0m: LAB_CANDIDATE t=33314115266 nf=b9624884-bcdf-41f1-b78a-7f905b314a30 load=30 capacity=100 (../src/amf/lab-selector.h:31)
[32m09/30 15:01:15.652[0m: [[33mamf[0m] [1;32mINFO[0m: LAB_SELECT t=33314115879 nf=b8a9b670-bcdf-41f1-a35e-911d8b75a131 load=40 capacity=100 policy=swrr (../src/amf/lab-selector.h:67)
[32m09/30 15:01:15.652[0m: [[33mamf[0m] [1;32mINFO[0m: [b8a9b670-bcdf-41f1-a35e-911d8b75a131] Setup NF Instance [type:SMF] (../src/amf/sbi-path.c:420)
[32m09/30 15:01:15.653[0m: [[33mamf[0m] [1;32mINFO[0m: [imsi-999700000000020:1][1:1:RELEASED] /namf-callback/v1/{supi}/sm-context-status/{psi} (../src/amf/namf-handler.c:595)
[32m09/30 15:01:15.654[0m: [[33mamf[0m] [1;32mINFO[0m: [imsi-999700000000020:1] Release SM Context [state:31] (../src/amf/nsmf-handler.c:1200)
[32m09/30 15:01:15.654[0m: [[33mamf[0m] [1;32mINFO[0m: [Removed] Number of AMF-Sessions is now 15 (../src/amf/context.c:2960)
[32m09/30 15:01:15.669[0m: [[33mamf[0m] [1;32mINFO[0m: Setup NF EndPoint(addr) [127.0.0.4:7777] (../src/amf/nsmf-handler.c:140)
[32m09/30 15:01:15.694[0m: [[33mamf[0m] [1;32mINFO[0m: [imsi-999700000000013:1:11][0:0:NULL] /nsmf-pdusession/v1/sm-contexts/{smContextRef}/modify (../src/amf/nsmf-handler.c:983)
[32m09/30 15:01:15.895[0m: [[33mamf[0m] [1;32mINFO[0m: [imsi-999700000000004:1] Receive Update SM context(N2-RELEASED) (../src/amf/nsmf-handler.c:683)
[32m09/30 15:01:15.895[0m: [[33mamf[0m] [1;32mINFO[0m: [imsi-999700000000004:1:17][0:1:NULL] /nsmf-pdusession/v1/sm-contexts/{smContextRef}/modify (../src/amf/nsmf-handler.c:983)
[32m09/30 15:01:16.097[0m: [[33mamf[0m] [1;32mINFO[0m: [Added] Number of AMF-Sessions is now 16 (../src/amf/context.c:2953)
[32m09/30 15:01:16.098[0m: [[33mgmm[0m] [1;32mINFO[0m: UE SUPI[imsi-999700000000019] DNN[internet] LBO[0] S_NSSAI[SST:1 SD:0xffffff] smContextRef[NULL] smContextResourceURI[NULL] (../src/amf/gmm-handler.c:1430)
[32m09/30 15:01:16.099[0m: [[33mgmm[0m] [1;32mINFO[0m: No V-SMF Instance (../src/amf/gmm-handler.c:1513)
[32m09/30 15:01:16.100[0m: [[33mgmm[0m] [1;32mINFO[0m: V-SMF not discovered in NON-ROAMING OR LBO (../src/amf/gmm-handler.c:1599)
[32m09/30 15:01:16.100[0m: [[33mgmm[0m] [1;32mINFO[0m: nnssf-nsselection[1:1:(nil):(nil)] (../src/amf/gmm-handler.c:1610)
[32m09/30 15:01:16.101[0m: [[33msbi[0m] [1;32mINFO[0m: [b831e64a-bcdf-41f1-af57-c104e61f2896] Setup NF Instance [type:NSSF] (../lib/sbi/path.c:349)
[32m09/30 15:01:16.104[0m: [[33mamf[0m] [1;32mINFO[0m: [imsi-999700000000004:1] Receive Update SM context(N1-RELEASED) (../src/amf/nsmf-handler.c:695)
[32m09/30 15:01:16.105[0m: [[33mamf[0m] [1;32mINFO[0m: [imsi-999700000000004:1:18][1:1:NULL] /nsmf-pdusession/v1/sm-contexts/{smContextRef}/modify (../src/amf/nsmf-handler.c:983)
[32m09/30 15:01:16.106[0m: [[33mamf[0m] [1;32mINFO[0m: Setup NF EndPoint(addr) [127.0.0.10:7777] (../src/amf/nnssf-handler.c:203)
[32m09/30 15:01:16.106[0m: [[33mamf[0m] [1;36mWARNING[0m: Try to discover by NsiInformation [nsmf-pdusession] (../src/amf/sbi-path.c:554)
[32m09/30 15:01:16.110[0m: [[33msbi[0m] [1;36mWARNING[0m: [b8a9b670-bcdf-41f1-a35e-911d8b75a131] (NRF-discover) NF has already been added [type:SMF] (../lib/sbi/nnrf-handler.c:1460)
[32m09/30 15:01:16.111[0m: [[33msbi[0m] [1;32mINFO[0m: [SMF] NFInstance associated [b8a9b670-bcdf-41f1-a35e-911d8b75a131] (../lib/sbi/context.c:2498)
[32m09/30 15:01:16.111[0m: [[33msbi[0m] [1;36mWARNING[0m: UnRef NF EndPoint(addr) [127.0.0.4:80] (../lib/sbi/context.c:2503)
[32m09/30 15:01:16.112[0m: [[33msbi[0m] [1;32mINFO[0m: Setup NF EndPoint(addr) [127.0.0.4:80] (../lib/sbi/context.c:2503)
[32m09/30 15:01:16.113[0m: [[33msbi[0m] [1;32mINFO[0m: [nsmf-pdusession] NFService associated [b8aaee28-bcdf-41f1-a35e-911d8b75a131] (../lib/sbi/context.c:2138)
[32m09/30 15:01:16.113[0m: [[33msbi[0m] [1;36mWARNING[0m: UnRef NF EndPoint(addr) [127.0.0.4:7777] (../lib/sbi/context.c:2141)
[32m09/30 15:01:16.114[0m: [[33msbi[0m] [1;32mINFO[0m: Setup NF EndPoint(addr) [127.0.0.4:7777] (../lib/sbi/context.c:2141)
[32m09/30 15:01:16.114[0m: [[33msbi[0m] [1;32mINFO[0m: [b8a9b670-bcdf-41f1-a35e-911d8b75a131] (NF-discover) NF Profile updated [type:SMF validity:30s] (../lib/sbi/nnrf-handler.c:1508)
[32m09/30 15:01:16.115[0m: [[33msbi[0m] [1;36mWARNING[0m: [b905f82c-bcdf-41f1-9b17-6188ff3cae7c] (NRF-discover) NF has already been added [type:SMF] (../lib/sbi/nnrf-handler.c:1460)
[32m09/30 15:01:16.115[0m: [[33msbi[0m] [1;32mINFO[0m: [SMF] NFInstance associated [b905f82c-bcdf-41f1-9b17-6188ff3cae7c] (../lib/sbi/context.c:2498)
[32m09/30 15:01:16.116[0m: [[33msbi[0m] [1;36mWARNING[0m: UnRef NF EndPoint(addr) [127.0.0.32:80] (../lib/sbi/context.c:2503)
[32m09/30 15:01:16.117[0m: [[33msbi[0m] [1;32mINFO[0m: Setup NF EndPoint(addr) [127.0.0.32:80] (../lib/sbi/context.c:2503)
[32m09/30 15:01:16.117[0m: [[33msbi[0m] [1;32mINFO[0m: [nsmf-pdusession] NFService associated [b90750f0-bcdf-41f1-9b17-6188ff3cae7c] (../lib/sbi/context.c:2138)
[32m09/30 15:01:16.118[0m: [[33msbi[0m] [1;36mWARNING[0m: UnRef NF EndPoint(addr) [127.0.0.32:7777] (../lib/sbi/context.c:2141)
[32m09/30 15:01:16.119[0m: [[33msbi[0m] [1;32mINFO[0m: Setup NF EndPoint(addr) [127.0.0.32:7777] (../lib/sbi/context.c:2141)
[32m09/30 15:01:16.119[0m: [[33msbi[0m] [1;32mINFO[0m: [b905f82c-bcdf-41f1-9b17-6188ff3cae7c] (NF-discover) NF Profile updated [type:SMF validity:30s] (../lib/sbi/nnrf-handler.c:1508)
[32m09/30 15:01:16.120[0m: [[33msbi[0m] [1;36mWARNING[0m: [b9624884-bcdf-41f1-b78a-7f905b314a30] (NRF-discover) NF has already been added [type:SMF] (../lib/sbi/nnrf-handler.c:1460)
[32m09/30 15:01:16.121[0m: [[33msbi[0m] [1;32mINFO[0m: [SMF] NFInstance associated [b9624884-bcdf-41f1-b78a-7f905b314a30] (../lib/sbi/context.c:2498)
[32m09/30 15:01:16.122[0m: [[33msbi[0m] [1;36mWARNING[0m: UnRef NF EndPoint(addr) [127.0.0.33:80] (../lib/sbi/context.c:2503)
[32m09/30 15:01:16.122[0m: [[33msbi[0m] [1;32mINFO[0m: Setup NF EndPoint(addr) [127.0.0.33:80] (../lib/sbi/context.c:2503)
[32m09/30 15:01:16.123[0m: [[33msbi[0m] [1;32mINFO[0m: [nsmf-pdusession] NFService associated [b963c650-bcdf-41f1-b78a-7f905b314a30] (../lib/sbi/context.c:2138)
[32m09/30 15:01:16.123[0m: [[33msbi[0m] [1;36mWARNING[0m: UnRef NF EndPoint(addr) [127.0.0.33:7777] (../lib/sbi/context.c:2141)
[32m09/30 15:01:16.124[0m: [[33msbi[0m] [1;32mINFO[0m: Setup NF EndPoint(addr) [127.0.0.33:7777] (../lib/sbi/context.c:2141)
[32m09/30 15:01:16.125[0m: [[33msbi[0m] [1;32mINFO[0m: [b9624884-bcdf-41f1-b78a-7f905b314a30] (NF-discover) NF Profile updated [type:SMF validity:30s] (../lib/sbi/nnrf-handler.c:1508)
[32m09/30 15:01:16.126[0m: [[33mamf[0m] [1;32mINFO[0m: LAB_CANDIDATE t=33314589891 nf=b8a9b670-bcdf-41f1-a35e-911d8b75a131 load=50 capacity=100 (../src/amf/lab-selector.h:31)
[32m09/30 15:01:16.127[0m: [[33mamf[0m] [1;32mINFO[0m: LAB_CANDIDATE t=33314590648 nf=b905f82c-bcdf-41f1-9b17-6188ff3cae7c load=50 capacity=100 (../src/amf/lab-selector.h:31)
[32m09/30 15:01:16.127[0m: [[33mamf[0m] [1;32mINFO[0m: LAB_CANDIDATE t=33314591318 nf=b9624884-bcdf-41f1-b78a-7f905b314a30 load=30 capacity=100 (../src/amf/lab-selector.h:31)
[32m09/30 15:01:16.128[0m: [[33mamf[0m] [1;32mINFO[0m: LAB_SELECT t=33314591909 nf=b9624884-bcdf-41f1-b78a-7f905b314a30 load=30 capacity=100 policy=swrr (../src/amf/lab-selector.h:67)
[32m09/30 15:01:16.129[0m: [[33mamf[0m] [1;32mINFO[0m: [b9624884-bcdf-41f1-b78a-7f905b314a30] Setup NF Instance [type:SMF] (../src/amf/sbi-path.c:420)
[32m09/30 15:01:16.130[0m: [[33mamf[0m] [1;32mINFO[0m: [imsi-999700000000004:1][1:1:RELEASED] /namf-callback/v1/{supi}/sm-context-status/{psi} (../src/amf/namf-handler.c:595)
[32m09/30 15:01:16.131[0m: [[33mamf[0m] [1;32mINFO[0m: [imsi-999700000000004:1] Release SM Context [state:31] (../src/amf/nsmf-handler.c:1200)
[32m09/30 15:01:16.131[0m: [[33mamf[0m] [1;32mINFO[0m: [Removed] Number of AMF-Sessions is now 15 (../src/amf/context.c:2960)
[32m09/30 15:01:16.145[0m: [[33mamf[0m] [1;32mINFO[0m: Setup NF EndPoint(addr) [127.0.0.33:7777] (../src/amf/nsmf-handler.c:140)
[32m09/30 15:01:16.165[0m: [[33mamf[0m] [1;32mINFO[0m: [imsi-999700000000019:1:11][0:0:NULL] /nsmf-pdusession/v1/sm-contexts/{smContextRef}/modify (../src/amf/nsmf-handler.c:983)
[32m09/30 15:01:16.367[0m: [[33mamf[0m] [1;32mINFO[0m: [imsi-999700000000005:1] Receive Update SM context(N2-RELEASED) (../src/amf/nsmf-handler.c:683)
[32m09/30 15:01:16.368[0m: [[33mamf[0m] [1;32mINFO[0m: [imsi-999700000000005:1:17][0:1:NULL] /nsmf-pdusession/v1/sm-contexts/{smContextRef}/modify (../src/amf/nsmf-handler.c:983)
[32m09/30 15:01:16.568[0m: [[33mamf[0m] [1;32mINFO[0m: [Added] Number of AMF-Sessions is now 16 (../src/amf/context.c:2953)
[32m09/30 15:01:16.569[0m: [[33mgmm[0m] [1;32mINFO[0m: UE SUPI[imsi-999700000000004] DNN[internet] LBO[0] S_NSSAI[SST:1 SD:0xffffff] smContextRef[NULL] smContextResourceURI[NULL] (../src/amf/gmm-handler.c:1430)
[32m09/30 15:01:16.570[0m: [[33mgmm[0m] [1;32mINFO[0m: No V-SMF Instance (../src/amf/gmm-handler.c:1513)
[32m09/30 15:01:16.571[0m: [[33mgmm[0m] [1;32mINFO[0m: V-SMF not discovered in NON-ROAMING OR LBO (../src/amf/gmm-handler.c:1599)
[32m09/30 15:01:16.572[0m: [[33mgmm[0m] [1;32mINFO[0m: nnssf-nsselection[1:1:(nil):(nil)] (../src/amf/gmm-handler.c:1610)
[32m09/30 15:01:16.573[0m: [[33msbi[0m] [1;32mINFO[0m: [b831e64a-bcdf-41f1-af57-c104e61f2896] Setup NF Instance [type:NSSF] (../lib/sbi/path.c:349)
[32m09/30 15:01:16.575[0m: [[33mamf[0m] [1;32mINFO[0m: [imsi-999700000000005:1] Receive Update SM context(N1-RELEASED) (../src/amf/nsmf-handler.c:695)
[32m09/30 15:01:16.576[0m: [[33mamf[0m] [1;32mINFO[0m: [imsi-999700000000005:1:18][1:1:NULL] /nsmf-pdusession/v1/sm-contexts/{smContextRef}/modify (../src/amf/nsmf-handler.c:983)
[32m09/30 15:01:16.577[0m: [[33mamf[0m] [1;32mINFO[0m: Setup NF EndPoint(addr) [127.0.0.10:7777] (../src/amf/nnssf-handler.c:203)
[32m09/30 15:01:16.578[0m: [[33mamf[0m] [1;36mWARNING[0m: Try to discover by NsiInformation [nsmf-pdusession] (../src/amf/sbi-path.c:554)
[32m09/30 15:01:16.581[0m: [[33msbi[0m] [1;36mWARNING[0m: [b8a9b670-bcdf-41f1-a35e-911d8b75a131] (NRF-discover) NF has already been added [type:SMF] (../lib/sbi/nnrf-handler.c:1460)
[32m09/30 15:01:16.582[0m: [[33msbi[0m] [1;32mINFO[0m: [SMF] NFInstance associated [b8a9b670-bcdf-41f1-a35e-911d8b75a131] (../lib/sbi/context.c:2498)
[32m09/30 15:01:16.583[0m: [[33msbi[0m] [1;36mWARNING[0m: UnRef NF EndPoint(addr) [127.0.0.4:80] (../lib/sbi/context.c:2503)
[32m09/30 15:01:16.583[0m: [[33msbi[0m] [1;32mINFO[0m: Setup NF EndPoint(addr) [127.0.0.4:80] (../lib/sbi/context.c:2503)
[32m09/30 15:01:16.584[0m: [[33msbi[0m] [1;32mINFO[0m: [nsmf-pdusession] NFService associated [b8aaee28-bcdf-41f1-a35e-911d8b75a131] (../lib/sbi/context.c:2138)
[32m09/30 15:01:16.585[0m: [[33msbi[0m] [1;36mWARNING[0m: UnRef NF EndPoint(addr) [127.0.0.4:7777] (../lib/sbi/context.c:2141)
[32m09/30 15:01:16.586[0m: [[33msbi[0m] [1;32mINFO[0m: Setup NF EndPoint(addr) [127.0.0.4:7777] (../lib/sbi/context.c:2141)
[32m09/30 15:01:16.586[0m: [[33msbi[0m] [1;32mINFO[0m: [b8a9b670-bcdf-41f1-a35e-911d8b75a131] (NF-discover) NF Profile updated [type:SMF validity:30s] (../lib/sbi/nnrf-handler.c:1508)
[32m09/30 15:01:16.587[0m: [[33msbi[0m] [1;36mWARNING[0m: [b905f82c-bcdf-41f1-9b17-6188ff3cae7c] (NRF-discover) NF has already been added [type:SMF] (../lib/sbi/nnrf-handler.c:1460)
[32m09/30 15:01:16.588[0m: [[33msbi[0m] [1;32mINFO[0m: [SMF] NFInstance associated [b905f82c-bcdf-41f1-9b17-6188ff3cae7c] (../lib/sbi/context.c:2498)
[32m09/30 15:01:16.588[0m: [[33msbi[0m] [1;36mWARNING[0m: UnRef NF EndPoint(addr) [127.0.0.32:80] (../lib/sbi/context.c:2503)
[32m09/30 15:01:16.589[0m: [[33msbi[0m] [1;32mINFO[0m: Setup NF EndPoint(addr) [127.0.0.32:80] (../lib/sbi/context.c:2503)
[32m09/30 15:01:16.590[0m: [[33msbi[0m] [1;32mINFO[0m: [nsmf-pdusession] NFService associated [b90750f0-bcdf-41f1-9b17-6188ff3cae7c] (../lib/sbi/context.c:2138)
[32m09/30 15:01:16.590[0m: [[33msbi[0m] [1;36mWARNING[0m: UnRef NF EndPoint(addr) [127.0.0.32:7777] (../lib/sbi/context.c:2141)
[32m09/30 15:01:16.591[0m: [[33msbi[0m] [1;32mINFO[0m: Setup NF EndPoint(addr) [127.0.0.32:7777] (../lib/sbi/context.c:2141)
[32m09/30 15:01:16.591[0m: [[33msbi[0m] [1;32mINFO[0m: [b905f82c-bcdf-41f1-9b17-6188ff3cae7c] (NF-discover) NF Profile updated [type:SMF validity:30s] (../lib/sbi/nnrf-handler.c:1508)
[32m09/30 15:01:16.592[0m: [[33msbi[0m] [1;36mWARNING[0m: [b9624884-bcdf-41f1-b78a-7f905b314a30] (NRF-discover) NF has already been added [type:SMF] (../lib/sbi/nnrf-handler.c:1460)
[32m09/30 15:01:16.593[0m: [[33msbi[0m] [1;32mINFO[0m: [SMF] NFInstance associated [b9624884-bcdf-41f1-b78a-7f905b314a30] (../lib/sbi/context.c:2498)
[32m09/30 15:01:16.593[0m: [[33msbi[0m] [1;36mWARNING[0m: UnRef NF EndPoint(addr) [127.0.0.33:80] (../lib/sbi/context.c:2503)
[32m09/30 15:01:16.594[0m: [[33msbi[0m] [1;32mINFO[0m: Setup NF EndPoint(addr) [127.0.0.33:80] (../lib/sbi/context.c:2503)
[32m09/30 15:01:16.594[0m: [[33msbi[0m] [1;32mINFO[0m: [nsmf-pdusession] NFService associated [b963c650-bcdf-41f1-b78a-7f905b314a30] (../lib/sbi/context.c:2138)
[32m09/30 15:01:16.595[0m: [[33msbi[0m] [1;36mWARNING[0m: UnRef NF EndPoint(addr) [127.0.0.33:7777] (../lib/sbi/context.c:2141)
[32m09/30 15:01:16.596[0m: [[33msbi[0m] [1;32mINFO[0m: Setup NF EndPoint(addr) [127.0.0.33:7777] (../lib/sbi/context.c:2141)
[32m09/30 15:01:16.596[0m: [[33msbi[0m] [1;32mINFO[0m: [b9624884-bcdf-41f1-b78a-7f905b314a30] (NF-discover) NF Profile updated [type:SMF validity:30s] (../lib/sbi/nnrf-handler.c:1508)
[32m09/30 15:01:16.597[0m: [[33mamf[0m] [1;32mINFO[0m: LAB_CANDIDATE t=33315060850 nf=b8a9b670-bcdf-41f1-a35e-911d8b75a131 load=50 capacity=100 (../src/amf/lab-selector.h:31)
[32m09/30 15:01:16.597[0m: [[33mamf[0m] [1;32mINFO[0m: LAB_CANDIDATE t=33315061393 nf=b905f82c-bcdf-41f1-9b17-6188ff3cae7c load=30 capacity=100 (../src/amf/lab-selector.h:31)
[32m09/30 15:01:16.598[0m: [[33mamf[0m] [1;32mINFO[0m: LAB_CANDIDATE t=33315062047 nf=b9624884-bcdf-41f1-b78a-7f905b314a30 load=30 capacity=100 (../src/amf/lab-selector.h:31)
[32m09/30 15:01:16.599[0m: [[33mamf[0m] [1;32mINFO[0m: LAB_SELECT t=33315063034 nf=b905f82c-bcdf-41f1-9b17-6188ff3cae7c load=30 capacity=100 policy=swrr (../src/amf/lab-selector.h:67)
[32m09/30 15:01:16.600[0m: [[33mamf[0m] [1;32mINFO[0m: [b905f82c-bcdf-41f1-9b17-6188ff3cae7c] Setup NF Instance [type:SMF] (../src/amf/sbi-path.c:420)
[32m09/30 15:01:16.601[0m: [[33mamf[0m] [1;32mINFO[0m: [imsi-999700000000005:1][1:1:RELEASED] /namf-callback/v1/{supi}/sm-context-status/{psi} (../src/amf/namf-handler.c:595)
[32m09/30 15:01:16.602[0m: [[33mamf[0m] [1;32mINFO[0m: [imsi-999700000000005:1] Release SM Context [state:31] (../src/amf/nsmf-handler.c:1200)
[32m09/30 15:01:16.602[0m: [[33mamf[0m] [1;32mINFO[0m: [Removed] Number of AMF-Sessions is now 15 (../src/amf/context.c:2960)
[32m09/30 15:01:16.616[0m: [[33mamf[0m] [1;32mINFO[0m: Setup NF EndPoint(addr) [127.0.0.32:7777] (../src/amf/nsmf-handler.c:140)
[32m09/30 15:01:16.641[0m: [[33mamf[0m] [1;32mINFO[0m: [imsi-999700000000004:1:11][0:0:NULL] /nsmf-pdusession/v1/sm-contexts/{smContextRef}/modify (../src/amf/nsmf-handler.c:983)
[32m09/30 15:01:16.841[0m: [[33mamf[0m] [1;32mINFO[0m: [imsi-999700000000007:1] Receive Update SM context(N2-RELEASED) (../src/amf/nsmf-handler.c:683)
[32m09/30 15:01:16.842[0m: [[33mamf[0m] [1;32mINFO[0m: [imsi-999700000000007:1:17][0:1:NULL] /nsmf-pdusession/v1/sm-contexts/{smContextRef}/modify (../src/amf/nsmf-handler.c:983)
[32m09/30 15:01:17.041[0m: [[33mamf[0m] [1;32mINFO[0m: [Added] Number of AMF-Sessions is now 16 (../src/amf/context.c:2953)
[32m09/30 15:01:17.042[0m: [[33mgmm[0m] [1;32mINFO[0m: UE SUPI[imsi-999700000000024] DNN[internet] LBO[0] S_NSSAI[SST:1 SD:0xffffff] smContextRef[NULL] smContextResourceURI[NULL] (../src/amf/gmm-handler.c:1430)
[32m09/30 15:01:17.043[0m: [[33mgmm[0m] [1;32mINFO[0m: No V-SMF Instance (../src/amf/gmm-handler.c:1513)
[32m09/30 15:01:17.043[0m: [[33mgmm[0m] [1;32mINFO[0m: V-SMF not discovered in NON-ROAMING OR LBO (../src/amf/gmm-handler.c:1599)
[32m09/30 15:01:17.044[0m: [[33mgmm[0m] [1;32mINFO[0m: nnssf-nsselection[1:1:(nil):(nil)] (../src/amf/gmm-handler.c:1610)
[32m09/30 15:01:17.045[0m: [[33msbi[0m] [1;32mINFO[0m: [b831e64a-bcdf-41f1-af57-c104e61f2896] Setup NF Instance [type:NSSF] (../lib/sbi/path.c:349)
[32m09/30 15:01:17.048[0m: [[33mamf[0m] [1;32mINFO[0m: [imsi-999700000000007:1] Receive Update SM context(N1-RELEASED) (../src/amf/nsmf-handler.c:695)
[32m09/30 15:01:17.049[0m: [[33mamf[0m] [1;32mINFO[0m: [imsi-999700000000007:1:18][1:1:NULL] /nsmf-pdusession/v1/sm-contexts/{smContextRef}/modify (../src/amf/nsmf-handler.c:983)
[32m09/30 15:01:17.050[0m: [[33mamf[0m] [1;32mINFO[0m: Setup NF EndPoint(addr) [127.0.0.10:7777] (../src/amf/nnssf-handler.c:203)
[32m09/30 15:01:17.050[0m: [[33mamf[0m] [1;36mWARNING[0m: Try to discover by NsiInformation [nsmf-pdusession] (../src/amf/sbi-path.c:554)
[32m09/30 15:01:17.053[0m: [[33msbi[0m] [1;36mWARNING[0m: [b8a9b670-bcdf-41f1-a35e-911d8b75a131] (NRF-discover) NF has already been added [type:SMF] (../lib/sbi/nnrf-handler.c:1460)
[32m09/30 15:01:17.054[0m: [[33msbi[0m] [1;32mINFO[0m: [SMF] NFInstance associated [b8a9b670-bcdf-41f1-a35e-911d8b75a131] (../lib/sbi/context.c:2498)
[32m09/30 15:01:17.055[0m: [[33msbi[0m] [1;36mWARNING[0m: UnRef NF EndPoint(addr) [127.0.0.4:80] (../lib/sbi/context.c:2503)
[32m09/30 15:01:17.055[0m: [[33msbi[0m] [1;32mINFO[0m: Setup NF EndPoint(addr) [127.0.0.4:80] (../lib/sbi/context.c:2503)
[32m09/30 15:01:17.056[0m: [[33msbi[0m] [1;32mINFO[0m: [nsmf-pdusession] NFService associated [b8aaee28-bcdf-41f1-a35e-911d8b75a131] (../lib/sbi/context.c:2138)
[32m09/30 15:01:17.057[0m: [[33msbi[0m] [1;36mWARNING[0m: UnRef NF EndPoint(addr) [127.0.0.4:7777] (../lib/sbi/context.c:2141)
[32m09/30 15:01:17.057[0m: [[33msbi[0m] [1;32mINFO[0m: Setup NF EndPoint(addr) [127.0.0.4:7777] (../lib/sbi/context.c:2141)
[32m09/30 15:01:17.058[0m: [[33msbi[0m] [1;32mINFO[0m: [b8a9b670-bcdf-41f1-a35e-911d8b75a131] (NF-discover) NF Profile updated [type:SMF validity:30s] (../lib/sbi/nnrf-handler.c:1508)
[32m09/30 15:01:17.058[0m: [[33msbi[0m] [1;36mWARNING[0m: [b905f82c-bcdf-41f1-9b17-6188ff3cae7c] (NRF-discover) NF has already been added [type:SMF] (../lib/sbi/nnrf-handler.c:1460)
[32m09/30 15:01:17.059[0m: [[33msbi[0m] [1;32mINFO[0m: [SMF] NFInstance associated [b905f82c-bcdf-41f1-9b17-6188ff3cae7c] (../lib/sbi/context.c:2498)
[32m09/30 15:01:17.060[0m: [[33msbi[0m] [1;36mWARNING[0m: UnRef NF EndPoint(addr) [127.0.0.32:80] (../lib/sbi/context.c:2503)
[32m09/30 15:01:17.060[0m: [[33msbi[0m] [1;32mINFO[0m: Setup NF EndPoint(addr) [127.0.0.32:80] (../lib/sbi/context.c:2503)
[32m09/30 15:01:17.061[0m: [[33msbi[0m] [1;32mINFO[0m: [nsmf-pdusession] NFService associated [b90750f0-bcdf-41f1-9b17-6188ff3cae7c] (../lib/sbi/context.c:2138)
[32m09/30 15:01:17.062[0m: [[33msbi[0m] [1;36mWARNING[0m: UnRef NF EndPoint(addr) [127.0.0.32:7777] (../lib/sbi/context.c:2141)
[32m09/30 15:01:17.063[0m: [[33msbi[0m] [1;32mINFO[0m: Setup NF EndPoint(addr) [127.0.0.32:7777] (../lib/sbi/context.c:2141)
[32m09/30 15:01:17.063[0m: [[33msbi[0m] [1;32mINFO[0m: [b905f82c-bcdf-41f1-9b17-6188ff3cae7c] (NF-discover) NF Profile updated [type:SMF validity:30s] (../lib/sbi/nnrf-handler.c:1508)
[32m09/30 15:01:17.064[0m: [[33msbi[0m] [1;36mWARNING[0m: [b9624884-bcdf-41f1-b78a-7f905b314a30] (NRF-discover) NF has already been added [type:SMF] (../lib/sbi/nnrf-handler.c:1460)
[32m09/30 15:01:17.064[0m: [[33msbi[0m] [1;32mINFO[0m: [SMF] NFInstance associated [b9624884-bcdf-41f1-b78a-7f905b314a30] (../lib/sbi/context.c:2498)
[32m09/30 15:01:17.065[0m: [[33msbi[0m] [1;36mWARNING[0m: UnRef NF EndPoint(addr) [127.0.0.33:80] (../lib/sbi/context.c:2503)
[32m09/30 15:01:17.065[0m: [[33msbi[0m] [1;32mINFO[0m: Setup NF EndPoint(addr) [127.0.0.33:80] (../lib/sbi/context.c:2503)
[32m09/30 15:01:17.066[0m: [[33msbi[0m] [1;32mINFO[0m: [nsmf-pdusession] NFService associated [b963c650-bcdf-41f1-b78a-7f905b314a30] (../lib/sbi/context.c:2138)
[32m09/30 15:01:17.066[0m: [[33msbi[0m] [1;36mWARNING[0m: UnRef NF EndPoint(addr) [127.0.0.33:7777] (../lib/sbi/context.c:2141)
[32m09/30 15:01:17.067[0m: [[33msbi[0m] [1;32mINFO[0m: Setup NF EndPoint(addr) [127.0.0.33:7777] (../lib/sbi/context.c:2141)
[32m09/30 15:01:17.067[0m: [[33msbi[0m] [1;32mINFO[0m: [b9624884-bcdf-41f1-b78a-7f905b314a30] (NF-discover) NF Profile updated [type:SMF validity:30s] (../lib/sbi/nnrf-handler.c:1508)
[32m09/30 15:01:17.068[0m: [[33mamf[0m] [1;32mINFO[0m: LAB_CANDIDATE t=33315531995 nf=b8a9b670-bcdf-41f1-a35e-911d8b75a131 load=50 capacity=100 (../src/amf/lab-selector.h:31)
[32m09/30 15:01:17.069[0m: [[33mamf[0m] [1;32mINFO[0m: LAB_CANDIDATE t=33315532726 nf=b905f82c-bcdf-41f1-9b17-6188ff3cae7c load=30 capacity=100 (../src/amf/lab-selector.h:31)
[32m09/30 15:01:17.069[0m: [[33mamf[0m] [1;32mINFO[0m: LAB_CANDIDATE t=33315533480 nf=b9624884-bcdf-41f1-b78a-7f905b314a30 load=30 capacity=100 (../src/amf/lab-selector.h:31)
[32m09/30 15:01:17.070[0m: [[33mamf[0m] [1;32mINFO[0m: LAB_SELECT t=33315534156 nf=b8a9b670-bcdf-41f1-a35e-911d8b75a131 load=50 capacity=100 policy=swrr (../src/amf/lab-selector.h:67)
[32m09/30 15:01:17.071[0m: [[33mamf[0m] [1;32mINFO[0m: [b8a9b670-bcdf-41f1-a35e-911d8b75a131] Setup NF Instance [type:SMF] (../src/amf/sbi-path.c:420)
[32m09/30 15:01:17.072[0m: [[33mamf[0m] [1;32mINFO[0m: [imsi-999700000000007:1][1:1:RELEASED] /namf-callback/v1/{supi}/sm-context-status/{psi} (../src/amf/namf-handler.c:595)
[32m09/30 15:01:17.072[0m: [[33mamf[0m] [1;32mINFO[0m: [imsi-999700000000007:1] Release SM Context [state:31] (../src/amf/nsmf-handler.c:1200)
[32m09/30 15:01:17.073[0m: [[33mamf[0m] [1;32mINFO[0m: [Removed] Number of AMF-Sessions is now 15 (../src/amf/context.c:2960)
[32m09/30 15:01:17.086[0m: [[33mamf[0m] [1;32mINFO[0m: Setup NF EndPoint(addr) [127.0.0.4:7777] (../src/amf/nsmf-handler.c:140)
[32m09/30 15:01:17.113[0m: [[33mamf[0m] [1;32mINFO[0m: [imsi-999700000000024:1:11][0:0:NULL] /nsmf-pdusession/v1/sm-contexts/{smContextRef}/modify (../src/amf/nsmf-handler.c:983)
[32m09/30 15:01:17.317[0m: [[33mamf[0m] [1;32mINFO[0m: [imsi-999700000000023:1] Receive Update SM context(N2-RELEASED) (../src/amf/nsmf-handler.c:683)
[32m09/30 15:01:17.318[0m: [[33mamf[0m] [1;32mINFO[0m: [imsi-999700000000023:1:17][0:1:NULL] /nsmf-pdusession/v1/sm-contexts/{smContextRef}/modify (../src/amf/nsmf-handler.c:983)
[32m09/30 15:01:17.517[0m: [[33mamf[0m] [1;32mINFO[0m: [Added] Number of AMF-Sessions is now 16 (../src/amf/context.c:2953)
[32m09/30 15:01:17.518[0m: [[33mgmm[0m] [1;32mINFO[0m: UE SUPI[imsi-999700000000002] DNN[internet] LBO[0] S_NSSAI[SST:1 SD:0xffffff] smContextRef[NULL] smContextResourceURI[NULL] (../src/amf/gmm-handler.c:1430)
[32m09/30 15:01:17.519[0m: [[33mgmm[0m] [1;32mINFO[0m: No V-SMF Instance (../src/amf/gmm-handler.c:1513)
[32m09/30 15:01:17.520[0m: [[33mgmm[0m] [1;32mINFO[0m: V-SMF not discovered in NON-ROAMING OR LBO (../src/amf/gmm-handler.c:1599)
[32m09/30 15:01:17.521[0m: [[33mgmm[0m] [1;32mINFO[0m: nnssf-nsselection[1:1:(nil):(nil)] (../src/amf/gmm-handler.c:1610)
[32m09/30 15:01:17.521[0m: [[33msbi[0m] [1;32mINFO[0m: [b831e64a-bcdf-41f1-af57-c104e61f2896] Setup NF Instance [type:NSSF] (../lib/sbi/path.c:349)
[32m09/30 15:01:17.522[0m: [[33mamf[0m] [1;32mINFO[0m: [imsi-999700000000023:1] Receive Update SM context(N1-RELEASED) (../src/amf/nsmf-handler.c:695)
[32m09/30 15:01:17.523[0m: [[33mamf[0m] [1;32mINFO[0m: [imsi-999700000000023:1:18][1:1:NULL] /nsmf-pdusession/v1/sm-contexts/{smContextRef}/modify (../src/amf/nsmf-handler.c:983)
[32m09/30 15:01:17.525[0m: [[33mamf[0m] [1;32mINFO[0m: Setup NF EndPoint(addr) [127.0.0.10:7777] (../src/amf/nnssf-handler.c:203)
[32m09/30 15:01:17.526[0m: [[33mamf[0m] [1;36mWARNING[0m: Try to discover by NsiInformation [nsmf-pdusession] (../src/amf/sbi-path.c:554)
[32m09/30 15:01:17.530[0m: [[33msbi[0m] [1;36mWARNING[0m: [b8a9b670-bcdf-41f1-a35e-911d8b75a131] (NRF-discover) NF has already been added [type:SMF] (../lib/sbi/nnrf-handler.c:1460)
[32m09/30 15:01:17.530[0m: [[33msbi[0m] [1;32mINFO[0m: [SMF] NFInstance associated [b8a9b670-bcdf-41f1-a35e-911d8b75a131] (../lib/sbi/context.c:2498)
[32m09/30 15:01:17.531[0m: [[33msbi[0m] [1;36mWARNING[0m: UnRef NF EndPoint(addr) [127.0.0.4:80] (../lib/sbi/context.c:2503)
[32m09/30 15:01:17.532[0m: [[33msbi[0m] [1;32mINFO[0m: Setup NF EndPoint(addr) [127.0.0.4:80] (../lib/sbi/context.c:2503)
[32m09/30 15:01:17.532[0m: [[33msbi[0m] [1;32mINFO[0m: [nsmf-pdusession] NFService associated [b8aaee28-bcdf-41f1-a35e-911d8b75a131] (../lib/sbi/context.c:2138)
[32m09/30 15:01:17.533[0m: [[33msbi[0m] [1;36mWARNING[0m: UnRef NF EndPoint(addr) [127.0.0.4:7777] (../lib/sbi/context.c:2141)
[32m09/30 15:01:17.534[0m: [[33msbi[0m] [1;32mINFO[0m: Setup NF EndPoint(addr) [127.0.0.4:7777] (../lib/sbi/context.c:2141)
[32m09/30 15:01:17.534[0m: [[33msbi[0m] [1;32mINFO[0m: [b8a9b670-bcdf-41f1-a35e-911d8b75a131] (NF-discover) NF Profile updated [type:SMF validity:30s] (../lib/sbi/nnrf-handler.c:1508)
[32m09/30 15:01:17.535[0m: [[33msbi[0m] [1;36mWARNING[0m: [b905f82c-bcdf-41f1-9b17-6188ff3cae7c] (NRF-discover) NF has already been added [type:SMF] (../lib/sbi/nnrf-handler.c:1460)
[32m09/30 15:01:17.536[0m: [[33msbi[0m] [1;32mINFO[0m: [SMF] NFInstance associated [b905f82c-bcdf-41f1-9b17-6188ff3cae7c] (../lib/sbi/context.c:2498)
[32m09/30 15:01:17.536[0m: [[33msbi[0m] [1;36mWARNING[0m: UnRef NF EndPoint(addr) [127.0.0.32:80] (../lib/sbi/context.c:2503)
[32m09/30 15:01:17.537[0m: [[33msbi[0m] [1;32mINFO[0m: Setup NF EndPoint(addr) [127.0.0.32:80] (../lib/sbi/context.c:2503)
[32m09/30 15:01:17.538[0m: [[33msbi[0m] [1;32mINFO[0m: [nsmf-pdusession] NFService associated [b90750f0-bcdf-41f1-9b17-6188ff3cae7c] (../lib/sbi/context.c:2138)
[32m09/30 15:01:17.538[0m: [[33msbi[0m] [1;36mWARNING[0m: UnRef NF EndPoint(addr) [127.0.0.32:7777] (../lib/sbi/context.c:2141)
[32m09/30 15:01:17.539[0m: [[33msbi[0m] [1;32mINFO[0m: Setup NF EndPoint(addr) [127.0.0.32:7777] (../lib/sbi/context.c:2141)
[32m09/30 15:01:17.540[0m: [[33msbi[0m] [1;32mINFO[0m: [b905f82c-bcdf-41f1-9b17-6188ff3cae7c] (NF-discover) NF Profile updated [type:SMF validity:30s] (../lib/sbi/nnrf-handler.c:1508)
[32m09/30 15:01:17.540[0m: [[33msbi[0m] [1;36mWARNING[0m: [b9624884-bcdf-41f1-b78a-7f905b314a30] (NRF-discover) NF has already been added [type:SMF] (../lib/sbi/nnrf-handler.c:1460)
[32m09/30 15:01:17.541[0m: [[33msbi[0m] [1;32mINFO[0m: [SMF] NFInstance associated [b9624884-bcdf-41f1-b78a-7f905b314a30] (../lib/sbi/context.c:2498)
[32m09/30 15:01:17.542[0m: [[33msbi[0m] [1;36mWARNING[0m: UnRef NF EndPoint(addr) [127.0.0.33:80] (../lib/sbi/context.c:2503)
[32m09/30 15:01:17.542[0m: [[33msbi[0m] [1;32mINFO[0m: Setup NF EndPoint(addr) [127.0.0.33:80] (../lib/sbi/context.c:2503)
[32m09/30 15:01:17.543[0m: [[33msbi[0m] [1;32mINFO[0m: [nsmf-pdusession] NFService associated [b963c650-bcdf-41f1-b78a-7f905b314a30] (../lib/sbi/context.c:2138)
[32m09/30 15:01:17.543[0m: [[33msbi[0m] [1;36mWARNING[0m: UnRef NF EndPoint(addr) [127.0.0.33:7777] (../lib/sbi/context.c:2141)
[32m09/30 15:01:17.544[0m: [[33msbi[0m] [1;32mINFO[0m: Setup NF EndPoint(addr) [127.0.0.33:7777] (../lib/sbi/context.c:2141)
[32m09/30 15:01:17.544[0m: [[33msbi[0m] [1;32mINFO[0m: [b9624884-bcdf-41f1-b78a-7f905b314a30] (NF-discover) NF Profile updated [type:SMF validity:30s] (../lib/sbi/nnrf-handler.c:1508)
[32m09/30 15:01:17.545[0m: [[33mamf[0m] [1;32mINFO[0m: LAB_CANDIDATE t=33316009165 nf=b8a9b670-bcdf-41f1-a35e-911d8b75a131 load=50 capacity=100 (../src/amf/lab-selector.h:31)
[32m09/30 15:01:17.546[0m: [[33mamf[0m] [1;32mINFO[0m: LAB_CANDIDATE t=33316009794 nf=b905f82c-bcdf-41f1-9b17-6188ff3cae7c load=40 capacity=100 (../src/amf/lab-selector.h:31)
[32m09/30 15:01:17.546[0m: [[33mamf[0m] [1;32mINFO[0m: LAB_CANDIDATE t=33316010405 nf=b9624884-bcdf-41f1-b78a-7f905b314a30 load=30 capacity=100 (../src/amf/lab-selector.h:31)
[32m09/30 15:01:17.547[0m: [[33mamf[0m] [1;32mINFO[0m: LAB_SELECT t=33316010959 nf=b9624884-bcdf-41f1-b78a-7f905b314a30 load=30 capacity=100 policy=swrr (../src/amf/lab-selector.h:67)
[32m09/30 15:01:17.548[0m: [[33mamf[0m] [1;32mINFO[0m: [b9624884-bcdf-41f1-b78a-7f905b314a30] Setup NF Instance [type:SMF] (../src/amf/sbi-path.c:420)
[32m09/30 15:01:17.548[0m: [[33mamf[0m] [1;32mINFO[0m: [imsi-999700000000023:1][1:1:RELEASED] /namf-callback/v1/{supi}/sm-context-status/{psi} (../src/amf/namf-handler.c:595)
[32m09/30 15:01:17.549[0m: [[33mamf[0m] [1;32mINFO[0m: [imsi-999700000000023:1] Release SM Context [state:31] (../src/amf/nsmf-handler.c:1200)
[32m09/30 15:01:17.550[0m: [[33mamf[0m] [1;32mINFO[0m: [Removed] Number of AMF-Sessions is now 15 (../src/amf/context.c:2960)
[32m09/30 15:01:17.560[0m: [[33mamf[0m] [1;32mINFO[0m: Setup NF EndPoint(addr) [127.0.0.33:7777] (../src/amf/nsmf-handler.c:140)
[32m09/30 15:01:17.582[0m: [[33mamf[0m] [1;32mINFO[0m: [imsi-999700000000002:1:11][0:0:NULL] /nsmf-pdusession/v1/sm-contexts/{smContextRef}/modify (../src/amf/nsmf-handler.c:983)
[32m09/30 15:01:17.787[0m: [[33mamf[0m] [1;32mINFO[0m: [imsi-999700000000011:1] Receive Update SM context(N2-RELEASED) (../src/amf/nsmf-handler.c:683)
[32m09/30 15:01:17.788[0m: [[33mamf[0m] [1;32mINFO[0m: [imsi-999700000000011:1:17][0:1:NULL] /nsmf-pdusession/v1/sm-contexts/{smContextRef}/modify (../src/amf/nsmf-handler.c:983)
[32m09/30 15:01:17.989[0m: [[33mamf[0m] [1;32mINFO[0m: [Added] Number of AMF-Sessions is now 16 (../src/amf/context.c:2953)
[32m09/30 15:01:17.989[0m: [[33mgmm[0m] [1;32mINFO[0m: UE SUPI[imsi-999700000000022] DNN[internet] LBO[0] S_NSSAI[SST:1 SD:0xffffff] smContextRef[NULL] smContextResourceURI[NULL] (../src/amf/gmm-handler.c:1430)
[32m09/30 15:01:17.990[0m: [[33mgmm[0m] [1;32mINFO[0m: No V-SMF Instance (../src/amf/gmm-handler.c:1513)
[32m09/30 15:01:17.990[0m: [[33mgmm[0m] [1;32mINFO[0m: V-SMF not discovered in NON-ROAMING OR LBO (../src/amf/gmm-handler.c:1599)
[32m09/30 15:01:17.991[0m: [[33mgmm[0m] [1;32mINFO[0m: nnssf-nsselection[1:1:(nil):(nil)] (../src/amf/gmm-handler.c:1610)
[32m09/30 15:01:17.992[0m: [[33msbi[0m] [1;32mINFO[0m: [b831e64a-bcdf-41f1-af57-c104e61f2896] Setup NF Instance [type:NSSF] (../lib/sbi/path.c:349)
[32m09/30 15:01:17.995[0m: [[33mamf[0m] [1;32mINFO[0m: [imsi-999700000000011:1] Receive Update SM context(N1-RELEASED) (../src/amf/nsmf-handler.c:695)
[32m09/30 15:01:17.997[0m: [[33mamf[0m] [1;32mINFO[0m: [imsi-999700000000011:1:18][1:1:NULL] /nsmf-pdusession/v1/sm-contexts/{smContextRef}/modify (../src/amf/nsmf-handler.c:983)
[32m09/30 15:01:17.998[0m: [[33mamf[0m] [1;32mINFO[0m: Setup NF EndPoint(addr) [127.0.0.10:7777] (../src/amf/nnssf-handler.c:203)
[32m09/30 15:01:17.998[0m: [[33mamf[0m] [1;36mWARNING[0m: Try to discover by NsiInformation [nsmf-pdusession] (../src/amf/sbi-path.c:554)
[32m09/30 15:01:18.001[0m: [[33msbi[0m] [1;36mWARNING[0m: [b8a9b670-bcdf-41f1-a35e-911d8b75a131] (NRF-discover) NF has already been added [type:SMF] (../lib/sbi/nnrf-handler.c:1460)
[32m09/30 15:01:18.002[0m: [[33msbi[0m] [1;32mINFO[0m: [SMF] NFInstance associated [b8a9b670-bcdf-41f1-a35e-911d8b75a131] (../lib/sbi/context.c:2498)
[32m09/30 15:01:18.003[0m: [[33msbi[0m] [1;36mWARNING[0m: UnRef NF EndPoint(addr) [127.0.0.4:80] (../lib/sbi/context.c:2503)
[32m09/30 15:01:18.004[0m: [[33msbi[0m] [1;32mINFO[0m: Setup NF EndPoint(addr) [127.0.0.4:80] (../lib/sbi/context.c:2503)
[32m09/30 15:01:18.004[0m: [[33msbi[0m] [1;32mINFO[0m: [nsmf-pdusession] NFService associated [b8aaee28-bcdf-41f1-a35e-911d8b75a131] (../lib/sbi/context.c:2138)
[32m09/30 15:01:18.005[0m: [[33msbi[0m] [1;36mWARNING[0m: UnRef NF EndPoint(addr) [127.0.0.4:7777] (../lib/sbi/context.c:2141)
[32m09/30 15:01:18.006[0m: [[33msbi[0m] [1;32mINFO[0m: Setup NF EndPoint(addr) [127.0.0.4:7777] (../lib/sbi/context.c:2141)
[32m09/30 15:01:18.006[0m: [[33msbi[0m] [1;32mINFO[0m: [b8a9b670-bcdf-41f1-a35e-911d8b75a131] (NF-discover) NF Profile updated [type:SMF validity:30s] (../lib/sbi/nnrf-handler.c:1508)
[32m09/30 15:01:18.007[0m: [[33msbi[0m] [1;36mWARNING[0m: [b905f82c-bcdf-41f1-9b17-6188ff3cae7c] (NRF-discover) NF has already been added [type:SMF] (../lib/sbi/nnrf-handler.c:1460)
[32m09/30 15:01:18.007[0m: [[33msbi[0m] [1;32mINFO[0m: [SMF] NFInstance associated [b905f82c-bcdf-41f1-9b17-6188ff3cae7c] (../lib/sbi/context.c:2498)
[32m09/30 15:01:18.008[0m: [[33msbi[0m] [1;36mWARNING[0m: UnRef NF EndPoint(addr) [127.0.0.32:80] (../lib/sbi/context.c:2503)
[32m09/30 15:01:18.009[0m: [[33msbi[0m] [1;32mINFO[0m: Setup NF EndPoint(addr) [127.0.0.32:80] (../lib/sbi/context.c:2503)
[32m09/30 15:01:18.009[0m: [[33msbi[0m] [1;32mINFO[0m: [nsmf-pdusession] NFService associated [b90750f0-bcdf-41f1-9b17-6188ff3cae7c] (../lib/sbi/context.c:2138)
[32m09/30 15:01:18.010[0m: [[33msbi[0m] [1;36mWARNING[0m: UnRef NF EndPoint(addr) [127.0.0.32:7777] (../lib/sbi/context.c:2141)
[32m09/30 15:01:18.011[0m: [[33msbi[0m] [1;32mINFO[0m: Setup NF EndPoint(addr) [127.0.0.32:7777] (../lib/sbi/context.c:2141)
[32m09/30 15:01:18.011[0m: [[33msbi[0m] [1;32mINFO[0m: [b905f82c-bcdf-41f1-9b17-6188ff3cae7c] (NF-discover) NF Profile updated [type:SMF validity:30s] (../lib/sbi/nnrf-handler.c:1508)
[32m09/30 15:01:18.012[0m: [[33msbi[0m] [1;36mWARNING[0m: [b9624884-bcdf-41f1-b78a-7f905b314a30] (NRF-discover) NF has already been added [type:SMF] (../lib/sbi/nnrf-handler.c:1460)
[32m09/30 15:01:18.013[0m: [[33msbi[0m] [1;32mINFO[0m: [SMF] NFInstance associated [b9624884-bcdf-41f1-b78a-7f905b314a30] (../lib/sbi/context.c:2498)
[32m09/30 15:01:18.013[0m: [[33msbi[0m] [1;36mWARNING[0m: UnRef NF EndPoint(addr) [127.0.0.33:80] (../lib/sbi/context.c:2503)
[32m09/30 15:01:18.014[0m: [[33msbi[0m] [1;32mINFO[0m: Setup NF EndPoint(addr) [127.0.0.33:80] (../lib/sbi/context.c:2503)
[32m09/30 15:01:18.014[0m: [[33msbi[0m] [1;32mINFO[0m: [nsmf-pdusession] NFService associated [b963c650-bcdf-41f1-b78a-7f905b314a30] (../lib/sbi/context.c:2138)
[32m09/30 15:01:18.015[0m: [[33msbi[0m] [1;36mWARNING[0m: UnRef NF EndPoint(addr) [127.0.0.33:7777] (../lib/sbi/context.c:2141)
[32m09/30 15:01:18.015[0m: [[33msbi[0m] [1;32mINFO[0m: Setup NF EndPoint(addr) [127.0.0.33:7777] (../lib/sbi/context.c:2141)
[32m09/30 15:01:18.016[0m: [[33msbi[0m] [1;32mINFO[0m: [b9624884-bcdf-41f1-b78a-7f905b314a30] (NF-discover) NF Profile updated [type:SMF validity:30s] (../lib/sbi/nnrf-handler.c:1508)
[32m09/30 15:01:18.017[0m: [[33mamf[0m] [1;32mINFO[0m: LAB_CANDIDATE t=33316480675 nf=b8a9b670-bcdf-41f1-a35e-911d8b75a131 load=60 capacity=100 (../src/amf/lab-selector.h:31)
[32m09/30 15:01:18.017[0m: [[33mamf[0m] [1;32mINFO[0m: LAB_CANDIDATE t=33316481098 nf=b905f82c-bcdf-41f1-9b17-6188ff3cae7c load=40 capacity=100 (../src/amf/lab-selector.h:31)
[32m09/30 15:01:18.018[0m: [[33mamf[0m] [1;32mINFO[0m: LAB_CANDIDATE t=33316481854 nf=b9624884-bcdf-41f1-b78a-7f905b314a30 load=25 capacity=100 (../src/amf/lab-selector.h:31)
[32m09/30 15:01:18.018[0m: [[33mamf[0m] [1;32mINFO[0m: LAB_SELECT t=33316482466 nf=b905f82c-bcdf-41f1-9b17-6188ff3cae7c load=40 capacity=100 policy=swrr (../src/amf/lab-selector.h:67)
[32m09/30 15:01:18.019[0m: [[33mamf[0m] [1;32mINFO[0m: [b905f82c-bcdf-41f1-9b17-6188ff3cae7c] Setup NF Instance [type:SMF] (../src/amf/sbi-path.c:420)
[32m09/30 15:01:18.020[0m: [[33mamf[0m] [1;32mINFO[0m: [imsi-999700000000011:1][1:1:RELEASED] /namf-callback/v1/{supi}/sm-context-status/{psi} (../src/amf/namf-handler.c:595)
[32m09/30 15:01:18.020[0m: [[33mamf[0m] [1;32mINFO[0m: [imsi-999700000000011:1] Release SM Context [state:31] (../src/amf/nsmf-handler.c:1200)
[32m09/30 15:01:18.021[0m: [[33mamf[0m] [1;32mINFO[0m: [Removed] Number of AMF-Sessions is now 15 (../src/amf/context.c:2960)
[32m09/30 15:01:18.033[0m: [[33mamf[0m] [1;32mINFO[0m: Setup NF EndPoint(addr) [127.0.0.32:7777] (../src/amf/nsmf-handler.c:140)
[32m09/30 15:01:18.060[0m: [[33mamf[0m] [1;32mINFO[0m: [imsi-999700000000022:1:11][0:0:NULL] /nsmf-pdusession/v1/sm-contexts/{smContextRef}/modify (../src/amf/nsmf-handler.c:983)
[32m09/30 15:01:18.258[0m: [[33mamf[0m] [1;32mINFO[0m: [imsi-999700000000001:1] Receive Update SM context(N2-RELEASED) (../src/amf/nsmf-handler.c:683)
[32m09/30 15:01:18.258[0m: [[33mamf[0m] [1;32mINFO[0m: [imsi-999700000000001:1:17][0:1:NULL] /nsmf-pdusession/v1/sm-contexts/{smContextRef}/modify (../src/amf/nsmf-handler.c:983)
[32m09/30 15:01:18.456[0m: [[33mamf[0m] [1;32mINFO[0m: [Added] Number of AMF-Sessions is now 16 (../src/amf/context.c:2953)
[32m09/30 15:01:18.457[0m: [[33mgmm[0m] [1;32mINFO[0m: UE SUPI[imsi-999700000000009] DNN[internet] LBO[0] S_NSSAI[SST:1 SD:0xffffff] smContextRef[NULL] smContextResourceURI[NULL] (../src/amf/gmm-handler.c:1430)
[32m09/30 15:01:18.458[0m: [[33mgmm[0m] [1;32mINFO[0m: No V-SMF Instance (../src/amf/gmm-handler.c:1513)
[32m09/30 15:01:18.459[0m: [[33mgmm[0m] [1;32mINFO[0m: V-SMF not discovered in NON-ROAMING OR LBO (../src/amf/gmm-handler.c:1599)
[32m09/30 15:01:18.460[0m: [[33mgmm[0m] [1;32mINFO[0m: nnssf-nsselection[1:1:(nil):(nil)] (../src/amf/gmm-handler.c:1610)
[32m09/30 15:01:18.460[0m: [[33msbi[0m] [1;32mINFO[0m: [b831e64a-bcdf-41f1-af57-c104e61f2896] Setup NF Instance [type:NSSF] (../lib/sbi/path.c:349)
[32m09/30 15:01:18.462[0m: [[33mamf[0m] [1;32mINFO[0m: [imsi-999700000000001:1] Receive Update SM context(N1-RELEASED) (../src/amf/nsmf-handler.c:695)
[32m09/30 15:01:18.463[0m: [[33mamf[0m] [1;32mINFO[0m: [imsi-999700000000001:1:18][1:1:NULL] /nsmf-pdusession/v1/sm-contexts/{smContextRef}/modify (../src/amf/nsmf-handler.c:983)
[32m09/30 15:01:18.464[0m: [[33mamf[0m] [1;32mINFO[0m: Setup NF EndPoint(addr) [127.0.0.10:7777] (../src/amf/nnssf-handler.c:203)
[32m09/30 15:01:18.465[0m: [[33mamf[0m] [1;36mWARNING[0m: Try to discover by NsiInformation [nsmf-pdusession] (../src/amf/sbi-path.c:554)
[32m09/30 15:01:18.468[0m: [[33msbi[0m] [1;36mWARNING[0m: [b8a9b670-bcdf-41f1-a35e-911d8b75a131] (NRF-discover) NF has already been added [type:SMF] (../lib/sbi/nnrf-handler.c:1460)
[32m09/30 15:01:18.469[0m: [[33msbi[0m] [1;32mINFO[0m: [SMF] NFInstance associated [b8a9b670-bcdf-41f1-a35e-911d8b75a131] (../lib/sbi/context.c:2498)
[32m09/30 15:01:18.470[0m: [[33msbi[0m] [1;36mWARNING[0m: UnRef NF EndPoint(addr) [127.0.0.4:80] (../lib/sbi/context.c:2503)
[32m09/30 15:01:18.471[0m: [[33msbi[0m] [1;32mINFO[0m: Setup NF EndPoint(addr) [127.0.0.4:80] (../lib/sbi/context.c:2503)
[32m09/30 15:01:18.471[0m: [[33msbi[0m] [1;32mINFO[0m: [nsmf-pdusession] NFService associated [b8aaee28-bcdf-41f1-a35e-911d8b75a131] (../lib/sbi/context.c:2138)
[32m09/30 15:01:18.472[0m: [[33msbi[0m] [1;36mWARNING[0m: UnRef NF EndPoint(addr) [127.0.0.4:7777] (../lib/sbi/context.c:2141)
[32m09/30 15:01:18.473[0m: [[33msbi[0m] [1;32mINFO[0m: Setup NF EndPoint(addr) [127.0.0.4:7777] (../lib/sbi/context.c:2141)
[32m09/30 15:01:18.473[0m: [[33msbi[0m] [1;32mINFO[0m: [b8a9b670-bcdf-41f1-a35e-911d8b75a131] (NF-discover) NF Profile updated [type:SMF validity:30s] (../lib/sbi/nnrf-handler.c:1508)
[32m09/30 15:01:18.474[0m: [[33msbi[0m] [1;36mWARNING[0m: [b905f82c-bcdf-41f1-9b17-6188ff3cae7c] (NRF-discover) NF has already been added [type:SMF] (../lib/sbi/nnrf-handler.c:1460)
[32m09/30 15:01:18.475[0m: [[33msbi[0m] [1;32mINFO[0m: [SMF] NFInstance associated [b905f82c-bcdf-41f1-9b17-6188ff3cae7c] (../lib/sbi/context.c:2498)
[32m09/30 15:01:18.476[0m: [[33msbi[0m] [1;36mWARNING[0m: UnRef NF EndPoint(addr) [127.0.0.32:80] (../lib/sbi/context.c:2503)
[32m09/30 15:01:18.477[0m: [[33msbi[0m] [1;32mINFO[0m: Setup NF EndPoint(addr) [127.0.0.32:80] (../lib/sbi/context.c:2503)
[32m09/30 15:01:18.477[0m: [[33msbi[0m] [1;32mINFO[0m: [nsmf-pdusession] NFService associated [b90750f0-bcdf-41f1-9b17-6188ff3cae7c] (../lib/sbi/context.c:2138)
[32m09/30 15:01:18.478[0m: [[33msbi[0m] [1;36mWARNING[0m: UnRef NF EndPoint(addr) [127.0.0.32:7777] (../lib/sbi/context.c:2141)
[32m09/30 15:01:18.479[0m: [[33msbi[0m] [1;32mINFO[0m: Setup NF EndPoint(addr) [127.0.0.32:7777] (../lib/sbi/context.c:2141)
[32m09/30 15:01:18.480[0m: [[33msbi[0m] [1;32mINFO[0m: [b905f82c-bcdf-41f1-9b17-6188ff3cae7c] (NF-discover) NF Profile updated [type:SMF validity:30s] (../lib/sbi/nnrf-handler.c:1508)
[32m09/30 15:01:18.480[0m: [[33msbi[0m] [1;36mWARNING[0m: [b9624884-bcdf-41f1-b78a-7f905b314a30] (NRF-discover) NF has already been added [type:SMF] (../lib/sbi/nnrf-handler.c:1460)
[32m09/30 15:01:18.481[0m: [[33msbi[0m] [1;32mINFO[0m: [SMF] NFInstance associated [b9624884-bcdf-41f1-b78a-7f905b314a30] (../lib/sbi/context.c:2498)
[32m09/30 15:01:18.482[0m: [[33msbi[0m] [1;36mWARNING[0m: UnRef NF EndPoint(addr) [127.0.0.33:80] (../lib/sbi/context.c:2503)
[32m09/30 15:01:18.483[0m: [[33msbi[0m] [1;32mINFO[0m: Setup NF EndPoint(addr) [127.0.0.33:80] (../lib/sbi/context.c:2503)
[32m09/30 15:01:18.484[0m: [[33msbi[0m] [1;32mINFO[0m: [nsmf-pdusession] NFService associated [b963c650-bcdf-41f1-b78a-7f905b314a30] (../lib/sbi/context.c:2138)
[32m09/30 15:01:18.485[0m: [[33msbi[0m] [1;36mWARNING[0m: UnRef NF EndPoint(addr) [127.0.0.33:7777] (../lib/sbi/context.c:2141)
[32m09/30 15:01:18.485[0m: [[33msbi[0m] [1;32mINFO[0m: Setup NF EndPoint(addr) [127.0.0.33:7777] (../lib/sbi/context.c:2141)
[32m09/30 15:01:18.486[0m: [[33msbi[0m] [1;32mINFO[0m: [b9624884-bcdf-41f1-b78a-7f905b314a30] (NF-discover) NF Profile updated [type:SMF validity:30s] (../lib/sbi/nnrf-handler.c:1508)
[32m09/30 15:01:18.487[0m: [[33mamf[0m] [1;32mINFO[0m: LAB_CANDIDATE t=33316950814 nf=b8a9b670-bcdf-41f1-a35e-911d8b75a131 load=60 capacity=100 (../src/amf/lab-selector.h:31)
[32m09/30 15:01:18.488[0m: [[33mamf[0m] [1;32mINFO[0m: LAB_CANDIDATE t=33316951641 nf=b905f82c-bcdf-41f1-9b17-6188ff3cae7c load=50 capacity=100 (../src/amf/lab-selector.h:31)
[32m09/30 15:01:18.489[0m: [[33mamf[0m] [1;32mINFO[0m: LAB_CANDIDATE t=33316952598 nf=b9624884-bcdf-41f1-b78a-7f905b314a30 load=25 capacity=100 (../src/amf/lab-selector.h:31)
[32m09/30 15:01:18.489[0m: [[33mamf[0m] [1;32mINFO[0m: LAB_SELECT t=33316953366 nf=b9624884-bcdf-41f1-b78a-7f905b314a30 load=25 capacity=100 policy=swrr (../src/amf/lab-selector.h:67)
[32m09/30 15:01:18.490[0m: [[33mamf[0m] [1;32mINFO[0m: [b9624884-bcdf-41f1-b78a-7f905b314a30] Setup NF Instance [type:SMF] (../src/amf/sbi-path.c:420)
[32m09/30 15:01:18.491[0m: [[33mamf[0m] [1;32mINFO[0m: [imsi-999700000000001:1][1:1:RELEASED] /namf-callback/v1/{supi}/sm-context-status/{psi} (../src/amf/namf-handler.c:595)
[32m09/30 15:01:18.492[0m: [[33mamf[0m] [1;32mINFO[0m: [imsi-999700000000001:1] Release SM Context [state:31] (../src/amf/nsmf-handler.c:1200)
[32m09/30 15:01:18.493[0m: [[33mamf[0m] [1;32mINFO[0m: [Removed] Number of AMF-Sessions is now 15 (../src/amf/context.c:2960)
[32m09/30 15:01:18.505[0m: [[33mamf[0m] [1;32mINFO[0m: Setup NF EndPoint(addr) [127.0.0.33:7777] (../src/amf/nsmf-handler.c:140)
[32m09/30 15:01:18.529[0m: [[33mamf[0m] [1;32mINFO[0m: [imsi-999700000000009:1:11][0:0:NULL] /nsmf-pdusession/v1/sm-contexts/{smContextRef}/modify (../src/amf/nsmf-handler.c:983)
[32m09/30 15:01:18.730[0m: [[33mamf[0m] [1;32mINFO[0m: [imsi-999700000000002:1] Receive Update SM context(N2-RELEASED) (../src/amf/nsmf-handler.c:683)
[32m09/30 15:01:18.730[0m: [[33mamf[0m] [1;32mINFO[0m: [imsi-999700000000002:1:17][0:1:NULL] /nsmf-pdusession/v1/sm-contexts/{smContextRef}/modify (../src/amf/nsmf-handler.c:983)
[32m09/30 15:01:18.933[0m: [[33mamf[0m] [1;32mINFO[0m: [Added] Number of AMF-Sessions is now 16 (../src/amf/context.c:2953)
[32m09/30 15:01:18.933[0m: [[33mgmm[0m] [1;32mINFO[0m: UE SUPI[imsi-999700000000011] DNN[internet] LBO[0] S_NSSAI[SST:1 SD:0xffffff] smContextRef[NULL] smContextResourceURI[NULL] (../src/amf/gmm-handler.c:1430)
[32m09/30 15:01:18.934[0m: [[33mgmm[0m] [1;32mINFO[0m: No V-SMF Instance (../src/amf/gmm-handler.c:1513)
[32m09/30 15:01:18.935[0m: [[33mgmm[0m] [1;32mINFO[0m: V-SMF not discovered in NON-ROAMING OR LBO (../src/amf/gmm-handler.c:1599)
[32m09/30 15:01:18.935[0m: [[33mgmm[0m] [1;32mINFO[0m: nnssf-nsselection[1:1:(nil):(nil)] (../src/amf/gmm-handler.c:1610)
[32m09/30 15:01:18.936[0m: [[33msbi[0m] [1;32mINFO[0m: [b831e64a-bcdf-41f1-af57-c104e61f2896] Setup NF Instance [type:NSSF] (../lib/sbi/path.c:349)
[32m09/30 15:01:18.938[0m: [[33mamf[0m] [1;32mINFO[0m: [imsi-999700000000002:1] Receive Update SM context(N1-RELEASED) (../src/amf/nsmf-handler.c:695)
[32m09/30 15:01:18.938[0m: [[33mamf[0m] [1;32mINFO[0m: [imsi-999700000000002:1:18][1:1:NULL] /nsmf-pdusession/v1/sm-contexts/{smContextRef}/modify (../src/amf/nsmf-handler.c:983)
[32m09/30 15:01:18.939[0m: [[33mamf[0m] [1;32mINFO[0m: Setup NF EndPoint(addr) [127.0.0.10:7777] (../src/amf/nnssf-handler.c:203)
[32m09/30 15:01:18.939[0m: [[33mamf[0m] [1;36mWARNING[0m: Try to discover by NsiInformation [nsmf-pdusession] (../src/amf/sbi-path.c:554)
[32m09/30 15:01:18.943[0m: [[33msbi[0m] [1;36mWARNING[0m: [b8a9b670-bcdf-41f1-a35e-911d8b75a131] (NRF-discover) NF has already been added [type:SMF] (../lib/sbi/nnrf-handler.c:1460)
[32m09/30 15:01:18.943[0m: [[33msbi[0m] [1;32mINFO[0m: [SMF] NFInstance associated [b8a9b670-bcdf-41f1-a35e-911d8b75a131] (../lib/sbi/context.c:2498)
[32m09/30 15:01:18.943[0m: [[33msbi[0m] [1;36mWARNING[0m: UnRef NF EndPoint(addr) [127.0.0.4:80] (../lib/sbi/context.c:2503)
[32m09/30 15:01:18.944[0m: [[33msbi[0m] [1;32mINFO[0m: Setup NF EndPoint(addr) [127.0.0.4:80] (../lib/sbi/context.c:2503)
[32m09/30 15:01:18.944[0m: [[33msbi[0m] [1;32mINFO[0m: [nsmf-pdusession] NFService associated [b8aaee28-bcdf-41f1-a35e-911d8b75a131] (../lib/sbi/context.c:2138)
[32m09/30 15:01:18.945[0m: [[33msbi[0m] [1;36mWARNING[0m: UnRef NF EndPoint(addr) [127.0.0.4:7777] (../lib/sbi/context.c:2141)
[32m09/30 15:01:18.945[0m: [[33msbi[0m] [1;32mINFO[0m: Setup NF EndPoint(addr) [127.0.0.4:7777] (../lib/sbi/context.c:2141)
[32m09/30 15:01:18.945[0m: [[33msbi[0m] [1;32mINFO[0m: [b8a9b670-bcdf-41f1-a35e-911d8b75a131] (NF-discover) NF Profile updated [type:SMF validity:30s] (../lib/sbi/nnrf-handler.c:1508)
[32m09/30 15:01:18.946[0m: [[33msbi[0m] [1;36mWARNING[0m: [b905f82c-bcdf-41f1-9b17-6188ff3cae7c] (NRF-discover) NF has already been added [type:SMF] (../lib/sbi/nnrf-handler.c:1460)
[32m09/30 15:01:18.947[0m: [[33msbi[0m] [1;32mINFO[0m: [SMF] NFInstance associated [b905f82c-bcdf-41f1-9b17-6188ff3cae7c] (../lib/sbi/context.c:2498)
[32m09/30 15:01:18.947[0m: [[33msbi[0m] [1;36mWARNING[0m: UnRef NF EndPoint(addr) [127.0.0.32:80] (../lib/sbi/context.c:2503)
[32m09/30 15:01:18.948[0m: [[33msbi[0m] [1;32mINFO[0m: Setup NF EndPoint(addr) [127.0.0.32:80] (../lib/sbi/context.c:2503)
[32m09/30 15:01:18.948[0m: [[33msbi[0m] [1;32mINFO[0m: [nsmf-pdusession] NFService associated [b90750f0-bcdf-41f1-9b17-6188ff3cae7c] (../lib/sbi/context.c:2138)
[32m09/30 15:01:18.949[0m: [[33msbi[0m] [1;36mWARNING[0m: UnRef NF EndPoint(addr) [127.0.0.32:7777] (../lib/sbi/context.c:2141)
[32m09/30 15:01:18.949[0m: [[33msbi[0m] [1;32mINFO[0m: Setup NF EndPoint(addr) [127.0.0.32:7777] (../lib/sbi/context.c:2141)
[32m09/30 15:01:18.949[0m: [[33msbi[0m] [1;32mINFO[0m: [b905f82c-bcdf-41f1-9b17-6188ff3cae7c] (NF-discover) NF Profile updated [type:SMF validity:30s] (../lib/sbi/nnrf-handler.c:1508)
[32m09/30 15:01:18.950[0m: [[33msbi[0m] [1;36mWARNING[0m: [b9624884-bcdf-41f1-b78a-7f905b314a30] (NRF-discover) NF has already been added [type:SMF] (../lib/sbi/nnrf-handler.c:1460)
[32m09/30 15:01:18.950[0m: [[33msbi[0m] [1;32mINFO[0m: [SMF] NFInstance associated [b9624884-bcdf-41f1-b78a-7f905b314a30] (../lib/sbi/context.c:2498)
[32m09/30 15:01:18.951[0m: [[33msbi[0m] [1;36mWARNING[0m: UnRef NF EndPoint(addr) [127.0.0.33:80] (../lib/sbi/context.c:2503)
[32m09/30 15:01:18.951[0m: [[33msbi[0m] [1;32mINFO[0m: Setup NF EndPoint(addr) [127.0.0.33:80] (../lib/sbi/context.c:2503)
[32m09/30 15:01:18.952[0m: [[33msbi[0m] [1;32mINFO[0m: [nsmf-pdusession] NFService associated [b963c650-bcdf-41f1-b78a-7f905b314a30] (../lib/sbi/context.c:2138)
[32m09/30 15:01:18.952[0m: [[33msbi[0m] [1;36mWARNING[0m: UnRef NF EndPoint(addr) [127.0.0.33:7777] (../lib/sbi/context.c:2141)
[32m09/30 15:01:18.953[0m: [[33msbi[0m] [1;32mINFO[0m: Setup NF EndPoint(addr) [127.0.0.33:7777] (../lib/sbi/context.c:2141)
[32m09/30 15:01:18.953[0m: [[33msbi[0m] [1;32mINFO[0m: [b9624884-bcdf-41f1-b78a-7f905b314a30] (NF-discover) NF Profile updated [type:SMF validity:30s] (../lib/sbi/nnrf-handler.c:1508)
[32m09/30 15:01:18.954[0m: [[33mamf[0m] [1;32mINFO[0m: LAB_CANDIDATE t=33317418354 nf=b8a9b670-bcdf-41f1-a35e-911d8b75a131 load=40 capacity=100 (../src/amf/lab-selector.h:31)
[32m09/30 15:01:18.955[0m: [[33mamf[0m] [1;32mINFO[0m: LAB_CANDIDATE t=33317419033 nf=b905f82c-bcdf-41f1-9b17-6188ff3cae7c load=50 capacity=100 (../src/amf/lab-selector.h:31)
[32m09/30 15:01:18.956[0m: [[33mamf[0m] [1;32mINFO[0m: LAB_CANDIDATE t=33317419678 nf=b9624884-bcdf-41f1-b78a-7f905b314a30 load=25 capacity=100 (../src/amf/lab-selector.h:31)
[32m09/30 15:01:18.956[0m: [[33mamf[0m] [1;32mINFO[0m: LAB_SELECT t=33317420278 nf=b8a9b670-bcdf-41f1-a35e-911d8b75a131 load=40 capacity=100 policy=swrr (../src/amf/lab-selector.h:67)
[32m09/30 15:01:18.957[0m: [[33mamf[0m] [1;32mINFO[0m: [b8a9b670-bcdf-41f1-a35e-911d8b75a131] Setup NF Instance [type:SMF] (../src/amf/sbi-path.c:420)
[32m09/30 15:01:18.958[0m: [[33mamf[0m] [1;32mINFO[0m: [imsi-999700000000002:1][1:1:RELEASED] /namf-callback/v1/{supi}/sm-context-status/{psi} (../src/amf/namf-handler.c:595)
[32m09/30 15:01:18.958[0m: [[33mamf[0m] [1;32mINFO[0m: [imsi-999700000000002:1] Release SM Context [state:31] (../src/amf/nsmf-handler.c:1200)
[32m09/30 15:01:18.959[0m: [[33mamf[0m] [1;32mINFO[0m: [Removed] Number of AMF-Sessions is now 15 (../src/amf/context.c:2960)
[32m09/30 15:01:18.971[0m: [[33mamf[0m] [1;32mINFO[0m: Setup NF EndPoint(addr) [127.0.0.4:7777] (../src/amf/nsmf-handler.c:140)
[32m09/30 15:01:18.992[0m: [[33mamf[0m] [1;32mINFO[0m: [imsi-999700000000011:1:11][0:0:NULL] /nsmf-pdusession/v1/sm-contexts/{smContextRef}/modify (../src/amf/nsmf-handler.c:983)
[32m09/30 15:01:19.194[0m: [[33mamf[0m] [1;32mINFO[0m: [imsi-999700000000016:1] Receive Update SM context(N2-RELEASED) (../src/amf/nsmf-handler.c:683)
[32m09/30 15:01:19.195[0m: [[33mamf[0m] [1;32mINFO[0m: [imsi-999700000000016:1:17][0:1:NULL] /nsmf-pdusession/v1/sm-contexts/{smContextRef}/modify (../src/amf/nsmf-handler.c:983)
[32m09/30 15:01:19.396[0m: [[33mamf[0m] [1;32mINFO[0m: [Added] Number of AMF-Sessions is now 16 (../src/amf/context.c:2953)
[32m09/30 15:01:19.397[0m: [[33mgmm[0m] [1;32mINFO[0m: UE SUPI[imsi-999700000000002] DNN[internet] LBO[0] S_NSSAI[SST:1 SD:0xffffff] smContextRef[NULL] smContextResourceURI[NULL] (../src/amf/gmm-handler.c:1430)
[32m09/30 15:01:19.398[0m: [[33mgmm[0m] [1;32mINFO[0m: No V-SMF Instance (../src/amf/gmm-handler.c:1513)
[32m09/30 15:01:19.399[0m: [[33mgmm[0m] [1;32mINFO[0m: V-SMF not discovered in NON-ROAMING OR LBO (../src/amf/gmm-handler.c:1599)
[32m09/30 15:01:19.400[0m: [[33mgmm[0m] [1;32mINFO[0m: nnssf-nsselection[1:1:(nil):(nil)] (../src/amf/gmm-handler.c:1610)
[32m09/30 15:01:19.401[0m: [[33msbi[0m] [1;32mINFO[0m: [b831e64a-bcdf-41f1-af57-c104e61f2896] Setup NF Instance [type:NSSF] (../lib/sbi/path.c:349)
[32m09/30 15:01:19.403[0m: [[33mamf[0m] [1;32mINFO[0m: [imsi-999700000000016:1] Receive Update SM context(N1-RELEASED) (../src/amf/nsmf-handler.c:695)
[32m09/30 15:01:19.403[0m: [[33mamf[0m] [1;32mINFO[0m: [imsi-999700000000016:1:18][1:1:NULL] /nsmf-pdusession/v1/sm-contexts/{smContextRef}/modify (../src/amf/nsmf-handler.c:983)
[32m09/30 15:01:19.405[0m: [[33mamf[0m] [1;32mINFO[0m: Setup NF EndPoint(addr) [127.0.0.10:7777] (../src/amf/nnssf-handler.c:203)
[32m09/30 15:01:19.406[0m: [[33mamf[0m] [1;36mWARNING[0m: Try to discover by NsiInformation [nsmf-pdusession] (../src/amf/sbi-path.c:554)
[32m09/30 15:01:19.409[0m: [[33msbi[0m] [1;36mWARNING[0m: [b8a9b670-bcdf-41f1-a35e-911d8b75a131] (NRF-discover) NF has already been added [type:SMF] (../lib/sbi/nnrf-handler.c:1460)
[32m09/30 15:01:19.409[0m: [[33msbi[0m] [1;32mINFO[0m: [SMF] NFInstance associated [b8a9b670-bcdf-41f1-a35e-911d8b75a131] (../lib/sbi/context.c:2498)
[32m09/30 15:01:19.410[0m: [[33msbi[0m] [1;36mWARNING[0m: UnRef NF EndPoint(addr) [127.0.0.4:80] (../lib/sbi/context.c:2503)
[32m09/30 15:01:19.411[0m: [[33msbi[0m] [1;32mINFO[0m: Setup NF EndPoint(addr) [127.0.0.4:80] (../lib/sbi/context.c:2503)
[32m09/30 15:01:19.411[0m: [[33msbi[0m] [1;32mINFO[0m: [nsmf-pdusession] NFService associated [b8aaee28-bcdf-41f1-a35e-911d8b75a131] (../lib/sbi/context.c:2138)
[32m09/30 15:01:19.412[0m: [[33msbi[0m] [1;36mWARNING[0m: UnRef NF EndPoint(addr) [127.0.0.4:7777] (../lib/sbi/context.c:2141)
[32m09/30 15:01:19.412[0m: [[33msbi[0m] [1;32mINFO[0m: Setup NF EndPoint(addr) [127.0.0.4:7777] (../lib/sbi/context.c:2141)
[32m09/30 15:01:19.413[0m: [[33msbi[0m] [1;32mINFO[0m: [b8a9b670-bcdf-41f1-a35e-911d8b75a131] (NF-discover) NF Profile updated [type:SMF validity:30s] (../lib/sbi/nnrf-handler.c:1508)
[32m09/30 15:01:19.414[0m: [[33msbi[0m] [1;36mWARNING[0m: [b905f82c-bcdf-41f1-9b17-6188ff3cae7c] (NRF-discover) NF has already been added [type:SMF] (../lib/sbi/nnrf-handler.c:1460)
[32m09/30 15:01:19.414[0m: [[33msbi[0m] [1;32mINFO[0m: [SMF] NFInstance associated [b905f82c-bcdf-41f1-9b17-6188ff3cae7c] (../lib/sbi/context.c:2498)
[32m09/30 15:01:19.414[0m: [[33msbi[0m] [1;36mWARNING[0m: UnRef NF EndPoint(addr) [127.0.0.32:80] (../lib/sbi/context.c:2503)
[32m09/30 15:01:19.415[0m: [[33msbi[0m] [1;32mINFO[0m: Setup NF EndPoint(addr) [127.0.0.32:80] (../lib/sbi/context.c:2503)
[32m09/30 15:01:19.416[0m: [[33msbi[0m] [1;32mINFO[0m: [nsmf-pdusession] NFService associated [b90750f0-bcdf-41f1-9b17-6188ff3cae7c] (../lib/sbi/context.c:2138)
[32m09/30 15:01:19.416[0m: [[33msbi[0m] [1;36mWARNING[0m: UnRef NF EndPoint(addr) [127.0.0.32:7777] (../lib/sbi/context.c:2141)
[32m09/30 15:01:19.417[0m: [[33msbi[0m] [1;32mINFO[0m: Setup NF EndPoint(addr) [127.0.0.32:7777] (../lib/sbi/context.c:2141)
[32m09/30 15:01:19.417[0m: [[33msbi[0m] [1;32mINFO[0m: [b905f82c-bcdf-41f1-9b17-6188ff3cae7c] (NF-discover) NF Profile updated [type:SMF validity:30s] (../lib/sbi/nnrf-handler.c:1508)
[32m09/30 15:01:19.418[0m: [[33msbi[0m] [1;36mWARNING[0m: [b9624884-bcdf-41f1-b78a-7f905b314a30] (NRF-discover) NF has already been added [type:SMF] (../lib/sbi/nnrf-handler.c:1460)
[32m09/30 15:01:19.418[0m: [[33msbi[0m] [1;32mINFO[0m: [SMF] NFInstance associated [b9624884-bcdf-41f1-b78a-7f905b314a30] (../lib/sbi/context.c:2498)
[32m09/30 15:01:19.419[0m: [[33msbi[0m] [1;36mWARNING[0m: UnRef NF EndPoint(addr) [127.0.0.33:80] (../lib/sbi/context.c:2503)
[32m09/30 15:01:19.420[0m: [[33msbi[0m] [1;32mINFO[0m: Setup NF EndPoint(addr) [127.0.0.33:80] (../lib/sbi/context.c:2503)
[32m09/30 15:01:19.420[0m: [[33msbi[0m] [1;32mINFO[0m: [nsmf-pdusession] NFService associated [b963c650-bcdf-41f1-b78a-7f905b314a30] (../lib/sbi/context.c:2138)
[32m09/30 15:01:19.421[0m: [[33msbi[0m] [1;36mWARNING[0m: UnRef NF EndPoint(addr) [127.0.0.33:7777] (../lib/sbi/context.c:2141)
[32m09/30 15:01:19.422[0m: [[33msbi[0m] [1;32mINFO[0m: Setup NF EndPoint(addr) [127.0.0.33:7777] (../lib/sbi/context.c:2141)
[32m09/30 15:01:19.423[0m: [[33msbi[0m] [1;32mINFO[0m: [b9624884-bcdf-41f1-b78a-7f905b314a30] (NF-discover) NF Profile updated [type:SMF validity:30s] (../lib/sbi/nnrf-handler.c:1508)
[32m09/30 15:01:19.423[0m: [[33mamf[0m] [1;32mINFO[0m: LAB_CANDIDATE t=33317887160 nf=b8a9b670-bcdf-41f1-a35e-911d8b75a131 load=40 capacity=100 (../src/amf/lab-selector.h:31)
[32m09/30 15:01:19.424[0m: [[33mamf[0m] [1;32mINFO[0m: LAB_CANDIDATE t=33317887822 nf=b905f82c-bcdf-41f1-9b17-6188ff3cae7c load=50 capacity=100 (../src/amf/lab-selector.h:31)
[32m09/30 15:01:19.424[0m: [[33mamf[0m] [1;32mINFO[0m: LAB_CANDIDATE t=33317888494 nf=b9624884-bcdf-41f1-b78a-7f905b314a30 load=25 capacity=100 (../src/amf/lab-selector.h:31)
[32m09/30 15:01:19.425[0m: [[33mamf[0m] [1;32mINFO[0m: LAB_SELECT t=33317889137 nf=b9624884-bcdf-41f1-b78a-7f905b314a30 load=25 capacity=100 policy=swrr (../src/amf/lab-selector.h:67)
[32m09/30 15:01:19.426[0m: [[33mamf[0m] [1;32mINFO[0m: [b9624884-bcdf-41f1-b78a-7f905b314a30] Setup NF Instance [type:SMF] (../src/amf/sbi-path.c:420)
[32m09/30 15:01:19.427[0m: [[33mamf[0m] [1;32mINFO[0m: [imsi-999700000000016:1][1:1:RELEASED] /namf-callback/v1/{supi}/sm-context-status/{psi} (../src/amf/namf-handler.c:595)
[32m09/30 15:01:19.428[0m: [[33mamf[0m] [1;32mINFO[0m: [imsi-999700000000016:1] Release SM Context [state:31] (../src/amf/nsmf-handler.c:1200)
[32m09/30 15:01:19.428[0m: [[33mamf[0m] [1;32mINFO[0m: [Removed] Number of AMF-Sessions is now 15 (../src/amf/context.c:2960)
[32m09/30 15:01:19.440[0m: [[33mamf[0m] [1;32mINFO[0m: Setup NF EndPoint(addr) [127.0.0.33:7777] (../src/amf/nsmf-handler.c:140)
[32m09/30 15:01:19.467[0m: [[33mamf[0m] [1;32mINFO[0m: [imsi-999700000000002:1:11][0:0:NULL] /nsmf-pdusession/v1/sm-contexts/{smContextRef}/modify (../src/amf/nsmf-handler.c:983)
[32m09/30 15:01:22.779[0m: [[33mapp[0m] [1;32mINFO[0m: SIGTERM received (../src/main.c:54)
[32m09/30 15:01:22.781[0m: [[33mamf[0m] [1;32mINFO[0m: gNB-N2[127.0.0.1] connection refused!!! (../src/amf/amf-sm.c:878)
[32m09/30 15:01:22.781[0m: [[33mapp[0m] [1;32mINFO[0m: Open5GS daemon terminating... (../src/main.c:231)
[32m09/30 15:01:22.783[0m: [[33mamf[0m] [1;32mINFO[0m: [Removed] Number of gNB-UEs is now 23 (../src/amf/context.c:2939)
[32m09/30 15:01:22.785[0m: [[33msbi[0m] [1;32mINFO[0m: [b8805f82-bcdf-41f1-9455-cf73e21ebefc] NF de-registered (../lib/sbi/nf-sm.c:406)
[32m09/30 15:01:22.786[0m: [[33mamf[0m] [1;32mINFO[0m: [Removed] Number of gNB-UEs is now 22 (../src/amf/context.c:2939)
[32m09/30 15:01:22.788[0m: [[33mamf[0m] [1;32mINFO[0m: [Removed] Number of gNB-UEs is now 21 (../src/amf/context.c:2939)
[32m09/30 15:01:22.790[0m: [[33mamf[0m] [1;32mINFO[0m: [Removed] Number of gNB-UEs is now 20 (../src/amf/context.c:2939)
[32m09/30 15:01:22.792[0m: [[33mamf[0m] [1;32mINFO[0m: [Removed] Number of gNB-UEs is now 19 (../src/amf/context.c:2939)
[32m09/30 15:01:22.794[0m: [[33mamf[0m] [1;32mINFO[0m: [Removed] Number of gNB-UEs is now 18 (../src/amf/context.c:2939)
[32m09/30 15:01:22.795[0m: [[33mamf[0m] [1;32mINFO[0m: [Removed] Number of gNB-UEs is now 17 (../src/amf/context.c:2939)
[32m09/30 15:01:22.797[0m: [[33mamf[0m] [1;32mINFO[0m: [Removed] Number of gNB-UEs is now 16 (../src/amf/context.c:2939)
[32m09/30 15:01:22.798[0m: [[33mamf[0m] [1;32mINFO[0m: [Removed] Number of gNB-UEs is now 15 (../src/amf/context.c:2939)
[32m09/30 15:01:22.799[0m: [[33mamf[0m] [1;32mINFO[0m: [Removed] Number of gNBs is now 0 (../src/amf/context.c:1305)
[32m09/30 15:01:22.801[0m: [[33mamf[0m] [1;32mINFO[0m: [Removed] Number of AMF-UEs is now 23 (../src/amf/context.c:1799)
[32m09/30 15:01:22.802[0m: [[33mamf[0m] [1;32mINFO[0m: [Removed] Number of AMF-UEs is now 22 (../src/amf/context.c:1799)
[32m09/30 15:01:22.803[0m: [[33mamf[0m] [1;32mINFO[0m: [Removed] Number of gNB-UEs is now 14 (../src/amf/context.c:2939)
[32m09/30 15:01:22.803[0m: [[33mamf[0m] [1;33mERROR[0m: Session transaction [1] (../src/amf/context.c:2508)
[32m09/30 15:01:22.804[0m: [[33msbi[0m] [1;33mERROR[0m: SBI running [1] (../lib/sbi/context.c:2593)
[32m09/30 15:01:22.804[0m: [[33msbi[0m] [1;33mERROR[0m:     requester-nf-type[AMF:3] (../lib/sbi/context.c:2595)
[32m09/30 15:01:22.805[0m: [[33msbi[0m] [1;33mERROR[0m:     service-name[nsmf-pdusession:21] (../lib/sbi/context.c:2595)
[32m09/30 15:01:22.806[0m: [[33msbi[0m] [1;33mERROR[0m:     h.method[POST] (../lib/sbi/context.c:2595)
[32m09/30 15:01:22.806[0m: [[33msbi[0m] [1;33mERROR[0m:     h.uri[http://127.0.0.200:7777/nsmf-pdusession/v1/sm-contexts/10/modify] (../lib/sbi/context.c:2595)
[32m09/30 15:01:22.807[0m: [[33msbi[0m] [1;33mERROR[0m:     http.content_length[290] (../lib/sbi/context.c:2595)
[32m09/30 15:01:22.807[0m: [[33msbi[0m] [1;33mERROR[0m:     http.content[{"ueLocation":{"nrLocation":{"tai":{"plmnId":{"mcc":"999","mnc":"70"},"tac":"000001"},"ncgi":{"plmnId":{"mcc":"999","mnc":"70"},"nrCellId":"000000010"},"ueLocationTimestamp":"2026-09-30T15:00:55.551943Z"}},"ueTimeZone":"+00:00","upCnxState":"DEACTIVATED","ngApCause":{"group":1,"value":24}}] (../lib/sbi/context.c:2595)
[32m09/30 15:01:22.808[0m: [[33mamf[0m] [1;32mINFO[0m: [Removed] Number of AMF-Sessions is now 14 (../src/amf/context.c:2960)
[32m09/30 15:01:22.808[0m: [[33mamf[0m] [1;32mINFO[0m: [Removed] Number of AMF-UEs is now 21 (../src/amf/context.c:1799)
[32m09/30 15:01:22.809[0m: [[33mamf[0m] [1;32mINFO[0m: [Removed] Number of AMF-UEs is now 20 (../src/amf/context.c:1799)
[32m09/30 15:01:22.809[0m: [[33mamf[0m] [1;32mINFO[0m: [Removed] Number of gNB-UEs is now 13 (../src/amf/context.c:2939)
[32m09/30 15:01:22.810[0m: [[33mamf[0m] [1;33mERROR[0m: Session transaction [1] (../src/amf/context.c:2508)
[32m09/30 15:01:22.810[0m: [[33msbi[0m] [1;33mERROR[0m: SBI running [1] (../lib/sbi/context.c:2593)
[32m09/30 15:01:22.811[0m: [[33msbi[0m] [1;33mERROR[0m:     requester-nf-type[AMF:3] (../lib/sbi/context.c:2595)
[32m09/30 15:01:22.812[0m: [[33msbi[0m] [1;33mERROR[0m:     service-name[nsmf-pdusession:21] (../lib/sbi/context.c:2595)
[32m09/30 15:01:22.812[0m: [[33msbi[0m] [1;33mERROR[0m:     h.method[POST] (../lib/sbi/context.c:2595)
[32m09/30 15:01:22.813[0m: [[33msbi[0m] [1;33mERROR[0m:     h.uri[http://127.0.0.200:7777/nsmf-pdusession/v1/sm-contexts/5/modify] (../lib/sbi/context.c:2595)
[32m09/30 15:01:22.814[0m: [[33msbi[0m] [1;33mERROR[0m:     http.content_length[290] (../lib/sbi/context.c:2595)
[32m09/30 15:01:22.814[0m: [[33msbi[0m] [1;33mERROR[0m:     http.content[{"ueLocation":{"nrLocation":{"tai":{"plmnId":{"mcc":"999","mnc":"70"},"tac":"000001"},"ncgi":{"plmnId":{"mcc":"999","mnc":"70"},"nrCellId":"000000010"},"ueLocationTimestamp":"2026-09-30T15:00:55.568587Z"}},"ueTimeZone":"+00:00","upCnxState":"DEACTIVATED","ngApCause":{"group":1,"value":24}}] (../lib/sbi/context.c:2595)
[32m09/30 15:01:22.815[0m: [[33mamf[0m] [1;32mINFO[0m: [Removed] Number of AMF-Sessions is now 13 (../src/amf/context.c:2960)
[32m09/30 15:01:22.816[0m: [[33mamf[0m] [1;32mINFO[0m: [Removed] Number of AMF-UEs is now 19 (../src/amf/context.c:1799)
[32m09/30 15:01:22.817[0m: [[33mamf[0m] [1;32mINFO[0m: [Removed] Number of AMF-UEs is now 18 (../src/amf/context.c:1799)
[32m09/30 15:01:22.818[0m: [[33mamf[0m] [1;32mINFO[0m: [Removed] Number of gNB-UEs is now 12 (../src/amf/context.c:2939)
[32m09/30 15:01:22.819[0m: [[33mamf[0m] [1;33mERROR[0m: Session transaction [1] (../src/amf/context.c:2508)
[32m09/30 15:01:22.820[0m: [[33msbi[0m] [1;33mERROR[0m: SBI running [1] (../lib/sbi/context.c:2593)
[32m09/30 15:01:22.821[0m: [[33msbi[0m] [1;33mERROR[0m:     requester-nf-type[AMF:3] (../lib/sbi/context.c:2595)
[32m09/30 15:01:22.822[0m: [[33msbi[0m] [1;33mERROR[0m:     service-name[nsmf-pdusession:21] (../lib/sbi/context.c:2595)
[32m09/30 15:01:22.823[0m: [[33msbi[0m] [1;33mERROR[0m:     h.method[POST] (../lib/sbi/context.c:2595)
[32m09/30 15:01:22.824[0m: [[33msbi[0m] [1;33mERROR[0m:     h.uri[http://127.0.0.200:7777/nsmf-pdusession/v1/sm-contexts/14/modify] (../lib/sbi/context.c:2595)
[32m09/30 15:01:22.825[0m: [[33msbi[0m] [1;33mERROR[0m:     http.content_length[290] (../lib/sbi/context.c:2595)
[32m09/30 15:01:22.826[0m: [[33msbi[0m] [1;33mERROR[0m:     http.content[{"ueLocation":{"nrLocation":{"tai":{"plmnId":{"mcc":"999","mnc":"70"},"tac":"000001"},"ncgi":{"plmnId":{"mcc":"999","mnc":"70"},"nrCellId":"000000010"},"ueLocationTimestamp":"2026-09-30T15:00:55.578987Z"}},"ueTimeZone":"+00:00","upCnxState":"DEACTIVATED","ngApCause":{"group":1,"value":24}}] (../lib/sbi/context.c:2595)
[32m09/30 15:01:22.827[0m: [[33mamf[0m] [1;32mINFO[0m: [Removed] Number of AMF-Sessions is now 12 (../src/amf/context.c:2960)
[32m09/30 15:01:22.828[0m: [[33mamf[0m] [1;32mINFO[0m: [Removed] Number of AMF-UEs is now 17 (../src/amf/context.c:1799)
[32m09/30 15:01:22.829[0m: [[33mamf[0m] [1;32mINFO[0m: [Removed] Number of gNB-UEs is now 11 (../src/amf/context.c:2939)
[32m09/30 15:01:22.830[0m: [[33mamf[0m] [1;33mERROR[0m: Session transaction [1] (../src/amf/context.c:2508)
[32m09/30 15:01:22.831[0m: [[33msbi[0m] [1;33mERROR[0m: SBI running [1] (../lib/sbi/context.c:2593)
[32m09/30 15:01:22.832[0m: [[33msbi[0m] [1;33mERROR[0m:     requester-nf-type[AMF:3] (../lib/sbi/context.c:2595)
[32m09/30 15:01:22.832[0m: [[33msbi[0m] [1;33mERROR[0m:     service-name[nsmf-pdusession:21] (../lib/sbi/context.c:2595)
[32m09/30 15:01:22.833[0m: [[33msbi[0m] [1;33mERROR[0m:     h.method[POST] (../lib/sbi/context.c:2595)
[32m09/30 15:01:22.834[0m: [[33msbi[0m] [1;33mERROR[0m:     h.uri[http://127.0.0.200:7777/nsmf-pdusession/v1/sm-contexts/3/modify] (../lib/sbi/context.c:2595)
[32m09/30 15:01:22.835[0m: [[33msbi[0m] [1;33mERROR[0m:     http.content_length[290] (../lib/sbi/context.c:2595)
[32m09/30 15:01:22.836[0m: [[33msbi[0m] [1;33mERROR[0m:     http.content[{"ueLocation":{"nrLocation":{"tai":{"plmnId":{"mcc":"999","mnc":"70"},"tac":"000001"},"ncgi":{"plmnId":{"mcc":"999","mnc":"70"},"nrCellId":"000000010"},"ueLocationTimestamp":"2026-09-30T15:00:55.584259Z"}},"ueTimeZone":"+00:00","upCnxState":"DEACTIVATED","ngApCause":{"group":1,"value":24}}] (../lib/sbi/context.c:2595)
[32m09/30 15:01:22.837[0m: [[33mamf[0m] [1;32mINFO[0m: [Removed] Number of AMF-Sessions is now 11 (../src/amf/context.c:2960)
[32m09/30 15:01:22.838[0m: [[33mamf[0m] [1;32mINFO[0m: [Removed] Number of AMF-UEs is now 16 (../src/amf/context.c:1799)
[32m09/30 15:01:22.839[0m: [[33mamf[0m] [1;32mINFO[0m: [Removed] Number of gNB-UEs is now 10 (../src/amf/context.c:2939)
[32m09/30 15:01:22.840[0m: [[33mamf[0m] [1;33mERROR[0m: Session transaction [1] (../src/amf/context.c:2508)
[32m09/30 15:01:22.841[0m: [[33msbi[0m] [1;33mERROR[0m: SBI running [1] (../lib/sbi/context.c:2593)
[32m09/30 15:01:22.842[0m: [[33msbi[0m] [1;33mERROR[0m:     requester-nf-type[AMF:3] (../lib/sbi/context.c:2595)
[32m09/30 15:01:22.843[0m: [[33msbi[0m] [1;33mERROR[0m:     service-name[nsmf-pdusession:21] (../lib/sbi/context.c:2595)
[32m09/30 15:01:22.844[0m: [[33msbi[0m] [1;33mERROR[0m:     h.method[POST] (../lib/sbi/context.c:2595)
[32m09/30 15:01:22.845[0m: [[33msbi[0m] [1;33mERROR[0m:     h.uri[http://127.0.0.200:7777/nsmf-pdusession/v1/sm-contexts/4/modify] (../lib/sbi/context.c:2595)
[32m09/30 15:01:22.846[0m: [[33msbi[0m] [1;33mERROR[0m:     http.content_length[290] (../lib/sbi/context.c:2595)
[32m09/30 15:01:22.847[0m: [[33msbi[0m] [1;33mERROR[0m:     http.content[{"ueLocation":{"nrLocation":{"tai":{"plmnId":{"mcc":"999","mnc":"70"},"tac":"000001"},"ncgi":{"plmnId":{"mcc":"999","mnc":"70"},"nrCellId":"000000010"},"ueLocationTimestamp":"2026-09-30T15:00:55.588703Z"}},"ueTimeZone":"+00:00","upCnxState":"DEACTIVATED","ngApCause":{"group":1,"value":24}}] (../lib/sbi/context.c:2595)
[32m09/30 15:01:22.848[0m: [[33mamf[0m] [1;32mINFO[0m: [Removed] Number of AMF-Sessions is now 10 (../src/amf/context.c:2960)
[32m09/30 15:01:22.849[0m: [[33mamf[0m] [1;32mINFO[0m: [Removed] Number of AMF-UEs is now 15 (../src/amf/context.c:1799)
[32m09/30 15:01:22.850[0m: [[33mamf[0m] [1;32mINFO[0m: [Removed] Number of gNB-UEs is now 9 (../src/amf/context.c:2939)
[32m09/30 15:01:22.851[0m: [[33mamf[0m] [1;33mERROR[0m: Session transaction [1] (../src/amf/context.c:2508)
[32m09/30 15:01:22.852[0m: [[33msbi[0m] [1;33mERROR[0m: SBI running [1] (../lib/sbi/context.c:2593)
[32m09/30 15:01:22.853[0m: [[33msbi[0m] [1;33mERROR[0m:     requester-nf-type[AMF:3] (../lib/sbi/context.c:2595)
[32m09/30 15:01:22.854[0m: [[33msbi[0m] [1;33mERROR[0m:     service-name[nsmf-pdusession:21] (../lib/sbi/context.c:2595)
[32m09/30 15:01:22.855[0m: [[33msbi[0m] [1;33mERROR[0m:     h.method[POST] (../lib/sbi/context.c:2595)
[32m09/30 15:01:22.857[0m: [[33msbi[0m] [1;33mERROR[0m:     h.uri[http://127.0.0.200:7777/nsmf-pdusession/v1/sm-contexts/11/modify] (../lib/sbi/context.c:2595)
[32m09/30 15:01:22.858[0m: [[33msbi[0m] [1;33mERROR[0m:     http.content_length[290] (../lib/sbi/context.c:2595)
[32m09/30 15:01:22.859[0m: [[33msbi[0m] [1;33mERROR[0m:     http.content[{"ueLocation":{"nrLocation":{"tai":{"plmnId":{"mcc":"999","mnc":"70"},"tac":"000001"},"ncgi":{"plmnId":{"mcc":"999","mnc":"70"},"nrCellId":"000000010"},"ueLocationTimestamp":"2026-09-30T15:00:55.595028Z"}},"ueTimeZone":"+00:00","upCnxState":"DEACTIVATED","ngApCause":{"group":1,"value":24}}] (../lib/sbi/context.c:2595)
[32m09/30 15:01:22.860[0m: [[33mamf[0m] [1;32mINFO[0m: [Removed] Number of AMF-Sessions is now 9 (../src/amf/context.c:2960)
[32m09/30 15:01:22.861[0m: [[33mamf[0m] [1;32mINFO[0m: [Removed] Number of AMF-UEs is now 14 (../src/amf/context.c:1799)
[32m09/30 15:01:22.862[0m: [[33mamf[0m] [1;32mINFO[0m: [Removed] Number of gNB-UEs is now 8 (../src/amf/context.c:2939)
[32m09/30 15:01:22.863[0m: [[33mamf[0m] [1;33mERROR[0m: Session transaction [1] (../src/amf/context.c:2508)
[32m09/30 15:01:22.863[0m: [[33msbi[0m] [1;33mERROR[0m: SBI running [1] (../lib/sbi/context.c:2593)
[32m09/30 15:01:22.864[0m: [[33msbi[0m] [1;33mERROR[0m:     requester-nf-type[AMF:3] (../lib/sbi/context.c:2595)
[32m09/30 15:01:22.865[0m: [[33msbi[0m] [1;33mERROR[0m:     service-name[nsmf-pdusession:21] (../lib/sbi/context.c:2595)
[32m09/30 15:01:22.866[0m: [[33msbi[0m] [1;33mERROR[0m:     h.method[POST] (../lib/sbi/context.c:2595)
[32m09/30 15:01:22.866[0m: [[33msbi[0m] [1;33mERROR[0m:     h.uri[http://127.0.0.200:7777/nsmf-pdusession/v1/sm-contexts/10/modify] (../lib/sbi/context.c:2595)
[32m09/30 15:01:22.867[0m: [[33msbi[0m] [1;33mERROR[0m:     http.content_length[290] (../lib/sbi/context.c:2595)
[32m09/30 15:01:22.867[0m: [[33msbi[0m] [1;33mERROR[0m:     http.content[{"ueLocation":{"nrLocation":{"tai":{"plmnId":{"mcc":"999","mnc":"70"},"tac":"000001"},"ncgi":{"plmnId":{"mcc":"999","mnc":"70"},"nrCellId":"000000010"},"ueLocationTimestamp":"2026-09-30T15:00:55.599250Z"}},"ueTimeZone":"+00:00","upCnxState":"DEACTIVATED","ngApCause":{"group":1,"value":24}}] (../lib/sbi/context.c:2595)
[32m09/30 15:01:22.868[0m: [[33mamf[0m] [1;32mINFO[0m: [Removed] Number of AMF-Sessions is now 8 (../src/amf/context.c:2960)
[32m09/30 15:01:22.869[0m: [[33mamf[0m] [1;32mINFO[0m: [Removed] Number of AMF-UEs is now 13 (../src/amf/context.c:1799)
[32m09/30 15:01:22.869[0m: [[33mamf[0m] [1;32mINFO[0m: [Removed] Number of gNB-UEs is now 7 (../src/amf/context.c:2939)
[32m09/30 15:01:22.870[0m: [[33mamf[0m] [1;33mERROR[0m: Session transaction [1] (../src/amf/context.c:2508)
[32m09/30 15:01:22.871[0m: [[33msbi[0m] [1;33mERROR[0m: SBI running [1] (../lib/sbi/context.c:2593)
[32m09/30 15:01:22.871[0m: [[33msbi[0m] [1;33mERROR[0m:     requester-nf-type[AMF:3] (../lib/sbi/context.c:2595)
[32m09/30 15:01:22.872[0m: [[33msbi[0m] [1;33mERROR[0m:     service-name[nsmf-pdusession:21] (../lib/sbi/context.c:2595)
[32m09/30 15:01:22.873[0m: [[33msbi[0m] [1;33mERROR[0m:     h.method[POST] (../lib/sbi/context.c:2595)
[32m09/30 15:01:22.874[0m: [[33msbi[0m] [1;33mERROR[0m:     h.uri[http://127.0.0.200:7777/nsmf-pdusession/v1/sm-contexts/6/modify] (../lib/sbi/context.c:2595)
[32m09/30 15:01:22.874[0m: [[33msbi[0m] [1;33mERROR[0m:     http.content_length[290] (../lib/sbi/context.c:2595)
[32m09/30 15:01:22.875[0m: [[33msbi[0m] [1;33mERROR[0m:     http.content[{"ueLocation":{"nrLocation":{"tai":{"plmnId":{"mcc":"999","mnc":"70"},"tac":"000001"},"ncgi":{"plmnId":{"mcc":"999","mnc":"70"},"nrCellId":"000000010"},"ueLocationTimestamp":"2026-09-30T15:00:55.605163Z"}},"ueTimeZone":"+00:00","upCnxState":"DEACTIVATED","ngApCause":{"group":1,"value":24}}] (../lib/sbi/context.c:2595)
[32m09/30 15:01:22.875[0m: [[33mamf[0m] [1;32mINFO[0m: [Removed] Number of AMF-Sessions is now 7 (../src/amf/context.c:2960)
[32m09/30 15:01:22.876[0m: [[33mamf[0m] [1;32mINFO[0m: [Removed] Number of AMF-UEs is now 12 (../src/amf/context.c:1799)
[32m09/30 15:01:22.876[0m: [[33mamf[0m] [1;32mINFO[0m: [Removed] Number of gNB-UEs is now 6 (../src/amf/context.c:2939)
[32m09/30 15:01:22.877[0m: [[33mamf[0m] [1;33mERROR[0m: Session transaction [1] (../src/amf/context.c:2508)
[32m09/30 15:01:22.877[0m: [[33msbi[0m] [1;33mERROR[0m: SBI running [1] (../lib/sbi/context.c:2593)
[32m09/30 15:01:22.878[0m: [[33msbi[0m] [1;33mERROR[0m:     requester-nf-type[AMF:3] (../lib/sbi/context.c:2595)
[32m09/30 15:01:22.878[0m: [[33msbi[0m] [1;33mERROR[0m:     service-name[nsmf-pdusession:21] (../lib/sbi/context.c:2595)
[32m09/30 15:01:22.879[0m: [[33msbi[0m] [1;33mERROR[0m:     h.method[POST] (../lib/sbi/context.c:2595)
[32m09/30 15:01:22.879[0m: [[33msbi[0m] [1;33mERROR[0m:     h.uri[http://127.0.0.200:7777/nsmf-pdusession/v1/sm-contexts/5/modify] (../lib/sbi/context.c:2595)
[32m09/30 15:01:22.880[0m: [[33msbi[0m] [1;33mERROR[0m:     http.content_length[290] (../lib/sbi/context.c:2595)
[32m09/30 15:01:22.881[0m: [[33msbi[0m] [1;33mERROR[0m:     http.content[{"ueLocation":{"nrLocation":{"tai":{"plmnId":{"mcc":"999","mnc":"70"},"tac":"000001"},"ncgi":{"plmnId":{"mcc":"999","mnc":"70"},"nrCellId":"000000010"},"ueLocationTimestamp":"2026-09-30T15:00:55.610037Z"}},"ueTimeZone":"+00:00","upCnxState":"DEACTIVATED","ngApCause":{"group":1,"value":24}}] (../lib/sbi/context.c:2595)
[32m09/30 15:01:22.881[0m: [[33mamf[0m] [1;32mINFO[0m: [Removed] Number of AMF-Sessions is now 6 (../src/amf/context.c:2960)
[32m09/30 15:01:22.882[0m: [[33mamf[0m] [1;32mINFO[0m: [Removed] Number of AMF-UEs is now 11 (../src/amf/context.c:1799)
[32m09/30 15:01:22.883[0m: [[33mamf[0m] [1;32mINFO[0m: [Removed] Number of AMF-UEs is now 10 (../src/amf/context.c:1799)
[32m09/30 15:01:22.883[0m: [[33mamf[0m] [1;32mINFO[0m: [Removed] Number of gNB-UEs is now 5 (../src/amf/context.c:2939)
[32m09/30 15:01:22.884[0m: [[33mamf[0m] [1;33mERROR[0m: Session transaction [1] (../src/amf/context.c:2508)
[32m09/30 15:01:22.884[0m: [[33msbi[0m] [1;33mERROR[0m: SBI running [1] (../lib/sbi/context.c:2593)
[32m09/30 15:01:22.885[0m: [[33msbi[0m] [1;33mERROR[0m:     requester-nf-type[AMF:3] (../lib/sbi/context.c:2595)
[32m09/30 15:01:22.886[0m: [[33msbi[0m] [1;33mERROR[0m:     service-name[nsmf-pdusession:21] (../lib/sbi/context.c:2595)
[32m09/30 15:01:22.886[0m: [[33msbi[0m] [1;33mERROR[0m:     h.method[POST] (../lib/sbi/context.c:2595)
[32m09/30 15:01:22.887[0m: [[33msbi[0m] [1;33mERROR[0m:     h.uri[http://127.0.0.200:7777/nsmf-pdusession/v1/sm-contexts/7/modify] (../lib/sbi/context.c:2595)
[32m09/30 15:01:22.888[0m: [[33msbi[0m] [1;33mERROR[0m:     http.content_length[290] (../lib/sbi/context.c:2595)
[32m09/30 15:01:22.888[0m: [[33msbi[0m] [1;33mERROR[0m:     http.content[{"ueLocation":{"nrLocation":{"tai":{"plmnId":{"mcc":"999","mnc":"70"},"tac":"000001"},"ncgi":{"plmnId":{"mcc":"999","mnc":"70"},"nrCellId":"000000010"},"ueLocationTimestamp":"2026-09-30T15:00:55.622323Z"}},"ueTimeZone":"+00:00","upCnxState":"DEACTIVATED","ngApCause":{"group":1,"value":24}}] (../lib/sbi/context.c:2595)
[32m09/30 15:01:22.889[0m: [[33mamf[0m] [1;32mINFO[0m: [Removed] Number of AMF-Sessions is now 5 (../src/amf/context.c:2960)
[32m09/30 15:01:22.889[0m: [[33mamf[0m] [1;32mINFO[0m: [Removed] Number of AMF-UEs is now 9 (../src/amf/context.c:1799)
[32m09/30 15:01:22.890[0m: [[33mamf[0m] [1;32mINFO[0m: [Removed] Number of gNB-UEs is now 4 (../src/amf/context.c:2939)
[32m09/30 15:01:22.890[0m: [[33mamf[0m] [1;33mERROR[0m: Session transaction [1] (../src/amf/context.c:2508)
[32m09/30 15:01:22.890[0m: [[33msbi[0m] [1;33mERROR[0m: SBI running [1] (../lib/sbi/context.c:2593)
[32m09/30 15:01:22.891[0m: [[33msbi[0m] [1;33mERROR[0m:     requester-nf-type[AMF:3] (../lib/sbi/context.c:2595)
[32m09/30 15:01:22.891[0m: [[33msbi[0m] [1;33mERROR[0m:     service-name[nsmf-pdusession:21] (../lib/sbi/context.c:2595)
[32m09/30 15:01:22.892[0m: [[33msbi[0m] [1;33mERROR[0m:     h.method[POST] (../lib/sbi/context.c:2595)
[32m09/30 15:01:22.892[0m: [[33msbi[0m] [1;33mERROR[0m:     h.uri[http://127.0.0.200:7777/nsmf-pdusession/v1/sm-contexts/9/modify] (../lib/sbi/context.c:2595)
[32m09/30 15:01:22.893[0m: [[33msbi[0m] [1;33mERROR[0m:     http.content_length[290] (../lib/sbi/context.c:2595)
[32m09/30 15:01:22.894[0m: [[33msbi[0m] [1;33mERROR[0m:     http.content[{"ueLocation":{"nrLocation":{"tai":{"plmnId":{"mcc":"999","mnc":"70"},"tac":"000001"},"ncgi":{"plmnId":{"mcc":"999","mnc":"70"},"nrCellId":"000000010"},"ueLocationTimestamp":"2026-09-30T15:00:55.627470Z"}},"ueTimeZone":"+00:00","upCnxState":"DEACTIVATED","ngApCause":{"group":1,"value":24}}] (../lib/sbi/context.c:2595)
[32m09/30 15:01:22.894[0m: [[33mamf[0m] [1;32mINFO[0m: [Removed] Number of AMF-Sessions is now 4 (../src/amf/context.c:2960)
[32m09/30 15:01:22.895[0m: [[33mamf[0m] [1;32mINFO[0m: [Removed] Number of AMF-UEs is now 8 (../src/amf/context.c:1799)
[32m09/30 15:01:22.895[0m: [[33mamf[0m] [1;32mINFO[0m: [Removed] Number of gNB-UEs is now 3 (../src/amf/context.c:2939)
[32m09/30 15:01:22.896[0m: [[33mamf[0m] [1;33mERROR[0m: Session transaction [1] (../src/amf/context.c:2508)
[32m09/30 15:01:22.897[0m: [[33msbi[0m] [1;33mERROR[0m: SBI running [1] (../lib/sbi/context.c:2593)
[32m09/30 15:01:22.897[0m: [[33msbi[0m] [1;33mERROR[0m:     requester-nf-type[AMF:3] (../lib/sbi/context.c:2595)
[32m09/30 15:01:22.898[0m: [[33msbi[0m] [1;33mERROR[0m:     service-name[nsmf-pdusession:21] (../lib/sbi/context.c:2595)
[32m09/30 15:01:22.899[0m: [[33msbi[0m] [1;33mERROR[0m:     h.method[POST] (../lib/sbi/context.c:2595)
[32m09/30 15:01:22.899[0m: [[33msbi[0m] [1;33mERROR[0m:     h.uri[http://127.0.0.200:7777/nsmf-pdusession/v1/sm-contexts/13/modify] (../lib/sbi/context.c:2595)
[32m09/30 15:01:22.900[0m: [[33msbi[0m] [1;33mERROR[0m:     http.content_length[290] (../lib/sbi/context.c:2595)
[32m09/30 15:01:22.900[0m: [[33msbi[0m] [1;33mERROR[0m:     http.content[{"ueLocation":{"nrLocation":{"tai":{"plmnId":{"mcc":"999","mnc":"70"},"tac":"000001"},"ncgi":{"plmnId":{"mcc":"999","mnc":"70"},"nrCellId":"000000010"},"ueLocationTimestamp":"2026-09-30T15:00:55.633766Z"}},"ueTimeZone":"+00:00","upCnxState":"DEACTIVATED","ngApCause":{"group":1,"value":24}}] (../lib/sbi/context.c:2595)
[32m09/30 15:01:22.901[0m: [[33mamf[0m] [1;32mINFO[0m: [Removed] Number of AMF-Sessions is now 3 (../src/amf/context.c:2960)
[32m09/30 15:01:22.901[0m: [[33mamf[0m] [1;32mINFO[0m: [Removed] Number of AMF-UEs is now 7 (../src/amf/context.c:1799)
[32m09/30 15:01:22.902[0m: [[33mamf[0m] [1;32mINFO[0m: [Removed] Number of gNB-UEs is now 2 (../src/amf/context.c:2939)
[32m09/30 15:01:22.902[0m: [[33mamf[0m] [1;33mERROR[0m: Session transaction [1] (../src/amf/context.c:2508)
[32m09/30 15:01:22.902[0m: [[33msbi[0m] [1;33mERROR[0m: SBI running [1] (../lib/sbi/context.c:2593)
[32m09/30 15:01:22.903[0m: [[33msbi[0m] [1;33mERROR[0m:     requester-nf-type[AMF:3] (../lib/sbi/context.c:2595)
[32m09/30 15:01:22.904[0m: [[33msbi[0m] [1;33mERROR[0m:     service-name[nsmf-pdusession:21] (../lib/sbi/context.c:2595)
[32m09/30 15:01:22.904[0m: [[33msbi[0m] [1;33mERROR[0m:     h.method[POST] (../lib/sbi/context.c:2595)
[32m09/30 15:01:22.905[0m: [[33msbi[0m] [1;33mERROR[0m:     h.uri[http://127.0.0.200:7777/nsmf-pdusession/v1/sm-contexts/11/modify] (../lib/sbi/context.c:2595)
[32m09/30 15:01:22.905[0m: [[33msbi[0m] [1;33mERROR[0m:     http.content_length[290] (../lib/sbi/context.c:2595)
[32m09/30 15:01:22.906[0m: [[33msbi[0m] [1;33mERROR[0m:     http.content[{"ueLocation":{"nrLocation":{"tai":{"plmnId":{"mcc":"999","mnc":"70"},"tac":"000001"},"ncgi":{"plmnId":{"mcc":"999","mnc":"70"},"nrCellId":"000000010"},"ueLocationTimestamp":"2026-09-30T15:00:55.640781Z"}},"ueTimeZone":"+00:00","upCnxState":"DEACTIVATED","ngApCause":{"group":1,"value":24}}] (../lib/sbi/context.c:2595)
[32m09/30 15:01:22.906[0m: [[33mamf[0m] [1;32mINFO[0m: [Removed] Number of AMF-Sessions is now 2 (../src/amf/context.c:2960)
[32m09/30 15:01:22.907[0m: [[33mamf[0m] [1;32mINFO[0m: [Removed] Number of AMF-UEs is now 6 (../src/amf/context.c:1799)
[32m09/30 15:01:22.907[0m: [[33mamf[0m] [1;32mINFO[0m: [Removed] Number of AMF-UEs is now 5 (../src/amf/context.c:1799)
[32m09/30 15:01:22.908[0m: [[33mamf[0m] [1;32mINFO[0m: [Removed] Number of AMF-UEs is now 4 (../src/amf/context.c:1799)
[32m09/30 15:01:22.908[0m: [[33mamf[0m] [1;32mINFO[0m: [Removed] Number of gNB-UEs is now 1 (../src/amf/context.c:2939)
[32m09/30 15:01:22.909[0m: [[33mamf[0m] [1;33mERROR[0m: Session transaction [1] (../src/amf/context.c:2508)
[32m09/30 15:01:22.909[0m: [[33msbi[0m] [1;33mERROR[0m: SBI running [1] (../lib/sbi/context.c:2593)
[32m09/30 15:01:22.910[0m: [[33msbi[0m] [1;33mERROR[0m:     requester-nf-type[AMF:3] (../lib/sbi/context.c:2595)
[32m09/30 15:01:22.910[0m: [[33msbi[0m] [1;33mERROR[0m:     service-name[nsmf-pdusession:21] (../lib/sbi/context.c:2595)
[32m09/30 15:01:22.911[0m: [[33msbi[0m] [1;33mERROR[0m:     h.method[POST] (../lib/sbi/context.c:2595)
[32m09/30 15:01:22.911[0m: [[33msbi[0m] [1;33mERROR[0m:     h.uri[http://127.0.0.200:7777/nsmf-pdusession/v1/sm-contexts/9/modify] (../lib/sbi/context.c:2595)
[32m09/30 15:01:22.912[0m: [[33msbi[0m] [1;33mERROR[0m:     http.content_length[290] (../lib/sbi/context.c:2595)
[32m09/30 15:01:22.912[0m: [[33msbi[0m] [1;33mERROR[0m:     http.content[{"ueLocation":{"nrLocation":{"tai":{"plmnId":{"mcc":"999","mnc":"70"},"tac":"000001"},"ncgi":{"plmnId":{"mcc":"999","mnc":"70"},"nrCellId":"000000010"},"ueLocationTimestamp":"2026-09-30T15:00:55.661834Z"}},"ueTimeZone":"+00:00","upCnxState":"DEACTIVATED","ngApCause":{"group":1,"value":24}}] (../lib/sbi/context.c:2595)
[32m09/30 15:01:22.913[0m: [[33mamf[0m] [1;32mINFO[0m: [Removed] Number of AMF-Sessions is now 1 (../src/amf/context.c:2960)
[32m09/30 15:01:22.913[0m: [[33mamf[0m] [1;32mINFO[0m: [Removed] Number of AMF-UEs is now 3 (../src/amf/context.c:1799)
[32m09/30 15:01:22.914[0m: [[33mamf[0m] [1;32mINFO[0m: [Removed] Number of gNB-UEs is now 0 (../src/amf/context.c:2939)
[32m09/30 15:01:22.914[0m: [[33mamf[0m] [1;33mERROR[0m: Session transaction [1] (../src/amf/context.c:2508)
[32m09/30 15:01:22.915[0m: [[33msbi[0m] [1;33mERROR[0m: SBI running [1] (../lib/sbi/context.c:2593)
[32m09/30 15:01:22.915[0m: [[33msbi[0m] [1;33mERROR[0m:     requester-nf-type[AMF:3] (../lib/sbi/context.c:2595)
[32m09/30 15:01:22.916[0m: [[33msbi[0m] [1;33mERROR[0m:     service-name[nsmf-pdusession:21] (../lib/sbi/context.c:2595)
[32m09/30 15:01:22.917[0m: [[33msbi[0m] [1;33mERROR[0m:     h.method[POST] (../lib/sbi/context.c:2595)
[32m09/30 15:01:22.917[0m: [[33msbi[0m] [1;33mERROR[0m:     h.uri[http://127.0.0.200:7777/nsmf-pdusession/v1/sm-contexts/7/modify] (../lib/sbi/context.c:2595)
[32m09/30 15:01:22.918[0m: [[33msbi[0m] [1;33mERROR[0m:     http.content_length[290] (../lib/sbi/context.c:2595)
[32m09/30 15:01:22.918[0m: [[33msbi[0m] [1;33mERROR[0m:     http.content[{"ueLocation":{"nrLocation":{"tai":{"plmnId":{"mcc":"999","mnc":"70"},"tac":"000001"},"ncgi":{"plmnId":{"mcc":"999","mnc":"70"},"nrCellId":"000000010"},"ueLocationTimestamp":"2026-09-30T15:00:55.666706Z"}},"ueTimeZone":"+00:00","upCnxState":"DEACTIVATED","ngApCause":{"group":1,"value":24}}] (../lib/sbi/context.c:2595)
[32m09/30 15:01:22.919[0m: [[33mamf[0m] [1;32mINFO[0m: [Removed] Number of AMF-Sessions is now 0 (../src/amf/context.c:2960)
[32m09/30 15:01:22.919[0m: [[33mamf[0m] [1;32mINFO[0m: [Removed] Number of AMF-UEs is now 2 (../src/amf/context.c:1799)
[32m09/30 15:01:22.920[0m: [[33mamf[0m] [1;32mINFO[0m: [Removed] Number of AMF-UEs is now 1 (../src/amf/context.c:1799)
[32m09/30 15:01:22.920[0m: [[33mamf[0m] [1;32mINFO[0m: [Removed] Number of AMF-UEs is now 0 (../src/amf/context.c:1799)
[32m09/30 15:01:22.921[0m: [[33msbi[0m] [1;33mERROR[0m: 15 in '&xact_pool[16384]' were not released. (../lib/sbi/context.c:100)
[32m09/30 15:01:22.922[0m: [[33msbi[0m] [1;33mERROR[0m: 15 in '&request_pool[16384]' were not released. (../lib/sbi/message.c:52)
[32m09/30 15:01:22.923[0m: [[33msctp[0m] [1;32mINFO[0m: AMF terminate...done (../src/amf/app.c:42)
[32m09/30 15:01:22.924[0m: [[33mevent[0m] [1;33mERROR[0m: 15 in '&manager->pool[16384]' were not released. (../lib/core/ogs-timer.c:72)
full talloc report on 'core' (total  28817 bytes in 406 blocks)
    http://127.0.0.200:7777/nsmf-pdusession/v1/sm-contexts/7/modify contains     64 bytes in   1 blocks (ref 0) 0x701a780c0470
    ../lib/core/ogs-hash.c:296     contains     40 bytes in   1 blocks (ref 0) 0x701a7810b830
    3gpp-Sbi-Target-apiRoot        contains     24 bytes in   1 blocks (ref 0) 0x701a780ba730
    http://127.0.0.33:7777         contains     23 bytes in   1 blocks (ref 0) 0x701a780bf4d0
    ../src/amf/sbi-path.c:226      contains      4 bytes in   1 blocks (ref 0) 0x701a780bae80
    ../lib/core/ogs-hash.c:296     contains     40 bytes in   1 blocks (ref 0) 0x701a780b97e0
    3gpp-Sbi-Max-Rsp-Time          contains     22 bytes in   1 blocks (ref 0) 0x701a780c09d0
    10000                          contains      6 bytes in   1 blocks (ref 0) 0x701a7810bdd0
    ../lib/core/ogs-hash.c:296     contains     40 bytes in   1 blocks (ref 0) 0x701a780e6c90
    3gpp-Sbi-Sender-Timestamp      contains     26 bytes in   1 blocks (ref 0) 0x701a780c0c70
    Wed, 30 Sep 2026 15:01:22.797 GMT contains     34 bytes in   1 blocks (ref 0) 0x701a780c0ad0
    ../lib/core/ogs-hash.c:296     contains     40 bytes in   1 blocks (ref 0) 0x701a780c0810
    User-Agent                     contains     11 bytes in   1 blocks (ref 0) 0x701a780c0a50
    AMF                            contains      4 bytes in   1 blocks (ref 0) 0x701a780bfd10
    ../lib/core/ogs-hash.c:296     contains     40 bytes in   1 blocks (ref 0) 0x701a780c0670
    Accept                         contains      7 bytes in   1 blocks (ref 0) 0x701a780bfd80
    application/json,application/problem+json contains     42 bytes in   1 blocks (ref 0) 0x701a780c0230
    ../lib/core/ogs-hash.c:296     contains     40 bytes in   1 blocks (ref 0) 0x701a780c08c0
    Content-Type                   contains     13 bytes in   1 blocks (ref 0) 0x701a780c0bf0
    application/json               contains     17 bytes in   1 blocks (ref 0) 0x701a780e69c0
    ../lib/sbi/openapi/external/cJSON.c:196 contains    291 bytes in   1 blocks (ref 0) 0x701a780e6e30
    POST                           contains      5 bytes in   1 blocks (ref 0) 0x701a780bf5d0
    ../lib/core/ogs-hash.c:64      contains    128 bytes in   1 blocks (ref 0) 0x701a7810b8c0
    ../lib/core/ogs-hash.c:74      contains     72 bytes in   1 blocks (ref 0) 0x701a780ba280
    ../lib/core/ogs-hash.c:64      contains    128 bytes in   1 blocks (ref 0) 0x701a780bfed0
    ../lib/core/ogs-hash.c:74      contains     72 bytes in   1 blocks (ref 0) 0x701a780bab80
    ../lib/sbi/message.c:3607      contains    688 bytes in   1 blocks (ref 0) 0x701a7810b510
    http://127.0.0.200:7777/nsmf-pdusession/v1/sm-contexts/9/modify contains     64 bytes in   1 blocks (ref 0) 0x701a780bf220
    ../lib/core/ogs-hash.c:296     contains     40 bytes in   1 blocks (ref 0) 0x701a780b7c50
    3gpp-Sbi-Target-apiRoot        contains     24 bytes in   1 blocks (ref 0) 0x701a7814cd20
    http://127.0.0.4:7777          contains     22 bytes in   1 blocks (ref 0) 0x701a780ba480
    ../src/amf/sbi-path.c:226      contains      4 bytes in   1 blocks (ref 0) 0x701a781095b0
    ../lib/core/ogs-hash.c:296     contains     40 bytes in   1 blocks (ref 0) 0x701a780bfe20
    3gpp-Sbi-Max-Rsp-Time          contains     22 bytes in   1 blocks (ref 0) 0x701a780bf800
    10000                          contains      6 bytes in   1 blocks (ref 0) 0x701a78167290
    ../lib/core/ogs-hash.c:296     contains     40 bytes in   1 blocks (ref 0) 0x701a780bfaa0
    3gpp-Sbi-Sender-Timestamp      contains     26 bytes in   1 blocks (ref 0) 0x701a780bf900
    Wed, 30 Sep 2026 15:01:22.797 GMT contains     34 bytes in   1 blocks (ref 0) 0x701a780b9f90
    ../lib/core/ogs-hash.c:296     contains     40 bytes in   1 blocks (ref 0) 0x701a780bf640
    User-Agent                     contains     11 bytes in   1 blocks (ref 0) 0x701a780bf880
    AMF                            contains      4 bytes in   1 blocks (ref 0) 0x701a780bac30
    ../lib/core/ogs-hash.c:296     contains     40 bytes in   1 blocks (ref 0) 0x701a780bf420
    Accept                         contains      7 bytes in   1 blocks (ref 0) 0x701a780baca0
    application/json,application/problem+json contains     42 bytes in   1 blocks (ref 0) 0x701a780ba330
    ../lib/core/ogs-hash.c:296     contains     40 bytes in   1 blocks (ref 0) 0x701a780bf6f0
    Content-Type                   contains     13 bytes in   1 blocks (ref 0) 0x701a780bfa20
    application/json               contains     17 bytes in   1 blocks (ref 0) 0x701a780bfb50
    ../lib/sbi/openapi/external/cJSON.c:196 contains    291 bytes in   1 blocks (ref 0) 0x701a780bffc0
    POST                           contains      5 bytes in   1 blocks (ref 0) 0x701a780b9e70
    ../lib/core/ogs-hash.c:64      contains    128 bytes in   1 blocks (ref 0) 0x701a780b7dd0
    ../lib/core/ogs-hash.c:74      contains     72 bytes in   1 blocks (ref 0) 0x701a780b99f0
    ../lib/core/ogs-hash.c:64      contains    128 bytes in   1 blocks (ref 0) 0x701a780b7ce0
    ../lib/core/ogs-hash.c:74      contains     72 bytes in   1 blocks (ref 0) 0x701a780b9ce0
    ../lib/sbi/message.c:3607      contains    688 bytes in   1 blocks (ref 0) 0x701a780b7930
    http://127.0.0.200:7777/nsmf-pdusession/v1/sm-contexts/11/modify contains     65 bytes in   1 blocks (ref 0) 0x701a780ba1d0
    ../lib/core/ogs-hash.c:296     contains     40 bytes in   1 blocks (ref 0) 0x701a780b9570
    3gpp-Sbi-Target-apiRoot        contains     24 bytes in   1 blocks (ref 0) 0x701a7814b460
    http://127.0.0.33:7777         contains     23 bytes in   1 blocks (ref 0) 0x701a7814ca70
    ../src/amf/sbi-path.c:226      contains      4 bytes in   1 blocks (ref 0) 0x701a780c8990
    ../lib/core/ogs-hash.c:296     contains     40 bytes in   1 blocks (ref 0) 0x701a7814c6e0
    3gpp-Sbi-Max-Rsp-Time          contains     22 bytes in   1 blocks (ref 0) 0x701a780ba7b0
    10000                          contains      6 bytes in   1 blocks (ref 0) 0x701a780b9c00
    ../lib/core/ogs-hash.c:296     contains     40 bytes in   1 blocks (ref 0) 0x701a780d0b00
    3gpp-Sbi-Sender-Timestamp      contains     26 bytes in   1 blocks (ref 0) 0x701a780badd0
    Wed, 30 Sep 2026 15:01:22.794 GMT contains     34 bytes in   1 blocks (ref 0) 0x701a780baa50
    ../lib/core/ogs-hash.c:296     contains     40 bytes in   1 blocks (ref 0) 0x701a780ba8b0
    User-Agent                     contains     11 bytes in   1 blocks (ref 0) 0x701a780ba830
    AMF                            contains      4 bytes in   1 blocks (ref 0) 0x701a780b9d90
    ../lib/core/ogs-hash.c:296     contains     40 bytes in   1 blocks (ref 0) 0x701a780ba5f0
    Accept                         contains      7 bytes in   1 blocks (ref 0) 0x701a780b9e00
    application/json,application/problem+json contains     42 bytes in   1 blocks (ref 0) 0x701a780ba3d0
    ../lib/core/ogs-hash.c:296     contains     40 bytes in   1 blocks (ref 0) 0x701a780ba6a0
    Content-Type                   contains     13 bytes in   1 blocks (ref 0) 0x701a780ba9d0
    application/json               contains     17 bytes in   1 blocks (ref 0) 0x701a780bab00
    ../lib/sbi/openapi/external/cJSON.c:196 contains    291 bytes in   1 blocks (ref 0) 0x701a780b61b0
    POST                           contains      5 bytes in   1 blocks (ref 0) 0x701a7814c460
    ../lib/core/ogs-hash.c:64      contains    128 bytes in   1 blocks (ref 0) 0x701a780b96f0
    ../lib/core/ogs-hash.c:74      contains     72 bytes in   1 blocks (ref 0) 0x701a780d0a50
    ../lib/core/ogs-hash.c:64      contains    128 bytes in   1 blocks (ref 0) 0x701a780b9600
    ../lib/core/ogs-hash.c:74      contains     72 bytes in   1 blocks (ref 0) 0x701a7814c2d0
    ../lib/sbi/message.c:3607      contains    688 bytes in   1 blocks (ref 0) 0x701a780b9250
    http://127.0.0.200:7777/nsmf-pdusession/v1/sm-contexts/13/modify contains     65 bytes in   1 blocks (ref 0) 0x701a7814c7c0
    ../lib/core/ogs-hash.c:296     contains     40 bytes in   1 blocks (ref 0) 0x701a780cc2e0
    3gpp-Sbi-Target-apiRoot        contains     24 bytes in   1 blocks (ref 0) 0x701a781096d0
    http://127.0.0.33:7777         contains     23 bytes in   1 blocks (ref 0) 0x701a780bc260
    ../src/amf/sbi-path.c:226      contains      4 bytes in   1 blocks (ref 0) 0x701a780c28a0
    ../lib/core/ogs-hash.c:296     contains     40 bytes in   1 blocks (ref 0) 0x701a780bc970
    3gpp-Sbi-Max-Rsp-Time          contains     22 bytes in   1 blocks (ref 0) 0x701a7814cda0
    10000                          contains      6 bytes in   1 blocks (ref 0) 0x701a7814c1f0
    ../lib/core/ogs-hash.c:296     contains     40 bytes in   1 blocks (ref 0) 0x701a78109330
    3gpp-Sbi-Sender-Timestamp      contains     26 bytes in   1 blocks (ref 0) 0x701a780b1ee0
    Wed, 30 Sep 2026 15:01:22.794 GMT contains     34 bytes in   1 blocks (ref 0) 0x701a7814cea0
    ../lib/core/ogs-hash.c:296     contains     40 bytes in   1 blocks (ref 0) 0x701a7814cbe0
    User-Agent                     contains     11 bytes in   1 blocks (ref 0) 0x701a7814ce20
    AMF                            contains      4 bytes in   1 blocks (ref 0) 0x701a7814c380
    ../lib/core/ogs-hash.c:296     contains     40 bytes in   1 blocks (ref 0) 0x701a7814c9c0
    Accept                         contains      7 bytes in   1 blocks (ref 0) 0x701a7814c3f0
    application/json,application/problem+json contains     42 bytes in   1 blocks (ref 0) 0x701a780bcbb0
    ../lib/core/ogs-hash.c:296     contains     40 bytes in   1 blocks (ref 0) 0x701a7814cc90
    Content-Type                   contains     13 bytes in   1 blocks (ref 0) 0x701a7814bc90
    application/json               contains     17 bytes in   1 blocks (ref 0) 0x701a780b1f90
    ../lib/sbi/openapi/external/cJSON.c:196 contains    291 bytes in   1 blocks (ref 0) 0x701a780b2390
    POST                           contains      5 bytes in   1 blocks (ref 0) 0x701a7814b4e0
    ../lib/core/ogs-hash.c:64      contains    128 bytes in   1 blocks (ref 0) 0x701a780cc370
    ../lib/core/ogs-hash.c:74      contains     72 bytes in   1 blocks (ref 0) 0x701a780bc370
    ../lib/core/ogs-hash.c:64      contains    128 bytes in   1 blocks (ref 0) 0x701a7814bde0
    ../lib/core/ogs-hash.c:74      contains     72 bytes in   1 blocks (ref 0) 0x701a780bc1b0
    ../lib/sbi/message.c:3607      contains    688 bytes in   1 blocks (ref 0) 0x701a780cbfc0
    http://127.0.0.200:7777/nsmf-pdusession/v1/sm-contexts/9/modify contains     64 bytes in   1 blocks (ref 0) 0x701a780bca50
    ../lib/core/ogs-hash.c:296     contains     40 bytes in   1 blocks (ref 0) 0x701a781098e0
    3gpp-Sbi-Target-apiRoot        contains     24 bytes in   1 blocks (ref 0) 0x701a780c8ab0
    http://127.0.0.32:7777         contains     23 bytes in   1 blocks (ref 0) 0x701a780c8f00
    ../src/amf/sbi-path.c:226      contains      4 bytes in   1 blocks (ref 0) 0x701a78149790
    ../lib/core/ogs-hash.c:296     contains     40 bytes in   1 blocks (ref 0) 0x701a780bc760
    3gpp-Sbi-Max-Rsp-Time          contains     22 bytes in   1 blocks (ref 0) 0x701a7814b690
    10000                          contains      6 bytes in   1 blocks (ref 0) 0x701a781007d0
    ../lib/core/ogs-hash.c:296     contains     40 bytes in   1 blocks (ref 0) 0x701a780cdcc0
    3gpp-Sbi-Sender-Timestamp      contains     26 bytes in   1 blocks (ref 0) 0x701a7814bd30
    Wed, 30 Sep 2026 15:01:22.794 GMT contains     34 bytes in   1 blocks (ref 0) 0x701a7814b9b0
    ../lib/core/ogs-hash.c:296     contains     40 bytes in   1 blocks (ref 0) 0x701a7814b810
    User-Agent                     contains     11 bytes in   1 blocks (ref 0) 0x701a7814b710
    AMF                            contains      4 bytes in   1 blocks (ref 0) 0x701a781093e0
    ../lib/core/ogs-hash.c:296     contains     40 bytes in   1 blocks (ref 0) 0x701a7814b550
    Accept                         contains      7 bytes in   1 blocks (ref 0) 0x701a780bc6f0
    application/json,application/problem+json contains     42 bytes in   1 blocks (ref 0) 0x701a780bcc50
    ../lib/core/ogs-hash.c:296     contains     40 bytes in   1 blocks (ref 0) 0x701a7814b600
    Content-Type                   contains     13 bytes in   1 blocks (ref 0) 0x701a7814b790
    application/json               contains     17 bytes in   1 blocks (ref 0) 0x701a7814b930
    ../lib/sbi/openapi/external/cJSON.c:196 contains    291 bytes in   1 blocks (ref 0) 0x701a7814bed0
    POST                           contains      5 bytes in   1 blocks (ref 0) 0x701a78109210
    ../lib/core/ogs-hash.c:64      contains    128 bytes in   1 blocks (ref 0) 0x701a780d0960
    ../lib/core/ogs-hash.c:74      contains     72 bytes in   1 blocks (ref 0) 0x701a780cdc10
    ../lib/core/ogs-hash.c:64      contains    128 bytes in   1 blocks (ref 0) 0x701a780d0870
    ../lib/core/ogs-hash.c:74      contains     72 bytes in   1 blocks (ref 0) 0x701a780cdf00
    ../lib/sbi/message.c:3607      contains    688 bytes in   1 blocks (ref 0) 0x701a780d0550
    http://127.0.0.200:7777/nsmf-pdusession/v1/sm-contexts/7/modify contains     64 bytes in   1 blocks (ref 0) 0x701a78109280
    ../lib/core/ogs-hash.c:296     contains     40 bytes in   1 blocks (ref 0) 0x701a780b5300
    3gpp-Sbi-Target-apiRoot        contains     24 bytes in   1 blocks (ref 0) 0x701a780c4460
    http://127.0.0.32:7777         contains     23 bytes in   1 blocks (ref 0) 0x701a780c8890
    ../src/amf/sbi-path.c:226      contains      4 bytes in   1 blocks (ref 0) 0x701a780407c0
    ../lib/core/ogs-hash.c:296     contains     40 bytes in   1 blocks (ref 0) 0x701a780bc2e0
    3gpp-Sbi-Max-Rsp-Time          contains     22 bytes in   1 blocks (ref 0) 0x701a78109750
    10000                          contains      6 bytes in   1 blocks (ref 0) 0x701a780cde20
    ../lib/core/ogs-hash.c:296     contains     40 bytes in   1 blocks (ref 0) 0x701a780bbf60
    3gpp-Sbi-Sender-Timestamp      contains     26 bytes in   1 blocks (ref 0) 0x701a78109850
    Wed, 30 Sep 2026 15:01:22.794 GMT contains     34 bytes in   1 blocks (ref 0) 0x701a78109620
    ../lib/core/ogs-hash.c:296     contains     40 bytes in   1 blocks (ref 0) 0x701a78109480
    User-Agent                     contains     11 bytes in   1 blocks (ref 0) 0x701a781097d0
    AMF                            contains      4 bytes in   1 blocks (ref 0) 0x701a780cdfb0
    ../lib/core/ogs-hash.c:296     contains     40 bytes in   1 blocks (ref 0) 0x701a780c8cc0
    Accept                         contains      7 bytes in   1 blocks (ref 0) 0x701a780ce020
    application/json,application/problem+json contains     42 bytes in   1 blocks (ref 0) 0x701a780b5bb0
    ../lib/core/ogs-hash.c:296     contains     40 bytes in   1 blocks (ref 0) 0x701a780b1170
    Content-Type                   contains     13 bytes in   1 blocks (ref 0) 0x701a78109970
    application/json               contains     17 bytes in   1 blocks (ref 0) 0x701a780bc010
    ../lib/sbi/openapi/external/cJSON.c:196 contains    291 bytes in   1 blocks (ref 0) 0x701a780bc480
    POST                           contains      5 bytes in   1 blocks (ref 0) 0x701a780b0d60
    ../lib/core/ogs-hash.c:64      contains    128 bytes in   1 blocks (ref 0) 0x701a780b5420
    ../lib/core/ogs-hash.c:74      contains     72 bytes in   1 blocks (ref 0) 0x701a7814dcb0
    ../lib/core/ogs-hash.c:64      contains    128 bytes in   1 blocks (ref 0) 0x701a780b5ac0
    ../lib/core/ogs-hash.c:74      contains     72 bytes in   1 blocks (ref 0) 0x701a780b0bd0
    ../lib/sbi/message.c:3607      contains    688 bytes in   1 blocks (ref 0) 0x701a780b57a0
    http://127.0.0.200:7777/nsmf-pdusession/v1/sm-contexts/5/modify contains     64 bytes in   1 blocks (ref 0) 0x701a780b10c0
    ../lib/core/ogs-hash.c:296     contains     40 bytes in   1 blocks (ref 0) 0x701a7814db10
    3gpp-Sbi-Target-apiRoot        contains     24 bytes in   1 blocks (ref 0) 0x701a780bbb20
    http://127.0.0.32:7777         contains     23 bytes in   1 blocks (ref 0) 0x701a780b0790
    ../src/amf/sbi-path.c:226      contains      4 bytes in   1 blocks (ref 0) 0x701a781663b0
    ../lib/core/ogs-hash.c:296     contains     40 bytes in   1 blocks (ref 0) 0x701a780c8f80
    3gpp-Sbi-Max-Rsp-Time          contains     22 bytes in   1 blocks (ref 0) 0x701a780c8b30
    10000                          contains      6 bytes in   1 blocks (ref 0) 0x701a7814df10
    ../lib/core/ogs-hash.c:296     contains     40 bytes in   1 blocks (ref 0) 0x701a780b5390
    3gpp-Sbi-Sender-Timestamp      contains     26 bytes in   1 blocks (ref 0) 0x701a780b5270
    Wed, 30 Sep 2026 15:01:22.792 GMT contains     34 bytes in   1 blocks (ref 0) 0x701a780c8dd0
    ../lib/core/ogs-hash.c:296     contains     40 bytes in   1 blocks (ref 0) 0x701a780c8c30
    User-Agent                     contains     11 bytes in   1 blocks (ref 0) 0x701a780c8bb0
    AMF                            contains      4 bytes in   1 blocks (ref 0) 0x701a780b0c80
    ../lib/core/ogs-hash.c:296     contains     40 bytes in   1 blocks (ref 0) 0x701a780c8a00
    Accept                         contains      7 bytes in   1 blocks (ref 0) 0x701a780b0cf0
    application/json,application/problem+json contains     42 bytes in   1 blocks (ref 0) 0x701a780c87e0
    ../lib/core/ogs-hash.c:296     contains     40 bytes in   1 blocks (ref 0) 0x701a780408f0
    Content-Type                   contains     13 bytes in   1 blocks (ref 0) 0x701a780c8d50
    application/json               contains     17 bytes in   1 blocks (ref 0) 0x701a780c8e80
    ../lib/sbi/openapi/external/cJSON.c:196 contains    291 bytes in   1 blocks (ref 0) 0x701a780b5530
    POST                           contains      5 bytes in   1 blocks (ref 0) 0x701a780e9250
    ../lib/core/ogs-hash.c:64      contains    128 bytes in   1 blocks (ref 0) 0x701a780ec110
    ../lib/core/ogs-hash.c:74      contains     72 bytes in   1 blocks (ref 0) 0x701a780d6270
    ../lib/core/ogs-hash.c:64      contains    128 bytes in   1 blocks (ref 0) 0x701a780ec020
    ../lib/core/ogs-hash.c:74      contains     72 bytes in   1 blocks (ref 0) 0x701a78160ab0
    ../lib/sbi/message.c:3607      contains    688 bytes in   1 blocks (ref 0) 0x701a780ebd00
    http://127.0.0.200:7777/nsmf-pdusession/v1/sm-contexts/6/modify contains     64 bytes in   1 blocks (ref 0) 0x701a78040660
    ../lib/core/ogs-hash.c:296     contains     40 bytes in   1 blocks (ref 0) 0x701a780bbd30
    3gpp-Sbi-Target-apiRoot        contains     24 bytes in   1 blocks (ref 0) 0x701a780c2a50
    http://127.0.0.33:7777         contains     23 bytes in   1 blocks (ref 0) 0x701a780ec520
    ../src/amf/sbi-path.c:226      contains      4 bytes in   1 blocks (ref 0) 0x701a780c57c0
    ../lib/core/ogs-hash.c:296     contains     40 bytes in   1 blocks (ref 0) 0x701a7814dc20
    3gpp-Sbi-Max-Rsp-Time          contains     22 bytes in   1 blocks (ref 0) 0x701a781609a0
    10000                          contains      6 bytes in   1 blocks (ref 0) 0x701a78160930
    ../lib/core/ogs-hash.c:296     contains     40 bytes in   1 blocks (ref 0) 0x701a7814da80
    3gpp-Sbi-Sender-Timestamp      contains     26 bytes in   1 blocks (ref 0) 0x701a780d6110
    Wed, 30 Sep 2026 15:01:22.792 GMT contains     34 bytes in   1 blocks (ref 0) 0x701a78040980
    ../lib/core/ogs-hash.c:296     contains     40 bytes in   1 blocks (ref 0) 0x701a78040860
    User-Agent                     contains     11 bytes in   1 blocks (ref 0) 0x701a78040a30
    AMF                            contains      4 bytes in   1 blocks (ref 0) 0x701a78160bd0
    ../lib/core/ogs-hash.c:296     contains     40 bytes in   1 blocks (ref 0) 0x701a7814e140
    Accept                         contains      7 bytes in   1 blocks (ref 0) 0x701a78160c40
    application/json,application/problem+json contains     42 bytes in   1 blocks (ref 0) 0x701a78040420
    ../lib/core/ogs-hash.c:296     contains     40 bytes in   1 blocks (ref 0) 0x701a780c1bb0
    Content-Type                   contains     13 bytes in   1 blocks (ref 0) 0x701a78040ab0
    application/json               contains     17 bytes in   1 blocks (ref 0) 0x701a7814dba0
    ../lib/sbi/openapi/external/cJSON.c:196 contains    291 bytes in   1 blocks (ref 0) 0x701a780b08f0
    POST                           contains      5 bytes in   1 blocks (ref 0) 0x701a780bb970
    ../lib/core/ogs-hash.c:64      contains    128 bytes in   1 blocks (ref 0) 0x701a78100ee0
    ../lib/core/ogs-hash.c:74      contains     72 bytes in   1 blocks (ref 0) 0x701a780e9520
    ../lib/core/ogs-hash.c:64      contains    128 bytes in   1 blocks (ref 0) 0x701a780b06a0
    ../lib/core/ogs-hash.c:74      contains     72 bytes in   1 blocks (ref 0) 0x701a780ec930
    ../lib/sbi/message.c:3607      contains    688 bytes in   1 blocks (ref 0) 0x701a780b0380
    http://127.0.0.200:7777/nsmf-pdusession/v1/sm-contexts/10/modify contains     65 bytes in   1 blocks (ref 0) 0x701a78100e30
    ../lib/core/ogs-hash.c:296     contains     40 bytes in   1 blocks (ref 0) 0x701a780e9750
    3gpp-Sbi-Target-apiRoot        contains     24 bytes in   1 blocks (ref 0) 0x701a78167210
    http://127.0.0.4:7777          contains     22 bytes in   1 blocks (ref 0) 0x701a780c27a0
    ../src/amf/sbi-path.c:226      contains      4 bytes in   1 blocks (ref 0) 0x701a780c7fa0
    ../lib/core/ogs-hash.c:296     contains     40 bytes in   1 blocks (ref 0) 0x701a78101030
    3gpp-Sbi-Max-Rsp-Time          contains     22 bytes in   1 blocks (ref 0) 0x701a780bbba0
    10000                          contains      6 bytes in   1 blocks (ref 0) 0x701a781662b0
    ../lib/core/ogs-hash.c:296     contains     40 bytes in   1 blocks (ref 0) 0x701a78100740
    3gpp-Sbi-Sender-Timestamp      contains     26 bytes in   1 blocks (ref 0) 0x701a780c1930
    Wed, 30 Sep 2026 15:01:22.792 GMT contains     34 bytes in   1 blocks (ref 0) 0x701a78160a20
    ../lib/core/ogs-hash.c:296     contains     40 bytes in   1 blocks (ref 0) 0x701a780bbe40
    User-Agent                     contains     11 bytes in   1 blocks (ref 0) 0x701a780bbc20
    AMF                            contains      4 bytes in   1 blocks (ref 0) 0x701a780ec9e0
    ../lib/core/ogs-hash.c:296     contains     40 bytes in   1 blocks (ref 0) 0x701a780bbca0
    Accept                         contains      7 bytes in   1 blocks (ref 0) 0x701a780eca50
    application/json,application/problem+json contains     42 bytes in   1 blocks (ref 0) 0x701a780bb9e0
    ../lib/core/ogs-hash.c:296     contains     40 bytes in   1 blocks (ref 0) 0x701a780bba90
    Content-Type                   contains     13 bytes in   1 blocks (ref 0) 0x701a780bbdc0
    application/json               contains     17 bytes in   1 blocks (ref 0) 0x701a78160750
    ../lib/sbi/openapi/external/cJSON.c:196 contains    291 bytes in   1 blocks (ref 0) 0x701a780b0110
    POST                           contains      5 bytes in   1 blocks (ref 0) 0x701a780c16b0
    ../lib/core/ogs-hash.c:64      contains    128 bytes in   1 blocks (ref 0) 0x701a78100650
    ../lib/core/ogs-hash.c:74      contains     72 bytes in   1 blocks (ref 0) 0x701a780c4320
    ../lib/core/ogs-hash.c:64      contains    128 bytes in   1 blocks (ref 0) 0x701a780c1ac0
    ../lib/core/ogs-hash.c:74      contains     72 bytes in   1 blocks (ref 0) 0x701a780ca300
    ../lib/sbi/message.c:3607      contains    688 bytes in   1 blocks (ref 0) 0x701a78165c90
    http://127.0.0.200:7777/nsmf-pdusession/v1/sm-contexts/11/modify contains     65 bytes in   1 blocks (ref 0) 0x701a780c1a10
    ../lib/core/ogs-hash.c:296     contains     40 bytes in   1 blocks (ref 0) 0x701a780ca040
    3gpp-Sbi-Target-apiRoot        contains     24 bytes in   1 blocks (ref 0) 0x701a78094540
    http://127.0.0.4:7777          contains     22 bytes in   1 blocks (ref 0) 0x701a78108230
    ../src/amf/sbi-path.c:226      contains      4 bytes in   1 blocks (ref 0) 0x701a780c9570
    ../lib/core/ogs-hash.c:296     contains     40 bytes in   1 blocks (ref 0) 0x701a780c2bd0
    3gpp-Sbi-Max-Rsp-Time          contains     22 bytes in   1 blocks (ref 0) 0x701a780c2ad0
    10000                          contains      6 bytes in   1 blocks (ref 0) 0x701a78043d20
    ../lib/core/ogs-hash.c:296     contains     40 bytes in   1 blocks (ref 0) 0x701a7803fc50
    3gpp-Sbi-Sender-Timestamp      contains     26 bytes in   1 blocks (ref 0) 0x701a780e96c0
    Wed, 30 Sep 2026 15:01:22.792 GMT contains     34 bytes in   1 blocks (ref 0) 0x701a780e9340
    ../lib/core/ogs-hash.c:296     contains     40 bytes in   1 blocks (ref 0) 0x701a7803fa40
    User-Agent                     contains     11 bytes in   1 blocks (ref 0) 0x701a780c2b50
    AMF                            contains      4 bytes in   1 blocks (ref 0) 0x701a780ca3b0
    ../lib/core/ogs-hash.c:296     contains     40 bytes in   1 blocks (ref 0) 0x701a780c2910
    Accept                         contains      7 bytes in   1 blocks (ref 0) 0x701a780ca420
    application/json,application/problem+json contains     42 bytes in   1 blocks (ref 0) 0x701a780c26f0
    ../lib/core/ogs-hash.c:296     contains     40 bytes in   1 blocks (ref 0) 0x701a780c29c0
    Content-Type                   contains     13 bytes in   1 blocks (ref 0) 0x701a780e92c0
    application/json               contains     17 bytes in   1 blocks (ref 0) 0x701a780e93f0
    ../lib/sbi/openapi/external/cJSON.c:196 contains    291 bytes in   1 blocks (ref 0) 0x701a780ec5a0
    POST                           contains      5 bytes in   1 blocks (ref 0) 0x701a78167070
    ../lib/core/ogs-hash.c:64      contains    128 bytes in   1 blocks (ref 0) 0x701a78149890
    ../lib/core/ogs-hash.c:74      contains     72 bytes in   1 blocks (ref 0) 0x701a7814f390
    ../lib/core/ogs-hash.c:64      contains    128 bytes in   1 blocks (ref 0) 0x701a7803fde0
    ../lib/core/ogs-hash.c:74      contains     72 bytes in   1 blocks (ref 0) 0x701a78108180
    ../lib/sbi/message.c:3607      contains    688 bytes in   1 blocks (ref 0) 0x701a78149f80
    http://127.0.0.200:7777/nsmf-pdusession/v1/sm-contexts/4/modify contains     64 bytes in   1 blocks (ref 0) 0x701a7803fd30
    ../lib/core/ogs-hash.c:296     contains     40 bytes in   1 blocks (ref 0) 0x701a78094750
    3gpp-Sbi-Target-apiRoot        contains     24 bytes in   1 blocks (ref 0) 0x701a78160000
    http://127.0.0.32:7777         contains     23 bytes in   1 blocks (ref 0) 0x701a781661b0
    ../src/amf/sbi-path.c:226      contains      4 bytes in   1 blocks (ref 0) 0x701a780c80c0
    ../lib/core/ogs-hash.c:296     contains     40 bytes in   1 blocks (ref 0) 0x701a781688b0
    3gpp-Sbi-Max-Rsp-Time          contains     22 bytes in   1 blocks (ref 0) 0x701a78167440
    10000                          contains      6 bytes in   1 blocks (ref 0) 0x701a7810cdc0
    ../lib/core/ogs-hash.c:296     contains     40 bytes in   1 blocks (ref 0) 0x701a78149800
    3gpp-Sbi-Sender-Timestamp      contains     26 bytes in   1 blocks (ref 0) 0x701a780ca150
    Wed, 30 Sep 2026 15:01:22.792 GMT contains     34 bytes in   1 blocks (ref 0) 0x701a780c9fb0
    ../lib/core/ogs-hash.c:296     contains     40 bytes in   1 blocks (ref 0) 0x701a78165fb0
    User-Agent                     contains     11 bytes in   1 blocks (ref 0) 0x701a781674c0
    AMF                            contains      4 bytes in   1 blocks (ref 0) 0x701a78166060
    ../lib/core/ogs-hash.c:296     contains     40 bytes in   1 blocks (ref 0) 0x701a78167300
    Accept                         contains      7 bytes in   1 blocks (ref 0) 0x701a7803f9d0
    application/json,application/problem+json contains     42 bytes in   1 blocks (ref 0) 0x701a781670e0
    ../lib/core/ogs-hash.c:296     contains     40 bytes in   1 blocks (ref 0) 0x701a781673b0
    Content-Type                   contains     13 bytes in   1 blocks (ref 0) 0x701a780c9f30
    application/json               contains     17 bytes in   1 blocks (ref 0) 0x701a780ca0d0
    ../lib/sbi/openapi/external/cJSON.c:196 contains    291 bytes in   1 blocks (ref 0) 0x701a781499a0
    POST                           contains      5 bytes in   1 blocks (ref 0) 0x701a78168630
    ../lib/core/ogs-hash.c:64      contains    128 bytes in   1 blocks (ref 0) 0x701a78108340
    ../lib/core/ogs-hash.c:74      contains     72 bytes in   1 blocks (ref 0) 0x701a780410b0
    ../lib/core/ogs-hash.c:64      contains    128 bytes in   1 blocks (ref 0) 0x701a781643e0
    ../lib/core/ogs-hash.c:74      contains     72 bytes in   1 blocks (ref 0) 0x701a78042030
    ../lib/sbi/message.c:3607      contains    688 bytes in   1 blocks (ref 0) 0x701a7813f0c0
    http://127.0.0.200:7777/nsmf-pdusession/v1/sm-contexts/3/modify contains     64 bytes in   1 blocks (ref 0) 0x701a78168990
    ../lib/core/ogs-hash.c:296     contains     40 bytes in   1 blocks (ref 0) 0x701a781014c0
    3gpp-Sbi-Target-apiRoot        contains     24 bytes in   1 blocks (ref 0) 0x701a7808f240
    http://127.0.0.4:7777          contains     22 bytes in   1 blocks (ref 0) 0x701a780feeb0
    ../src/amf/sbi-path.c:226      contains      4 bytes in   1 blocks (ref 0) 0x701a7810e090
    ../lib/core/ogs-hash.c:296     contains     40 bytes in   1 blocks (ref 0) 0x701a78166320
    3gpp-Sbi-Max-Rsp-Time          contains     22 bytes in   1 blocks (ref 0) 0x701a780945c0
    10000                          contains      6 bytes in   1 blocks (ref 0) 0x701a78041f50
    ../lib/core/ogs-hash.c:296     contains     40 bytes in   1 blocks (ref 0) 0x701a780ea470
    3gpp-Sbi-Sender-Timestamp      contains     26 bytes in   1 blocks (ref 0) 0x701a78094860
    Wed, 30 Sep 2026 15:01:22.792 GMT contains     34 bytes in   1 blocks (ref 0) 0x701a78160080
    ../lib/core/ogs-hash.c:296     contains     40 bytes in   1 blocks (ref 0) 0x701a781082b0
    User-Agent                     contains     11 bytes in   1 blocks (ref 0) 0x701a78094640
    AMF                            contains      4 bytes in   1 blocks (ref 0) 0x701a780420e0
    ../lib/core/ogs-hash.c:296     contains     40 bytes in   1 blocks (ref 0) 0x701a780946c0
    Accept                         contains      7 bytes in   1 blocks (ref 0) 0x701a78042150
    application/json,application/problem+json contains     42 bytes in   1 blocks (ref 0) 0x701a78166100
    ../lib/core/ogs-hash.c:296     contains     40 bytes in   1 blocks (ref 0) 0x701a780944b0
    Content-Type                   contains     13 bytes in   1 blocks (ref 0) 0x701a780947e0
    application/json               contains     17 bytes in   1 blocks (ref 0) 0x701a78107fe0
    ../lib/sbi/openapi/external/cJSON.c:196 contains    291 bytes in   1 blocks (ref 0) 0x701a7814f070
    POST                           contains      5 bytes in   1 blocks (ref 0) 0x701a78074bc0
    ../lib/core/ogs-hash.c:64      contains    128 bytes in   1 blocks (ref 0) 0x701a7815fe00
    ../lib/core/ogs-hash.c:74      contains     72 bytes in   1 blocks (ref 0) 0x701a78091690
    ../lib/core/ogs-hash.c:64      contains    128 bytes in   1 blocks (ref 0) 0x701a780c4b20
    ../lib/core/ogs-hash.c:74      contains     72 bytes in   1 blocks (ref 0) 0x701a780fed90
    ../lib/sbi/message.c:3607      contains    688 bytes in   1 blocks (ref 0) 0x701a78092db0
    http://127.0.0.200:7777/nsmf-pdusession/v1/sm-contexts/14/modify contains     65 bytes in   1 blocks (ref 0) 0x701a7815fd50
    ../lib/core/ogs-hash.c:296     contains     40 bytes in   1 blocks (ref 0) 0x701a780ce7b0
    3gpp-Sbi-Target-apiRoot        contains     24 bytes in   1 blocks (ref 0) 0x701a78042ef0
    http://127.0.0.33:7777         contains     23 bytes in   1 blocks (ref 0) 0x701a78045570
    ../src/amf/sbi-path.c:226      contains      4 bytes in   1 blocks (ref 0) 0x701a7806b9a0
    ../lib/core/ogs-hash.c:296     contains     40 bytes in   1 blocks (ref 0) 0x701a78101430
    3gpp-Sbi-Max-Rsp-Time          contains     22 bytes in   1 blocks (ref 0) 0x701a781012b0
    10000                          contains      6 bytes in   1 blocks (ref 0) 0x701a780a5ab0
    ../lib/core/ogs-hash.c:296     contains     40 bytes in   1 blocks (ref 0) 0x701a78101200
    3gpp-Sbi-Sender-Timestamp      contains     26 bytes in   1 blocks (ref 0) 0x701a7815ff50
    Wed, 30 Sep 2026 15:01:22.792 GMT contains     34 bytes in   1 blocks (ref 0) 0x701a78042220
    ../lib/core/ogs-hash.c:296     contains     40 bytes in   1 blocks (ref 0) 0x701a78008210
    User-Agent                     contains     11 bytes in   1 blocks (ref 0) 0x701a78101330
    AMF                            contains      4 bytes in   1 blocks (ref 0) 0x701a780fee40
    ../lib/core/ogs-hash.c:296     contains     40 bytes in   1 blocks (ref 0) 0x701a780088c0
    Accept                         contains      7 bytes in   1 blocks (ref 0) 0x701a78092900
    application/json,application/problem+json contains     42 bytes in   1 blocks (ref 0) 0x701a7814b2c0
    ../lib/core/ogs-hash.c:296     contains     40 bytes in   1 blocks (ref 0) 0x701a780fb0a0
    Content-Type                   contains     13 bytes in   1 blocks (ref 0) 0x701a781013b0
    application/json               contains     17 bytes in   1 blocks (ref 0) 0x701a78101550
    ../lib/sbi/openapi/external/cJSON.c:196 contains    291 bytes in   1 blocks (ref 0) 0x701a780c4c10
    POST                           contains      5 bytes in   1 blocks (ref 0) 0x701a78090d40
    ../lib/core/ogs-hash.c:64      contains    128 bytes in   1 blocks (ref 0) 0x701a78041270
    ../lib/core/ogs-hash.c:74      contains     72 bytes in   1 blocks (ref 0) 0x701a78059c30
    ../lib/core/ogs-hash.c:64      contains    128 bytes in   1 blocks (ref 0) 0x701a78164fb0
    ../lib/core/ogs-hash.c:74      contains     72 bytes in   1 blocks (ref 0) 0x701a780576b0
    ../lib/sbi/message.c:3607      contains    688 bytes in   1 blocks (ref 0) 0x701a780c6c20
    http://127.0.0.200:7777/nsmf-pdusession/v1/sm-contexts/5/modify contains     64 bytes in   1 blocks (ref 0) 0x701a78001ba0
    ../lib/core/ogs-hash.c:296     contains     40 bytes in   1 blocks (ref 0) 0x701a7814d640
    3gpp-Sbi-Target-apiRoot        contains     24 bytes in   1 blocks (ref 0) 0x701a78044530
    http://127.0.0.4:7777          contains     22 bytes in   1 blocks (ref 0) 0x701a7810c3e0
    ../src/amf/sbi-path.c:226      contains      4 bytes in   1 blocks (ref 0) 0x701a781625b0
    ../lib/core/ogs-hash.c:296     contains     40 bytes in   1 blocks (ref 0) 0x701a781680a0
    3gpp-Sbi-Max-Rsp-Time          contains     22 bytes in   1 blocks (ref 0) 0x701a7808f2c0
    10000                          contains      6 bytes in   1 blocks (ref 0) 0x701a780089e0
    ../lib/core/ogs-hash.c:296     contains     40 bytes in   1 blocks (ref 0) 0x701a780ce720
    3gpp-Sbi-Sender-Timestamp      contains     26 bytes in   1 blocks (ref 0) 0x701a780c1060
    Wed, 30 Sep 2026 15:01:22.790 GMT contains     34 bytes in   1 blocks (ref 0) 0x701a780fa6b0
    ../lib/core/ogs-hash.c:296     contains     40 bytes in   1 blocks (ref 0) 0x701a78041360
    User-Agent                     contains     11 bytes in   1 blocks (ref 0) 0x701a78050c10
    AMF                            contains      4 bytes in   1 blocks (ref 0) 0x701a780b1760
    ../lib/core/ogs-hash.c:296     contains     40 bytes in   1 blocks (ref 0) 0x701a78090cb0
    Accept                         contains      7 bytes in   1 blocks (ref 0) 0x701a78045b30
    application/json,application/problem+json contains     42 bytes in   1 blocks (ref 0) 0x701a780c0ea0
    ../lib/core/ogs-hash.c:296     contains     40 bytes in   1 blocks (ref 0) 0x701a78168150
    Content-Type                   contains     13 bytes in   1 blocks (ref 0) 0x701a78050c90
    application/json               contains     17 bytes in   1 blocks (ref 0) 0x701a78045d00
    ../lib/sbi/openapi/external/cJSON.c:196 contains    291 bytes in   1 blocks (ref 0) 0x701a7810dd70
    POST                           contains      5 bytes in   1 blocks (ref 0) 0x701a78045f90
    ../lib/core/ogs-hash.c:64      contains    128 bytes in   1 blocks (ref 0) 0x701a78108470
    ../lib/core/ogs-hash.c:74      contains     72 bytes in   1 blocks (ref 0) 0x701a78043f70
    ../lib/core/ogs-hash.c:64      contains    128 bytes in   1 blocks (ref 0) 0x701a78149d20
    ../lib/core/ogs-hash.c:74      contains     72 bytes in   1 blocks (ref 0) 0x701a780862b0
    ../lib/sbi/message.c:3607      contains    688 bytes in   1 blocks (ref 0) 0x701a78168bb0
    http://127.0.0.200:7777/nsmf-pdusession/v1/sm-contexts/10/modify contains     65 bytes in   1 blocks (ref 0) 0x701a78000da0
    ../lib/core/ogs-hash.c:296     contains     40 bytes in   1 blocks (ref 0) 0x701a7814d4a0
    3gpp-Sbi-Target-apiRoot        contains     24 bytes in   1 blocks (ref 0) 0x701a780934d0
    http://127.0.0.32:7777         contains     23 bytes in   1 blocks (ref 0) 0x701a780edf40
    ../src/amf/sbi-path.c:226      contains      4 bytes in   1 blocks (ref 0) 0x701a7808ff80
    ../lib/core/ogs-hash.c:296     contains     40 bytes in   1 blocks (ref 0) 0x701a7814aca0
    3gpp-Sbi-Max-Rsp-Time          contains     22 bytes in   1 blocks (ref 0) 0x701a7814ae10
    10000                          contains      6 bytes in   1 blocks (ref 0) 0x701a780c5ae0
    ../lib/core/ogs-hash.c:296     contains     40 bytes in   1 blocks (ref 0) 0x701a780f74d0
    3gpp-Sbi-Sender-Timestamp      contains     26 bytes in   1 blocks (ref 0) 0x701a780afbb0
    Wed, 30 Sep 2026 15:01:22.788 GMT contains     34 bytes in   1 blocks (ref 0) 0x701a78046b60
    ../lib/core/ogs-hash.c:296     contains     40 bytes in   1 blocks (ref 0) 0x701a781621a0
    User-Agent                     contains     11 bytes in   1 blocks (ref 0) 0x701a7814d780
    AMF                            contains      4 bytes in   1 blocks (ref 0) 0x701a780faae0
    ../lib/core/ogs-hash.c:296     contains     40 bytes in   1 blocks (ref 0) 0x701a780b89e0
    Accept                         contains      7 bytes in   1 blocks (ref 0) 0x701a780026d0
    application/json,application/problem+json contains     42 bytes in   1 blocks (ref 0) 0x701a780c6870
    ../lib/core/ogs-hash.c:296     contains     40 bytes in   1 blocks (ref 0) 0x701a78056c80
    Content-Type                   contains     13 bytes in   1 blocks (ref 0) 0x701a780c7ae0
    application/json               contains     17 bytes in   1 blocks (ref 0) 0x701a780fa7f0
    ../lib/sbi/openapi/external/cJSON.c:196 contains    291 bytes in   1 blocks (ref 0) 0x701a780ce4b0
    POST                           contains      5 bytes in   1 blocks (ref 0) 0x701a780747c0
    ../lib/core/ogs-hash.c:64      contains    128 bytes in   1 blocks (ref 0) 0x701a780ce840
    ../lib/core/ogs-hash.c:74      contains     72 bytes in   1 blocks (ref 0) 0x701a780c65e0
    ../lib/core/ogs-hash.c:64      contains    128 bytes in   1 blocks (ref 0) 0x701a78101600
    ../lib/core/ogs-hash.c:74      contains     72 bytes in   1 blocks (ref 0) 0x701a78168240
    ../lib/sbi/message.c:3607      contains    688 bytes in   1 blocks (ref 0) 0x701a780ed3c0
