Open5GS daemon v2.8.0

09/30 14:59:16.229: [app] INFO: Configuration: '/work/runs/patched-preflight/configs/amf.yaml' (../lib/app/ogs-init.c:144)
09/30 14:59:16.229: [app] INFO: File Logging: '/work/runs/patched-preflight/amf.log' (../lib/app/ogs-init.c:147)
09/30 14:59:16.230: [app] INFO: LOG-LEVEL: 'info' (../lib/app/ogs-init.c:150)
09/30 14:59:16.234: [sbi] INFO: Setup NF EndPoint(addr) [127.0.0.200:7777] (../lib/sbi/context.c:499)
09/30 14:59:16.234: [sbi] INFO: Setup NF EndPoint(addr) [127.0.0.10:7777] (../lib/sbi/context.c:451)
09/30 14:59:16.235: [metrics] INFO: metrics_server() [http://127.0.0.5]:9090 (../lib/metrics/prometheus/context.c:392)
09/30 14:59:16.235: [sbi] INFO: NF Service [namf-comm] (../lib/sbi/context.c:2012)
09/30 14:59:16.236: [sbi] INFO: nghttp2_server() [http://127.0.0.5]:7777 (../lib/sbi/nghttp2-server.c:454)
09/30 14:59:16.236: [amf] INFO: ngap_server() [127.0.0.5]:38412 (../src/amf/ngap-sctp.c:61)
09/30 14:59:16.237: [sctp] INFO: AMF initialize...done (../src/amf/app.c:33)
09/30 14:59:16.241: [sbi] INFO: [818b528e-bcdf-41f1-a055-e37ccc4d9dde] NF registered [Heartbeat:1s] (../lib/sbi/nf-sm.c:368)
09/30 14:59:16.250: [sbi] INFO: Setup NF EndPoint(addr) [127.0.0.10:7777] (../lib/sbi/nnrf-handler.c:1113)
09/30 14:59:16.250: [sbi] INFO: [818ceb12-bcdf-41f1-9b13-dba846011b48] Subscription created until 2026-10-01T14:59:16.242894+00:00 [duration:86400000000,validity:86400.000000,patch:43200.000000] (../lib/sbi/nnrf-handler.c:1032)
09/30 14:59:16.251: [sbi] INFO: Setup NF EndPoint(addr) [127.0.0.10:7777] (../lib/sbi/nnrf-handler.c:1113)
09/30 14:59:16.251: [sbi] INFO: [818d8586-bcdf-41f1-9b13-dba846011b48] Subscription created until 2026-10-01T14:59:16.246515+00:00 [duration:86400000000,validity:86400.000000,patch:43200.000000] (../lib/sbi/nnrf-handler.c:1032)
09/30 14:59:16.251: [sbi] INFO: Setup NF EndPoint(addr) [127.0.0.10:7777] (../lib/sbi/nnrf-handler.c:1113)
09/30 14:59:16.252: [sbi] INFO: [818d29f6-bcdf-41f1-9b13-dba846011b48] Subscription created until 2026-10-01T14:59:16.244426+00:00 [duration:86400000000,validity:86400.000000,patch:43200.000000] (../lib/sbi/nnrf-handler.c:1032)
09/30 14:59:16.252: [sbi] INFO: Setup NF EndPoint(addr) [127.0.0.10:7777] (../lib/sbi/nnrf-handler.c:1113)
09/30 14:59:16.253: [sbi] INFO: [818d5d40-bcdf-41f1-9b13-dba846011b48] Subscription created until 2026-10-01T14:59:16.245435+00:00 [duration:86400000000,validity:86400.000000,patch:43200.000000] (../lib/sbi/nnrf-handler.c:1032)
09/30 14:59:16.253: [sbi] INFO: Setup NF EndPoint(addr) [127.0.0.10:7777] (../lib/sbi/nnrf-handler.c:1113)
09/30 14:59:16.254: [sbi] INFO: [818db10a-bcdf-41f1-9b13-dba846011b48] Subscription created until 2026-10-01T14:59:16.247553+00:00 [duration:86400000000,validity:86400.000000,patch:43200.000000] (../lib/sbi/nnrf-handler.c:1032)
09/30 14:59:16.254: [sbi] INFO: Setup NF EndPoint(addr) [127.0.0.10:7777] (../lib/sbi/nnrf-handler.c:1113)
09/30 14:59:16.255: [sbi] INFO: [818dced8-bcdf-41f1-9b13-dba846011b48] Subscription created until 2026-10-01T14:59:16.248353+00:00 [duration:86400000000,validity:86400.000000,patch:43200.000000] (../lib/sbi/nnrf-handler.c:1032)
09/30 14:59:16.255: [sbi] INFO: Setup NF EndPoint(addr) [127.0.0.10:7777] (../lib/sbi/nnrf-handler.c:1113)
09/30 14:59:16.256: [sbi] INFO: [818ded96-bcdf-41f1-9b13-dba846011b48] Subscription created until 2026-10-01T14:59:16.249100+00:00 [duration:86400000000,validity:86400.000000,patch:43200.000000] (../lib/sbi/nnrf-handler.c:1032)
09/30 14:59:16.257: [sbi] INFO: [80a4d868-bcdf-41f1-a651-f1399b225370] (NRF-profile-get) NF registered (../lib/sbi/nf-sm.c:104)
09/30 14:59:16.257: [sbi] INFO: [AUSF] NFInstance associated [80a4d868-bcdf-41f1-a651-f1399b225370] (../lib/sbi/context.c:2498)
09/30 14:59:16.257: [sbi] INFO: Setup NF EndPoint(addr) [127.0.0.11:80] (../lib/sbi/context.c:2503)
09/30 14:59:16.258: [sbi] INFO: [nausf-auth] NFService associated [80a557de-bcdf-41f1-a651-f1399b225370] (../lib/sbi/context.c:2138)
09/30 14:59:16.258: [sbi] INFO: Setup NF EndPoint(addr) [127.0.0.11:7777] (../lib/sbi/context.c:2141)
09/30 14:59:16.259: [sbi] INFO: [8117c148-bcdf-41f1-9a43-9f422c9432be] (NRF-profile-get) NF registered (../lib/sbi/nf-sm.c:104)
09/30 14:59:16.259: [sbi] INFO: [PCF] NFInstance associated [8117c148-bcdf-41f1-9a43-9f422c9432be] (../lib/sbi/context.c:2498)
09/30 14:59:16.260: [sbi] INFO: Setup NF EndPoint(addr) [127.0.0.13:80] (../lib/sbi/context.c:2503)
09/30 14:59:16.260: [sbi] INFO: [npcf-am-policy-control] NFService associated [813735b4-bcdf-41f1-9a43-9f422c9432be] (../lib/sbi/context.c:2138)
09/30 14:59:16.260: [sbi] INFO: Setup NF EndPoint(addr) [127.0.0.13:7777] (../lib/sbi/context.c:2141)
09/30 14:59:16.261: [sbi] INFO: [npcf-smpolicycontrol] NFService associated [81374fb8-bcdf-41f1-9a43-9f422c9432be] (../lib/sbi/context.c:2138)
09/30 14:59:16.261: [sbi] INFO: Setup NF EndPoint(addr) [127.0.0.13:7777] (../lib/sbi/context.c:2141)
09/30 14:59:16.262: [sbi] INFO: [npcf-policyauthorization] NFService associated [81375f6c-bcdf-41f1-9a43-9f422c9432be] (../lib/sbi/context.c:2138)
09/30 14:59:16.262: [sbi] INFO: Setup NF EndPoint(addr) [127.0.0.13:7777] (../lib/sbi/context.c:2141)
09/30 14:59:16.263: [sbi] INFO: [80f131fe-bcdf-41f1-a910-81cee510089b] (NRF-profile-get) NF registered (../lib/sbi/nf-sm.c:104)
09/30 14:59:16.263: [sbi] INFO: [UDM] NFInstance associated [80f131fe-bcdf-41f1-a910-81cee510089b] (../lib/sbi/context.c:2498)
09/30 14:59:16.264: [sbi] INFO: Setup NF EndPoint(addr) [127.0.0.12:80] (../lib/sbi/context.c:2503)
09/30 14:59:16.264: [sbi] INFO: [nudm-ueau] NFService associated [80f1aec2-bcdf-41f1-a910-81cee510089b] (../lib/sbi/context.c:2138)
09/30 14:59:16.265: [sbi] INFO: Setup NF EndPoint(addr) [127.0.0.12:7777] (../lib/sbi/context.c:2141)
09/30 14:59:16.265: [sbi] INFO: [nudm-uecm] NFService associated [80f1cc4a-bcdf-41f1-a910-81cee510089b] (../lib/sbi/context.c:2138)
09/30 14:59:16.265: [sbi] INFO: Setup NF EndPoint(addr) [127.0.0.12:7777] (../lib/sbi/context.c:2141)
09/30 14:59:16.266: [sbi] INFO: [nudm-sdm] NFService associated [80f1f1d4-bcdf-41f1-a910-81cee510089b] (../lib/sbi/context.c:2138)
09/30 14:59:16.266: [sbi] INFO: Setup NF EndPoint(addr) [127.0.0.12:7777] (../lib/sbi/context.c:2141)
09/30 14:59:16.267: [sbi] INFO: [813e5c9a-bcdf-41f1-b37d-f9fe5840358b] (NRF-profile-get) NF registered (../lib/sbi/nf-sm.c:104)
09/30 14:59:16.267: [sbi] INFO: [NSSF] NFInstance associated [813e5c9a-bcdf-41f1-b37d-f9fe5840358b] (../lib/sbi/context.c:2498)
09/30 14:59:16.267: [sbi] INFO: Setup NF EndPoint(addr) [127.0.0.14:80] (../lib/sbi/context.c:2503)
09/30 14:59:16.268: [sbi] INFO: [nnssf-nsselection] NFService associated [813ebac8-bcdf-41f1-b37d-f9fe5840358b] (../lib/sbi/context.c:2138)
09/30 14:59:16.268: [sbi] INFO: Setup NF EndPoint(addr) [127.0.0.14:7777] (../lib/sbi/context.c:2141)
09/30 14:59:16.539: [sbi] INFO: [81b56fa6-bcdf-41f1-a50a-016c6004e5cf] (NRF-notify) NF registered (../lib/sbi/nnrf-handler.c:1310)
09/30 14:59:16.540: [sbi] INFO: [81b56fa6-bcdf-41f1-a50a-016c6004e5cf] (NRF-notify) NF Profile updated [type:SMF] (../lib/sbi/nnrf-handler.c:1348)
09/30 14:59:16.541: [sbi] INFO: [SMF] NFInstance associated [81b56fa6-bcdf-41f1-a50a-016c6004e5cf] (../lib/sbi/context.c:2498)
09/30 14:59:16.542: [sbi] INFO: Setup NF EndPoint(addr) [127.0.0.4:80] (../lib/sbi/context.c:2503)
09/30 14:59:16.542: [sbi] INFO: [nsmf-pdusession] NFService associated [81b78a0c-bcdf-41f1-a50a-016c6004e5cf] (../lib/sbi/context.c:2138)
09/30 14:59:16.543: [sbi] INFO: Setup NF EndPoint(addr) [127.0.0.4:7777] (../lib/sbi/context.c:2141)
09/30 14:59:17.127: [sbi] INFO: [821130de-bcdf-41f1-9ab3-2727420eff46] (NRF-notify) NF registered (../lib/sbi/nnrf-handler.c:1310)
09/30 14:59:17.128: [sbi] INFO: [821130de-bcdf-41f1-9ab3-2727420eff46] (NRF-notify) NF Profile updated [type:SMF] (../lib/sbi/nnrf-handler.c:1348)
09/30 14:59:17.129: [sbi] INFO: [SMF] NFInstance associated [821130de-bcdf-41f1-9ab3-2727420eff46] (../lib/sbi/context.c:2498)
09/30 14:59:17.130: [sbi] INFO: Setup NF EndPoint(addr) [127.0.0.32:80] (../lib/sbi/context.c:2503)
09/30 14:59:17.131: [sbi] INFO: [nsmf-pdusession] NFService associated [8212c6d8-bcdf-41f1-9ab3-2727420eff46] (../lib/sbi/context.c:2138)
09/30 14:59:17.132: [sbi] INFO: Setup NF EndPoint(addr) [127.0.0.32:7777] (../lib/sbi/context.c:2141)
09/30 14:59:17.734: [sbi] INFO: [826d8050-bcdf-41f1-a1e8-b3995c3e592e] (NRF-notify) NF registered (../lib/sbi/nnrf-handler.c:1310)
09/30 14:59:17.734: [sbi] INFO: [826d8050-bcdf-41f1-a1e8-b3995c3e592e] (NRF-notify) NF Profile updated [type:SMF] (../lib/sbi/nnrf-handler.c:1348)
09/30 14:59:17.735: [sbi] INFO: [SMF] NFInstance associated [826d8050-bcdf-41f1-a1e8-b3995c3e592e] (../lib/sbi/context.c:2498)
09/30 14:59:17.736: [sbi] INFO: Setup NF EndPoint(addr) [127.0.0.33:80] (../lib/sbi/context.c:2503)
09/30 14:59:17.737: [sbi] INFO: [nsmf-pdusession] NFService associated [826eb3e4-bcdf-41f1-a1e8-b3995c3e592e] (../lib/sbi/context.c:2138)
09/30 14:59:17.738: [sbi] INFO: Setup NF EndPoint(addr) [127.0.0.33:7777] (../lib/sbi/context.c:2141)
09/30 14:59:21.287: [amf] INFO: gNB-N2 accepted[127.0.0.1]:44855 in ng-path module (../src/amf/ngap-sctp.c:113)
09/30 14:59:21.288: [amf] INFO: gNB-N2 accepted[127.0.0.1] in master_sm module (../src/amf/amf-sm.c:818)
09/30 14:59:21.294: [amf] INFO: [Added] Number of gNBs is now 1 (../src/amf/context.c:1277)
09/30 14:59:21.295: [amf] INFO: gNB-N2[127.0.0.1] max_num_of_ostreams : 10 (../src/amf/amf-sm.c:865)
09/30 14:59:23.320: [amf] INFO: InitialUEMessage (../src/amf/ngap-handler.c:668)
09/30 14:59:23.320: [amf] INFO: [Added] Number of gNB-UEs is now 1 (../src/amf/context.c:2932)
09/30 14:59:23.321: [amf] INFO:     RAN_UE_NGAP_ID[1] AMF_UE_NGAP_ID[1] TAC[1] CellID[0x10] (../src/amf/ngap-handler.c:878)
09/30 14:59:23.321: [amf] INFO: [suci-0-999-70-0000-0-0-0000000018] Unknown UE by SUCI (../src/amf/context.c:1934)
09/30 14:59:23.322: [amf] INFO: [Added] Number of AMF-UEs is now 1 (../src/amf/context.c:1699)
09/30 14:59:23.322: [gmm] INFO: Registration request (../src/amf/gmm-sm.c:1678)
09/30 14:59:23.323: [gmm] INFO: [suci-0-999-70-0000-0-0-0000000018]    SUCI (../src/amf/gmm-handler.c:186)
09/30 14:59:23.323: [sbi] INFO: [80a4d868-bcdf-41f1-a651-f1399b225370] Setup NF Instance [type:AUSF] (../lib/sbi/path.c:349)
09/30 14:59:23.331: [amf] INFO: Setup NF EndPoint(addr) [127.0.0.11:7777] (../src/amf/nausf-handler.c:130)
09/30 14:59:23.332: [amf] INFO: InitialUEMessage (../src/amf/ngap-handler.c:668)
09/30 14:59:23.332: [amf] INFO: [Added] Number of gNB-UEs is now 2 (../src/amf/context.c:2932)
09/30 14:59:23.333: [amf] INFO:     RAN_UE_NGAP_ID[2] AMF_UE_NGAP_ID[2] TAC[1] CellID[0x10] (../src/amf/ngap-handler.c:878)
09/30 14:59:23.333: [amf] INFO: [suci-0-999-70-0000-0-0-0000000024] Unknown UE by SUCI (../src/amf/context.c:1934)
09/30 14:59:23.334: [amf] INFO: [Added] Number of AMF-UEs is now 2 (../src/amf/context.c:1699)
09/30 14:59:23.334: [gmm] INFO: Registration request (../src/amf/gmm-sm.c:1678)
09/30 14:59:23.335: [gmm] INFO: [suci-0-999-70-0000-0-0-0000000024]    SUCI (../src/amf/gmm-handler.c:186)
09/30 14:59:23.335: [sbi] INFO: [80a4d868-bcdf-41f1-a651-f1399b225370] Setup NF Instance [type:AUSF] (../lib/sbi/path.c:349)
09/30 14:59:23.336: [amf] INFO: InitialUEMessage (../src/amf/ngap-handler.c:668)
09/30 14:59:23.337: [amf] INFO: [Added] Number of gNB-UEs is now 3 (../src/amf/context.c:2932)
09/30 14:59:23.337: [amf] INFO:     RAN_UE_NGAP_ID[3] AMF_UE_NGAP_ID[3] TAC[1] CellID[0x10] (../src/amf/ngap-handler.c:878)
09/30 14:59:23.338: [amf] INFO: [suci-0-999-70-0000-0-0-0000000022] Unknown UE by SUCI (../src/amf/context.c:1934)
09/30 14:59:23.338: [amf] INFO: [Added] Number of AMF-UEs is now 3 (../src/amf/context.c:1699)
09/30 14:59:23.339: [gmm] INFO: Registration request (../src/amf/gmm-sm.c:1678)
09/30 14:59:23.340: [gmm] INFO: [suci-0-999-70-0000-0-0-0000000022]    SUCI (../src/amf/gmm-handler.c:186)
09/30 14:59:23.340: [sbi] INFO: [80a4d868-bcdf-41f1-a651-f1399b225370] Setup NF Instance [type:AUSF] (../lib/sbi/path.c:349)
09/30 14:59:23.345: [amf] INFO: Setup NF EndPoint(addr) [127.0.0.11:7777] (../src/amf/nausf-handler.c:130)
09/30 14:59:23.346: [amf] INFO: InitialUEMessage (../src/amf/ngap-handler.c:668)
09/30 14:59:23.346: [amf] INFO: [Added] Number of gNB-UEs is now 4 (../src/amf/context.c:2932)
09/30 14:59:23.347: [amf] INFO:     RAN_UE_NGAP_ID[4] AMF_UE_NGAP_ID[4] TAC[1] CellID[0x10] (../src/amf/ngap-handler.c:878)
09/30 14:59:23.348: [amf] INFO: [suci-0-999-70-0000-0-0-0000000021] Unknown UE by SUCI (../src/amf/context.c:1934)
09/30 14:59:23.348: [amf] INFO: [Added] Number of AMF-UEs is now 4 (../src/amf/context.c:1699)
09/30 14:59:23.349: [gmm] INFO: Registration request (../src/amf/gmm-sm.c:1678)
09/30 14:59:23.349: [gmm] INFO: [suci-0-999-70-0000-0-0-0000000021]    SUCI (../src/amf/gmm-handler.c:186)
09/30 14:59:23.350: [sbi] INFO: [80a4d868-bcdf-41f1-a651-f1399b225370] Setup NF Instance [type:AUSF] (../lib/sbi/path.c:349)
09/30 14:59:23.351: [amf] INFO: Setup NF EndPoint(addr) [127.0.0.11:7777] (../src/amf/nausf-handler.c:130)
09/30 14:59:23.351: [gmm] WARNING: [suci-0-999-70-0000-0-0-0000000018] Authentication failure [21] (../src/amf/gmm-sm.c:2153)
09/30 14:59:23.352: [gmm] WARNING: [suci-0-999-70-0000-0-0-0000000018] Authentication failure(Synch failure[count=0]) (../src/amf/gmm-sm.c:2182)
09/30 14:59:23.353: [amf] INFO: InitialUEMessage (../src/amf/ngap-handler.c:668)
09/30 14:59:23.353: [amf] INFO: [Added] Number of gNB-UEs is now 5 (../src/amf/context.c:2932)
09/30 14:59:23.354: [amf] INFO:     RAN_UE_NGAP_ID[5] AMF_UE_NGAP_ID[5] TAC[1] CellID[0x10] (../src/amf/ngap-handler.c:878)
09/30 14:59:23.355: [amf] INFO: [suci-0-999-70-0000-0-0-0000000020] Unknown UE by SUCI (../src/amf/context.c:1934)
09/30 14:59:23.355: [amf] INFO: [Added] Number of AMF-UEs is now 5 (../src/amf/context.c:1699)
09/30 14:59:23.356: [gmm] INFO: Registration request (../src/amf/gmm-sm.c:1678)
09/30 14:59:23.357: [gmm] INFO: [suci-0-999-70-0000-0-0-0000000020]    SUCI (../src/amf/gmm-handler.c:186)
09/30 14:59:23.357: [sbi] INFO: [80a4d868-bcdf-41f1-a651-f1399b225370] Setup NF Instance [type:AUSF] (../lib/sbi/path.c:349)
09/30 14:59:23.358: [amf] INFO: InitialUEMessage (../src/amf/ngap-handler.c:668)
09/30 14:59:23.359: [amf] INFO: [Added] Number of gNB-UEs is now 6 (../src/amf/context.c:2932)
09/30 14:59:23.360: [amf] INFO:     RAN_UE_NGAP_ID[6] AMF_UE_NGAP_ID[6] TAC[1] CellID[0x10] (../src/amf/ngap-handler.c:878)
09/30 14:59:23.360: [amf] INFO: [suci-0-999-70-0000-0-0-0000000016] Unknown UE by SUCI (../src/amf/context.c:1934)
09/30 14:59:23.361: [amf] INFO: [Added] Number of AMF-UEs is now 6 (../src/amf/context.c:1699)
09/30 14:59:23.362: [gmm] INFO: Registration request (../src/amf/gmm-sm.c:1678)
09/30 14:59:23.362: [gmm] INFO: [suci-0-999-70-0000-0-0-0000000016]    SUCI (../src/amf/gmm-handler.c:186)
09/30 14:59:23.363: [sbi] INFO: [80a4d868-bcdf-41f1-a651-f1399b225370] Setup NF Instance [type:AUSF] (../lib/sbi/path.c:349)
09/30 14:59:23.364: [amf] INFO: InitialUEMessage (../src/amf/ngap-handler.c:668)
09/30 14:59:23.364: [amf] INFO: [Added] Number of gNB-UEs is now 7 (../src/amf/context.c:2932)
09/30 14:59:23.365: [amf] INFO:     RAN_UE_NGAP_ID[7] AMF_UE_NGAP_ID[7] TAC[1] CellID[0x10] (../src/amf/ngap-handler.c:878)
09/30 14:59:23.366: [amf] INFO: Setup NF EndPoint(addr) [127.0.0.11:7777] (../src/amf/nausf-handler.c:130)
09/30 14:59:23.366: [amf] WARNING: UnRef NF EndPoint(addr) [127.0.0.11:7777] (../src/amf/nausf-handler.c:130)
09/30 14:59:23.367: [amf] INFO: Setup NF EndPoint(addr) [127.0.0.11:7777] (../src/amf/nausf-handler.c:130)
09/30 14:59:23.368: [amf] INFO: [suci-0-999-70-0000-0-0-0000000006] Unknown UE by SUCI (../src/amf/context.c:1934)
09/30 14:59:23.369: [amf] INFO: [Added] Number of AMF-UEs is now 7 (../src/amf/context.c:1699)
09/30 14:59:23.369: [gmm] INFO: Registration request (../src/amf/gmm-sm.c:1678)
09/30 14:59:23.370: [gmm] INFO: [suci-0-999-70-0000-0-0-0000000006]    SUCI (../src/amf/gmm-handler.c:186)
09/30 14:59:23.371: [sbi] INFO: [80a4d868-bcdf-41f1-a651-f1399b225370] Setup NF Instance [type:AUSF] (../lib/sbi/path.c:349)
09/30 14:59:23.372: [amf] INFO: InitialUEMessage (../src/amf/ngap-handler.c:668)
09/30 14:59:23.372: [amf] INFO: [Added] Number of gNB-UEs is now 8 (../src/amf/context.c:2932)
09/30 14:59:23.373: [amf] INFO:     RAN_UE_NGAP_ID[8] AMF_UE_NGAP_ID[8] TAC[1] CellID[0x10] (../src/amf/ngap-handler.c:878)
09/30 14:59:23.374: [amf] INFO: [suci-0-999-70-0000-0-0-0000000002] Unknown UE by SUCI (../src/amf/context.c:1934)
09/30 14:59:23.375: [amf] INFO: [Added] Number of AMF-UEs is now 8 (../src/amf/context.c:1699)
09/30 14:59:23.376: [gmm] INFO: Registration request (../src/amf/gmm-sm.c:1678)
09/30 14:59:23.376: [gmm] INFO: [suci-0-999-70-0000-0-0-0000000002]    SUCI (../src/amf/gmm-handler.c:186)
09/30 14:59:23.377: [sbi] INFO: [80a4d868-bcdf-41f1-a651-f1399b225370] Setup NF Instance [type:AUSF] (../lib/sbi/path.c:349)
09/30 14:59:23.378: [amf] INFO: InitialUEMessage (../src/amf/ngap-handler.c:668)
09/30 14:59:23.379: [amf] INFO: [Added] Number of gNB-UEs is now 9 (../src/amf/context.c:2932)
09/30 14:59:23.380: [amf] INFO:     RAN_UE_NGAP_ID[9] AMF_UE_NGAP_ID[9] TAC[1] CellID[0x10] (../src/amf/ngap-handler.c:878)
09/30 14:59:23.380: [amf] INFO: Setup NF EndPoint(addr) [127.0.0.11:7777] (../src/amf/nausf-handler.c:130)
09/30 14:59:23.381: [amf] INFO: Setup NF EndPoint(addr) [127.0.0.11:7777] (../src/amf/nausf-handler.c:130)
09/30 14:59:23.382: [amf] INFO: [suci-0-999-70-0000-0-0-0000000019] Unknown UE by SUCI (../src/amf/context.c:1934)
09/30 14:59:23.383: [amf] INFO: [Added] Number of AMF-UEs is now 9 (../src/amf/context.c:1699)
09/30 14:59:23.384: [gmm] INFO: Registration request (../src/amf/gmm-sm.c:1678)
09/30 14:59:23.384: [gmm] INFO: [suci-0-999-70-0000-0-0-0000000019]    SUCI (../src/amf/gmm-handler.c:186)
09/30 14:59:23.385: [sbi] INFO: [80a4d868-bcdf-41f1-a651-f1399b225370] Setup NF Instance [type:AUSF] (../lib/sbi/path.c:349)
09/30 14:59:23.386: [amf] INFO: InitialUEMessage (../src/amf/ngap-handler.c:668)
09/30 14:59:23.387: [amf] INFO: [Added] Number of gNB-UEs is now 10 (../src/amf/context.c:2932)
09/30 14:59:23.388: [amf] INFO:     RAN_UE_NGAP_ID[10] AMF_UE_NGAP_ID[10] TAC[1] CellID[0x10] (../src/amf/ngap-handler.c:878)
09/30 14:59:23.389: [amf] INFO: [suci-0-999-70-0000-0-0-0000000023] Unknown UE by SUCI (../src/amf/context.c:1934)
09/30 14:59:23.389: [amf] INFO: [Added] Number of AMF-UEs is now 10 (../src/amf/context.c:1699)
09/30 14:59:23.390: [gmm] INFO: Registration request (../src/amf/gmm-sm.c:1678)
09/30 14:59:23.391: [gmm] INFO: [suci-0-999-70-0000-0-0-0000000023]    SUCI (../src/amf/gmm-handler.c:186)
09/30 14:59:23.392: [sbi] INFO: [80a4d868-bcdf-41f1-a651-f1399b225370] Setup NF Instance [type:AUSF] (../lib/sbi/path.c:349)
09/30 14:59:23.392: [amf] INFO: InitialUEMessage (../src/amf/ngap-handler.c:668)
09/30 14:59:23.393: [amf] INFO: [Added] Number of gNB-UEs is now 11 (../src/amf/context.c:2932)
09/30 14:59:23.394: [amf] INFO:     RAN_UE_NGAP_ID[11] AMF_UE_NGAP_ID[11] TAC[1] CellID[0x10] (../src/amf/ngap-handler.c:878)
09/30 14:59:23.395: [amf] INFO: Setup NF EndPoint(addr) [127.0.0.11:7777] (../src/amf/nausf-handler.c:130)
09/30 14:59:23.396: [amf] INFO: Setup NF EndPoint(addr) [127.0.0.11:7777] (../src/amf/nausf-handler.c:130)
09/30 14:59:23.396: [amf] INFO: [suci-0-999-70-0000-0-0-0000000004] Unknown UE by SUCI (../src/amf/context.c:1934)
09/30 14:59:23.397: [amf] INFO: [Added] Number of AMF-UEs is now 11 (../src/amf/context.c:1699)
09/30 14:59:23.398: [gmm] INFO: Registration request (../src/amf/gmm-sm.c:1678)
09/30 14:59:23.398: [gmm] INFO: [suci-0-999-70-0000-0-0-0000000004]    SUCI (../src/amf/gmm-handler.c:186)
09/30 14:59:23.399: [sbi] INFO: [80a4d868-bcdf-41f1-a651-f1399b225370] Setup NF Instance [type:AUSF] (../lib/sbi/path.c:349)
09/30 14:59:23.400: [amf] INFO: InitialUEMessage (../src/amf/ngap-handler.c:668)
09/30 14:59:23.400: [amf] INFO: [Added] Number of gNB-UEs is now 12 (../src/amf/context.c:2932)
09/30 14:59:23.401: [amf] INFO:     RAN_UE_NGAP_ID[12] AMF_UE_NGAP_ID[12] TAC[1] CellID[0x10] (../src/amf/ngap-handler.c:878)
09/30 14:59:23.401: [amf] INFO: Setup NF EndPoint(addr) [127.0.0.11:7777] (../src/amf/nausf-handler.c:130)
09/30 14:59:23.402: [amf] INFO: [suci-0-999-70-0000-0-0-0000000013] Unknown UE by SUCI (../src/amf/context.c:1934)
09/30 14:59:23.403: [amf] INFO: [Added] Number of AMF-UEs is now 12 (../src/amf/context.c:1699)
09/30 14:59:23.403: [gmm] INFO: Registration request (../src/amf/gmm-sm.c:1678)
09/30 14:59:23.404: [gmm] INFO: [suci-0-999-70-0000-0-0-0000000013]    SUCI (../src/amf/gmm-handler.c:186)
09/30 14:59:23.405: [sbi] INFO: [80a4d868-bcdf-41f1-a651-f1399b225370] Setup NF Instance [type:AUSF] (../lib/sbi/path.c:349)
09/30 14:59:23.405: [amf] INFO: Setup NF EndPoint(addr) [127.0.0.11:7777] (../src/amf/nausf-handler.c:130)
09/30 14:59:23.406: [gmm] WARNING: [suci-0-999-70-0000-0-0-0000000024] Authentication failure [21] (../src/amf/gmm-sm.c:2153)
09/30 14:59:23.407: [gmm] WARNING: [suci-0-999-70-0000-0-0-0000000024] Authentication failure(Synch failure[count=0]) (../src/amf/gmm-sm.c:2182)
09/30 14:59:23.407: [amf] INFO: InitialUEMessage (../src/amf/ngap-handler.c:668)
09/30 14:59:23.408: [amf] INFO: [Added] Number of gNB-UEs is now 13 (../src/amf/context.c:2932)
09/30 14:59:23.409: [amf] INFO:     RAN_UE_NGAP_ID[13] AMF_UE_NGAP_ID[13] TAC[1] CellID[0x10] (../src/amf/ngap-handler.c:878)
09/30 14:59:23.410: [amf] INFO: [suci-0-999-70-0000-0-0-0000000009] Unknown UE by SUCI (../src/amf/context.c:1934)
09/30 14:59:23.410: [amf] INFO: [Added] Number of AMF-UEs is now 13 (../src/amf/context.c:1699)
09/30 14:59:23.411: [gmm] INFO: Registration request (../src/amf/gmm-sm.c:1678)
09/30 14:59:23.412: [gmm] INFO: [suci-0-999-70-0000-0-0-0000000009]    SUCI (../src/amf/gmm-handler.c:186)
09/30 14:59:23.412: [sbi] INFO: [80a4d868-bcdf-41f1-a651-f1399b225370] Setup NF Instance [type:AUSF] (../lib/sbi/path.c:349)
09/30 14:59:23.413: [amf] INFO: InitialUEMessage (../src/amf/ngap-handler.c:668)
09/30 14:59:23.414: [amf] INFO: [Added] Number of gNB-UEs is now 14 (../src/amf/context.c:2932)
09/30 14:59:23.415: [amf] INFO:     RAN_UE_NGAP_ID[14] AMF_UE_NGAP_ID[14] TAC[1] CellID[0x10] (../src/amf/ngap-handler.c:878)
09/30 14:59:23.415: [amf] INFO: [suci-0-999-70-0000-0-0-0000000017] Unknown UE by SUCI (../src/amf/context.c:1934)
09/30 14:59:23.416: [amf] INFO: [Added] Number of AMF-UEs is now 14 (../src/amf/context.c:1699)
09/30 14:59:23.416: [gmm] INFO: Registration request (../src/amf/gmm-sm.c:1678)
09/30 14:59:23.417: [gmm] INFO: [suci-0-999-70-0000-0-0-0000000017]    SUCI (../src/amf/gmm-handler.c:186)
09/30 14:59:23.418: [sbi] INFO: [80a4d868-bcdf-41f1-a651-f1399b225370] Setup NF Instance [type:AUSF] (../lib/sbi/path.c:349)
09/30 14:59:23.418: [amf] INFO: Setup NF EndPoint(addr) [127.0.0.11:7777] (../src/amf/nausf-handler.c:130)
09/30 14:59:23.419: [amf] INFO: Setup NF EndPoint(addr) [127.0.0.11:7777] (../src/amf/nausf-handler.c:130)
09/30 14:59:23.420: [gmm] WARNING: [suci-0-999-70-0000-0-0-0000000022] Authentication failure [21] (../src/amf/gmm-sm.c:2153)
09/30 14:59:23.420: [gmm] WARNING: [suci-0-999-70-0000-0-0-0000000022] Authentication failure(Synch failure[count=0]) (../src/amf/gmm-sm.c:2182)
09/30 14:59:23.421: [amf] INFO: InitialUEMessage (../src/amf/ngap-handler.c:668)
09/30 14:59:23.422: [amf] INFO: [Added] Number of gNB-UEs is now 15 (../src/amf/context.c:2932)
09/30 14:59:23.422: [amf] INFO:     RAN_UE_NGAP_ID[15] AMF_UE_NGAP_ID[15] TAC[1] CellID[0x10] (../src/amf/ngap-handler.c:878)
09/30 14:59:23.423: [amf] WARNING: UnRef NF EndPoint(addr) [127.0.0.11:7777] (../src/amf/nausf-handler.c:130)
09/30 14:59:23.423: [amf] INFO: Setup NF EndPoint(addr) [127.0.0.11:7777] (../src/amf/nausf-handler.c:130)
09/30 14:59:23.424: [amf] INFO: [suci-0-999-70-0000-0-0-0000000012] Unknown UE by SUCI (../src/amf/context.c:1934)
09/30 14:59:23.425: [amf] INFO: [Added] Number of AMF-UEs is now 15 (../src/amf/context.c:1699)
09/30 14:59:23.425: [gmm] INFO: Registration request (../src/amf/gmm-sm.c:1678)
09/30 14:59:23.426: [gmm] INFO: [suci-0-999-70-0000-0-0-0000000012]    SUCI (../src/amf/gmm-handler.c:186)
09/30 14:59:23.427: [sbi] INFO: [80a4d868-bcdf-41f1-a651-f1399b225370] Setup NF Instance [type:AUSF] (../lib/sbi/path.c:349)
09/30 14:59:23.427: [amf] INFO: InitialUEMessage (../src/amf/ngap-handler.c:668)
09/30 14:59:23.428: [amf] INFO: [Added] Number of gNB-UEs is now 16 (../src/amf/context.c:2932)
09/30 14:59:23.429: [amf] INFO:     RAN_UE_NGAP_ID[16] AMF_UE_NGAP_ID[16] TAC[1] CellID[0x10] (../src/amf/ngap-handler.c:878)
09/30 14:59:23.429: [amf] INFO: Setup NF EndPoint(addr) [127.0.0.11:7777] (../src/amf/nausf-handler.c:130)
09/30 14:59:23.430: [amf] INFO: [suci-0-999-70-0000-0-0-0000000001] Unknown UE by SUCI (../src/amf/context.c:1934)
09/30 14:59:23.430: [amf] INFO: [Added] Number of AMF-UEs is now 16 (../src/amf/context.c:1699)
09/30 14:59:23.431: [gmm] INFO: Registration request (../src/amf/gmm-sm.c:1678)
09/30 14:59:23.432: [gmm] INFO: [suci-0-999-70-0000-0-0-0000000001]    SUCI (../src/amf/gmm-handler.c:186)
09/30 14:59:23.432: [sbi] INFO: [80a4d868-bcdf-41f1-a651-f1399b225370] Setup NF Instance [type:AUSF] (../lib/sbi/path.c:349)
09/30 14:59:23.433: [amf] INFO: InitialUEMessage (../src/amf/ngap-handler.c:668)
09/30 14:59:23.433: [amf] INFO: [Added] Number of gNB-UEs is now 17 (../src/amf/context.c:2932)
09/30 14:59:23.434: [amf] INFO:     RAN_UE_NGAP_ID[17] AMF_UE_NGAP_ID[17] TAC[1] CellID[0x10] (../src/amf/ngap-handler.c:878)
09/30 14:59:23.435: [amf] INFO: [suci-0-999-70-0000-0-0-0000000014] Unknown UE by SUCI (../src/amf/context.c:1934)
09/30 14:59:23.435: [amf] INFO: [Added] Number of AMF-UEs is now 17 (../src/amf/context.c:1699)
09/30 14:59:23.436: [gmm] INFO: Registration request (../src/amf/gmm-sm.c:1678)
09/30 14:59:23.437: [gmm] INFO: [suci-0-999-70-0000-0-0-0000000014]    SUCI (../src/amf/gmm-handler.c:186)
09/30 14:59:23.437: [sbi] INFO: [80a4d868-bcdf-41f1-a651-f1399b225370] Setup NF Instance [type:AUSF] (../lib/sbi/path.c:349)
09/30 14:59:23.438: [amf] INFO: InitialUEMessage (../src/amf/ngap-handler.c:668)
09/30 14:59:23.438: [amf] INFO: [Added] Number of gNB-UEs is now 18 (../src/amf/context.c:2932)
09/30 14:59:23.439: [amf] INFO:     RAN_UE_NGAP_ID[18] AMF_UE_NGAP_ID[18] TAC[1] CellID[0x10] (../src/amf/ngap-handler.c:878)
09/30 14:59:23.440: [amf] WARNING: UnRef NF EndPoint(addr) [127.0.0.11:7777] (../src/amf/nausf-handler.c:130)
09/30 14:59:23.440: [amf] INFO: Setup NF EndPoint(addr) [127.0.0.11:7777] (../src/amf/nausf-handler.c:130)
09/30 14:59:23.441: [amf] INFO: Setup NF EndPoint(addr) [127.0.0.11:7777] (../src/amf/nausf-handler.c:130)
09/30 14:59:23.441: [amf] INFO: Setup NF EndPoint(addr) [127.0.0.11:7777] (../src/amf/nausf-handler.c:130)
09/30 14:59:23.442: [amf] INFO: [suci-0-999-70-0000-0-0-0000000005] Unknown UE by SUCI (../src/amf/context.c:1934)
09/30 14:59:23.442: [amf] INFO: [Added] Number of AMF-UEs is now 18 (../src/amf/context.c:1699)
09/30 14:59:23.443: [gmm] INFO: Registration request (../src/amf/gmm-sm.c:1678)
09/30 14:59:23.443: [gmm] INFO: [suci-0-999-70-0000-0-0-0000000005]    SUCI (../src/amf/gmm-handler.c:186)
09/30 14:59:23.444: [sbi] INFO: [80a4d868-bcdf-41f1-a651-f1399b225370] Setup NF Instance [type:AUSF] (../lib/sbi/path.c:349)
09/30 14:59:23.445: [amf] INFO: Setup NF EndPoint(addr) [127.0.0.11:7777] (../src/amf/nausf-handler.c:130)
09/30 14:59:23.445: [amf] INFO: Setup NF EndPoint(addr) [127.0.0.11:7777] (../src/amf/nausf-handler.c:130)
09/30 14:59:23.446: [gmm] WARNING: [suci-0-999-70-0000-0-0-0000000021] Authentication failure [21] (../src/amf/gmm-sm.c:2153)
09/30 14:59:23.447: [gmm] WARNING: [suci-0-999-70-0000-0-0-0000000021] Authentication failure(Synch failure[count=0]) (../src/amf/gmm-sm.c:2182)
09/30 14:59:23.447: [amf] INFO: InitialUEMessage (../src/amf/ngap-handler.c:668)
09/30 14:59:23.448: [amf] INFO: [Added] Number of gNB-UEs is now 19 (../src/amf/context.c:2932)
09/30 14:59:23.448: [amf] INFO:     RAN_UE_NGAP_ID[19] AMF_UE_NGAP_ID[19] TAC[1] CellID[0x10] (../src/amf/ngap-handler.c:878)
09/30 14:59:23.449: [amf] INFO: [suci-0-999-70-0000-0-0-0000000007] Unknown UE by SUCI (../src/amf/context.c:1934)
09/30 14:59:23.450: [amf] INFO: [Added] Number of AMF-UEs is now 19 (../src/amf/context.c:1699)
09/30 14:59:23.450: [gmm] INFO: Registration request (../src/amf/gmm-sm.c:1678)
09/30 14:59:23.451: [gmm] INFO: [suci-0-999-70-0000-0-0-0000000007]    SUCI (../src/amf/gmm-handler.c:186)
09/30 14:59:23.451: [sbi] INFO: [80a4d868-bcdf-41f1-a651-f1399b225370] Setup NF Instance [type:AUSF] (../lib/sbi/path.c:349)
09/30 14:59:23.452: [amf] INFO: InitialUEMessage (../src/amf/ngap-handler.c:668)
09/30 14:59:23.452: [amf] INFO: [Added] Number of gNB-UEs is now 20 (../src/amf/context.c:2932)
09/30 14:59:23.453: [amf] INFO:     RAN_UE_NGAP_ID[20] AMF_UE_NGAP_ID[20] TAC[1] CellID[0x10] (../src/amf/ngap-handler.c:878)
09/30 14:59:23.453: [amf] INFO: [suci-0-999-70-0000-0-0-0000000011] Unknown UE by SUCI (../src/amf/context.c:1934)
09/30 14:59:23.454: [amf] INFO: [Added] Number of AMF-UEs is now 20 (../src/amf/context.c:1699)
09/30 14:59:23.455: [gmm] INFO: Registration request (../src/amf/gmm-sm.c:1678)
09/30 14:59:23.455: [gmm] INFO: [suci-0-999-70-0000-0-0-0000000011]    SUCI (../src/amf/gmm-handler.c:186)
09/30 14:59:23.456: [sbi] INFO: [80a4d868-bcdf-41f1-a651-f1399b225370] Setup NF Instance [type:AUSF] (../lib/sbi/path.c:349)
09/30 14:59:23.457: [amf] INFO: InitialUEMessage (../src/amf/ngap-handler.c:668)
09/30 14:59:23.457: [amf] INFO: [Added] Number of gNB-UEs is now 21 (../src/amf/context.c:2932)
09/30 14:59:23.458: [amf] INFO:     RAN_UE_NGAP_ID[21] AMF_UE_NGAP_ID[21] TAC[1] CellID[0x10] (../src/amf/ngap-handler.c:878)
09/30 14:59:23.458: [amf] INFO: Setup NF EndPoint(addr) [127.0.0.11:7777] (../src/amf/nausf-handler.c:130)
09/30 14:59:23.459: [amf] INFO: [suci-0-999-70-0000-0-0-0000000015] Unknown UE by SUCI (../src/amf/context.c:1934)
09/30 14:59:23.459: [amf] INFO: [Added] Number of AMF-UEs is now 21 (../src/amf/context.c:1699)
09/30 14:59:23.460: [gmm] INFO: Registration request (../src/amf/gmm-sm.c:1678)
09/30 14:59:23.460: [gmm] INFO: [suci-0-999-70-0000-0-0-0000000015]    SUCI (../src/amf/gmm-handler.c:186)
09/30 14:59:23.461: [sbi] INFO: [80a4d868-bcdf-41f1-a651-f1399b225370] Setup NF Instance [type:AUSF] (../lib/sbi/path.c:349)
09/30 14:59:23.461: [amf] INFO: InitialUEMessage (../src/amf/ngap-handler.c:668)
09/30 14:59:23.462: [amf] INFO: [Added] Number of gNB-UEs is now 22 (../src/amf/context.c:2932)
09/30 14:59:23.463: [amf] INFO:     RAN_UE_NGAP_ID[22] AMF_UE_NGAP_ID[22] TAC[1] CellID[0x10] (../src/amf/ngap-handler.c:878)
09/30 14:59:23.463: [amf] WARNING: UnRef NF EndPoint(addr) [127.0.0.11:7777] (../src/amf/nausf-handler.c:130)
09/30 14:59:23.464: [amf] INFO: Setup NF EndPoint(addr) [127.0.0.11:7777] (../src/amf/nausf-handler.c:130)
09/30 14:59:23.465: [amf] INFO: Setup NF EndPoint(addr) [127.0.0.11:7777] (../src/amf/nausf-handler.c:130)
09/30 14:59:23.465: [amf] INFO: [suci-0-999-70-0000-0-0-0000000010] Unknown UE by SUCI (../src/amf/context.c:1934)
09/30 14:59:23.466: [amf] INFO: [Added] Number of AMF-UEs is now 22 (../src/amf/context.c:1699)
09/30 14:59:23.466: [gmm] INFO: Registration request (../src/amf/gmm-sm.c:1678)
09/30 14:59:23.467: [gmm] INFO: [suci-0-999-70-0000-0-0-0000000010]    SUCI (../src/amf/gmm-handler.c:186)
09/30 14:59:23.468: [sbi] INFO: [80a4d868-bcdf-41f1-a651-f1399b225370] Setup NF Instance [type:AUSF] (../lib/sbi/path.c:349)
09/30 14:59:23.469: [amf] INFO: Setup NF EndPoint(addr) [127.0.0.11:7777] (../src/amf/nausf-handler.c:130)
09/30 14:59:23.469: [amf] INFO: Setup NF EndPoint(addr) [127.0.0.11:7777] (../src/amf/nausf-handler.c:130)
09/30 14:59:23.470: [amf] INFO: InitialUEMessage (../src/amf/ngap-handler.c:668)
09/30 14:59:23.471: [amf] INFO: [Added] Number of gNB-UEs is now 23 (../src/amf/context.c:2932)
09/30 14:59:23.471: [amf] INFO:     RAN_UE_NGAP_ID[23] AMF_UE_NGAP_ID[23] TAC[1] CellID[0x10] (../src/amf/ngap-handler.c:878)
09/30 14:59:23.472: [amf] INFO: [suci-0-999-70-0000-0-0-0000000003] Unknown UE by SUCI (../src/amf/context.c:1934)
09/30 14:59:23.472: [amf] INFO: [Added] Number of AMF-UEs is now 23 (../src/amf/context.c:1699)
09/30 14:59:23.473: [gmm] INFO: Registration request (../src/amf/gmm-sm.c:1678)
09/30 14:59:23.474: [gmm] INFO: [suci-0-999-70-0000-0-0-0000000003]    SUCI (../src/amf/gmm-handler.c:186)
09/30 14:59:23.474: [sbi] INFO: [80a4d868-bcdf-41f1-a651-f1399b225370] Setup NF Instance [type:AUSF] (../lib/sbi/path.c:349)
09/30 14:59:23.475: [gmm] WARNING: [suci-0-999-70-0000-0-0-0000000016] Authentication failure [21] (../src/amf/gmm-sm.c:2153)
09/30 14:59:23.476: [gmm] WARNING: [suci-0-999-70-0000-0-0-0000000016] Authentication failure(Synch failure[count=0]) (../src/amf/gmm-sm.c:2182)
09/30 14:59:23.476: [amf] INFO: InitialUEMessage (../src/amf/ngap-handler.c:668)
09/30 14:59:23.477: [amf] INFO: [Added] Number of gNB-UEs is now 24 (../src/amf/context.c:2932)
09/30 14:59:23.477: [amf] INFO:     RAN_UE_NGAP_ID[24] AMF_UE_NGAP_ID[24] TAC[1] CellID[0x10] (../src/amf/ngap-handler.c:878)
09/30 14:59:23.478: [amf] INFO: [suci-0-999-70-0000-0-0-0000000008] Unknown UE by SUCI (../src/amf/context.c:1934)
09/30 14:59:23.478: [amf] INFO: [Added] Number of AMF-UEs is now 24 (../src/amf/context.c:1699)
09/30 14:59:23.479: [gmm] INFO: Registration request (../src/amf/gmm-sm.c:1678)
09/30 14:59:23.479: [gmm] INFO: [suci-0-999-70-0000-0-0-0000000008]    SUCI (../src/amf/gmm-handler.c:186)
09/30 14:59:23.480: [sbi] INFO: [80a4d868-bcdf-41f1-a651-f1399b225370] Setup NF Instance [type:AUSF] (../lib/sbi/path.c:349)
09/30 14:59:23.481: [amf] INFO: Setup NF EndPoint(addr) [127.0.0.11:7777] (../src/amf/nausf-handler.c:130)
09/30 14:59:23.481: [gmm] WARNING: [suci-0-999-70-0000-0-0-0000000006] Authentication failure [21] (../src/amf/gmm-sm.c:2153)
09/30 14:59:23.482: [gmm] WARNING: [suci-0-999-70-0000-0-0-0000000006] Authentication failure(Synch failure[count=0]) (../src/amf/gmm-sm.c:2182)
09/30 14:59:23.483: [gmm] WARNING: [suci-0-999-70-0000-0-0-0000000020] Authentication failure [21] (../src/amf/gmm-sm.c:2153)
09/30 14:59:23.483: [gmm] WARNING: [suci-0-999-70-0000-0-0-0000000020] Authentication failure(Synch failure[count=0]) (../src/amf/gmm-sm.c:2182)
09/30 14:59:23.484: [gmm] WARNING: [suci-0-999-70-0000-0-0-0000000002] Authentication failure [21] (../src/amf/gmm-sm.c:2153)
09/30 14:59:23.484: [gmm] WARNING: [suci-0-999-70-0000-0-0-0000000002] Authentication failure(Synch failure[count=0]) (../src/amf/gmm-sm.c:2182)
09/30 14:59:23.485: [gmm] WARNING: [suci-0-999-70-0000-0-0-0000000019] Authentication failure [21] (../src/amf/gmm-sm.c:2153)
09/30 14:59:23.486: [gmm] WARNING: [suci-0-999-70-0000-0-0-0000000019] Authentication failure(Synch failure[count=0]) (../src/amf/gmm-sm.c:2182)
09/30 14:59:23.486: [gmm] WARNING: [suci-0-999-70-0000-0-0-0000000023] Authentication failure [21] (../src/amf/gmm-sm.c:2153)
09/30 14:59:23.487: [gmm] WARNING: [suci-0-999-70-0000-0-0-0000000023] Authentication failure(Synch failure[count=0]) (../src/amf/gmm-sm.c:2182)
09/30 14:59:23.488: [gmm] WARNING: [suci-0-999-70-0000-0-0-0000000004] Authentication failure [21] (../src/amf/gmm-sm.c:2153)
09/30 14:59:23.488: [gmm] WARNING: [suci-0-999-70-0000-0-0-0000000004] Authentication failure(Synch failure[count=0]) (../src/amf/gmm-sm.c:2182)
09/30 14:59:23.489: [gmm] WARNING: [suci-0-999-70-0000-0-0-0000000013] Authentication failure [21] (../src/amf/gmm-sm.c:2153)
09/30 14:59:23.489: [gmm] WARNING: [suci-0-999-70-0000-0-0-0000000013] Authentication failure(Synch failure[count=0]) (../src/amf/gmm-sm.c:2182)
09/30 14:59:23.490: [gmm] WARNING: [suci-0-999-70-0000-0-0-0000000009] Authentication failure [21] (../src/amf/gmm-sm.c:2153)
09/30 14:59:23.491: [gmm] WARNING: [suci-0-999-70-0000-0-0-0000000009] Authentication failure(Synch failure[count=0]) (../src/amf/gmm-sm.c:2182)
09/30 14:59:23.492: [gmm] WARNING: [suci-0-999-70-0000-0-0-0000000017] Authentication failure [21] (../src/amf/gmm-sm.c:2153)
09/30 14:59:23.492: [gmm] WARNING: [suci-0-999-70-0000-0-0-0000000017] Authentication failure(Synch failure[count=0]) (../src/amf/gmm-sm.c:2182)
09/30 14:59:23.493: [gmm] WARNING: [suci-0-999-70-0000-0-0-0000000012] Authentication failure [21] (../src/amf/gmm-sm.c:2153)
09/30 14:59:23.494: [gmm] WARNING: [suci-0-999-70-0000-0-0-0000000012] Authentication failure(Synch failure[count=0]) (../src/amf/gmm-sm.c:2182)
09/30 14:59:23.494: [gmm] WARNING: [suci-0-999-70-0000-0-0-0000000001] Authentication failure [21] (../src/amf/gmm-sm.c:2153)
09/30 14:59:23.495: [gmm] WARNING: [suci-0-999-70-0000-0-0-0000000001] Authentication failure(Synch failure[count=0]) (../src/amf/gmm-sm.c:2182)
09/30 14:59:23.496: [gmm] WARNING: [suci-0-999-70-0000-0-0-0000000014] Authentication failure [21] (../src/amf/gmm-sm.c:2153)
09/30 14:59:23.496: [gmm] WARNING: [suci-0-999-70-0000-0-0-0000000014] Authentication failure(Synch failure[count=0]) (../src/amf/gmm-sm.c:2182)
09/30 14:59:23.497: [gmm] WARNING: [suci-0-999-70-0000-0-0-0000000005] Authentication failure [21] (../src/amf/gmm-sm.c:2153)
09/30 14:59:23.498: [gmm] WARNING: [suci-0-999-70-0000-0-0-0000000005] Authentication failure(Synch failure[count=0]) (../src/amf/gmm-sm.c:2182)
09/30 14:59:23.499: [gmm] WARNING: [suci-0-999-70-0000-0-0-0000000007] Authentication failure [21] (../src/amf/gmm-sm.c:2153)
09/30 14:59:23.499: [gmm] WARNING: [suci-0-999-70-0000-0-0-0000000007] Authentication failure(Synch failure[count=0]) (../src/amf/gmm-sm.c:2182)
09/30 14:59:23.500: [gmm] WARNING: [suci-0-999-70-0000-0-0-0000000011] Authentication failure [21] (../src/amf/gmm-sm.c:2153)
09/30 14:59:23.501: [gmm] WARNING: [suci-0-999-70-0000-0-0-0000000011] Authentication failure(Synch failure[count=0]) (../src/amf/gmm-sm.c:2182)
09/30 14:59:23.502: [gmm] WARNING: [suci-0-999-70-0000-0-0-0000000015] Authentication failure [21] (../src/amf/gmm-sm.c:2153)
09/30 14:59:23.503: [gmm] WARNING: [suci-0-999-70-0000-0-0-0000000015] Authentication failure(Synch failure[count=0]) (../src/amf/gmm-sm.c:2182)
09/30 14:59:23.504: [gmm] WARNING: [suci-0-999-70-0000-0-0-0000000010] Authentication failure [21] (../src/amf/gmm-sm.c:2153)
09/30 14:59:23.504: [gmm] WARNING: [suci-0-999-70-0000-0-0-0000000010] Authentication failure(Synch failure[count=0]) (../src/amf/gmm-sm.c:2182)
09/30 14:59:23.512: [amf] INFO: Setup NF EndPoint(addr) [127.0.0.11:7777] (../src/amf/nausf-handler.c:130)
09/30 14:59:23.513: [sbi] INFO: [80f131fe-bcdf-41f1-a910-81cee510089b] Setup NF Instance [type:UDM] (../lib/sbi/path.c:349)
09/30 14:59:23.524: [amf] WARNING: UnRef NF EndPoint(addr) [127.0.0.11:7777] (../src/amf/nausf-handler.c:130)
09/30 14:59:23.525: [amf] INFO: Setup NF EndPoint(addr) [127.0.0.11:7777] (../src/amf/nausf-handler.c:130)
09/30 14:59:23.526: [gmm] WARNING: [suci-0-999-70-0000-0-0-0000000003] Authentication failure [21] (../src/amf/gmm-sm.c:2153)
09/30 14:59:23.526: [gmm] WARNING: [suci-0-999-70-0000-0-0-0000000003] Authentication failure(Synch failure[count=0]) (../src/amf/gmm-sm.c:2182)
09/30 14:59:23.555: [amf] INFO: Setup NF EndPoint(addr) [127.0.0.11:7777] (../src/amf/nausf-handler.c:130)
09/30 14:59:23.562: [amf] WARNING: UnRef NF EndPoint(addr) [127.0.0.11:7777] (../src/amf/nausf-handler.c:130)
09/30 14:59:23.563: [amf] INFO: Setup NF EndPoint(addr) [127.0.0.11:7777] (../src/amf/nausf-handler.c:130)
09/30 14:59:23.564: [amf] WARNING: UnRef NF EndPoint(addr) [127.0.0.11:7777] (../src/amf/nausf-handler.c:130)
09/30 14:59:23.564: [amf] INFO: Setup NF EndPoint(addr) [127.0.0.11:7777] (../src/amf/nausf-handler.c:130)
09/30 14:59:23.565: [gmm] WARNING: [suci-0-999-70-0000-0-0-0000000008] Authentication failure [21] (../src/amf/gmm-sm.c:2153)
09/30 14:59:23.566: [gmm] WARNING: [suci-0-999-70-0000-0-0-0000000008] Authentication failure(Synch failure[count=0]) (../src/amf/gmm-sm.c:2182)
09/30 14:59:23.567: [amf] WARNING: UnRef NF EndPoint(addr) [127.0.0.11:7777] (../src/amf/nausf-handler.c:130)
09/30 14:59:23.567: [amf] INFO: Setup NF EndPoint(addr) [127.0.0.11:7777] (../src/amf/nausf-handler.c:130)
09/30 14:59:23.573: [amf] WARNING: UnRef NF EndPoint(addr) [127.0.0.11:7777] (../src/amf/nausf-handler.c:130)
09/30 14:59:23.574: [amf] INFO: Setup NF EndPoint(addr) [127.0.0.11:7777] (../src/amf/nausf-handler.c:130)
09/30 14:59:23.577: [amf] WARNING: UnRef NF EndPoint(addr) [127.0.0.11:7777] (../src/amf/nausf-handler.c:130)
09/30 14:59:23.578: [amf] INFO: Setup NF EndPoint(addr) [127.0.0.11:7777] (../src/amf/nausf-handler.c:130)
09/30 14:59:23.581: [amf] WARNING: UnRef NF EndPoint(addr) [127.0.0.11:7777] (../src/amf/nausf-handler.c:130)
09/30 14:59:23.582: [amf] INFO: Setup NF EndPoint(addr) [127.0.0.11:7777] (../src/amf/nausf-handler.c:130)
09/30 14:59:23.592: [sbi] INFO: [80f131fe-bcdf-41f1-a910-81cee510089b] Setup NF Instance [type:UDM] (../lib/sbi/path.c:349)
09/30 14:59:23.597: [amf] WARNING: UnRef NF EndPoint(addr) [127.0.0.11:7777] (../src/amf/nausf-handler.c:130)
09/30 14:59:23.597: [amf] INFO: Setup NF EndPoint(addr) [127.0.0.11:7777] (../src/amf/nausf-handler.c:130)
09/30 14:59:23.598: [sbi] INFO: [80f131fe-bcdf-41f1-a910-81cee510089b] Setup NF Instance [type:UDM] (../lib/sbi/path.c:349)
09/30 14:59:23.600: [amf] WARNING: UnRef NF EndPoint(addr) [127.0.0.11:7777] (../src/amf/nausf-handler.c:130)
09/30 14:59:23.601: [amf] INFO: Setup NF EndPoint(addr) [127.0.0.11:7777] (../src/amf/nausf-handler.c:130)
09/30 14:59:23.608: [amf] WARNING: UnRef NF EndPoint(addr) [127.0.0.11:7777] (../src/amf/nausf-handler.c:130)
09/30 14:59:23.609: [amf] INFO: Setup NF EndPoint(addr) [127.0.0.11:7777] (../src/amf/nausf-handler.c:130)
09/30 14:59:23.610: [sbi] INFO: [80f131fe-bcdf-41f1-a910-81cee510089b] Setup NF Instance [type:UDM] (../lib/sbi/path.c:349)
09/30 14:59:23.614: [amf] WARNING: UnRef NF EndPoint(addr) [127.0.0.11:7777] (../src/amf/nausf-handler.c:130)
09/30 14:59:23.614: [amf] INFO: Setup NF EndPoint(addr) [127.0.0.11:7777] (../src/amf/nausf-handler.c:130)
09/30 14:59:23.620: [amf] WARNING: UnRef NF EndPoint(addr) [127.0.0.11:7777] (../src/amf/nausf-handler.c:130)
09/30 14:59:23.620: [amf] INFO: Setup NF EndPoint(addr) [127.0.0.11:7777] (../src/amf/nausf-handler.c:130)
09/30 14:59:23.626: [sbi] INFO: [80f131fe-bcdf-41f1-a910-81cee510089b] Setup NF Instance [type:UDM] (../lib/sbi/path.c:349)
09/30 14:59:23.632: [amf] WARNING: UnRef NF EndPoint(addr) [127.0.0.11:7777] (../src/amf/nausf-handler.c:130)
09/30 14:59:23.633: [amf] INFO: Setup NF EndPoint(addr) [127.0.0.11:7777] (../src/amf/nausf-handler.c:130)
09/30 14:59:23.634: [amf] WARNING: UnRef NF EndPoint(addr) [127.0.0.11:7777] (../src/amf/nausf-handler.c:130)
09/30 14:59:23.634: [amf] INFO: Setup NF EndPoint(addr) [127.0.0.11:7777] (../src/amf/nausf-handler.c:130)
09/30 14:59:23.643: [amf] WARNING: UnRef NF EndPoint(addr) [127.0.0.11:7777] (../src/amf/nausf-handler.c:130)
09/30 14:59:23.643: [amf] INFO: Setup NF EndPoint(addr) [127.0.0.11:7777] (../src/amf/nausf-handler.c:130)
09/30 14:59:23.644: [sbi] INFO: [80f131fe-bcdf-41f1-a910-81cee510089b] Setup NF Instance [type:UDM] (../lib/sbi/path.c:349)
09/30 14:59:23.645: [sbi] INFO: [80f131fe-bcdf-41f1-a910-81cee510089b] Setup NF Instance [type:UDM] (../lib/sbi/path.c:349)
09/30 14:59:23.647: [amf] WARNING: UnRef NF EndPoint(addr) [127.0.0.11:7777] (../src/amf/nausf-handler.c:130)
09/30 14:59:23.648: [amf] INFO: Setup NF EndPoint(addr) [127.0.0.11:7777] (../src/amf/nausf-handler.c:130)
09/30 14:59:23.654: [amf] WARNING: UnRef NF EndPoint(addr) [127.0.0.11:7777] (../src/amf/nausf-handler.c:130)
09/30 14:59:23.654: [amf] INFO: Setup NF EndPoint(addr) [127.0.0.11:7777] (../src/amf/nausf-handler.c:130)
09/30 14:59:23.658: [amf] WARNING: UnRef NF EndPoint(addr) [127.0.0.11:7777] (../src/amf/nausf-handler.c:130)
09/30 14:59:23.658: [amf] INFO: Setup NF EndPoint(addr) [127.0.0.11:7777] (../src/amf/nausf-handler.c:130)
09/30 14:59:23.665: [amf] WARNING: UnRef NF EndPoint(addr) [127.0.0.11:7777] (../src/amf/nausf-handler.c:130)
09/30 14:59:23.665: [amf] INFO: Setup NF EndPoint(addr) [127.0.0.11:7777] (../src/amf/nausf-handler.c:130)
09/30 14:59:23.676: [amf] WARNING: UnRef NF EndPoint(addr) [127.0.0.11:7777] (../src/amf/nausf-handler.c:130)
09/30 14:59:23.677: [amf] INFO: Setup NF EndPoint(addr) [127.0.0.11:7777] (../src/amf/nausf-handler.c:130)
09/30 14:59:23.678: [sbi] INFO: [80f131fe-bcdf-41f1-a910-81cee510089b] Setup NF Instance [type:UDM] (../lib/sbi/path.c:349)
09/30 14:59:23.682: [sbi] INFO: [80f131fe-bcdf-41f1-a910-81cee510089b] Setup NF Instance [type:UDM] (../lib/sbi/path.c:349)
09/30 14:59:23.685: [sbi] INFO: [80f131fe-bcdf-41f1-a910-81cee510089b] Setup NF Instance [type:UDM] (../lib/sbi/path.c:349)
09/30 14:59:23.689: [sbi] INFO: [80f131fe-bcdf-41f1-a910-81cee510089b] Setup NF Instance [type:UDM] (../lib/sbi/path.c:349)
09/30 14:59:23.693: [sbi] INFO: [80f131fe-bcdf-41f1-a910-81cee510089b] Setup NF Instance [type:UDM] (../lib/sbi/path.c:349)
09/30 14:59:23.708: [sbi] INFO: [80f131fe-bcdf-41f1-a910-81cee510089b] Setup NF Instance [type:UDM] (../lib/sbi/path.c:349)
09/30 14:59:23.710: [sbi] INFO: [80f131fe-bcdf-41f1-a910-81cee510089b] Setup NF Instance [type:UDM] (../lib/sbi/path.c:349)
09/30 14:59:23.713: [sbi] INFO: [80f131fe-bcdf-41f1-a910-81cee510089b] Setup NF Instance [type:UDM] (../lib/sbi/path.c:349)
09/30 14:59:23.715: [sbi] INFO: [80f131fe-bcdf-41f1-a910-81cee510089b] Setup NF Instance [type:UDM] (../lib/sbi/path.c:349)
09/30 14:59:23.719: [sbi] INFO: [80f131fe-bcdf-41f1-a910-81cee510089b] Setup NF Instance [type:UDM] (../lib/sbi/path.c:349)
09/30 14:59:23.722: [sbi] INFO: [80f131fe-bcdf-41f1-a910-81cee510089b] Setup NF Instance [type:UDM] (../lib/sbi/path.c:349)
09/30 14:59:23.730: [sbi] INFO: [80f131fe-bcdf-41f1-a910-81cee510089b] Setup NF Instance [type:UDM] (../lib/sbi/path.c:349)
09/30 14:59:23.733: [sbi] INFO: [80f131fe-bcdf-41f1-a910-81cee510089b] Setup NF Instance [type:UDM] (../lib/sbi/path.c:349)
09/30 14:59:23.734: [sbi] INFO: [80f131fe-bcdf-41f1-a910-81cee510089b] Setup NF Instance [type:UDM] (../lib/sbi/path.c:349)
09/30 14:59:23.735: [sbi] INFO: [80f131fe-bcdf-41f1-a910-81cee510089b] Setup NF Instance [type:UDM] (../lib/sbi/path.c:349)
09/30 14:59:23.735: [amf] INFO: Setup NF EndPoint(addr) [127.0.0.12:7777] (../src/amf/nudm-handler.c:422)
09/30 14:59:23.736: [sbi] INFO: [8117c148-bcdf-41f1-9a43-9f422c9432be] Setup NF Instance [type:PCF] (../lib/sbi/path.c:349)
09/30 14:59:23.737: [sbi] INFO: [80f131fe-bcdf-41f1-a910-81cee510089b] Setup NF Instance [type:UDM] (../lib/sbi/path.c:349)
09/30 14:59:23.738: [sbi] INFO: [80f131fe-bcdf-41f1-a910-81cee510089b] Setup NF Instance [type:UDM] (../lib/sbi/path.c:349)
09/30 14:59:23.739: [sbi] INFO: [80f131fe-bcdf-41f1-a910-81cee510089b] Setup NF Instance [type:UDM] (../lib/sbi/path.c:349)
09/30 14:59:23.739: [sbi] INFO: [80f131fe-bcdf-41f1-a910-81cee510089b] Setup NF Instance [type:UDM] (../lib/sbi/path.c:349)
09/30 14:59:23.740: [sbi] INFO: [80f131fe-bcdf-41f1-a910-81cee510089b] Setup NF Instance [type:UDM] (../lib/sbi/path.c:349)
09/30 14:59:23.741: [sbi] INFO: [80f131fe-bcdf-41f1-a910-81cee510089b] Setup NF Instance [type:UDM] (../lib/sbi/path.c:349)
09/30 14:59:23.742: [sbi] INFO: [80f131fe-bcdf-41f1-a910-81cee510089b] Setup NF Instance [type:UDM] (../lib/sbi/path.c:349)
09/30 14:59:23.743: [sbi] INFO: [80f131fe-bcdf-41f1-a910-81cee510089b] Setup NF Instance [type:UDM] (../lib/sbi/path.c:349)
09/30 14:59:23.744: [sbi] INFO: [80f131fe-bcdf-41f1-a910-81cee510089b] Setup NF Instance [type:UDM] (../lib/sbi/path.c:349)
09/30 14:59:23.745: [sbi] INFO: [80f131fe-bcdf-41f1-a910-81cee510089b] Setup NF Instance [type:UDM] (../lib/sbi/path.c:349)
09/30 14:59:23.745: [sbi] INFO: [80f131fe-bcdf-41f1-a910-81cee510089b] Setup NF Instance [type:UDM] (../lib/sbi/path.c:349)
09/30 14:59:23.746: [sbi] INFO: [80f131fe-bcdf-41f1-a910-81cee510089b] Setup NF Instance [type:UDM] (../lib/sbi/path.c:349)
09/30 14:59:23.747: [sbi] INFO: [80f131fe-bcdf-41f1-a910-81cee510089b] Setup NF Instance [type:UDM] (../lib/sbi/path.c:349)
09/30 14:59:23.748: [sbi] INFO: [80f131fe-bcdf-41f1-a910-81cee510089b] Setup NF Instance [type:UDM] (../lib/sbi/path.c:349)
09/30 14:59:23.749: [sbi] INFO: [80f131fe-bcdf-41f1-a910-81cee510089b] Setup NF Instance [type:UDM] (../lib/sbi/path.c:349)
09/30 14:59:23.750: [sbi] INFO: [80f131fe-bcdf-41f1-a910-81cee510089b] Setup NF Instance [type:UDM] (../lib/sbi/path.c:349)
09/30 14:59:23.790: [amf] INFO: Setup NF EndPoint(addr) [127.0.0.12:7777] (../src/amf/nudm-handler.c:422)
09/30 14:59:23.791: [sbi] INFO: [8117c148-bcdf-41f1-9a43-9f422c9432be] Setup NF Instance [type:PCF] (../lib/sbi/path.c:349)
09/30 14:59:23.795: [amf] INFO: Setup NF EndPoint(addr) [127.0.0.12:7777] (../src/amf/nudm-handler.c:422)
09/30 14:59:23.795: [sbi] INFO: [8117c148-bcdf-41f1-9a43-9f422c9432be] Setup NF Instance [type:PCF] (../lib/sbi/path.c:349)
09/30 14:59:23.800: [amf] INFO: Setup NF EndPoint(addr) [127.0.0.13:7777] (../src/amf/npcf-handler.c:143)
09/30 14:59:23.801: [sbi] INFO: [80f131fe-bcdf-41f1-a910-81cee510089b] Setup NF Instance [type:UDM] (../lib/sbi/path.c:349)
09/30 14:59:23.819: [amf] INFO: Setup NF EndPoint(addr) [127.0.0.13:7777] (../src/amf/npcf-handler.c:143)
09/30 14:59:23.820: [gmm] INFO: [imsi-999700000000018] Registration complete (../src/amf/gmm-sm.c:3165)
09/30 14:59:23.821: [amf] INFO: [imsi-999700000000018] Configuration update command (../src/amf/nas-path.c:609)
09/30 14:59:23.821: [gmm] INFO:     UTC [2026-09-30T14:59:23] Timezone[0]/DST[0] (../src/amf/gmm-build.c:551)
09/30 14:59:23.822: [gmm] INFO:     LOCAL [2026-09-30T14:59:23] Timezone[0]/DST[0] (../src/amf/gmm-build.c:556)
09/30 14:59:23.823: [amf] INFO: Setup NF EndPoint(addr) [127.0.0.13:7777] (../src/amf/npcf-handler.c:143)
09/30 14:59:23.823: [amf] INFO: Setup NF EndPoint(addr) [127.0.0.12:7777] (../src/amf/nudm-handler.c:422)
09/30 14:59:23.824: [sbi] INFO: [8117c148-bcdf-41f1-9a43-9f422c9432be] Setup NF Instance [type:PCF] (../lib/sbi/path.c:349)
09/30 14:59:23.825: [gmm] INFO: [imsi-999700000000024] Registration complete (../src/amf/gmm-sm.c:3165)
09/30 14:59:23.826: [amf] INFO: [imsi-999700000000024] Configuration update command (../src/amf/nas-path.c:609)
09/30 14:59:23.826: [gmm] INFO:     UTC [2026-09-30T14:59:23] Timezone[0]/DST[0] (../src/amf/gmm-build.c:551)
09/30 14:59:23.827: [gmm] INFO:     LOCAL [2026-09-30T14:59:23] Timezone[0]/DST[0] (../src/amf/gmm-build.c:556)
09/30 14:59:23.828: [gmm] INFO: [imsi-999700000000022] Registration complete (../src/amf/gmm-sm.c:3165)
09/30 14:59:23.828: [amf] INFO: [imsi-999700000000022] Configuration update command (../src/amf/nas-path.c:609)
09/30 14:59:23.829: [gmm] INFO:     UTC [2026-09-30T14:59:23] Timezone[0]/DST[0] (../src/amf/gmm-build.c:551)
09/30 14:59:23.829: [gmm] INFO:     LOCAL [2026-09-30T14:59:23] Timezone[0]/DST[0] (../src/amf/gmm-build.c:556)
09/30 14:59:23.839: [sbi] INFO: [80f131fe-bcdf-41f1-a910-81cee510089b] Setup NF Instance [type:UDM] (../lib/sbi/path.c:349)
09/30 14:59:23.842: [sbi] INFO: [80f131fe-bcdf-41f1-a910-81cee510089b] Setup NF Instance [type:UDM] (../lib/sbi/path.c:349)
09/30 14:59:23.843: [sbi] INFO: [80f131fe-bcdf-41f1-a910-81cee510089b] Setup NF Instance [type:UDM] (../lib/sbi/path.c:349)
09/30 14:59:23.844: [sbi] INFO: [80f131fe-bcdf-41f1-a910-81cee510089b] Setup NF Instance [type:UDM] (../lib/sbi/path.c:349)
09/30 14:59:23.853: [sbi] INFO: [80f131fe-bcdf-41f1-a910-81cee510089b] Setup NF Instance [type:UDM] (../lib/sbi/path.c:349)
09/30 14:59:23.867: [sbi] INFO: [80f131fe-bcdf-41f1-a910-81cee510089b] Setup NF Instance [type:UDM] (../lib/sbi/path.c:349)
09/30 14:59:23.869: [sbi] INFO: [80f131fe-bcdf-41f1-a910-81cee510089b] Setup NF Instance [type:UDM] (../lib/sbi/path.c:349)
09/30 14:59:23.872: [sbi] INFO: [80f131fe-bcdf-41f1-a910-81cee510089b] Setup NF Instance [type:UDM] (../lib/sbi/path.c:349)
09/30 14:59:23.874: [sbi] INFO: [80f131fe-bcdf-41f1-a910-81cee510089b] Setup NF Instance [type:UDM] (../lib/sbi/path.c:349)
09/30 14:59:23.887: [amf] INFO: Setup NF EndPoint(addr) [127.0.0.13:7777] (../src/amf/npcf-handler.c:143)
09/30 14:59:23.888: [amf] INFO: Setup NF EndPoint(addr) [127.0.0.12:7777] (../src/amf/nudm-handler.c:422)
09/30 14:59:23.889: [sbi] INFO: [8117c148-bcdf-41f1-9a43-9f422c9432be] Setup NF Instance [type:PCF] (../lib/sbi/path.c:349)
09/30 14:59:23.906: [amf] INFO: Setup NF EndPoint(addr) [127.0.0.12:7777] (../src/amf/nudm-handler.c:422)
09/30 14:59:23.907: [sbi] INFO: [8117c148-bcdf-41f1-9a43-9f422c9432be] Setup NF Instance [type:PCF] (../lib/sbi/path.c:349)
09/30 14:59:23.918: [amf] INFO: Setup NF EndPoint(addr) [127.0.0.12:7777] (../src/amf/nudm-handler.c:422)
09/30 14:59:23.919: [sbi] INFO: [8117c148-bcdf-41f1-9a43-9f422c9432be] Setup NF Instance [type:PCF] (../lib/sbi/path.c:349)
09/30 14:59:23.919: [amf] INFO: Setup NF EndPoint(addr) [127.0.0.12:7777] (../src/amf/nudm-handler.c:422)
09/30 14:59:23.920: [sbi] INFO: [8117c148-bcdf-41f1-9a43-9f422c9432be] Setup NF Instance [type:PCF] (../lib/sbi/path.c:349)
09/30 14:59:23.921: [amf] INFO: Setup NF EndPoint(addr) [127.0.0.12:7777] (../src/amf/nudm-handler.c:422)
09/30 14:59:23.921: [sbi] INFO: [8117c148-bcdf-41f1-9a43-9f422c9432be] Setup NF Instance [type:PCF] (../lib/sbi/path.c:349)
09/30 14:59:23.922: [amf] INFO: Setup NF EndPoint(addr) [127.0.0.12:7777] (../src/amf/nudm-handler.c:422)
09/30 14:59:23.923: [sbi] INFO: [8117c148-bcdf-41f1-9a43-9f422c9432be] Setup NF Instance [type:PCF] (../lib/sbi/path.c:349)
09/30 14:59:23.940: [amf] INFO: Setup NF EndPoint(addr) [127.0.0.12:7777] (../src/amf/nudm-handler.c:422)
09/30 14:59:23.940: [sbi] INFO: [8117c148-bcdf-41f1-9a43-9f422c9432be] Setup NF Instance [type:PCF] (../lib/sbi/path.c:349)
09/30 14:59:23.941: [amf] INFO: Setup NF EndPoint(addr) [127.0.0.13:7777] (../src/amf/npcf-handler.c:143)
09/30 14:59:23.942: [amf] INFO: Setup NF EndPoint(addr) [127.0.0.12:7777] (../src/amf/nudm-handler.c:422)
09/30 14:59:23.942: [sbi] INFO: [8117c148-bcdf-41f1-9a43-9f422c9432be] Setup NF Instance [type:PCF] (../lib/sbi/path.c:349)
09/30 14:59:23.943: [amf] INFO: Setup NF EndPoint(addr) [127.0.0.12:7777] (../src/amf/nudm-handler.c:422)
09/30 14:59:23.944: [sbi] INFO: [8117c148-bcdf-41f1-9a43-9f422c9432be] Setup NF Instance [type:PCF] (../lib/sbi/path.c:349)
09/30 14:59:23.944: [gmm] INFO: [imsi-999700000000021] Registration complete (../src/amf/gmm-sm.c:3165)
09/30 14:59:23.945: [amf] INFO: [imsi-999700000000021] Configuration update command (../src/amf/nas-path.c:609)
09/30 14:59:23.945: [gmm] INFO:     UTC [2026-09-30T14:59:23] Timezone[0]/DST[0] (../src/amf/gmm-build.c:551)
09/30 14:59:23.945: [gmm] INFO:     LOCAL [2026-09-30T14:59:23] Timezone[0]/DST[0] (../src/amf/gmm-build.c:556)
09/30 14:59:23.946: [gmm] INFO: [imsi-999700000000016] Registration complete (../src/amf/gmm-sm.c:3165)
09/30 14:59:23.947: [amf] INFO: [imsi-999700000000016] Configuration update command (../src/amf/nas-path.c:609)
09/30 14:59:23.947: [gmm] INFO:     UTC [2026-09-30T14:59:23] Timezone[0]/DST[0] (../src/amf/gmm-build.c:551)
09/30 14:59:23.948: [gmm] INFO:     LOCAL [2026-09-30T14:59:23] Timezone[0]/DST[0] (../src/amf/gmm-build.c:556)
09/30 14:59:23.950: [amf] INFO: Setup NF EndPoint(addr) [127.0.0.12:7777] (../src/amf/nudm-handler.c:422)
09/30 14:59:23.950: [sbi] INFO: [8117c148-bcdf-41f1-9a43-9f422c9432be] Setup NF Instance [type:PCF] (../lib/sbi/path.c:349)
09/30 14:59:23.952: [amf] INFO: Setup NF EndPoint(addr) [127.0.0.12:7777] (../src/amf/nudm-handler.c:422)
09/30 14:59:23.953: [sbi] INFO: [8117c148-bcdf-41f1-9a43-9f422c9432be] Setup NF Instance [type:PCF] (../lib/sbi/path.c:349)
09/30 14:59:23.953: [amf] INFO: Setup NF EndPoint(addr) [127.0.0.13:7777] (../src/amf/npcf-handler.c:143)
09/30 14:59:23.972: [amf] INFO: Setup NF EndPoint(addr) [127.0.0.12:7777] (../src/amf/nudm-handler.c:422)
09/30 14:59:23.973: [sbi] INFO: [8117c148-bcdf-41f1-9a43-9f422c9432be] Setup NF Instance [type:PCF] (../lib/sbi/path.c:349)
09/30 14:59:23.975: [amf] INFO: Setup NF EndPoint(addr) [127.0.0.13:7777] (../src/amf/npcf-handler.c:143)
09/30 14:59:23.975: [gmm] INFO: [imsi-999700000000006] Registration complete (../src/amf/gmm-sm.c:3165)
09/30 14:59:23.976: [amf] INFO: [imsi-999700000000006] Configuration update command (../src/amf/nas-path.c:609)
09/30 14:59:23.977: [gmm] INFO:     UTC [2026-09-30T14:59:23] Timezone[0]/DST[0] (../src/amf/gmm-build.c:551)
09/30 14:59:23.977: [gmm] INFO:     LOCAL [2026-09-30T14:59:23] Timezone[0]/DST[0] (../src/amf/gmm-build.c:556)
09/30 14:59:23.978: [amf] INFO: Setup NF EndPoint(addr) [127.0.0.13:7777] (../src/amf/npcf-handler.c:143)
09/30 14:59:23.979: [amf] INFO: Setup NF EndPoint(addr) [127.0.0.13:7777] (../src/amf/npcf-handler.c:143)
09/30 14:59:23.979: [amf] INFO: Setup NF EndPoint(addr) [127.0.0.13:7777] (../src/amf/npcf-handler.c:143)
09/30 14:59:23.980: [amf] INFO: Setup NF EndPoint(addr) [127.0.0.13:7777] (../src/amf/npcf-handler.c:143)
09/30 14:59:23.981: [amf] INFO: Setup NF EndPoint(addr) [127.0.0.12:7777] (../src/amf/nudm-handler.c:422)
09/30 14:59:23.981: [sbi] INFO: [8117c148-bcdf-41f1-9a43-9f422c9432be] Setup NF Instance [type:PCF] (../lib/sbi/path.c:349)
09/30 14:59:23.982: [amf] INFO: Setup NF EndPoint(addr) [127.0.0.12:7777] (../src/amf/nudm-handler.c:422)
09/30 14:59:23.983: [sbi] INFO: [8117c148-bcdf-41f1-9a43-9f422c9432be] Setup NF Instance [type:PCF] (../lib/sbi/path.c:349)
09/30 14:59:23.983: [amf] INFO: Setup NF EndPoint(addr) [127.0.0.12:7777] (../src/amf/nudm-handler.c:422)
09/30 14:59:23.984: [sbi] INFO: [8117c148-bcdf-41f1-9a43-9f422c9432be] Setup NF Instance [type:PCF] (../lib/sbi/path.c:349)
09/30 14:59:23.984: [amf] INFO: Setup NF EndPoint(addr) [127.0.0.12:7777] (../src/amf/nudm-handler.c:422)
09/30 14:59:23.985: [sbi] INFO: [8117c148-bcdf-41f1-9a43-9f422c9432be] Setup NF Instance [type:PCF] (../lib/sbi/path.c:349)
09/30 14:59:23.986: [amf] INFO: Setup NF EndPoint(addr) [127.0.0.12:7777] (../src/amf/nudm-handler.c:422)
09/30 14:59:23.986: [sbi] INFO: [8117c148-bcdf-41f1-9a43-9f422c9432be] Setup NF Instance [type:PCF] (../lib/sbi/path.c:349)
09/30 14:59:23.987: [amf] INFO: Setup NF EndPoint(addr) [127.0.0.12:7777] (../src/amf/nudm-handler.c:422)
09/30 14:59:23.988: [sbi] INFO: [8117c148-bcdf-41f1-9a43-9f422c9432be] Setup NF Instance [type:PCF] (../lib/sbi/path.c:349)
09/30 14:59:23.988: [amf] INFO: Setup NF EndPoint(addr) [127.0.0.13:7777] (../src/amf/npcf-handler.c:143)
09/30 14:59:23.989: [amf] INFO: Setup NF EndPoint(addr) [127.0.0.13:7777] (../src/amf/npcf-handler.c:143)
09/30 14:59:23.990: [amf] INFO: Setup NF EndPoint(addr) [127.0.0.13:7777] (../src/amf/npcf-handler.c:143)
09/30 14:59:23.990: [amf] INFO: Setup NF EndPoint(addr) [127.0.0.13:7777] (../src/amf/npcf-handler.c:143)
09/30 14:59:23.991: [amf] INFO: Setup NF EndPoint(addr) [127.0.0.13:7777] (../src/amf/npcf-handler.c:143)
09/30 14:59:23.992: [gmm] INFO: [imsi-999700000000004] Registration complete (../src/amf/gmm-sm.c:3165)
09/30 14:59:23.993: [amf] INFO: [imsi-999700000000004] Configuration update command (../src/amf/nas-path.c:609)
09/30 14:59:23.993: [gmm] INFO:     UTC [2026-09-30T14:59:23] Timezone[0]/DST[0] (../src/amf/gmm-build.c:551)
09/30 14:59:23.994: [gmm] INFO:     LOCAL [2026-09-30T14:59:23] Timezone[0]/DST[0] (../src/amf/gmm-build.c:556)
09/30 14:59:23.995: [gmm] INFO: [imsi-999700000000013] Registration complete (../src/amf/gmm-sm.c:3165)
09/30 14:59:23.995: [amf] INFO: [imsi-999700000000013] Configuration update command (../src/amf/nas-path.c:609)
09/30 14:59:23.996: [gmm] INFO:     UTC [2026-09-30T14:59:23] Timezone[0]/DST[0] (../src/amf/gmm-build.c:551)
09/30 14:59:23.996: [gmm] INFO:     LOCAL [2026-09-30T14:59:23] Timezone[0]/DST[0] (../src/amf/gmm-build.c:556)
09/30 14:59:23.997: [gmm] INFO: [imsi-999700000000020] Registration complete (../src/amf/gmm-sm.c:3165)
09/30 14:59:23.998: [amf] INFO: [imsi-999700000000020] Configuration update command (../src/amf/nas-path.c:609)
09/30 14:59:23.999: [gmm] INFO:     UTC [2026-09-30T14:59:23] Timezone[0]/DST[0] (../src/amf/gmm-build.c:551)
09/30 14:59:23.999: [gmm] INFO:     LOCAL [2026-09-30T14:59:23] Timezone[0]/DST[0] (../src/amf/gmm-build.c:556)
09/30 14:59:24.000: [amf] INFO: Setup NF EndPoint(addr) [127.0.0.12:7777] (../src/amf/nudm-handler.c:422)
09/30 14:59:24.001: [sbi] INFO: [8117c148-bcdf-41f1-9a43-9f422c9432be] Setup NF Instance [type:PCF] (../lib/sbi/path.c:349)
09/30 14:59:24.002: [amf] INFO: Setup NF EndPoint(addr) [127.0.0.12:7777] (../src/amf/nudm-handler.c:422)
09/30 14:59:24.003: [sbi] INFO: [8117c148-bcdf-41f1-9a43-9f422c9432be] Setup NF Instance [type:PCF] (../lib/sbi/path.c:349)
09/30 14:59:24.004: [gmm] INFO: [imsi-999700000000002] Registration complete (../src/amf/gmm-sm.c:3165)
09/30 14:59:24.005: [amf] INFO: [imsi-999700000000002] Configuration update command (../src/amf/nas-path.c:609)
09/30 14:59:24.005: [gmm] INFO:     UTC [2026-09-30T14:59:24] Timezone[0]/DST[0] (../src/amf/gmm-build.c:551)
09/30 14:59:24.006: [gmm] INFO:     LOCAL [2026-09-30T14:59:24] Timezone[0]/DST[0] (../src/amf/gmm-build.c:556)
09/30 14:59:24.007: [gmm] INFO: [imsi-999700000000019] Registration complete (../src/amf/gmm-sm.c:3165)
09/30 14:59:24.007: [amf] INFO: [imsi-999700000000019] Configuration update command (../src/amf/nas-path.c:609)
09/30 14:59:24.008: [gmm] INFO:     UTC [2026-09-30T14:59:24] Timezone[0]/DST[0] (../src/amf/gmm-build.c:551)
09/30 14:59:24.008: [gmm] INFO:     LOCAL [2026-09-30T14:59:24] Timezone[0]/DST[0] (../src/amf/gmm-build.c:556)
09/30 14:59:24.009: [gmm] INFO: [imsi-999700000000023] Registration complete (../src/amf/gmm-sm.c:3165)
09/30 14:59:24.010: [amf] INFO: [imsi-999700000000023] Configuration update command (../src/amf/nas-path.c:609)
09/30 14:59:24.010: [gmm] INFO:     UTC [2026-09-30T14:59:24] Timezone[0]/DST[0] (../src/amf/gmm-build.c:551)
09/30 14:59:24.011: [gmm] INFO:     LOCAL [2026-09-30T14:59:24] Timezone[0]/DST[0] (../src/amf/gmm-build.c:556)
09/30 14:59:24.012: [amf] INFO: Setup NF EndPoint(addr) [127.0.0.13:7777] (../src/amf/npcf-handler.c:143)
09/30 14:59:24.013: [gmm] INFO: [imsi-999700000000012] Registration complete (../src/amf/gmm-sm.c:3165)
09/30 14:59:24.013: [amf] INFO: [imsi-999700000000012] Configuration update command (../src/amf/nas-path.c:609)
09/30 14:59:24.014: [gmm] INFO:     UTC [2026-09-30T14:59:24] Timezone[0]/DST[0] (../src/amf/gmm-build.c:551)
09/30 14:59:24.014: [gmm] INFO:     LOCAL [2026-09-30T14:59:24] Timezone[0]/DST[0] (../src/amf/gmm-build.c:556)
09/30 14:59:24.015: [gmm] INFO: [imsi-999700000000009] Registration complete (../src/amf/gmm-sm.c:3165)
09/30 14:59:24.016: [amf] INFO: [imsi-999700000000009] Configuration update command (../src/amf/nas-path.c:609)
09/30 14:59:24.017: [gmm] INFO:     UTC [2026-09-30T14:59:24] Timezone[0]/DST[0] (../src/amf/gmm-build.c:551)
09/30 14:59:24.017: [gmm] INFO:     LOCAL [2026-09-30T14:59:24] Timezone[0]/DST[0] (../src/amf/gmm-build.c:556)
09/30 14:59:24.018: [amf] INFO: Setup NF EndPoint(addr) [127.0.0.13:7777] (../src/amf/npcf-handler.c:143)
09/30 14:59:24.019: [amf] INFO: Setup NF EndPoint(addr) [127.0.0.13:7777] (../src/amf/npcf-handler.c:143)
09/30 14:59:24.020: [amf] INFO: Setup NF EndPoint(addr) [127.0.0.13:7777] (../src/amf/npcf-handler.c:143)
09/30 14:59:24.020: [amf] INFO: Setup NF EndPoint(addr) [127.0.0.13:7777] (../src/amf/npcf-handler.c:143)
09/30 14:59:24.021: [amf] INFO: Setup NF EndPoint(addr) [127.0.0.13:7777] (../src/amf/npcf-handler.c:143)
09/30 14:59:24.021: [amf] INFO: Setup NF EndPoint(addr) [127.0.0.13:7777] (../src/amf/npcf-handler.c:143)
09/30 14:59:24.022: [amf] INFO: Setup NF EndPoint(addr) [127.0.0.13:7777] (../src/amf/npcf-handler.c:143)
09/30 14:59:24.023: [gmm] INFO: [imsi-999700000000017] Registration complete (../src/amf/gmm-sm.c:3165)
09/30 14:59:24.024: [amf] INFO: [imsi-999700000000017] Configuration update command (../src/amf/nas-path.c:609)
09/30 14:59:24.024: [gmm] INFO:     UTC [2026-09-30T14:59:24] Timezone[0]/DST[0] (../src/amf/gmm-build.c:551)
09/30 14:59:24.025: [gmm] INFO:     LOCAL [2026-09-30T14:59:24] Timezone[0]/DST[0] (../src/amf/gmm-build.c:556)
09/30 14:59:24.026: [gmm] INFO: [imsi-999700000000015] Registration complete (../src/amf/gmm-sm.c:3165)
09/30 14:59:24.027: [amf] INFO: [imsi-999700000000015] Configuration update command (../src/amf/nas-path.c:609)
09/30 14:59:24.027: [gmm] INFO:     UTC [2026-09-30T14:59:24] Timezone[0]/DST[0] (../src/amf/gmm-build.c:551)
09/30 14:59:24.028: [gmm] INFO:     LOCAL [2026-09-30T14:59:24] Timezone[0]/DST[0] (../src/amf/gmm-build.c:556)
09/30 14:59:24.028: [gmm] INFO: [imsi-999700000000014] Registration complete (../src/amf/gmm-sm.c:3165)
09/30 14:59:24.029: [amf] INFO: [imsi-999700000000014] Configuration update command (../src/amf/nas-path.c:609)
09/30 14:59:24.030: [gmm] INFO:     UTC [2026-09-30T14:59:24] Timezone[0]/DST[0] (../src/amf/gmm-build.c:551)
09/30 14:59:24.030: [gmm] INFO:     LOCAL [2026-09-30T14:59:24] Timezone[0]/DST[0] (../src/amf/gmm-build.c:556)
09/30 14:59:24.031: [gmm] INFO: [imsi-999700000000005] Registration complete (../src/amf/gmm-sm.c:3165)
09/30 14:59:24.031: [amf] INFO: [imsi-999700000000005] Configuration update command (../src/amf/nas-path.c:609)
09/30 14:59:24.032: [gmm] INFO:     UTC [2026-09-30T14:59:24] Timezone[0]/DST[0] (../src/amf/gmm-build.c:551)
09/30 14:59:24.032: [gmm] INFO:     LOCAL [2026-09-30T14:59:24] Timezone[0]/DST[0] (../src/amf/gmm-build.c:556)
09/30 14:59:24.033: [gmm] INFO: [imsi-999700000000011] Registration complete (../src/amf/gmm-sm.c:3165)
09/30 14:59:24.033: [amf] INFO: [imsi-999700000000011] Configuration update command (../src/amf/nas-path.c:609)
09/30 14:59:24.034: [gmm] INFO:     UTC [2026-09-30T14:59:24] Timezone[0]/DST[0] (../src/amf/gmm-build.c:551)
09/30 14:59:24.034: [gmm] INFO:     LOCAL [2026-09-30T14:59:24] Timezone[0]/DST[0] (../src/amf/gmm-build.c:556)
09/30 14:59:24.035: [gmm] INFO: [imsi-999700000000001] Registration complete (../src/amf/gmm-sm.c:3165)
09/30 14:59:24.035: [amf] INFO: [imsi-999700000000001] Configuration update command (../src/amf/nas-path.c:609)
09/30 14:59:24.036: [gmm] INFO:     UTC [2026-09-30T14:59:24] Timezone[0]/DST[0] (../src/amf/gmm-build.c:551)
09/30 14:59:24.036: [gmm] INFO:     LOCAL [2026-09-30T14:59:24] Timezone[0]/DST[0] (../src/amf/gmm-build.c:556)
09/30 14:59:24.037: [gmm] INFO: [imsi-999700000000008] Registration complete (../src/amf/gmm-sm.c:3165)
09/30 14:59:24.037: [amf] INFO: [imsi-999700000000008] Configuration update command (../src/amf/nas-path.c:609)
09/30 14:59:24.038: [gmm] INFO:     UTC [2026-09-30T14:59:24] Timezone[0]/DST[0] (../src/amf/gmm-build.c:551)
09/30 14:59:24.038: [gmm] INFO:     LOCAL [2026-09-30T14:59:24] Timezone[0]/DST[0] (../src/amf/gmm-build.c:556)
09/30 14:59:24.039: [gmm] INFO: [imsi-999700000000007] Registration complete (../src/amf/gmm-sm.c:3165)
09/30 14:59:24.039: [amf] INFO: [imsi-999700000000007] Configuration update command (../src/amf/nas-path.c:609)
09/30 14:59:24.040: [gmm] INFO:     UTC [2026-09-30T14:59:24] Timezone[0]/DST[0] (../src/amf/gmm-build.c:551)
09/30 14:59:24.040: [gmm] INFO:     LOCAL [2026-09-30T14:59:24] Timezone[0]/DST[0] (../src/amf/gmm-build.c:556)
09/30 14:59:24.040: [gmm] INFO: [imsi-999700000000003] Registration complete (../src/amf/gmm-sm.c:3165)
09/30 14:59:24.041: [amf] INFO: [imsi-999700000000003] Configuration update command (../src/amf/nas-path.c:609)
09/30 14:59:24.041: [gmm] INFO:     UTC [2026-09-30T14:59:24] Timezone[0]/DST[0] (../src/amf/gmm-build.c:551)
09/30 14:59:24.042: [gmm] INFO:     LOCAL [2026-09-30T14:59:24] Timezone[0]/DST[0] (../src/amf/gmm-build.c:556)
09/30 14:59:24.042: [gmm] INFO: [imsi-999700000000010] Registration complete (../src/amf/gmm-sm.c:3165)
09/30 14:59:24.043: [amf] INFO: [imsi-999700000000010] Configuration update command (../src/amf/nas-path.c:609)
09/30 14:59:24.043: [gmm] INFO:     UTC [2026-09-30T14:59:24] Timezone[0]/DST[0] (../src/amf/gmm-build.c:551)
09/30 14:59:24.044: [gmm] INFO:     LOCAL [2026-09-30T14:59:24] Timezone[0]/DST[0] (../src/amf/gmm-build.c:556)
09/30 14:59:31.306: [amf] INFO: [Added] Number of AMF-Sessions is now 1 (../src/amf/context.c:2953)
09/30 14:59:31.307: [gmm] INFO: UE SUPI[imsi-999700000000001] DNN[internet] LBO[0] S_NSSAI[SST:1 SD:0xffffff] smContextRef[NULL] smContextResourceURI[NULL] (../src/amf/gmm-handler.c:1430)
09/30 14:59:31.308: [gmm] INFO: No V-SMF Instance (../src/amf/gmm-handler.c:1513)
09/30 14:59:31.308: [gmm] INFO: V-SMF not discovered in NON-ROAMING OR LBO (../src/amf/gmm-handler.c:1599)
09/30 14:59:31.309: [gmm] INFO: nnssf-nsselection[1:1:(nil):(nil)] (../src/amf/gmm-handler.c:1610)
09/30 14:59:31.310: [sbi] INFO: [813e5c9a-bcdf-41f1-b37d-f9fe5840358b] Setup NF Instance [type:NSSF] (../lib/sbi/path.c:349)
09/30 14:59:31.313: [sbi] INFO: [81b56fa6-bcdf-41f1-a50a-016c6004e5cf] Setup NF Instance [type:SMF] (../lib/sbi/path.c:349)
09/30 14:59:31.324: [amf] INFO: Setup NF EndPoint(addr) [127.0.0.4:7777] (../src/amf/nsmf-handler.c:140)
09/30 14:59:31.341: [amf] INFO: [imsi-999700000000001:1:11][0:0:NULL] /nsmf-pdusession/v1/sm-contexts/{smContextRef}/modify (../src/amf/nsmf-handler.c:983)
09/30 14:59:31.539: [amf] INFO: [Added] Number of AMF-Sessions is now 2 (../src/amf/context.c:2953)
09/30 14:59:31.539: [gmm] INFO: UE SUPI[imsi-999700000000002] DNN[internet] LBO[0] S_NSSAI[SST:1 SD:0xffffff] smContextRef[NULL] smContextResourceURI[NULL] (../src/amf/gmm-handler.c:1430)
09/30 14:59:31.540: [gmm] INFO: No V-SMF Instance (../src/amf/gmm-handler.c:1513)
09/30 14:59:31.541: [gmm] INFO: V-SMF not discovered in NON-ROAMING OR LBO (../src/amf/gmm-handler.c:1599)
09/30 14:59:31.541: [gmm] INFO: nnssf-nsselection[1:1:(nil):(nil)] (../src/amf/gmm-handler.c:1610)
09/30 14:59:31.542: [sbi] INFO: [813e5c9a-bcdf-41f1-b37d-f9fe5840358b] Setup NF Instance [type:NSSF] (../lib/sbi/path.c:349)
09/30 14:59:31.543: [sbi] INFO: [81b56fa6-bcdf-41f1-a50a-016c6004e5cf] Setup NF Instance [type:SMF] (../lib/sbi/path.c:349)
09/30 14:59:31.553: [amf] INFO: Setup NF EndPoint(addr) [127.0.0.4:7777] (../src/amf/nsmf-handler.c:140)
09/30 14:59:31.571: [amf] INFO: [imsi-999700000000002:1:11][0:0:NULL] /nsmf-pdusession/v1/sm-contexts/{smContextRef}/modify (../src/amf/nsmf-handler.c:983)
09/30 14:59:31.771: [amf] INFO: [Added] Number of AMF-Sessions is now 3 (../src/amf/context.c:2953)
09/30 14:59:31.772: [gmm] INFO: UE SUPI[imsi-999700000000003] DNN[internet] LBO[0] S_NSSAI[SST:1 SD:0xffffff] smContextRef[NULL] smContextResourceURI[NULL] (../src/amf/gmm-handler.c:1430)
09/30 14:59:31.772: [gmm] INFO: No V-SMF Instance (../src/amf/gmm-handler.c:1513)
09/30 14:59:31.773: [gmm] INFO: V-SMF not discovered in NON-ROAMING OR LBO (../src/amf/gmm-handler.c:1599)
09/30 14:59:31.773: [gmm] INFO: nnssf-nsselection[1:1:(nil):(nil)] (../src/amf/gmm-handler.c:1610)
09/30 14:59:31.774: [sbi] INFO: [813e5c9a-bcdf-41f1-b37d-f9fe5840358b] Setup NF Instance [type:NSSF] (../lib/sbi/path.c:349)
09/30 14:59:31.777: [sbi] INFO: [81b56fa6-bcdf-41f1-a50a-016c6004e5cf] Setup NF Instance [type:SMF] (../lib/sbi/path.c:349)
09/30 14:59:31.787: [amf] INFO: Setup NF EndPoint(addr) [127.0.0.4:7777] (../src/amf/nsmf-handler.c:140)
09/30 14:59:31.805: [amf] INFO: [imsi-999700000000003:1:11][0:0:NULL] /nsmf-pdusession/v1/sm-contexts/{smContextRef}/modify (../src/amf/nsmf-handler.c:983)
09/30 14:59:32.007: [amf] INFO: [Added] Number of AMF-Sessions is now 4 (../src/amf/context.c:2953)
09/30 14:59:32.008: [gmm] INFO: UE SUPI[imsi-999700000000004] DNN[internet] LBO[0] S_NSSAI[SST:1 SD:0xffffff] smContextRef[NULL] smContextResourceURI[NULL] (../src/amf/gmm-handler.c:1430)
09/30 14:59:32.009: [gmm] INFO: No V-SMF Instance (../src/amf/gmm-handler.c:1513)
09/30 14:59:32.010: [gmm] INFO: V-SMF not discovered in NON-ROAMING OR LBO (../src/amf/gmm-handler.c:1599)
09/30 14:59:32.011: [gmm] INFO: nnssf-nsselection[1:1:(nil):(nil)] (../src/amf/gmm-handler.c:1610)
09/30 14:59:32.011: [sbi] INFO: [813e5c9a-bcdf-41f1-b37d-f9fe5840358b] Setup NF Instance [type:NSSF] (../lib/sbi/path.c:349)
09/30 14:59:32.013: [sbi] INFO: [81b56fa6-bcdf-41f1-a50a-016c6004e5cf] Setup NF Instance [type:SMF] (../lib/sbi/path.c:349)
09/30 14:59:32.025: [amf] INFO: Setup NF EndPoint(addr) [127.0.0.4:7777] (../src/amf/nsmf-handler.c:140)
09/30 14:59:32.045: [amf] INFO: [imsi-999700000000004:1:11][0:0:NULL] /nsmf-pdusession/v1/sm-contexts/{smContextRef}/modify (../src/amf/nsmf-handler.c:983)
09/30 14:59:32.240: [amf] INFO: [Added] Number of AMF-Sessions is now 5 (../src/amf/context.c:2953)
09/30 14:59:32.241: [gmm] INFO: UE SUPI[imsi-999700000000005] DNN[internet] LBO[0] S_NSSAI[SST:1 SD:0xffffff] smContextRef[NULL] smContextResourceURI[NULL] (../src/amf/gmm-handler.c:1430)
09/30 14:59:32.242: [gmm] INFO: No V-SMF Instance (../src/amf/gmm-handler.c:1513)
09/30 14:59:32.243: [gmm] INFO: V-SMF not discovered in NON-ROAMING OR LBO (../src/amf/gmm-handler.c:1599)
09/30 14:59:32.243: [gmm] INFO: nnssf-nsselection[1:1:(nil):(nil)] (../src/amf/gmm-handler.c:1610)
09/30 14:59:32.244: [sbi] INFO: [813e5c9a-bcdf-41f1-b37d-f9fe5840358b] Setup NF Instance [type:NSSF] (../lib/sbi/path.c:349)
09/30 14:59:32.246: [sbi] INFO: [81b56fa6-bcdf-41f1-a50a-016c6004e5cf] Setup NF Instance [type:SMF] (../lib/sbi/path.c:349)
09/30 14:59:32.258: [amf] INFO: Setup NF EndPoint(addr) [127.0.0.4:7777] (../src/amf/nsmf-handler.c:140)
09/30 14:59:32.277: [amf] INFO: [imsi-999700000000005:1:11][0:0:NULL] /nsmf-pdusession/v1/sm-contexts/{smContextRef}/modify (../src/amf/nsmf-handler.c:983)
09/30 14:59:32.471: [amf] INFO: [Added] Number of AMF-Sessions is now 6 (../src/amf/context.c:2953)
09/30 14:59:32.473: [gmm] INFO: UE SUPI[imsi-999700000000006] DNN[internet] LBO[0] S_NSSAI[SST:1 SD:0xffffff] smContextRef[NULL] smContextResourceURI[NULL] (../src/amf/gmm-handler.c:1430)
09/30 14:59:32.473: [gmm] INFO: No V-SMF Instance (../src/amf/gmm-handler.c:1513)
09/30 14:59:32.474: [gmm] INFO: V-SMF not discovered in NON-ROAMING OR LBO (../src/amf/gmm-handler.c:1599)
09/30 14:59:32.475: [gmm] INFO: nnssf-nsselection[1:1:(nil):(nil)] (../src/amf/gmm-handler.c:1610)
09/30 14:59:32.476: [sbi] INFO: [813e5c9a-bcdf-41f1-b37d-f9fe5840358b] Setup NF Instance [type:NSSF] (../lib/sbi/path.c:349)
09/30 14:59:32.478: [sbi] INFO: [81b56fa6-bcdf-41f1-a50a-016c6004e5cf] Setup NF Instance [type:SMF] (../lib/sbi/path.c:349)
09/30 14:59:32.491: [amf] INFO: Setup NF EndPoint(addr) [127.0.0.4:7777] (../src/amf/nsmf-handler.c:140)
09/30 14:59:32.507: [amf] INFO: [imsi-999700000000006:1:11][0:0:NULL] /nsmf-pdusession/v1/sm-contexts/{smContextRef}/modify (../src/amf/nsmf-handler.c:983)
09/30 14:59:32.703: [amf] INFO: [Added] Number of AMF-Sessions is now 7 (../src/amf/context.c:2953)
09/30 14:59:32.704: [gmm] INFO: UE SUPI[imsi-999700000000007] DNN[internet] LBO[0] S_NSSAI[SST:1 SD:0xffffff] smContextRef[NULL] smContextResourceURI[NULL] (../src/amf/gmm-handler.c:1430)
09/30 14:59:32.705: [gmm] INFO: No V-SMF Instance (../src/amf/gmm-handler.c:1513)
09/30 14:59:32.705: [gmm] INFO: V-SMF not discovered in NON-ROAMING OR LBO (../src/amf/gmm-handler.c:1599)
09/30 14:59:32.706: [gmm] INFO: nnssf-nsselection[1:1:(nil):(nil)] (../src/amf/gmm-handler.c:1610)
09/30 14:59:32.707: [sbi] INFO: [813e5c9a-bcdf-41f1-b37d-f9fe5840358b] Setup NF Instance [type:NSSF] (../lib/sbi/path.c:349)
09/30 14:59:32.709: [sbi] INFO: [81b56fa6-bcdf-41f1-a50a-016c6004e5cf] Setup NF Instance [type:SMF] (../lib/sbi/path.c:349)
09/30 14:59:32.721: [amf] INFO: Setup NF EndPoint(addr) [127.0.0.4:7777] (../src/amf/nsmf-handler.c:140)
09/30 14:59:32.740: [amf] INFO: [imsi-999700000000007:1:11][0:0:NULL] /nsmf-pdusession/v1/sm-contexts/{smContextRef}/modify (../src/amf/nsmf-handler.c:983)
09/30 14:59:32.935: [amf] INFO: [Added] Number of AMF-Sessions is now 8 (../src/amf/context.c:2953)
09/30 14:59:32.936: [gmm] INFO: UE SUPI[imsi-999700000000008] DNN[internet] LBO[0] S_NSSAI[SST:1 SD:0xffffff] smContextRef[NULL] smContextResourceURI[NULL] (../src/amf/gmm-handler.c:1430)
09/30 14:59:32.937: [gmm] INFO: No V-SMF Instance (../src/amf/gmm-handler.c:1513)
09/30 14:59:32.938: [gmm] INFO: V-SMF not discovered in NON-ROAMING OR LBO (../src/amf/gmm-handler.c:1599)
09/30 14:59:32.938: [gmm] INFO: nnssf-nsselection[1:1:(nil):(nil)] (../src/amf/gmm-handler.c:1610)
09/30 14:59:32.939: [sbi] INFO: [813e5c9a-bcdf-41f1-b37d-f9fe5840358b] Setup NF Instance [type:NSSF] (../lib/sbi/path.c:349)
09/30 14:59:32.941: [sbi] INFO: [81b56fa6-bcdf-41f1-a50a-016c6004e5cf] Setup NF Instance [type:SMF] (../lib/sbi/path.c:349)
09/30 14:59:32.952: [amf] INFO: Setup NF EndPoint(addr) [127.0.0.4:7777] (../src/amf/nsmf-handler.c:140)
09/30 14:59:32.974: [amf] INFO: [imsi-999700000000008:1:11][0:0:NULL] /nsmf-pdusession/v1/sm-contexts/{smContextRef}/modify (../src/amf/nsmf-handler.c:983)
09/30 14:59:33.167: [amf] INFO: [Added] Number of AMF-Sessions is now 9 (../src/amf/context.c:2953)
09/30 14:59:33.168: [gmm] INFO: UE SUPI[imsi-999700000000009] DNN[internet] LBO[0] S_NSSAI[SST:1 SD:0xffffff] smContextRef[NULL] smContextResourceURI[NULL] (../src/amf/gmm-handler.c:1430)
09/30 14:59:33.168: [gmm] INFO: No V-SMF Instance (../src/amf/gmm-handler.c:1513)
09/30 14:59:33.169: [gmm] INFO: V-SMF not discovered in NON-ROAMING OR LBO (../src/amf/gmm-handler.c:1599)
09/30 14:59:33.170: [gmm] INFO: nnssf-nsselection[1:1:(nil):(nil)] (../src/amf/gmm-handler.c:1610)
09/30 14:59:33.171: [sbi] INFO: [813e5c9a-bcdf-41f1-b37d-f9fe5840358b] Setup NF Instance [type:NSSF] (../lib/sbi/path.c:349)
09/30 14:59:33.173: [sbi] INFO: [81b56fa6-bcdf-41f1-a50a-016c6004e5cf] Setup NF Instance [type:SMF] (../lib/sbi/path.c:349)
09/30 14:59:33.185: [amf] INFO: Setup NF EndPoint(addr) [127.0.0.4:7777] (../src/amf/nsmf-handler.c:140)
09/30 14:59:33.201: [amf] INFO: [imsi-999700000000009:1:11][0:0:NULL] /nsmf-pdusession/v1/sm-contexts/{smContextRef}/modify (../src/amf/nsmf-handler.c:983)
09/30 14:59:33.400: [amf] INFO: [Added] Number of AMF-Sessions is now 10 (../src/amf/context.c:2953)
09/30 14:59:33.405: [gmm] INFO: UE SUPI[imsi-999700000000010] DNN[internet] LBO[0] S_NSSAI[SST:1 SD:0xffffff] smContextRef[NULL] smContextResourceURI[NULL] (../src/amf/gmm-handler.c:1430)
09/30 14:59:33.406: [gmm] INFO: No V-SMF Instance (../src/amf/gmm-handler.c:1513)
09/30 14:59:33.407: [gmm] INFO: V-SMF not discovered in NON-ROAMING OR LBO (../src/amf/gmm-handler.c:1599)
09/30 14:59:33.408: [gmm] INFO: nnssf-nsselection[1:1:(nil):(nil)] (../src/amf/gmm-handler.c:1610)
09/30 14:59:33.409: [sbi] INFO: [813e5c9a-bcdf-41f1-b37d-f9fe5840358b] Setup NF Instance [type:NSSF] (../lib/sbi/path.c:349)
09/30 14:59:33.414: [sbi] INFO: [81b56fa6-bcdf-41f1-a50a-016c6004e5cf] Setup NF Instance [type:SMF] (../lib/sbi/path.c:349)
09/30 14:59:33.433: [amf] INFO: Setup NF EndPoint(addr) [127.0.0.4:7777] (../src/amf/nsmf-handler.c:140)
09/30 14:59:33.444: [amf] INFO: [Added] Number of AMF-Sessions is now 11 (../src/amf/context.c:2953)
09/30 14:59:33.445: [gmm] INFO: UE SUPI[imsi-999700000000011] DNN[internet] LBO[0] S_NSSAI[SST:1 SD:0xffffff] smContextRef[NULL] smContextResourceURI[NULL] (../src/amf/gmm-handler.c:1430)
09/30 14:59:33.445: [gmm] INFO: No V-SMF Instance (../src/amf/gmm-handler.c:1513)
09/30 14:59:33.446: [gmm] INFO: V-SMF not discovered in NON-ROAMING OR LBO (../src/amf/gmm-handler.c:1599)
09/30 14:59:33.446: [gmm] INFO: nnssf-nsselection[1:1:(nil):(nil)] (../src/amf/gmm-handler.c:1610)
09/30 14:59:33.447: [sbi] INFO: [813e5c9a-bcdf-41f1-b37d-f9fe5840358b] Setup NF Instance [type:NSSF] (../lib/sbi/path.c:349)
09/30 14:59:33.449: [sbi] INFO: [81b56fa6-bcdf-41f1-a50a-016c6004e5cf] Setup NF Instance [type:SMF] (../lib/sbi/path.c:349)
09/30 14:59:33.461: [amf] INFO: Setup NF EndPoint(addr) [127.0.0.4:7777] (../src/amf/nsmf-handler.c:140)
09/30 14:59:33.483: [amf] INFO: [imsi-999700000000010:1:11][0:0:NULL] /nsmf-pdusession/v1/sm-contexts/{smContextRef}/modify (../src/amf/nsmf-handler.c:983)
09/30 14:59:33.675: [amf] INFO: [Added] Number of AMF-Sessions is now 12 (../src/amf/context.c:2953)
09/30 14:59:33.676: [gmm] INFO: UE SUPI[imsi-999700000000012] DNN[internet] LBO[0] S_NSSAI[SST:1 SD:0xffffff] smContextRef[NULL] smContextResourceURI[NULL] (../src/amf/gmm-handler.c:1430)
09/30 14:59:33.677: [gmm] INFO: No V-SMF Instance (../src/amf/gmm-handler.c:1513)
09/30 14:59:33.677: [gmm] INFO: V-SMF not discovered in NON-ROAMING OR LBO (../src/amf/gmm-handler.c:1599)
09/30 14:59:33.678: [gmm] INFO: nnssf-nsselection[1:1:(nil):(nil)] (../src/amf/gmm-handler.c:1610)
09/30 14:59:33.679: [sbi] INFO: [813e5c9a-bcdf-41f1-b37d-f9fe5840358b] Setup NF Instance [type:NSSF] (../lib/sbi/path.c:349)
09/30 14:59:33.682: [sbi] INFO: [81b56fa6-bcdf-41f1-a50a-016c6004e5cf] Setup NF Instance [type:SMF] (../lib/sbi/path.c:349)
09/30 14:59:33.688: [amf] INFO: [imsi-999700000000011:1:11][0:0:NULL] /nsmf-pdusession/v1/sm-contexts/{smContextRef}/modify (../src/amf/nsmf-handler.c:983)
09/30 14:59:33.693: [amf] INFO: Setup NF EndPoint(addr) [127.0.0.4:7777] (../src/amf/nsmf-handler.c:140)
09/30 14:59:33.709: [amf] INFO: [imsi-999700000000012:1:11][0:0:NULL] /nsmf-pdusession/v1/sm-contexts/{smContextRef}/modify (../src/amf/nsmf-handler.c:983)
09/30 14:59:33.907: [amf] INFO: [Added] Number of AMF-Sessions is now 13 (../src/amf/context.c:2953)
09/30 14:59:33.909: [gmm] INFO: UE SUPI[imsi-999700000000013] DNN[internet] LBO[0] S_NSSAI[SST:1 SD:0xffffff] smContextRef[NULL] smContextResourceURI[NULL] (../src/amf/gmm-handler.c:1430)
09/30 14:59:33.910: [gmm] INFO: No V-SMF Instance (../src/amf/gmm-handler.c:1513)
09/30 14:59:33.911: [gmm] INFO: V-SMF not discovered in NON-ROAMING OR LBO (../src/amf/gmm-handler.c:1599)
09/30 14:59:33.912: [gmm] INFO: nnssf-nsselection[1:1:(nil):(nil)] (../src/amf/gmm-handler.c:1610)
09/30 14:59:33.913: [sbi] INFO: [813e5c9a-bcdf-41f1-b37d-f9fe5840358b] Setup NF Instance [type:NSSF] (../lib/sbi/path.c:349)
09/30 14:59:33.918: [sbi] INFO: [81b56fa6-bcdf-41f1-a50a-016c6004e5cf] Setup NF Instance [type:SMF] (../lib/sbi/path.c:349)
09/30 14:59:33.939: [amf] INFO: Setup NF EndPoint(addr) [127.0.0.4:7777] (../src/amf/nsmf-handler.c:140)
09/30 14:59:33.966: [amf] INFO: [imsi-999700000000013:1:11][0:0:NULL] /nsmf-pdusession/v1/sm-contexts/{smContextRef}/modify (../src/amf/nsmf-handler.c:983)
09/30 14:59:34.155: [amf] INFO: [Added] Number of AMF-Sessions is now 14 (../src/amf/context.c:2953)
09/30 14:59:34.156: [gmm] INFO: UE SUPI[imsi-999700000000014] DNN[internet] LBO[0] S_NSSAI[SST:1 SD:0xffffff] smContextRef[NULL] smContextResourceURI[NULL] (../src/amf/gmm-handler.c:1430)
09/30 14:59:34.157: [gmm] INFO: No V-SMF Instance (../src/amf/gmm-handler.c:1513)
09/30 14:59:34.157: [gmm] INFO: V-SMF not discovered in NON-ROAMING OR LBO (../src/amf/gmm-handler.c:1599)
09/30 14:59:34.158: [gmm] INFO: nnssf-nsselection[1:1:(nil):(nil)] (../src/amf/gmm-handler.c:1610)
09/30 14:59:34.159: [sbi] INFO: [813e5c9a-bcdf-41f1-b37d-f9fe5840358b] Setup NF Instance [type:NSSF] (../lib/sbi/path.c:349)
09/30 14:59:34.161: [sbi] INFO: [81b56fa6-bcdf-41f1-a50a-016c6004e5cf] Setup NF Instance [type:SMF] (../lib/sbi/path.c:349)
09/30 14:59:34.175: [amf] INFO: Setup NF EndPoint(addr) [127.0.0.4:7777] (../src/amf/nsmf-handler.c:140)
09/30 14:59:34.198: [amf] INFO: [imsi-999700000000014:1:11][0:0:NULL] /nsmf-pdusession/v1/sm-contexts/{smContextRef}/modify (../src/amf/nsmf-handler.c:983)
09/30 14:59:34.391: [amf] INFO: [Added] Number of AMF-Sessions is now 15 (../src/amf/context.c:2953)
09/30 14:59:34.392: [gmm] INFO: UE SUPI[imsi-999700000000015] DNN[internet] LBO[0] S_NSSAI[SST:1 SD:0xffffff] smContextRef[NULL] smContextResourceURI[NULL] (../src/amf/gmm-handler.c:1430)
09/30 14:59:34.392: [gmm] INFO: No V-SMF Instance (../src/amf/gmm-handler.c:1513)
09/30 14:59:34.393: [gmm] INFO: V-SMF not discovered in NON-ROAMING OR LBO (../src/amf/gmm-handler.c:1599)
09/30 14:59:34.393: [gmm] INFO: nnssf-nsselection[1:1:(nil):(nil)] (../src/amf/gmm-handler.c:1610)
09/30 14:59:34.394: [sbi] INFO: [813e5c9a-bcdf-41f1-b37d-f9fe5840358b] Setup NF Instance [type:NSSF] (../lib/sbi/path.c:349)
09/30 14:59:34.397: [sbi] INFO: [81b56fa6-bcdf-41f1-a50a-016c6004e5cf] Setup NF Instance [type:SMF] (../lib/sbi/path.c:349)
09/30 14:59:34.408: [amf] INFO: Setup NF EndPoint(addr) [127.0.0.4:7777] (../src/amf/nsmf-handler.c:140)
09/30 14:59:34.427: [amf] INFO: [imsi-999700000000015:1:11][0:0:NULL] /nsmf-pdusession/v1/sm-contexts/{smContextRef}/modify (../src/amf/nsmf-handler.c:983)
09/30 14:59:37.515: [amf] INFO: [imsi-999700000000003:1] Receive Update SM context(N2-RELEASED) (../src/amf/nsmf-handler.c:683)
09/30 14:59:37.515: [amf] INFO: [imsi-999700000000003:1:17][0:1:NULL] /nsmf-pdusession/v1/sm-contexts/{smContextRef}/modify (../src/amf/nsmf-handler.c:983)
09/30 14:59:37.718: [amf] INFO: [imsi-999700000000003:1] Receive Update SM context(N1-RELEASED) (../src/amf/nsmf-handler.c:695)
09/30 14:59:37.719: [amf] INFO: [imsi-999700000000003:1:18][1:1:NULL] /nsmf-pdusession/v1/sm-contexts/{smContextRef}/modify (../src/amf/nsmf-handler.c:983)
09/30 14:59:37.731: [amf] INFO: [imsi-999700000000003:1][1:1:RELEASED] /namf-callback/v1/{supi}/sm-context-status/{psi} (../src/amf/namf-handler.c:595)
09/30 14:59:37.732: [amf] INFO: [imsi-999700000000003:1] Release SM Context [state:31] (../src/amf/nsmf-handler.c:1200)
09/30 14:59:37.733: [amf] INFO: [Removed] Number of AMF-Sessions is now 14 (../src/amf/context.c:2960)
09/30 14:59:37.919: [amf] INFO: [Added] Number of AMF-Sessions is now 15 (../src/amf/context.c:2953)
09/30 14:59:37.921: [gmm] INFO: UE SUPI[imsi-999700000000017] DNN[internet] LBO[0] S_NSSAI[SST:1 SD:0xffffff] smContextRef[NULL] smContextResourceURI[NULL] (../src/amf/gmm-handler.c:1430)
09/30 14:59:37.921: [gmm] INFO: No V-SMF Instance (../src/amf/gmm-handler.c:1513)
09/30 14:59:37.922: [gmm] INFO: V-SMF not discovered in NON-ROAMING OR LBO (../src/amf/gmm-handler.c:1599)
09/30 14:59:37.923: [gmm] INFO: nnssf-nsselection[1:1:(nil):(nil)] (../src/amf/gmm-handler.c:1610)
09/30 14:59:37.924: [sbi] INFO: [813e5c9a-bcdf-41f1-b37d-f9fe5840358b] Setup NF Instance [type:NSSF] (../lib/sbi/path.c:349)
09/30 14:59:37.928: [sbi] INFO: [81b56fa6-bcdf-41f1-a50a-016c6004e5cf] Setup NF Instance [type:SMF] (../lib/sbi/path.c:349)
09/30 14:59:37.944: [amf] INFO: Setup NF EndPoint(addr) [127.0.0.4:7777] (../src/amf/nsmf-handler.c:140)
09/30 14:59:37.969: [amf] INFO: [imsi-999700000000017:1:11][0:0:NULL] /nsmf-pdusession/v1/sm-contexts/{smContextRef}/modify (../src/amf/nsmf-handler.c:983)
09/30 14:59:38.164: [amf] INFO: [Added] Number of AMF-Sessions is now 16 (../src/amf/context.c:2953)
09/30 14:59:38.164: [gmm] INFO: UE SUPI[imsi-999700000000018] DNN[internet] LBO[0] S_NSSAI[SST:1 SD:0xffffff] smContextRef[NULL] smContextResourceURI[NULL] (../src/amf/gmm-handler.c:1430)
09/30 14:59:38.165: [gmm] INFO: No V-SMF Instance (../src/amf/gmm-handler.c:1513)
09/30 14:59:38.166: [gmm] INFO: V-SMF not discovered in NON-ROAMING OR LBO (../src/amf/gmm-handler.c:1599)
09/30 14:59:38.167: [gmm] INFO: nnssf-nsselection[1:1:(nil):(nil)] (../src/amf/gmm-handler.c:1610)
09/30 14:59:38.168: [sbi] INFO: [813e5c9a-bcdf-41f1-b37d-f9fe5840358b] Setup NF Instance [type:NSSF] (../lib/sbi/path.c:349)
09/30 14:59:38.169: [amf] INFO: [imsi-999700000000006:1] Receive Update SM context(N2-RELEASED) (../src/amf/nsmf-handler.c:683)
09/30 14:59:38.170: [amf] INFO: [imsi-999700000000006:1:17][0:1:NULL] /nsmf-pdusession/v1/sm-contexts/{smContextRef}/modify (../src/amf/nsmf-handler.c:983)
09/30 14:59:38.170: [amf] INFO: [imsi-999700000000006:1] Receive Update SM context(N1-RELEASED) (../src/amf/nsmf-handler.c:695)
09/30 14:59:38.171: [amf] INFO: [imsi-999700000000006:1:18][1:1:NULL] /nsmf-pdusession/v1/sm-contexts/{smContextRef}/modify (../src/amf/nsmf-handler.c:983)
09/30 14:59:38.172: [sbi] INFO: [81b56fa6-bcdf-41f1-a50a-016c6004e5cf] Setup NF Instance [type:SMF] (../lib/sbi/path.c:349)
09/30 14:59:38.190: [amf] INFO: [imsi-999700000000006:1][1:1:RELEASED] /namf-callback/v1/{supi}/sm-context-status/{psi} (../src/amf/namf-handler.c:595)
09/30 14:59:38.190: [amf] INFO: [imsi-999700000000006:1] Release SM Context [state:31] (../src/amf/nsmf-handler.c:1200)
09/30 14:59:38.191: [amf] INFO: [Removed] Number of AMF-Sessions is now 15 (../src/amf/context.c:2960)
09/30 14:59:38.192: [amf] INFO: Setup NF EndPoint(addr) [127.0.0.4:7777] (../src/amf/nsmf-handler.c:140)
09/30 14:59:38.218: [amf] INFO: [imsi-999700000000018:1:11][0:0:NULL] /nsmf-pdusession/v1/sm-contexts/{smContextRef}/modify (../src/amf/nsmf-handler.c:983)
09/30 14:59:38.416: [amf] INFO: [imsi-999700000000010:1] Receive Update SM context(N2-RELEASED) (../src/amf/nsmf-handler.c:683)
09/30 14:59:38.417: [amf] INFO: [imsi-999700000000010:1:17][0:1:NULL] /nsmf-pdusession/v1/sm-contexts/{smContextRef}/modify (../src/amf/nsmf-handler.c:983)
09/30 14:59:38.615: [amf] INFO: [Added] Number of AMF-Sessions is now 16 (../src/amf/context.c:2953)
09/30 14:59:38.616: [gmm] INFO: UE SUPI[imsi-999700000000003] DNN[internet] LBO[0] S_NSSAI[SST:1 SD:0xffffff] smContextRef[NULL] smContextResourceURI[NULL] (../src/amf/gmm-handler.c:1430)
09/30 14:59:38.617: [gmm] INFO: No V-SMF Instance (../src/amf/gmm-handler.c:1513)
09/30 14:59:38.618: [gmm] INFO: V-SMF not discovered in NON-ROAMING OR LBO (../src/amf/gmm-handler.c:1599)
09/30 14:59:38.618: [gmm] INFO: nnssf-nsselection[1:1:(nil):(nil)] (../src/amf/gmm-handler.c:1610)
09/30 14:59:38.619: [sbi] INFO: [813e5c9a-bcdf-41f1-b37d-f9fe5840358b] Setup NF Instance [type:NSSF] (../lib/sbi/path.c:349)
09/30 14:59:38.620: [amf] INFO: [imsi-999700000000010:1] Receive Update SM context(N1-RELEASED) (../src/amf/nsmf-handler.c:695)
09/30 14:59:38.621: [amf] INFO: [imsi-999700000000010:1:18][1:1:NULL] /nsmf-pdusession/v1/sm-contexts/{smContextRef}/modify (../src/amf/nsmf-handler.c:983)
09/30 14:59:38.623: [sbi] INFO: [81b56fa6-bcdf-41f1-a50a-016c6004e5cf] Setup NF Instance [type:SMF] (../lib/sbi/path.c:349)
09/30 14:59:38.639: [amf] INFO: [imsi-999700000000010:1][1:1:RELEASED] /namf-callback/v1/{supi}/sm-context-status/{psi} (../src/amf/namf-handler.c:595)
09/30 14:59:38.640: [amf] INFO: [imsi-999700000000010:1] Release SM Context [state:31] (../src/amf/nsmf-handler.c:1200)
09/30 14:59:38.640: [amf] INFO: [Removed] Number of AMF-Sessions is now 15 (../src/amf/context.c:2960)
09/30 14:59:38.643: [amf] INFO: Setup NF EndPoint(addr) [127.0.0.4:7777] (../src/amf/nsmf-handler.c:140)
09/30 14:59:38.665: [amf] INFO: [imsi-999700000000003:1:11][0:0:NULL] /nsmf-pdusession/v1/sm-contexts/{smContextRef}/modify (../src/amf/nsmf-handler.c:983)
09/30 14:59:38.866: [amf] INFO: [imsi-999700000000011:1] Receive Update SM context(N2-RELEASED) (../src/amf/nsmf-handler.c:683)
09/30 14:59:38.866: [amf] INFO: [imsi-999700000000011:1:17][0:1:NULL] /nsmf-pdusession/v1/sm-contexts/{smContextRef}/modify (../src/amf/nsmf-handler.c:983)
09/30 14:59:39.071: [amf] INFO: [Added] Number of AMF-Sessions is now 16 (../src/amf/context.c:2953)
09/30 14:59:39.072: [gmm] INFO: UE SUPI[imsi-999700000000024] DNN[internet] LBO[0] S_NSSAI[SST:1 SD:0xffffff] smContextRef[NULL] smContextResourceURI[NULL] (../src/amf/gmm-handler.c:1430)
09/30 14:59:39.073: [gmm] INFO: No V-SMF Instance (../src/amf/gmm-handler.c:1513)
09/30 14:59:39.074: [gmm] INFO: V-SMF not discovered in NON-ROAMING OR LBO (../src/amf/gmm-handler.c:1599)
09/30 14:59:39.075: [gmm] INFO: nnssf-nsselection[1:1:(nil):(nil)] (../src/amf/gmm-handler.c:1610)
09/30 14:59:39.076: [sbi] INFO: [813e5c9a-bcdf-41f1-b37d-f9fe5840358b] Setup NF Instance [type:NSSF] (../lib/sbi/path.c:349)
09/30 14:59:39.077: [amf] INFO: [imsi-999700000000011:1] Receive Update SM context(N1-RELEASED) (../src/amf/nsmf-handler.c:695)
09/30 14:59:39.078: [amf] INFO: [imsi-999700000000011:1:18][1:1:NULL] /nsmf-pdusession/v1/sm-contexts/{smContextRef}/modify (../src/amf/nsmf-handler.c:983)
09/30 14:59:39.081: [sbi] INFO: [81b56fa6-bcdf-41f1-a50a-016c6004e5cf] Setup NF Instance [type:SMF] (../lib/sbi/path.c:349)
09/30 14:59:39.099: [amf] INFO: [imsi-999700000000011:1][1:1:RELEASED] /namf-callback/v1/{supi}/sm-context-status/{psi} (../src/amf/namf-handler.c:595)
09/30 14:59:39.100: [amf] INFO: [imsi-999700000000011:1] Release SM Context [state:31] (../src/amf/nsmf-handler.c:1200)
09/30 14:59:39.100: [amf] INFO: [Removed] Number of AMF-Sessions is now 15 (../src/amf/context.c:2960)
09/30 14:59:39.103: [amf] INFO: Setup NF EndPoint(addr) [127.0.0.4:7777] (../src/amf/nsmf-handler.c:140)
09/30 14:59:39.130: [amf] INFO: [imsi-999700000000024:1:11][0:0:NULL] /nsmf-pdusession/v1/sm-contexts/{smContextRef}/modify (../src/amf/nsmf-handler.c:983)
09/30 14:59:39.330: [amf] INFO: [imsi-999700000000018:1] Receive Update SM context(N2-RELEASED) (../src/amf/nsmf-handler.c:683)
09/30 14:59:39.331: [amf] INFO: [imsi-999700000000018:1:17][0:1:NULL] /nsmf-pdusession/v1/sm-contexts/{smContextRef}/modify (../src/amf/nsmf-handler.c:983)
09/30 14:59:39.535: [amf] INFO: [Added] Number of AMF-Sessions is now 16 (../src/amf/context.c:2953)
09/30 14:59:39.536: [gmm] INFO: UE SUPI[imsi-999700000000021] DNN[internet] LBO[0] S_NSSAI[SST:1 SD:0xffffff] smContextRef[NULL] smContextResourceURI[NULL] (../src/amf/gmm-handler.c:1430)
09/30 14:59:39.536: [gmm] INFO: No V-SMF Instance (../src/amf/gmm-handler.c:1513)
09/30 14:59:39.537: [gmm] INFO: V-SMF not discovered in NON-ROAMING OR LBO (../src/amf/gmm-handler.c:1599)
09/30 14:59:39.538: [gmm] INFO: nnssf-nsselection[1:1:(nil):(nil)] (../src/amf/gmm-handler.c:1610)
09/30 14:59:39.538: [sbi] INFO: [813e5c9a-bcdf-41f1-b37d-f9fe5840358b] Setup NF Instance [type:NSSF] (../lib/sbi/path.c:349)
09/30 14:59:39.540: [amf] INFO: [imsi-999700000000018:1] Receive Update SM context(N1-RELEASED) (../src/amf/nsmf-handler.c:695)
09/30 14:59:39.541: [amf] INFO: [imsi-999700000000018:1:18][1:1:NULL] /nsmf-pdusession/v1/sm-contexts/{smContextRef}/modify (../src/amf/nsmf-handler.c:983)
09/30 14:59:39.541: [sbi] INFO: [81b56fa6-bcdf-41f1-a50a-016c6004e5cf] Setup NF Instance [type:SMF] (../lib/sbi/path.c:349)
09/30 14:59:39.554: [amf] INFO: [imsi-999700000000018:1][1:1:RELEASED] /namf-callback/v1/{supi}/sm-context-status/{psi} (../src/amf/namf-handler.c:595)
09/30 14:59:39.555: [amf] INFO: [imsi-999700000000018:1] Release SM Context [state:31] (../src/amf/nsmf-handler.c:1200)
09/30 14:59:39.556: [amf] INFO: [Removed] Number of AMF-Sessions is now 15 (../src/amf/context.c:2960)
09/30 14:59:39.559: [amf] INFO: Setup NF EndPoint(addr) [127.0.0.4:7777] (../src/amf/nsmf-handler.c:140)
09/30 14:59:39.580: [amf] INFO: [imsi-999700000000021:1:11][0:0:NULL] /nsmf-pdusession/v1/sm-contexts/{smContextRef}/modify (../src/amf/nsmf-handler.c:983)
09/30 14:59:39.786: [amf] INFO: [imsi-999700000000002:1] Receive Update SM context(N2-RELEASED) (../src/amf/nsmf-handler.c:683)
09/30 14:59:39.787: [amf] INFO: [imsi-999700000000002:1:17][0:1:NULL] /nsmf-pdusession/v1/sm-contexts/{smContextRef}/modify (../src/amf/nsmf-handler.c:983)
09/30 14:59:39.988: [amf] INFO: [Added] Number of AMF-Sessions is now 16 (../src/amf/context.c:2953)
09/30 14:59:39.989: [gmm] INFO: UE SUPI[imsi-999700000000011] DNN[internet] LBO[0] S_NSSAI[SST:1 SD:0xffffff] smContextRef[NULL] smContextResourceURI[NULL] (../src/amf/gmm-handler.c:1430)
09/30 14:59:39.990: [gmm] INFO: No V-SMF Instance (../src/amf/gmm-handler.c:1513)
09/30 14:59:39.991: [gmm] INFO: V-SMF not discovered in NON-ROAMING OR LBO (../src/amf/gmm-handler.c:1599)
09/30 14:59:39.992: [gmm] INFO: nnssf-nsselection[1:1:(nil):(nil)] (../src/amf/gmm-handler.c:1610)
09/30 14:59:39.993: [sbi] INFO: [813e5c9a-bcdf-41f1-b37d-f9fe5840358b] Setup NF Instance [type:NSSF] (../lib/sbi/path.c:349)
09/30 14:59:39.995: [amf] INFO: [imsi-999700000000002:1] Receive Update SM context(N1-RELEASED) (../src/amf/nsmf-handler.c:695)
09/30 14:59:39.996: [amf] INFO: [imsi-999700000000002:1:18][1:1:NULL] /nsmf-pdusession/v1/sm-contexts/{smContextRef}/modify (../src/amf/nsmf-handler.c:983)
09/30 14:59:39.998: [sbi] INFO: [81b56fa6-bcdf-41f1-a50a-016c6004e5cf] Setup NF Instance [type:SMF] (../lib/sbi/path.c:349)
09/30 14:59:40.020: [amf] INFO: [imsi-999700000000002:1][1:1:RELEASED] /namf-callback/v1/{supi}/sm-context-status/{psi} (../src/amf/namf-handler.c:595)
09/30 14:59:40.022: [amf] INFO: [imsi-999700000000002:1] Release SM Context [state:31] (../src/amf/nsmf-handler.c:1200)
09/30 14:59:40.022: [amf] INFO: [Removed] Number of AMF-Sessions is now 15 (../src/amf/context.c:2960)
09/30 14:59:40.027: [amf] INFO: Setup NF EndPoint(addr) [127.0.0.4:7777] (../src/amf/nsmf-handler.c:140)
09/30 14:59:40.058: [amf] INFO: [imsi-999700000000011:1:11][0:0:NULL] /nsmf-pdusession/v1/sm-contexts/{smContextRef}/modify (../src/amf/nsmf-handler.c:983)
09/30 14:59:40.256: [amf] INFO: [imsi-999700000000001:1] Receive Update SM context(N2-RELEASED) (../src/amf/nsmf-handler.c:683)
09/30 14:59:40.256: [amf] INFO: [imsi-999700000000001:1:17][0:1:NULL] /nsmf-pdusession/v1/sm-contexts/{smContextRef}/modify (../src/amf/nsmf-handler.c:983)
09/30 14:59:40.455: [amf] INFO: [Added] Number of AMF-Sessions is now 16 (../src/amf/context.c:2953)
09/30 14:59:40.456: [gmm] INFO: UE SUPI[imsi-999700000000010] DNN[internet] LBO[0] S_NSSAI[SST:1 SD:0xffffff] smContextRef[NULL] smContextResourceURI[NULL] (../src/amf/gmm-handler.c:1430)
09/30 14:59:40.457: [gmm] INFO: No V-SMF Instance (../src/amf/gmm-handler.c:1513)
09/30 14:59:40.457: [gmm] INFO: V-SMF not discovered in NON-ROAMING OR LBO (../src/amf/gmm-handler.c:1599)
09/30 14:59:40.458: [gmm] INFO: nnssf-nsselection[1:1:(nil):(nil)] (../src/amf/gmm-handler.c:1610)
09/30 14:59:40.459: [sbi] INFO: [813e5c9a-bcdf-41f1-b37d-f9fe5840358b] Setup NF Instance [type:NSSF] (../lib/sbi/path.c:349)
09/30 14:59:40.462: [amf] INFO: [imsi-999700000000001:1] Receive Update SM context(N1-RELEASED) (../src/amf/nsmf-handler.c:695)
09/30 14:59:40.462: [amf] INFO: [imsi-999700000000001:1:18][1:1:NULL] /nsmf-pdusession/v1/sm-contexts/{smContextRef}/modify (../src/amf/nsmf-handler.c:983)
09/30 14:59:40.463: [sbi] INFO: [81b56fa6-bcdf-41f1-a50a-016c6004e5cf] Setup NF Instance [type:SMF] (../lib/sbi/path.c:349)
09/30 14:59:40.472: [amf] INFO: [imsi-999700000000001:1][1:1:RELEASED] /namf-callback/v1/{supi}/sm-context-status/{psi} (../src/amf/namf-handler.c:595)
09/30 14:59:40.473: [amf] INFO: [imsi-999700000000001:1] Release SM Context [state:31] (../src/amf/nsmf-handler.c:1200)
09/30 14:59:40.473: [amf] INFO: [Removed] Number of AMF-Sessions is now 15 (../src/amf/context.c:2960)
09/30 14:59:40.479: [amf] INFO: Setup NF EndPoint(addr) [127.0.0.4:7777] (../src/amf/nsmf-handler.c:140)
09/30 14:59:40.502: [amf] INFO: [imsi-999700000000010:1:11][0:0:NULL] /nsmf-pdusession/v1/sm-contexts/{smContextRef}/modify (../src/amf/nsmf-handler.c:983)
09/30 14:59:40.708: [amf] INFO: [imsi-999700000000013:1] Receive Update SM context(N1-RELEASED) (../src/amf/nsmf-handler.c:695)
09/30 14:59:40.709: [amf] INFO: [imsi-999700000000013:1:18][1:0:NULL] /nsmf-pdusession/v1/sm-contexts/{smContextRef}/modify (../src/amf/nsmf-handler.c:983)
09/30 14:59:40.711: [amf] INFO: [imsi-999700000000013:1] Receive Update SM context(N2-RELEASED) (../src/amf/nsmf-handler.c:683)
09/30 14:59:40.712: [amf] INFO: [imsi-999700000000013:1:17][1:1:NULL] /nsmf-pdusession/v1/sm-contexts/{smContextRef}/modify (../src/amf/nsmf-handler.c:983)
09/30 14:59:40.721: [amf] INFO: [imsi-999700000000013:1][1:1:RELEASED] /namf-callback/v1/{supi}/sm-context-status/{psi} (../src/amf/namf-handler.c:595)
09/30 14:59:40.721: [amf] INFO: [imsi-999700000000013:1] Release SM Context [state:31] (../src/amf/nsmf-handler.c:1200)
09/30 14:59:40.722: [amf] INFO: [Removed] Number of AMF-Sessions is now 14 (../src/amf/context.c:2960)
09/30 14:59:40.907: [amf] INFO: [Added] Number of AMF-Sessions is now 15 (../src/amf/context.c:2953)
09/30 14:59:40.907: [gmm] INFO: UE SUPI[imsi-999700000000016] DNN[internet] LBO[0] S_NSSAI[SST:1 SD:0xffffff] smContextRef[NULL] smContextResourceURI[NULL] (../src/amf/gmm-handler.c:1430)
09/30 14:59:40.908: [gmm] INFO: No V-SMF Instance (../src/amf/gmm-handler.c:1513)
09/30 14:59:40.909: [gmm] INFO: V-SMF not discovered in NON-ROAMING OR LBO (../src/amf/gmm-handler.c:1599)
09/30 14:59:40.910: [gmm] INFO: nnssf-nsselection[1:1:(nil):(nil)] (../src/amf/gmm-handler.c:1610)
09/30 14:59:40.911: [sbi] INFO: [813e5c9a-bcdf-41f1-b37d-f9fe5840358b] Setup NF Instance [type:NSSF] (../lib/sbi/path.c:349)
09/30 14:59:40.914: [sbi] INFO: [81b56fa6-bcdf-41f1-a50a-016c6004e5cf] Setup NF Instance [type:SMF] (../lib/sbi/path.c:349)
09/30 14:59:40.931: [amf] INFO: Setup NF EndPoint(addr) [127.0.0.4:7777] (../src/amf/nsmf-handler.c:140)
09/30 14:59:40.958: [amf] INFO: [imsi-999700000000016:1:11][0:0:NULL] /nsmf-pdusession/v1/sm-contexts/{smContextRef}/modify (../src/amf/nsmf-handler.c:983)
09/30 14:59:41.151: [amf] INFO: [Added] Number of AMF-Sessions is now 16 (../src/amf/context.c:2953)
09/30 14:59:41.152: [gmm] INFO: UE SUPI[imsi-999700000000001] DNN[internet] LBO[0] S_NSSAI[SST:1 SD:0xffffff] smContextRef[NULL] smContextResourceURI[NULL] (../src/amf/gmm-handler.c:1430)
09/30 14:59:41.153: [gmm] INFO: No V-SMF Instance (../src/amf/gmm-handler.c:1513)
09/30 14:59:41.154: [gmm] INFO: V-SMF not discovered in NON-ROAMING OR LBO (../src/amf/gmm-handler.c:1599)
09/30 14:59:41.155: [gmm] INFO: nnssf-nsselection[1:1:(nil):(nil)] (../src/amf/gmm-handler.c:1610)
09/30 14:59:41.155: [sbi] INFO: [813e5c9a-bcdf-41f1-b37d-f9fe5840358b] Setup NF Instance [type:NSSF] (../lib/sbi/path.c:349)
09/30 14:59:41.156: [amf] INFO: [imsi-999700000000021:1] Receive Update SM context(N2-RELEASED) (../src/amf/nsmf-handler.c:683)
09/30 14:59:41.157: [amf] INFO: [imsi-999700000000021:1:17][0:1:NULL] /nsmf-pdusession/v1/sm-contexts/{smContextRef}/modify (../src/amf/nsmf-handler.c:983)
09/30 14:59:41.158: [amf] INFO: [imsi-999700000000021:1] Receive Update SM context(N1-RELEASED) (../src/amf/nsmf-handler.c:695)
09/30 14:59:41.158: [amf] INFO: [imsi-999700000000021:1:18][1:1:NULL] /nsmf-pdusession/v1/sm-contexts/{smContextRef}/modify (../src/amf/nsmf-handler.c:983)
09/30 14:59:41.160: [sbi] INFO: [81b56fa6-bcdf-41f1-a50a-016c6004e5cf] Setup NF Instance [type:SMF] (../lib/sbi/path.c:349)
09/30 14:59:41.173: [amf] INFO: [imsi-999700000000021:1][1:1:RELEASED] /namf-callback/v1/{supi}/sm-context-status/{psi} (../src/amf/namf-handler.c:595)
09/30 14:59:41.174: [amf] INFO: [imsi-999700000000021:1] Release SM Context [state:31] (../src/amf/nsmf-handler.c:1200)
09/30 14:59:41.175: [amf] INFO: [Removed] Number of AMF-Sessions is now 15 (../src/amf/context.c:2960)
09/30 14:59:41.176: [amf] INFO: Setup NF EndPoint(addr) [127.0.0.4:7777] (../src/amf/nsmf-handler.c:140)
09/30 14:59:41.199: [amf] INFO: [imsi-999700000000001:1:11][0:0:NULL] /nsmf-pdusession/v1/sm-contexts/{smContextRef}/modify (../src/amf/nsmf-handler.c:983)
09/30 14:59:41.398: [amf] INFO: [imsi-999700000000009:1] Receive Update SM context(N2-RELEASED) (../src/amf/nsmf-handler.c:683)
09/30 14:59:41.399: [amf] INFO: [imsi-999700000000009:1:17][0:1:NULL] /nsmf-pdusession/v1/sm-contexts/{smContextRef}/modify (../src/amf/nsmf-handler.c:983)
09/30 14:59:41.595: [amf] INFO: [Added] Number of AMF-Sessions is now 16 (../src/amf/context.c:2953)
09/30 14:59:41.596: [gmm] INFO: UE SUPI[imsi-999700000000023] DNN[internet] LBO[0] S_NSSAI[SST:1 SD:0xffffff] smContextRef[NULL] smContextResourceURI[NULL] (../src/amf/gmm-handler.c:1430)
09/30 14:59:41.597: [gmm] INFO: No V-SMF Instance (../src/amf/gmm-handler.c:1513)
09/30 14:59:41.598: [gmm] INFO: V-SMF not discovered in NON-ROAMING OR LBO (../src/amf/gmm-handler.c:1599)
09/30 14:59:41.600: [gmm] INFO: nnssf-nsselection[1:1:(nil):(nil)] (../src/amf/gmm-handler.c:1610)
09/30 14:59:41.600: [sbi] INFO: [813e5c9a-bcdf-41f1-b37d-f9fe5840358b] Setup NF Instance [type:NSSF] (../lib/sbi/path.c:349)
09/30 14:59:41.603: [amf] INFO: [imsi-999700000000009:1] Receive Update SM context(N1-RELEASED) (../src/amf/nsmf-handler.c:695)
09/30 14:59:41.604: [amf] INFO: [imsi-999700000000009:1:18][1:1:NULL] /nsmf-pdusession/v1/sm-contexts/{smContextRef}/modify (../src/amf/nsmf-handler.c:983)
09/30 14:59:41.605: [sbi] INFO: [81b56fa6-bcdf-41f1-a50a-016c6004e5cf] Setup NF Instance [type:SMF] (../lib/sbi/path.c:349)
09/30 14:59:41.621: [amf] INFO: [imsi-999700000000009:1][1:1:RELEASED] /namf-callback/v1/{supi}/sm-context-status/{psi} (../src/amf/namf-handler.c:595)
09/30 14:59:41.622: [amf] INFO: [imsi-999700000000009:1] Release SM Context [state:31] (../src/amf/nsmf-handler.c:1200)
09/30 14:59:41.623: [amf] INFO: [Removed] Number of AMF-Sessions is now 15 (../src/amf/context.c:2960)
09/30 14:59:41.624: [amf] INFO: Setup NF EndPoint(addr) [127.0.0.4:7777] (../src/amf/nsmf-handler.c:140)
09/30 14:59:41.652: [amf] INFO: [imsi-999700000000023:1:11][0:0:NULL] /nsmf-pdusession/v1/sm-contexts/{smContextRef}/modify (../src/amf/nsmf-handler.c:983)
09/30 14:59:41.852: [amf] INFO: [imsi-999700000000024:1] Receive Update SM context(N2-RELEASED) (../src/amf/nsmf-handler.c:683)
09/30 14:59:41.853: [amf] INFO: [imsi-999700000000024:1:17][0:1:NULL] /nsmf-pdusession/v1/sm-contexts/{smContextRef}/modify (../src/amf/nsmf-handler.c:983)
09/30 14:59:42.051: [amf] INFO: [Added] Number of AMF-Sessions is now 16 (../src/amf/context.c:2953)
09/30 14:59:42.052: [gmm] INFO: UE SUPI[imsi-999700000000020] DNN[internet] LBO[0] S_NSSAI[SST:1 SD:0xffffff] smContextRef[NULL] smContextResourceURI[NULL] (../src/amf/gmm-handler.c:1430)
09/30 14:59:42.053: [gmm] INFO: No V-SMF Instance (../src/amf/gmm-handler.c:1513)
09/30 14:59:42.053: [gmm] INFO: V-SMF not discovered in NON-ROAMING OR LBO (../src/amf/gmm-handler.c:1599)
09/30 14:59:42.054: [gmm] INFO: nnssf-nsselection[1:1:(nil):(nil)] (../src/amf/gmm-handler.c:1610)
09/30 14:59:42.055: [sbi] INFO: [813e5c9a-bcdf-41f1-b37d-f9fe5840358b] Setup NF Instance [type:NSSF] (../lib/sbi/path.c:349)
09/30 14:59:42.057: [amf] INFO: [imsi-999700000000024:1] Receive Update SM context(N1-RELEASED) (../src/amf/nsmf-handler.c:695)
09/30 14:59:42.057: [amf] INFO: [imsi-999700000000024:1:18][1:1:NULL] /nsmf-pdusession/v1/sm-contexts/{smContextRef}/modify (../src/amf/nsmf-handler.c:983)
09/30 14:59:42.058: [sbi] INFO: [81b56fa6-bcdf-41f1-a50a-016c6004e5cf] Setup NF Instance [type:SMF] (../lib/sbi/path.c:349)
09/30 14:59:42.068: [amf] INFO: [imsi-999700000000024:1][1:1:RELEASED] /namf-callback/v1/{supi}/sm-context-status/{psi} (../src/amf/namf-handler.c:595)
09/30 14:59:42.068: [amf] INFO: [imsi-999700000000024:1] Release SM Context [state:31] (../src/amf/nsmf-handler.c:1200)
09/30 14:59:42.069: [amf] INFO: [Removed] Number of AMF-Sessions is now 15 (../src/amf/context.c:2960)
09/30 14:59:42.073: [amf] INFO: Setup NF EndPoint(addr) [127.0.0.4:7777] (../src/amf/nsmf-handler.c:140)
09/30 14:59:42.093: [amf] INFO: [imsi-999700000000020:1:11][0:0:NULL] /nsmf-pdusession/v1/sm-contexts/{smContextRef}/modify (../src/amf/nsmf-handler.c:983)
09/30 14:59:42.292: [amf] INFO: [imsi-999700000000020:1] Receive Update SM context(N2-RELEASED) (../src/amf/nsmf-handler.c:683)
09/30 14:59:42.293: [amf] INFO: [imsi-999700000000020:1:17][0:1:NULL] /nsmf-pdusession/v1/sm-contexts/{smContextRef}/modify (../src/amf/nsmf-handler.c:983)
09/30 14:59:42.494: [amf] INFO: [Added] Number of AMF-Sessions is now 16 (../src/amf/context.c:2953)
09/30 14:59:42.494: [gmm] INFO: UE SUPI[imsi-999700000000013] DNN[internet] LBO[0] S_NSSAI[SST:1 SD:0xffffff] smContextRef[NULL] smContextResourceURI[NULL] (../src/amf/gmm-handler.c:1430)
09/30 14:59:42.495: [gmm] INFO: No V-SMF Instance (../src/amf/gmm-handler.c:1513)
09/30 14:59:42.496: [gmm] INFO: V-SMF not discovered in NON-ROAMING OR LBO (../src/amf/gmm-handler.c:1599)
09/30 14:59:42.496: [gmm] INFO: nnssf-nsselection[1:1:(nil):(nil)] (../src/amf/gmm-handler.c:1610)
09/30 14:59:42.497: [sbi] INFO: [813e5c9a-bcdf-41f1-b37d-f9fe5840358b] Setup NF Instance [type:NSSF] (../lib/sbi/path.c:349)
09/30 14:59:42.497: [amf] INFO: [imsi-999700000000020:1] Receive Update SM context(N1-RELEASED) (../src/amf/nsmf-handler.c:695)
09/30 14:59:42.498: [amf] INFO: [imsi-999700000000020:1:18][1:1:NULL] /nsmf-pdusession/v1/sm-contexts/{smContextRef}/modify (../src/amf/nsmf-handler.c:983)
09/30 14:59:42.501: [sbi] INFO: [81b56fa6-bcdf-41f1-a50a-016c6004e5cf] Setup NF Instance [type:SMF] (../lib/sbi/path.c:349)
09/30 14:59:42.525: [amf] INFO: [imsi-999700000000020:1][1:1:RELEASED] /namf-callback/v1/{supi}/sm-context-status/{psi} (../src/amf/namf-handler.c:595)
09/30 14:59:42.525: [amf] INFO: [imsi-999700000000020:1] Release SM Context [state:31] (../src/amf/nsmf-handler.c:1200)
09/30 14:59:42.526: [amf] INFO: [Removed] Number of AMF-Sessions is now 15 (../src/amf/context.c:2960)
09/30 14:59:42.531: [amf] INFO: Setup NF EndPoint(addr) [127.0.0.4:7777] (../src/amf/nsmf-handler.c:140)
09/30 14:59:42.562: [amf] INFO: [imsi-999700000000013:1:11][0:0:NULL] /nsmf-pdusession/v1/sm-contexts/{smContextRef}/modify (../src/amf/nsmf-handler.c:983)
09/30 14:59:42.763: [amf] INFO: [imsi-999700000000004:1] Receive Update SM context(N2-RELEASED) (../src/amf/nsmf-handler.c:683)
09/30 14:59:42.764: [amf] INFO: [imsi-999700000000004:1:17][0:1:NULL] /nsmf-pdusession/v1/sm-contexts/{smContextRef}/modify (../src/amf/nsmf-handler.c:983)
09/30 14:59:42.965: [amf] INFO: [Added] Number of AMF-Sessions is now 16 (../src/amf/context.c:2953)
09/30 14:59:42.966: [gmm] INFO: UE SUPI[imsi-999700000000019] DNN[internet] LBO[0] S_NSSAI[SST:1 SD:0xffffff] smContextRef[NULL] smContextResourceURI[NULL] (../src/amf/gmm-handler.c:1430)
09/30 14:59:42.967: [gmm] INFO: No V-SMF Instance (../src/amf/gmm-handler.c:1513)
09/30 14:59:42.967: [gmm] INFO: V-SMF not discovered in NON-ROAMING OR LBO (../src/amf/gmm-handler.c:1599)
09/30 14:59:42.968: [gmm] INFO: nnssf-nsselection[1:1:(nil):(nil)] (../src/amf/gmm-handler.c:1610)
09/30 14:59:42.968: [sbi] INFO: [813e5c9a-bcdf-41f1-b37d-f9fe5840358b] Setup NF Instance [type:NSSF] (../lib/sbi/path.c:349)
09/30 14:59:42.969: [amf] INFO: [imsi-999700000000004:1] Receive Update SM context(N1-RELEASED) (../src/amf/nsmf-handler.c:695)
09/30 14:59:42.969: [amf] INFO: [imsi-999700000000004:1:18][1:1:NULL] /nsmf-pdusession/v1/sm-contexts/{smContextRef}/modify (../src/amf/nsmf-handler.c:983)
09/30 14:59:42.972: [sbi] INFO: [81b56fa6-bcdf-41f1-a50a-016c6004e5cf] Setup NF Instance [type:SMF] (../lib/sbi/path.c:349)
09/30 14:59:42.988: [amf] INFO: [imsi-999700000000004:1][1:1:RELEASED] /namf-callback/v1/{supi}/sm-context-status/{psi} (../src/amf/namf-handler.c:595)
09/30 14:59:42.989: [amf] INFO: [imsi-999700000000004:1] Release SM Context [state:31] (../src/amf/nsmf-handler.c:1200)
09/30 14:59:42.990: [amf] INFO: [Removed] Number of AMF-Sessions is now 15 (../src/amf/context.c:2960)
09/30 14:59:42.992: [amf] INFO: Setup NF EndPoint(addr) [127.0.0.4:7777] (../src/amf/nsmf-handler.c:140)
09/30 14:59:43.013: [amf] INFO: [imsi-999700000000019:1:11][0:0:NULL] /nsmf-pdusession/v1/sm-contexts/{smContextRef}/modify (../src/amf/nsmf-handler.c:983)
09/30 14:59:43.216: [amf] INFO: [imsi-999700000000005:1] Receive Update SM context(N2-RELEASED) (../src/amf/nsmf-handler.c:683)
09/30 14:59:43.216: [amf] INFO: [imsi-999700000000005:1:17][0:1:NULL] /nsmf-pdusession/v1/sm-contexts/{smContextRef}/modify (../src/amf/nsmf-handler.c:983)
09/30 14:59:43.417: [amf] INFO: [Added] Number of AMF-Sessions is now 16 (../src/amf/context.c:2953)
09/30 14:59:43.418: [gmm] INFO: UE SUPI[imsi-999700000000004] DNN[internet] LBO[0] S_NSSAI[SST:1 SD:0xffffff] smContextRef[NULL] smContextResourceURI[NULL] (../src/amf/gmm-handler.c:1430)
09/30 14:59:43.419: [gmm] INFO: No V-SMF Instance (../src/amf/gmm-handler.c:1513)
09/30 14:59:43.420: [gmm] INFO: V-SMF not discovered in NON-ROAMING OR LBO (../src/amf/gmm-handler.c:1599)
09/30 14:59:43.420: [gmm] INFO: nnssf-nsselection[1:1:(nil):(nil)] (../src/amf/gmm-handler.c:1610)
09/30 14:59:43.421: [sbi] INFO: [813e5c9a-bcdf-41f1-b37d-f9fe5840358b] Setup NF Instance [type:NSSF] (../lib/sbi/path.c:349)
09/30 14:59:43.422: [amf] INFO: [imsi-999700000000005:1] Receive Update SM context(N1-RELEASED) (../src/amf/nsmf-handler.c:695)
09/30 14:59:43.423: [amf] INFO: [imsi-999700000000005:1:18][1:1:NULL] /nsmf-pdusession/v1/sm-contexts/{smContextRef}/modify (../src/amf/nsmf-handler.c:983)
09/30 14:59:43.425: [sbi] INFO: [81b56fa6-bcdf-41f1-a50a-016c6004e5cf] Setup NF Instance [type:SMF] (../lib/sbi/path.c:349)
09/30 14:59:43.440: [amf] INFO: [imsi-999700000000005:1][1:1:RELEASED] /namf-callback/v1/{supi}/sm-context-status/{psi} (../src/amf/namf-handler.c:595)
09/30 14:59:43.441: [amf] INFO: [imsi-999700000000005:1] Release SM Context [state:31] (../src/amf/nsmf-handler.c:1200)
09/30 14:59:43.442: [amf] INFO: [Removed] Number of AMF-Sessions is now 15 (../src/amf/context.c:2960)
09/30 14:59:43.445: [amf] INFO: Setup NF EndPoint(addr) [127.0.0.4:7777] (../src/amf/nsmf-handler.c:140)
09/30 14:59:43.467: [amf] INFO: [imsi-999700000000004:1:11][0:0:NULL] /nsmf-pdusession/v1/sm-contexts/{smContextRef}/modify (../src/amf/nsmf-handler.c:983)
09/30 14:59:43.668: [amf] INFO: [imsi-999700000000007:1] Receive Update SM context(N2-RELEASED) (../src/amf/nsmf-handler.c:683)
09/30 14:59:43.669: [amf] INFO: [imsi-999700000000007:1:17][0:1:NULL] /nsmf-pdusession/v1/sm-contexts/{smContextRef}/modify (../src/amf/nsmf-handler.c:983)
09/30 14:59:43.870: [amf] INFO: [Added] Number of AMF-Sessions is now 16 (../src/amf/context.c:2953)
09/30 14:59:43.871: [gmm] INFO: UE SUPI[imsi-999700000000024] DNN[internet] LBO[0] S_NSSAI[SST:1 SD:0xffffff] smContextRef[NULL] smContextResourceURI[NULL] (../src/amf/gmm-handler.c:1430)
09/30 14:59:43.872: [gmm] INFO: No V-SMF Instance (../src/amf/gmm-handler.c:1513)
09/30 14:59:43.872: [gmm] INFO: V-SMF not discovered in NON-ROAMING OR LBO (../src/amf/gmm-handler.c:1599)
09/30 14:59:43.873: [gmm] INFO: nnssf-nsselection[1:1:(nil):(nil)] (../src/amf/gmm-handler.c:1610)
09/30 14:59:43.874: [sbi] INFO: [813e5c9a-bcdf-41f1-b37d-f9fe5840358b] Setup NF Instance [type:NSSF] (../lib/sbi/path.c:349)
09/30 14:59:43.874: [amf] INFO: [imsi-999700000000007:1] Receive Update SM context(N1-RELEASED) (../src/amf/nsmf-handler.c:695)
09/30 14:59:43.875: [amf] INFO: [imsi-999700000000007:1:18][1:1:NULL] /nsmf-pdusession/v1/sm-contexts/{smContextRef}/modify (../src/amf/nsmf-handler.c:983)
09/30 14:59:43.878: [sbi] INFO: [81b56fa6-bcdf-41f1-a50a-016c6004e5cf] Setup NF Instance [type:SMF] (../lib/sbi/path.c:349)
09/30 14:59:43.896: [amf] INFO: [imsi-999700000000007:1][1:1:RELEASED] /namf-callback/v1/{supi}/sm-context-status/{psi} (../src/amf/namf-handler.c:595)
09/30 14:59:43.897: [amf] INFO: [imsi-999700000000007:1] Release SM Context [state:31] (../src/amf/nsmf-handler.c:1200)
09/30 14:59:43.898: [amf] INFO: [Removed] Number of AMF-Sessions is now 15 (../src/amf/context.c:2960)
09/30 14:59:43.900: [amf] INFO: Setup NF EndPoint(addr) [127.0.0.4:7777] (../src/amf/nsmf-handler.c:140)
09/30 14:59:43.929: [amf] INFO: [imsi-999700000000024:1:11][0:0:NULL] /nsmf-pdusession/v1/sm-contexts/{smContextRef}/modify (../src/amf/nsmf-handler.c:983)
09/30 14:59:44.125: [amf] INFO: [Added] Number of AMF-Sessions is now 16 (../src/amf/context.c:2953)
09/30 14:59:44.126: [gmm] INFO: UE SUPI[imsi-999700000000002] DNN[internet] LBO[0] S_NSSAI[SST:1 SD:0xffffff] smContextRef[NULL] smContextResourceURI[NULL] (../src/amf/gmm-handler.c:1430)
09/30 14:59:44.127: [gmm] INFO: No V-SMF Instance (../src/amf/gmm-handler.c:1513)
09/30 14:59:44.128: [gmm] INFO: V-SMF not discovered in NON-ROAMING OR LBO (../src/amf/gmm-handler.c:1599)
09/30 14:59:44.129: [gmm] INFO: nnssf-nsselection[1:1:(nil):(nil)] (../src/amf/gmm-handler.c:1610)
09/30 14:59:44.130: [sbi] INFO: [813e5c9a-bcdf-41f1-b37d-f9fe5840358b] Setup NF Instance [type:NSSF] (../lib/sbi/path.c:349)
09/30 14:59:44.131: [amf] INFO: [imsi-999700000000023:1] Receive Update SM context(N2-RELEASED) (../src/amf/nsmf-handler.c:683)
09/30 14:59:44.132: [amf] INFO: [imsi-999700000000023:1:17][0:1:NULL] /nsmf-pdusession/v1/sm-contexts/{smContextRef}/modify (../src/amf/nsmf-handler.c:983)
09/30 14:59:44.132: [amf] INFO: [imsi-999700000000023:1] Receive Update SM context(N1-RELEASED) (../src/amf/nsmf-handler.c:695)
09/30 14:59:44.133: [amf] INFO: [imsi-999700000000023:1:18][1:1:NULL] /nsmf-pdusession/v1/sm-contexts/{smContextRef}/modify (../src/amf/nsmf-handler.c:983)
09/30 14:59:44.135: [sbi] INFO: [81b56fa6-bcdf-41f1-a50a-016c6004e5cf] Setup NF Instance [type:SMF] (../lib/sbi/path.c:349)
09/30 14:59:44.147: [amf] INFO: [imsi-999700000000023:1][1:1:RELEASED] /namf-callback/v1/{supi}/sm-context-status/{psi} (../src/amf/namf-handler.c:595)
09/30 14:59:44.147: [amf] INFO: [imsi-999700000000023:1] Release SM Context [state:31] (../src/amf/nsmf-handler.c:1200)
09/30 14:59:44.148: [amf] INFO: [Removed] Number of AMF-Sessions is now 15 (../src/amf/context.c:2960)
09/30 14:59:44.148: [amf] INFO: Setup NF EndPoint(addr) [127.0.0.4:7777] (../src/amf/nsmf-handler.c:140)
09/30 14:59:44.172: [amf] INFO: [imsi-999700000000002:1:11][0:0:NULL] /nsmf-pdusession/v1/sm-contexts/{smContextRef}/modify (../src/amf/nsmf-handler.c:983)
09/30 14:59:44.372: [amf] INFO: [imsi-999700000000011:1] Receive Update SM context(N2-RELEASED) (../src/amf/nsmf-handler.c:683)
09/30 14:59:44.372: [amf] INFO: [imsi-999700000000011:1:17][0:1:NULL] /nsmf-pdusession/v1/sm-contexts/{smContextRef}/modify (../src/amf/nsmf-handler.c:983)
09/30 14:59:44.570: [amf] INFO: [Added] Number of AMF-Sessions is now 16 (../src/amf/context.c:2953)
09/30 14:59:44.570: [gmm] INFO: UE SUPI[imsi-999700000000022] DNN[internet] LBO[0] S_NSSAI[SST:1 SD:0xffffff] smContextRef[NULL] smContextResourceURI[NULL] (../src/amf/gmm-handler.c:1430)
09/30 14:59:44.571: [gmm] INFO: No V-SMF Instance (../src/amf/gmm-handler.c:1513)
09/30 14:59:44.572: [gmm] INFO: V-SMF not discovered in NON-ROAMING OR LBO (../src/amf/gmm-handler.c:1599)
09/30 14:59:44.573: [gmm] INFO: nnssf-nsselection[1:1:(nil):(nil)] (../src/amf/gmm-handler.c:1610)
09/30 14:59:44.574: [sbi] INFO: [813e5c9a-bcdf-41f1-b37d-f9fe5840358b] Setup NF Instance [type:NSSF] (../lib/sbi/path.c:349)
09/30 14:59:44.575: [amf] INFO: [imsi-999700000000011:1] Receive Update SM context(N1-RELEASED) (../src/amf/nsmf-handler.c:695)
09/30 14:59:44.576: [amf] INFO: [imsi-999700000000011:1:18][1:1:NULL] /nsmf-pdusession/v1/sm-contexts/{smContextRef}/modify (../src/amf/nsmf-handler.c:983)
09/30 14:59:44.577: [sbi] INFO: [81b56fa6-bcdf-41f1-a50a-016c6004e5cf] Setup NF Instance [type:SMF] (../lib/sbi/path.c:349)
09/30 14:59:44.589: [amf] INFO: [imsi-999700000000011:1][1:1:RELEASED] /namf-callback/v1/{supi}/sm-context-status/{psi} (../src/amf/namf-handler.c:595)
09/30 14:59:44.589: [amf] INFO: [imsi-999700000000011:1] Release SM Context [state:31] (../src/amf/nsmf-handler.c:1200)
09/30 14:59:44.590: [amf] INFO: [Removed] Number of AMF-Sessions is now 15 (../src/amf/context.c:2960)
09/30 14:59:44.592: [amf] INFO: Setup NF EndPoint(addr) [127.0.0.4:7777] (../src/amf/nsmf-handler.c:140)
09/30 14:59:44.612: [amf] INFO: [imsi-999700000000022:1:11][0:0:NULL] /nsmf-pdusession/v1/sm-contexts/{smContextRef}/modify (../src/amf/nsmf-handler.c:983)
09/30 14:59:44.816: [amf] INFO: [imsi-999700000000001:1] Receive Update SM context(N2-RELEASED) (../src/amf/nsmf-handler.c:683)
09/30 14:59:44.817: [amf] INFO: [imsi-999700000000001:1:17][0:1:NULL] /nsmf-pdusession/v1/sm-contexts/{smContextRef}/modify (../src/amf/nsmf-handler.c:983)
09/30 14:59:45.022: [amf] INFO: [Added] Number of AMF-Sessions is now 16 (../src/amf/context.c:2953)
09/30 14:59:45.023: [gmm] INFO: UE SUPI[imsi-999700000000009] DNN[internet] LBO[0] S_NSSAI[SST:1 SD:0xffffff] smContextRef[NULL] smContextResourceURI[NULL] (../src/amf/gmm-handler.c:1430)
09/30 14:59:45.024: [gmm] INFO: No V-SMF Instance (../src/amf/gmm-handler.c:1513)
09/30 14:59:45.025: [gmm] INFO: V-SMF not discovered in NON-ROAMING OR LBO (../src/amf/gmm-handler.c:1599)
09/30 14:59:45.026: [gmm] INFO: nnssf-nsselection[1:1:(nil):(nil)] (../src/amf/gmm-handler.c:1610)
09/30 14:59:45.026: [sbi] INFO: [813e5c9a-bcdf-41f1-b37d-f9fe5840358b] Setup NF Instance [type:NSSF] (../lib/sbi/path.c:349)
09/30 14:59:45.028: [amf] INFO: [imsi-999700000000001:1] Receive Update SM context(N1-RELEASED) (../src/amf/nsmf-handler.c:695)
09/30 14:59:45.029: [amf] INFO: [imsi-999700000000001:1:18][1:1:NULL] /nsmf-pdusession/v1/sm-contexts/{smContextRef}/modify (../src/amf/nsmf-handler.c:983)
09/30 14:59:45.030: [sbi] INFO: [81b56fa6-bcdf-41f1-a50a-016c6004e5cf] Setup NF Instance [type:SMF] (../lib/sbi/path.c:349)
09/30 14:59:45.046: [amf] INFO: [imsi-999700000000001:1][1:1:RELEASED] /namf-callback/v1/{supi}/sm-context-status/{psi} (../src/amf/namf-handler.c:595)
09/30 14:59:45.047: [amf] INFO: [imsi-999700000000001:1] Release SM Context [state:31] (../src/amf/nsmf-handler.c:1200)
09/30 14:59:45.048: [amf] INFO: [Removed] Number of AMF-Sessions is now 15 (../src/amf/context.c:2960)
09/30 14:59:45.050: [amf] INFO: Setup NF EndPoint(addr) [127.0.0.4:7777] (../src/amf/nsmf-handler.c:140)
09/30 14:59:45.080: [amf] INFO: [imsi-999700000000009:1:11][0:0:NULL] /nsmf-pdusession/v1/sm-contexts/{smContextRef}/modify (../src/amf/nsmf-handler.c:983)
09/30 14:59:45.278: [amf] INFO: [imsi-999700000000002:1] Receive Update SM context(N2-RELEASED) (../src/amf/nsmf-handler.c:683)
09/30 14:59:45.278: [amf] INFO: [imsi-999700000000002:1:17][0:1:NULL] /nsmf-pdusession/v1/sm-contexts/{smContextRef}/modify (../src/amf/nsmf-handler.c:983)
09/30 14:59:45.478: [amf] INFO: [Added] Number of AMF-Sessions is now 16 (../src/amf/context.c:2953)
09/30 14:59:45.479: [gmm] INFO: UE SUPI[imsi-999700000000011] DNN[internet] LBO[0] S_NSSAI[SST:1 SD:0xffffff] smContextRef[NULL] smContextResourceURI[NULL] (../src/amf/gmm-handler.c:1430)
09/30 14:59:45.480: [gmm] INFO: No V-SMF Instance (../src/amf/gmm-handler.c:1513)
09/30 14:59:45.481: [gmm] INFO: V-SMF not discovered in NON-ROAMING OR LBO (../src/amf/gmm-handler.c:1599)
09/30 14:59:45.481: [gmm] INFO: nnssf-nsselection[1:1:(nil):(nil)] (../src/amf/gmm-handler.c:1610)
09/30 14:59:45.482: [sbi] INFO: [813e5c9a-bcdf-41f1-b37d-f9fe5840358b] Setup NF Instance [type:NSSF] (../lib/sbi/path.c:349)
09/30 14:59:45.483: [amf] INFO: [imsi-999700000000002:1] Receive Update SM context(N1-RELEASED) (../src/amf/nsmf-handler.c:695)
09/30 14:59:45.484: [amf] INFO: [imsi-999700000000002:1:18][1:1:NULL] /nsmf-pdusession/v1/sm-contexts/{smContextRef}/modify (../src/amf/nsmf-handler.c:983)
09/30 14:59:45.486: [sbi] INFO: [81b56fa6-bcdf-41f1-a50a-016c6004e5cf] Setup NF Instance [type:SMF] (../lib/sbi/path.c:349)
09/30 14:59:45.501: [amf] INFO: [imsi-999700000000002:1][1:1:RELEASED] /namf-callback/v1/{supi}/sm-context-status/{psi} (../src/amf/namf-handler.c:595)
09/30 14:59:45.501: [amf] INFO: [imsi-999700000000002:1] Release SM Context [state:31] (../src/amf/nsmf-handler.c:1200)
09/30 14:59:45.502: [amf] INFO: [Removed] Number of AMF-Sessions is now 15 (../src/amf/context.c:2960)
09/30 14:59:45.505: [amf] INFO: Setup NF EndPoint(addr) [127.0.0.4:7777] (../src/amf/nsmf-handler.c:140)
09/30 14:59:45.523: [amf] INFO: [imsi-999700000000011:1:11][0:0:NULL] /nsmf-pdusession/v1/sm-contexts/{smContextRef}/modify (../src/amf/nsmf-handler.c:983)
09/30 14:59:45.727: [amf] INFO: [imsi-999700000000016:1] Receive Update SM context(N2-RELEASED) (../src/amf/nsmf-handler.c:683)
09/30 14:59:45.728: [amf] INFO: [imsi-999700000000016:1:17][0:1:NULL] /nsmf-pdusession/v1/sm-contexts/{smContextRef}/modify (../src/amf/nsmf-handler.c:983)
09/30 14:59:45.925: [amf] INFO: [Added] Number of AMF-Sessions is now 16 (../src/amf/context.c:2953)
09/30 14:59:45.926: [gmm] INFO: UE SUPI[imsi-999700000000002] DNN[internet] LBO[0] S_NSSAI[SST:1 SD:0xffffff] smContextRef[NULL] smContextResourceURI[NULL] (../src/amf/gmm-handler.c:1430)
09/30 14:59:45.927: [gmm] INFO: No V-SMF Instance (../src/amf/gmm-handler.c:1513)
09/30 14:59:45.928: [gmm] INFO: V-SMF not discovered in NON-ROAMING OR LBO (../src/amf/gmm-handler.c:1599)
09/30 14:59:45.929: [gmm] INFO: nnssf-nsselection[1:1:(nil):(nil)] (../src/amf/gmm-handler.c:1610)
09/30 14:59:45.930: [sbi] INFO: [813e5c9a-bcdf-41f1-b37d-f9fe5840358b] Setup NF Instance [type:NSSF] (../lib/sbi/path.c:349)
09/30 14:59:45.931: [amf] INFO: [imsi-999700000000016:1] Receive Update SM context(N1-RELEASED) (../src/amf/nsmf-handler.c:695)
09/30 14:59:45.931: [amf] INFO: [imsi-999700000000016:1:18][1:1:NULL] /nsmf-pdusession/v1/sm-contexts/{smContextRef}/modify (../src/amf/nsmf-handler.c:983)
09/30 14:59:45.933: [sbi] INFO: [81b56fa6-bcdf-41f1-a50a-016c6004e5cf] Setup NF Instance [type:SMF] (../lib/sbi/path.c:349)
09/30 14:59:45.945: [amf] INFO: [imsi-999700000000016:1][1:1:RELEASED] /namf-callback/v1/{supi}/sm-context-status/{psi} (../src/amf/namf-handler.c:595)
09/30 14:59:45.946: [amf] INFO: [imsi-999700000000016:1] Release SM Context [state:31] (../src/amf/nsmf-handler.c:1200)
09/30 14:59:45.946: [amf] INFO: [Removed] Number of AMF-Sessions is now 15 (../src/amf/context.c:2960)
09/30 14:59:45.950: [amf] INFO: Setup NF EndPoint(addr) [127.0.0.4:7777] (../src/amf/nsmf-handler.c:140)
09/30 14:59:45.971: [amf] INFO: [imsi-999700000000002:1:11][0:0:NULL] /nsmf-pdusession/v1/sm-contexts/{smContextRef}/modify (../src/amf/nsmf-handler.c:983)
09/30 14:59:49.225: [app] INFO: SIGTERM received (../src/main.c:54)
09/30 14:59:49.227: [amf] INFO: gNB-N2[127.0.0.1] connection refused!!! (../src/amf/amf-sm.c:878)
09/30 14:59:49.228: [app] INFO: Open5GS daemon terminating... (../src/main.c:231)
09/30 14:59:49.229: [amf] INFO: [Removed] Number of gNB-UEs is now 23 (../src/amf/context.c:2939)
09/30 14:59:49.230: [sbi] INFO: [818b528e-bcdf-41f1-a055-e37ccc4d9dde] NF de-registered (../lib/sbi/nf-sm.c:406)
09/30 14:59:49.231: [amf] INFO: [Removed] Number of gNB-UEs is now 22 (../src/amf/context.c:2939)
09/30 14:59:49.233: [amf] INFO: [Removed] Number of gNB-UEs is now 21 (../src/amf/context.c:2939)
09/30 14:59:49.235: [amf] INFO: [Removed] Number of gNB-UEs is now 20 (../src/amf/context.c:2939)
09/30 14:59:49.236: [amf] INFO: [Removed] Number of gNB-UEs is now 19 (../src/amf/context.c:2939)
09/30 14:59:49.237: [amf] INFO: [Removed] Number of gNB-UEs is now 18 (../src/amf/context.c:2939)
09/30 14:59:49.238: [amf] INFO: [Removed] Number of gNB-UEs is now 17 (../src/amf/context.c:2939)
09/30 14:59:49.239: [amf] INFO: [Removed] Number of gNB-UEs is now 16 (../src/amf/context.c:2939)
09/30 14:59:49.240: [amf] INFO: [Removed] Number of gNB-UEs is now 15 (../src/amf/context.c:2939)
09/30 14:59:49.241: [amf] INFO: [Removed] Number of gNBs is now 0 (../src/amf/context.c:1305)
09/30 14:59:49.242: [amf] INFO: [Removed] Number of AMF-UEs is now 23 (../src/amf/context.c:1799)
09/30 14:59:49.243: [amf] INFO: [Removed] Number of gNB-UEs is now 14 (../src/amf/context.c:2939)
09/30 14:59:49.243: [amf] ERROR: Session transaction [1] (../src/amf/context.c:2508)
09/30 14:59:49.244: [sbi] ERROR: SBI running [1] (../lib/sbi/context.c:2593)
09/30 14:59:49.245: [sbi] ERROR:     requester-nf-type[AMF:3] (../lib/sbi/context.c:2595)
09/30 14:59:49.246: [sbi] ERROR:     service-name[nsmf-pdusession:21] (../lib/sbi/context.c:2595)
09/30 14:59:49.246: [sbi] ERROR:     h.method[POST] (../lib/sbi/context.c:2595)
09/30 14:59:49.247: [sbi] ERROR:     h.uri[http://127.0.0.200:7777/nsmf-pdusession/v1/sm-contexts/30/modify] (../lib/sbi/context.c:2595)
09/30 14:59:49.247: [sbi] ERROR:     http.content_length[290] (../lib/sbi/context.c:2595)
09/30 14:59:49.248: [sbi] ERROR:     http.content[{"ueLocation":{"nrLocation":{"tai":{"plmnId":{"mcc":"999","mnc":"70"},"tac":"000001"},"ncgi":{"plmnId":{"mcc":"999","mnc":"70"},"nrCellId":"000000010"},"ueLocationTimestamp":"2026-09-30T14:59:23.335652Z"}},"ueTimeZone":"+00:00","upCnxState":"DEACTIVATED","ngApCause":{"group":1,"value":24}}] (../lib/sbi/context.c:2595)
09/30 14:59:49.249: [amf] INFO: [Removed] Number of AMF-Sessions is now 14 (../src/amf/context.c:2960)
09/30 14:59:49.250: [amf] INFO: [Removed] Number of AMF-UEs is now 22 (../src/amf/context.c:1799)
09/30 14:59:49.250: [amf] INFO: [Removed] Number of gNB-UEs is now 13 (../src/amf/context.c:2939)
09/30 14:59:49.251: [amf] ERROR: Session transaction [1] (../src/amf/context.c:2508)
09/30 14:59:49.252: [sbi] ERROR: SBI running [1] (../lib/sbi/context.c:2593)
09/30 14:59:49.253: [sbi] ERROR:     requester-nf-type[AMF:3] (../lib/sbi/context.c:2595)
09/30 14:59:49.253: [sbi] ERROR:     service-name[nsmf-pdusession:21] (../lib/sbi/context.c:2595)
09/30 14:59:49.254: [sbi] ERROR:     h.method[POST] (../lib/sbi/context.c:2595)
09/30 14:59:49.255: [sbi] ERROR:     h.uri[http://127.0.0.200:7777/nsmf-pdusession/v1/sm-contexts/32/modify] (../lib/sbi/context.c:2595)
09/30 14:59:49.255: [sbi] ERROR:     http.content_length[290] (../lib/sbi/context.c:2595)
09/30 14:59:49.256: [sbi] ERROR:     http.content[{"ueLocation":{"nrLocation":{"tai":{"plmnId":{"mcc":"999","mnc":"70"},"tac":"000001"},"ncgi":{"plmnId":{"mcc":"999","mnc":"70"},"nrCellId":"000000010"},"ueLocationTimestamp":"2026-09-30T14:59:23.340329Z"}},"ueTimeZone":"+00:00","upCnxState":"DEACTIVATED","ngApCause":{"group":1,"value":24}}] (../lib/sbi/context.c:2595)
09/30 14:59:49.257: [amf] INFO: [Removed] Number of AMF-Sessions is now 13 (../src/amf/context.c:2960)
09/30 14:59:49.257: [amf] INFO: [Removed] Number of AMF-UEs is now 21 (../src/amf/context.c:1799)
09/30 14:59:49.258: [amf] INFO: [Removed] Number of AMF-UEs is now 20 (../src/amf/context.c:1799)
09/30 14:59:49.259: [amf] INFO: [Removed] Number of AMF-UEs is now 19 (../src/amf/context.c:1799)
09/30 14:59:49.260: [amf] INFO: [Removed] Number of AMF-UEs is now 18 (../src/amf/context.c:1799)
09/30 14:59:49.260: [amf] INFO: [Removed] Number of AMF-UEs is now 17 (../src/amf/context.c:1799)
09/30 14:59:49.261: [amf] INFO: [Removed] Number of gNB-UEs is now 12 (../src/amf/context.c:2939)
09/30 14:59:49.262: [amf] ERROR: Session transaction [1] (../src/amf/context.c:2508)
09/30 14:59:49.263: [sbi] ERROR: SBI running [1] (../lib/sbi/context.c:2593)
09/30 14:59:49.264: [sbi] ERROR:     requester-nf-type[AMF:3] (../lib/sbi/context.c:2595)
09/30 14:59:49.264: [sbi] ERROR:     service-name[nsmf-pdusession:21] (../lib/sbi/context.c:2595)
09/30 14:59:49.265: [sbi] ERROR:     h.method[POST] (../lib/sbi/context.c:2595)
09/30 14:59:49.266: [sbi] ERROR:     h.uri[http://127.0.0.200:7777/nsmf-pdusession/v1/sm-contexts/35/modify] (../lib/sbi/context.c:2595)
09/30 14:59:49.267: [sbi] ERROR:     http.content_length[290] (../lib/sbi/context.c:2595)
09/30 14:59:49.268: [sbi] ERROR:     http.content[{"ueLocation":{"nrLocation":{"tai":{"plmnId":{"mcc":"999","mnc":"70"},"tac":"000001"},"ncgi":{"plmnId":{"mcc":"999","mnc":"70"},"nrCellId":"000000010"},"ueLocationTimestamp":"2026-09-30T14:59:23.377110Z"}},"ueTimeZone":"+00:00","upCnxState":"DEACTIVATED","ngApCause":{"group":1,"value":24}}] (../lib/sbi/context.c:2595)
09/30 14:59:49.269: [amf] INFO: [Removed] Number of AMF-Sessions is now 12 (../src/amf/context.c:2960)
09/30 14:59:49.270: [amf] INFO: [Removed] Number of AMF-UEs is now 16 (../src/amf/context.c:1799)
09/30 14:59:49.270: [amf] INFO: [Removed] Number of gNB-UEs is now 11 (../src/amf/context.c:2939)
09/30 14:59:49.271: [amf] ERROR: Session transaction [1] (../src/amf/context.c:2508)
09/30 14:59:49.272: [sbi] ERROR: SBI running [1] (../lib/sbi/context.c:2593)
09/30 14:59:49.273: [sbi] ERROR:     requester-nf-type[AMF:3] (../lib/sbi/context.c:2595)
09/30 14:59:49.274: [sbi] ERROR:     service-name[nsmf-pdusession:21] (../lib/sbi/context.c:2595)
09/30 14:59:49.275: [sbi] ERROR:     h.method[POST] (../lib/sbi/context.c:2595)
09/30 14:59:49.276: [sbi] ERROR:     h.uri[http://127.0.0.200:7777/nsmf-pdusession/v1/sm-contexts/28/modify] (../lib/sbi/context.c:2595)
09/30 14:59:49.277: [sbi] ERROR:     http.content_length[290] (../lib/sbi/context.c:2595)
09/30 14:59:49.278: [sbi] ERROR:     http.content[{"ueLocation":{"nrLocation":{"tai":{"plmnId":{"mcc":"999","mnc":"70"},"tac":"000001"},"ncgi":{"plmnId":{"mcc":"999","mnc":"70"},"nrCellId":"000000010"},"ueLocationTimestamp":"2026-09-30T14:59:23.385233Z"}},"ueTimeZone":"+00:00","upCnxState":"DEACTIVATED","ngApCause":{"group":1,"value":24}}] (../lib/sbi/context.c:2595)
09/30 14:59:49.279: [amf] INFO: [Removed] Number of AMF-Sessions is now 11 (../src/amf/context.c:2960)
09/30 14:59:49.279: [amf] INFO: [Removed] Number of AMF-UEs is now 15 (../src/amf/context.c:1799)
09/30 14:59:49.280: [amf] INFO: [Removed] Number of AMF-UEs is now 14 (../src/amf/context.c:1799)
09/30 14:59:49.281: [amf] INFO: [Removed] Number of gNB-UEs is now 10 (../src/amf/context.c:2939)
09/30 14:59:49.282: [amf] ERROR: Session transaction [1] (../src/amf/context.c:2508)
09/30 14:59:49.283: [sbi] ERROR: SBI running [1] (../lib/sbi/context.c:2593)
09/30 14:59:49.284: [sbi] ERROR:     requester-nf-type[AMF:3] (../lib/sbi/context.c:2595)
09/30 14:59:49.285: [sbi] ERROR:     service-name[nsmf-pdusession:21] (../lib/sbi/context.c:2595)
09/30 14:59:49.286: [sbi] ERROR:     h.method[POST] (../lib/sbi/context.c:2595)
09/30 14:59:49.287: [sbi] ERROR:     h.uri[http://127.0.0.200:7777/nsmf-pdusession/v1/sm-contexts/29/modify] (../lib/sbi/context.c:2595)
09/30 14:59:49.288: [sbi] ERROR:     http.content_length[290] (../lib/sbi/context.c:2595)
09/30 14:59:49.289: [sbi] ERROR:     http.content[{"ueLocation":{"nrLocation":{"tai":{"plmnId":{"mcc":"999","mnc":"70"},"tac":"000001"},"ncgi":{"plmnId":{"mcc":"999","mnc":"70"},"nrCellId":"000000010"},"ueLocationTimestamp":"2026-09-30T14:59:23.399155Z"}},"ueTimeZone":"+00:00","upCnxState":"DEACTIVATED","ngApCause":{"group":1,"value":24}}] (../lib/sbi/context.c:2595)
09/30 14:59:49.290: [amf] INFO: [Removed] Number of AMF-Sessions is now 10 (../src/amf/context.c:2960)
09/30 14:59:49.291: [amf] INFO: [Removed] Number of AMF-UEs is now 13 (../src/amf/context.c:1799)
09/30 14:59:49.292: [amf] INFO: [Removed] Number of gNB-UEs is now 9 (../src/amf/context.c:2939)
09/30 14:59:49.293: [amf] ERROR: Session transaction [1] (../src/amf/context.c:2508)
09/30 14:59:49.294: [sbi] ERROR: SBI running [1] (../lib/sbi/context.c:2593)
09/30 14:59:49.295: [sbi] ERROR:     requester-nf-type[AMF:3] (../lib/sbi/context.c:2595)
09/30 14:59:49.296: [sbi] ERROR:     service-name[nsmf-pdusession:21] (../lib/sbi/context.c:2595)
09/30 14:59:49.297: [sbi] ERROR:     h.method[POST] (../lib/sbi/context.c:2595)
09/30 14:59:49.298: [sbi] ERROR:     h.uri[http://127.0.0.200:7777/nsmf-pdusession/v1/sm-contexts/27/modify] (../lib/sbi/context.c:2595)
09/30 14:59:49.299: [sbi] ERROR:     http.content_length[290] (../lib/sbi/context.c:2595)
09/30 14:59:49.299: [sbi] ERROR:     http.content[{"ueLocation":{"nrLocation":{"tai":{"plmnId":{"mcc":"999","mnc":"70"},"tac":"000001"},"ncgi":{"plmnId":{"mcc":"999","mnc":"70"},"nrCellId":"000000010"},"ueLocationTimestamp":"2026-09-30T14:59:23.404699Z"}},"ueTimeZone":"+00:00","upCnxState":"DEACTIVATED","ngApCause":{"group":1,"value":24}}] (../lib/sbi/context.c:2595)
09/30 14:59:49.301: [amf] INFO: [Removed] Number of AMF-Sessions is now 9 (../src/amf/context.c:2960)
09/30 14:59:49.302: [amf] INFO: [Removed] Number of AMF-UEs is now 12 (../src/amf/context.c:1799)
09/30 14:59:49.302: [amf] INFO: [Removed] Number of gNB-UEs is now 8 (../src/amf/context.c:2939)
09/30 14:59:49.303: [amf] ERROR: Session transaction [1] (../src/amf/context.c:2508)
09/30 14:59:49.304: [sbi] ERROR: SBI running [1] (../lib/sbi/context.c:2593)
09/30 14:59:49.305: [sbi] ERROR:     requester-nf-type[AMF:3] (../lib/sbi/context.c:2595)
09/30 14:59:49.306: [sbi] ERROR:     service-name[nsmf-pdusession:21] (../lib/sbi/context.c:2595)
09/30 14:59:49.307: [sbi] ERROR:     h.method[POST] (../lib/sbi/context.c:2595)
09/30 14:59:49.308: [sbi] ERROR:     h.uri[http://127.0.0.200:7777/nsmf-pdusession/v1/sm-contexts/33/modify] (../lib/sbi/context.c:2595)
09/30 14:59:49.309: [sbi] ERROR:     http.content_length[290] (../lib/sbi/context.c:2595)
09/30 14:59:49.310: [sbi] ERROR:     http.content[{"ueLocation":{"nrLocation":{"tai":{"plmnId":{"mcc":"999","mnc":"70"},"tac":"000001"},"ncgi":{"plmnId":{"mcc":"999","mnc":"70"},"nrCellId":"000000010"},"ueLocationTimestamp":"2026-09-30T14:59:23.412453Z"}},"ueTimeZone":"+00:00","upCnxState":"DEACTIVATED","ngApCause":{"group":1,"value":24}}] (../lib/sbi/context.c:2595)
09/30 14:59:49.311: [amf] INFO: [Removed] Number of AMF-Sessions is now 8 (../src/amf/context.c:2960)
09/30 14:59:49.311: [amf] INFO: [Removed] Number of AMF-UEs is now 11 (../src/amf/context.c:1799)
09/30 14:59:49.312: [amf] INFO: [Removed] Number of gNB-UEs is now 7 (../src/amf/context.c:2939)
09/30 14:59:49.313: [amf] ERROR: Session transaction [1] (../src/amf/context.c:2508)
09/30 14:59:49.314: [sbi] ERROR: SBI running [1] (../lib/sbi/context.c:2593)
09/30 14:59:49.315: [sbi] ERROR:     requester-nf-type[AMF:3] (../lib/sbi/context.c:2595)
09/30 14:59:49.316: [sbi] ERROR:     service-name[nsmf-pdusession:21] (../lib/sbi/context.c:2595)
09/30 14:59:49.317: [sbi] ERROR:     h.method[POST] (../lib/sbi/context.c:2595)
09/30 14:59:49.317: [sbi] ERROR:     h.uri[http://127.0.0.200:7777/nsmf-pdusession/v1/sm-contexts/16/modify] (../lib/sbi/context.c:2595)
09/30 14:59:49.318: [sbi] ERROR:     http.content_length[290] (../lib/sbi/context.c:2595)
09/30 14:59:49.319: [sbi] ERROR:     http.content[{"ueLocation":{"nrLocation":{"tai":{"plmnId":{"mcc":"999","mnc":"70"},"tac":"000001"},"ncgi":{"plmnId":{"mcc":"999","mnc":"70"},"nrCellId":"000000010"},"ueLocationTimestamp":"2026-09-30T14:59:23.417774Z"}},"ueTimeZone":"+00:00","upCnxState":"DEACTIVATED","ngApCause":{"group":1,"value":24}}] (../lib/sbi/context.c:2595)
09/30 14:59:49.320: [amf] INFO: [Removed] Number of AMF-Sessions is now 7 (../src/amf/context.c:2960)
09/30 14:59:49.321: [amf] INFO: [Removed] Number of AMF-UEs is now 10 (../src/amf/context.c:1799)
09/30 14:59:49.322: [amf] INFO: [Removed] Number of gNB-UEs is now 6 (../src/amf/context.c:2939)
09/30 14:59:49.323: [amf] ERROR: Session transaction [1] (../src/amf/context.c:2508)
09/30 14:59:49.324: [sbi] ERROR: SBI running [1] (../lib/sbi/context.c:2593)
09/30 14:59:49.324: [sbi] ERROR:     requester-nf-type[AMF:3] (../lib/sbi/context.c:2595)
09/30 14:59:49.325: [sbi] ERROR:     service-name[nsmf-pdusession:21] (../lib/sbi/context.c:2595)
09/30 14:59:49.326: [sbi] ERROR:     h.method[POST] (../lib/sbi/context.c:2595)
09/30 14:59:49.327: [sbi] ERROR:     h.uri[http://127.0.0.200:7777/nsmf-pdusession/v1/sm-contexts/12/modify] (../lib/sbi/context.c:2595)
09/30 14:59:49.328: [sbi] ERROR:     http.content_length[290] (../lib/sbi/context.c:2595)
09/30 14:59:49.329: [sbi] ERROR:     http.content[{"ueLocation":{"nrLocation":{"tai":{"plmnId":{"mcc":"999","mnc":"70"},"tac":"000001"},"ncgi":{"plmnId":{"mcc":"999","mnc":"70"},"nrCellId":"000000010"},"ueLocationTimestamp":"2026-09-30T14:59:23.426812Z"}},"ueTimeZone":"+00:00","upCnxState":"DEACTIVATED","ngApCause":{"group":1,"value":24}}] (../lib/sbi/context.c:2595)
09/30 14:59:49.330: [amf] INFO: [Removed] Number of AMF-Sessions is now 6 (../src/amf/context.c:2960)
09/30 14:59:49.331: [amf] INFO: [Removed] Number of AMF-UEs is now 9 (../src/amf/context.c:1799)
09/30 14:59:49.332: [amf] INFO: [Removed] Number of AMF-UEs is now 8 (../src/amf/context.c:1799)
09/30 14:59:49.333: [amf] INFO: [Removed] Number of gNB-UEs is now 5 (../src/amf/context.c:2939)
09/30 14:59:49.334: [amf] ERROR: Session transaction [1] (../src/amf/context.c:2508)
09/30 14:59:49.334: [sbi] ERROR: SBI running [1] (../lib/sbi/context.c:2593)
09/30 14:59:49.335: [sbi] ERROR:     requester-nf-type[AMF:3] (../lib/sbi/context.c:2595)
09/30 14:59:49.336: [sbi] ERROR:     service-name[nsmf-pdusession:21] (../lib/sbi/context.c:2595)
09/30 14:59:49.337: [sbi] ERROR:     h.method[POST] (../lib/sbi/context.c:2595)
09/30 14:59:49.338: [sbi] ERROR:     h.uri[http://127.0.0.200:7777/nsmf-pdusession/v1/sm-contexts/14/modify] (../lib/sbi/context.c:2595)
09/30 14:59:49.338: [sbi] ERROR:     http.content_length[290] (../lib/sbi/context.c:2595)
09/30 14:59:49.339: [sbi] ERROR:     http.content[{"ueLocation":{"nrLocation":{"tai":{"plmnId":{"mcc":"999","mnc":"70"},"tac":"000001"},"ncgi":{"plmnId":{"mcc":"999","mnc":"70"},"nrCellId":"000000010"},"ueLocationTimestamp":"2026-09-30T14:59:23.437288Z"}},"ueTimeZone":"+00:00","upCnxState":"DEACTIVATED","ngApCause":{"group":1,"value":24}}] (../lib/sbi/context.c:2595)
09/30 14:59:49.340: [amf] INFO: [Removed] Number of AMF-Sessions is now 5 (../src/amf/context.c:2960)
09/30 14:59:49.341: [amf] INFO: [Removed] Number of AMF-UEs is now 7 (../src/amf/context.c:1799)
09/30 14:59:49.341: [amf] INFO: [Removed] Number of AMF-UEs is now 6 (../src/amf/context.c:1799)
09/30 14:59:49.342: [amf] INFO: [Removed] Number of AMF-UEs is now 5 (../src/amf/context.c:1799)
09/30 14:59:49.343: [amf] INFO: [Removed] Number of gNB-UEs is now 4 (../src/amf/context.c:2939)
09/30 14:59:49.344: [amf] ERROR: Session transaction [1] (../src/amf/context.c:2508)
09/30 14:59:49.344: [sbi] ERROR: SBI running [1] (../lib/sbi/context.c:2593)
09/30 14:59:49.345: [sbi] ERROR:     requester-nf-type[AMF:3] (../lib/sbi/context.c:2595)
09/30 14:59:49.346: [sbi] ERROR:     service-name[nsmf-pdusession:21] (../lib/sbi/context.c:2595)
09/30 14:59:49.347: [sbi] ERROR:     h.method[POST] (../lib/sbi/context.c:2595)
09/30 14:59:49.347: [sbi] ERROR:     h.uri[http://127.0.0.200:7777/nsmf-pdusession/v1/sm-contexts/34/modify] (../lib/sbi/context.c:2595)
09/30 14:59:49.348: [sbi] ERROR:     http.content_length[290] (../lib/sbi/context.c:2595)
09/30 14:59:49.349: [sbi] ERROR:     http.content[{"ueLocation":{"nrLocation":{"tai":{"plmnId":{"mcc":"999","mnc":"70"},"tac":"000001"},"ncgi":{"plmnId":{"mcc":"999","mnc":"70"},"nrCellId":"000000010"},"ueLocationTimestamp":"2026-09-30T14:59:23.455983Z"}},"ueTimeZone":"+00:00","upCnxState":"DEACTIVATED","ngApCause":{"group":1,"value":24}}] (../lib/sbi/context.c:2595)
09/30 14:59:49.350: [amf] INFO: [Removed] Number of AMF-Sessions is now 4 (../src/amf/context.c:2960)
09/30 14:59:49.350: [amf] INFO: [Removed] Number of AMF-UEs is now 4 (../src/amf/context.c:1799)
09/30 14:59:49.351: [amf] INFO: [Removed] Number of gNB-UEs is now 3 (../src/amf/context.c:2939)
09/30 14:59:49.352: [amf] ERROR: Session transaction [1] (../src/amf/context.c:2508)
09/30 14:59:49.353: [sbi] ERROR: SBI running [1] (../lib/sbi/context.c:2593)
09/30 14:59:49.354: [sbi] ERROR:     requester-nf-type[AMF:3] (../lib/sbi/context.c:2595)
09/30 14:59:49.354: [sbi] ERROR:     service-name[nsmf-pdusession:21] (../lib/sbi/context.c:2595)
09/30 14:59:49.355: [sbi] ERROR:     h.method[POST] (../lib/sbi/context.c:2595)
09/30 14:59:49.356: [sbi] ERROR:     h.uri[http://127.0.0.200:7777/nsmf-pdusession/v1/sm-contexts/15/modify] (../lib/sbi/context.c:2595)
09/30 14:59:49.357: [sbi] ERROR:     http.content_length[290] (../lib/sbi/context.c:2595)
09/30 14:59:49.357: [sbi] ERROR:     http.content[{"ueLocation":{"nrLocation":{"tai":{"plmnId":{"mcc":"999","mnc":"70"},"tac":"000001"},"ncgi":{"plmnId":{"mcc":"999","mnc":"70"},"nrCellId":"000000010"},"ueLocationTimestamp":"2026-09-30T14:59:23.460987Z"}},"ueTimeZone":"+00:00","upCnxState":"DEACTIVATED","ngApCause":{"group":1,"value":24}}] (../lib/sbi/context.c:2595)
09/30 14:59:49.358: [amf] INFO: [Removed] Number of AMF-Sessions is now 3 (../src/amf/context.c:2960)
09/30 14:59:49.359: [amf] INFO: [Removed] Number of AMF-UEs is now 3 (../src/amf/context.c:1799)
09/30 14:59:49.360: [amf] INFO: [Removed] Number of gNB-UEs is now 2 (../src/amf/context.c:2939)
09/30 14:59:49.360: [amf] ERROR: Session transaction [1] (../src/amf/context.c:2508)
09/30 14:59:49.362: [sbi] ERROR: SBI running [1] (../lib/sbi/context.c:2593)
09/30 14:59:49.362: [sbi] ERROR:     requester-nf-type[AMF:3] (../lib/sbi/context.c:2595)
09/30 14:59:49.363: [sbi] ERROR:     service-name[nsmf-pdusession:21] (../lib/sbi/context.c:2595)
09/30 14:59:49.364: [sbi] ERROR:     h.method[POST] (../lib/sbi/context.c:2595)
09/30 14:59:49.364: [sbi] ERROR:     h.uri[http://127.0.0.200:7777/nsmf-pdusession/v1/sm-contexts/22/modify] (../lib/sbi/context.c:2595)
09/30 14:59:49.365: [sbi] ERROR:     http.content_length[290] (../lib/sbi/context.c:2595)
09/30 14:59:49.366: [sbi] ERROR:     http.content[{"ueLocation":{"nrLocation":{"tai":{"plmnId":{"mcc":"999","mnc":"70"},"tac":"000001"},"ncgi":{"plmnId":{"mcc":"999","mnc":"70"},"nrCellId":"000000010"},"ueLocationTimestamp":"2026-09-30T14:59:23.467986Z"}},"ueTimeZone":"+00:00","upCnxState":"DEACTIVATED","ngApCause":{"group":1,"value":24}}] (../lib/sbi/context.c:2595)
09/30 14:59:49.366: [amf] INFO: [Removed] Number of AMF-Sessions is now 2 (../src/amf/context.c:2960)
09/30 14:59:49.367: [amf] INFO: [Removed] Number of AMF-UEs is now 2 (../src/amf/context.c:1799)
09/30 14:59:49.367: [amf] INFO: [Removed] Number of gNB-UEs is now 1 (../src/amf/context.c:2939)
09/30 14:59:49.368: [amf] ERROR: Session transaction [1] (../src/amf/context.c:2508)
09/30 14:59:49.368: [sbi] ERROR: SBI running [1] (../lib/sbi/context.c:2593)
09/30 14:59:49.369: [sbi] ERROR:     requester-nf-type[AMF:3] (../lib/sbi/context.c:2595)
09/30 14:59:49.370: [sbi] ERROR:     service-name[nsmf-pdusession:21] (../lib/sbi/context.c:2595)
09/30 14:59:49.370: [sbi] ERROR:     h.method[POST] (../lib/sbi/context.c:2595)
09/30 14:59:49.371: [sbi] ERROR:     h.uri[http://127.0.0.200:7777/nsmf-pdusession/v1/sm-contexts/18/modify] (../lib/sbi/context.c:2595)
09/30 14:59:49.371: [sbi] ERROR:     http.content_length[290] (../lib/sbi/context.c:2595)
09/30 14:59:49.372: [sbi] ERROR:     http.content[{"ueLocation":{"nrLocation":{"tai":{"plmnId":{"mcc":"999","mnc":"70"},"tac":"000001"},"ncgi":{"plmnId":{"mcc":"999","mnc":"70"},"nrCellId":"000000010"},"ueLocationTimestamp":"2026-09-30T14:59:23.474412Z"}},"ueTimeZone":"+00:00","upCnxState":"DEACTIVATED","ngApCause":{"group":1,"value":24}}] (../lib/sbi/context.c:2595)
09/30 14:59:49.373: [amf] INFO: [Removed] Number of AMF-Sessions is now 1 (../src/amf/context.c:2960)
09/30 14:59:49.373: [amf] INFO: [Removed] Number of AMF-UEs is now 1 (../src/amf/context.c:1799)
09/30 14:59:49.374: [amf] INFO: [Removed] Number of gNB-UEs is now 0 (../src/amf/context.c:2939)
09/30 14:59:49.374: [amf] ERROR: Session transaction [1] (../src/amf/context.c:2508)
09/30 14:59:49.375: [sbi] ERROR: SBI running [1] (../lib/sbi/context.c:2593)
09/30 14:59:49.375: [sbi] ERROR:     requester-nf-type[AMF:3] (../lib/sbi/context.c:2595)
09/30 14:59:49.376: [sbi] ERROR:     service-name[nsmf-pdusession:21] (../lib/sbi/context.c:2595)
09/30 14:59:49.376: [sbi] ERROR:     h.method[POST] (../lib/sbi/context.c:2595)
09/30 14:59:49.377: [sbi] ERROR:     h.uri[http://127.0.0.200:7777/nsmf-pdusession/v1/sm-contexts/8/modify] (../lib/sbi/context.c:2595)
09/30 14:59:49.377: [sbi] ERROR:     http.content_length[290] (../lib/sbi/context.c:2595)
09/30 14:59:49.378: [sbi] ERROR:     http.content[{"ueLocation":{"nrLocation":{"tai":{"plmnId":{"mcc":"999","mnc":"70"},"tac":"000001"},"ncgi":{"plmnId":{"mcc":"999","mnc":"70"},"nrCellId":"000000010"},"ueLocationTimestamp":"2026-09-30T14:59:23.480253Z"}},"ueTimeZone":"+00:00","upCnxState":"DEACTIVATED","ngApCause":{"group":1,"value":24}}] (../lib/sbi/context.c:2595)
09/30 14:59:49.379: [amf] INFO: [Removed] Number of AMF-Sessions is now 0 (../src/amf/context.c:2960)
09/30 14:59:49.379: [amf] INFO: [Removed] Number of AMF-UEs is now 0 (../src/amf/context.c:1799)
09/30 14:59:49.380: [sbi] ERROR: 15 in '&xact_pool[16384]' were not released. (../lib/sbi/context.c:100)
09/30 14:59:49.381: [sbi] ERROR: 15 in '&request_pool[16384]' were not released. (../lib/sbi/message.c:52)
09/30 14:59:49.382: [sctp] INFO: AMF terminate...done (../src/amf/app.c:42)
09/30 14:59:49.383: [event] ERROR: 15 in '&manager->pool[16384]' were not released. (../lib/core/ogs-timer.c:72)
